solid OpenSCAD_Model
  facet normal -0.980786 -0.195086 0
    outer loop
      vertex 0.170364 3.7059 0
      vertex 0.0427704 4.34737 9
      vertex 0.0427704 4.34737 0
    endloop
  endfacet
  facet normal -0.980786 -0.195086 0
    outer loop
      vertex 0.0427704 4.34737 9
      vertex 0.170364 3.7059 0
      vertex 0.170364 3.7059 9
    endloop
  endfacet
  facet normal -0.946928 -0.321447 0
    outer loop
      vertex 0.3806 3.08658 0
      vertex 0.170364 3.7059 9
      vertex 0.170364 3.7059 0
    endloop
  endfacet
  facet normal -0.946928 -0.321447 0
    outer loop
      vertex 0.170364 3.7059 9
      vertex 0.3806 3.08658 0
      vertex 0.3806 3.08658 9
    endloop
  endfacet
  facet normal 0 0 -1
    outer loop
      vertex 145 0 0
      vertex 150 5 0
      vertex 149.957 4.34737 0
    endloop
  endfacet
  facet normal 0 0 -1
    outer loop
      vertex 150 5 0
      vertex 112.2 50 0
      vertex 150 95 0
    endloop
  endfacet
  facet normal 0 0 -1
    outer loop
      vertex 145 0 0
      vertex 149.957 4.34737 0
      vertex 149.83 3.7059 0
    endloop
  endfacet
  facet normal 0 0 -1
    outer loop
      vertex 112.164 50.5482 0
      vertex 150 95 0
      vertex 112.2 50 0
    endloop
  endfacet
  facet normal 0 0 -1
    outer loop
      vertex 145 0 0
      vertex 149.83 3.7059 0
      vertex 149.619 3.08658 0
    endloop
  endfacet
  facet normal 0 0 -1
    outer loop
      vertex 112.057 51.087 0
      vertex 150 95 0
      vertex 112.164 50.5482 0
    endloop
  endfacet
  facet normal 0 0 -1
    outer loop
      vertex 145 0 0
      vertex 149.619 3.08658 0
      vertex 149.33 2.5 0
    endloop
  endfacet
  facet normal 0 0 -1
    outer loop
      vertex 111.88 51.6073 0
      vertex 150 95 0
      vertex 112.057 51.087 0
    endloop
  endfacet
  facet normal 0 0 -1
    outer loop
      vertex 145 0 0
      vertex 149.33 2.5 0
      vertex 148.967 1.95619 0
    endloop
  endfacet
  facet normal 0 0 -1
    outer loop
      vertex 111.637 52.1 0
      vertex 150 95 0
      vertex 111.88 51.6073 0
    endloop
  endfacet
  facet normal 0 0 -1
    outer loop
      vertex 145 0 0
      vertex 148.967 1.95619 0
      vertex 148.536 1.46446 0
    endloop
  endfacet
  facet normal 0 0 -1
    outer loop
      vertex 111.332 52.5568 0
      vertex 150 95 0
      vertex 111.637 52.1 0
    endloop
  endfacet
  facet normal 0 0 -1
    outer loop
      vertex 145 0 0
      vertex 148.536 1.46446 0
      vertex 148.044 1.03322 0
    endloop
  endfacet
  facet normal 0 0 -1
    outer loop
      vertex 110.97 52.9698 0
      vertex 150 95 0
      vertex 111.332 52.5568 0
    endloop
  endfacet
  facet normal 0 0 -1
    outer loop
      vertex 145 0 0
      vertex 148.044 1.03322 0
      vertex 147.5 0.669861 0
    endloop
  endfacet
  facet normal 0 0 -1
    outer loop
      vertex 110.557 53.3321 0
      vertex 150 95 0
      vertex 110.97 52.9698 0
    endloop
  endfacet
  facet normal 0 0 -1
    outer loop
      vertex 145 0 0
      vertex 147.5 0.669861 0
      vertex 146.913 0.3806 0
    endloop
  endfacet
  facet normal 0 -0 -1
    outer loop
      vertex 145 100 0
      vertex 150 95 0
      vertex 110.557 53.3321 0
    endloop
  endfacet
  facet normal 0 0 -1
    outer loop
      vertex 145 0 0
      vertex 146.913 0.3806 0
      vertex 146.294 0.170364 0
    endloop
  endfacet
  facet normal 0 0 -1
    outer loop
      vertex 149.957 95.6526 0
      vertex 145 100 0
      vertex 149.83 96.2941 0
    endloop
  endfacet
  facet normal 0 0 -1
    outer loop
      vertex 145 0 0
      vertex 146.294 0.170364 0
      vertex 145.653 0.0427704 0
    endloop
  endfacet
  facet normal 0 0 -1
    outer loop
      vertex 149.83 96.2941 0
      vertex 145 100 0
      vertex 149.619 96.9134 0
    endloop
  endfacet
  facet normal -0 0 -1
    outer loop
      vertex 150 5 0
      vertex 145 0 0
      vertex 110.557 46.6679 0
    endloop
  endfacet
  facet normal 0 0 -1
    outer loop
      vertex 149.33 97.5 0
      vertex 145 100 0
      vertex 148.967 98.0438 0
    endloop
  endfacet
  facet normal 0 0 -1
    outer loop
      vertex 148.967 98.0438 0
      vertex 145 100 0
      vertex 148.536 98.5355 0
    endloop
  endfacet
  facet normal 0 0 -1
    outer loop
      vertex 150 5 0
      vertex 112.164 49.4518 0
      vertex 112.2 50 0
    endloop
  endfacet
  facet normal 0 0 -1
    outer loop
      vertex 150 5 0
      vertex 112.057 48.913 0
      vertex 112.164 49.4518 0
    endloop
  endfacet
  facet normal 0 0 -1
    outer loop
      vertex 150 5 0
      vertex 111.88 48.3927 0
      vertex 112.057 48.913 0
    endloop
  endfacet
  facet normal 0 0 -1
    outer loop
      vertex 150 5 0
      vertex 111.637 47.9 0
      vertex 111.88 48.3927 0
    endloop
  endfacet
  facet normal 0 0 -1
    outer loop
      vertex 150 5 0
      vertex 111.332 47.4432 0
      vertex 111.637 47.9 0
    endloop
  endfacet
  facet normal 0 0 -1
    outer loop
      vertex 150 5 0
      vertex 110.97 47.0302 0
      vertex 111.332 47.4432 0
    endloop
  endfacet
  facet normal 0 0 -1
    outer loop
      vertex 150 5 0
      vertex 110.557 46.6679 0
      vertex 110.97 47.0302 0
    endloop
  endfacet
  facet normal 0 0 -1
    outer loop
      vertex 145 0 0
      vertex 110.1 46.3627 0
      vertex 110.557 46.6679 0
    endloop
  endfacet
  facet normal 0 0 -1
    outer loop
      vertex 145 0 0
      vertex 109.607 46.1197 0
      vertex 110.1 46.3627 0
    endloop
  endfacet
  facet normal 0 0 -1
    outer loop
      vertex 145 0 0
      vertex 109.087 45.9431 0
      vertex 109.607 46.1197 0
    endloop
  endfacet
  facet normal 0 0 -1
    outer loop
      vertex 145 0 0
      vertex 108.548 45.8359 0
      vertex 109.087 45.9431 0
    endloop
  endfacet
  facet normal 0 0 -1
    outer loop
      vertex 145 0 0
      vertex 108 45.8 0
      vertex 108.548 45.8359 0
    endloop
  endfacet
  facet normal 0 0 -1
    outer loop
      vertex 145 0 0
      vertex 107.452 45.8359 0
      vertex 108 45.8 0
    endloop
  endfacet
  facet normal 0 0 -1
    outer loop
      vertex 145 0 0
      vertex 106.913 45.9431 0
      vertex 107.452 45.8359 0
    endloop
  endfacet
  facet normal 0 0 -1
    outer loop
      vertex 145 0 0
      vertex 106.393 46.1197 0
      vertex 106.913 45.9431 0
    endloop
  endfacet
  facet normal 0 0 -1
    outer loop
      vertex 43.6073 46.1197 0
      vertex 106.393 46.1197 0
      vertex 145 0 0
    endloop
  endfacet
  facet normal 0 0 -1
    outer loop
      vertex 106.393 46.1197 0
      vertex 43.6073 46.1197 0
      vertex 105.9 46.3627 0
    endloop
  endfacet
  facet normal 0 -0 -1
    outer loop
      vertex 44.1 46.3627 0
      vertex 105.9 46.3627 0
      vertex 43.6073 46.1197 0
    endloop
  endfacet
  facet normal 0 -0 -1
    outer loop
      vertex 44.5568 46.6679 0
      vertex 105.443 46.6679 0
      vertex 44.1 46.3627 0
    endloop
  endfacet
  facet normal 0 0 -1
    outer loop
      vertex 103.836 49.4518 0
      vertex 46.2 50 0
      vertex 103.8 50 0
    endloop
  endfacet
  facet normal 0 0 -1
    outer loop
      vertex 46.1641 49.4518 0
      vertex 103.836 49.4518 0
      vertex 103.943 48.913 0
    endloop
  endfacet
  facet normal 0 0 -1
    outer loop
      vertex 46.0569 48.913 0
      vertex 103.943 48.913 0
      vertex 104.12 48.3927 0
    endloop
  endfacet
  facet normal 0 0 -1
    outer loop
      vertex 45.8803 48.3927 0
      vertex 104.12 48.3927 0
      vertex 104.363 47.9 0
    endloop
  endfacet
  facet normal 0 0 -1
    outer loop
      vertex 45.6373 47.9 0
      vertex 104.363 47.9 0
      vertex 104.668 47.4432 0
    endloop
  endfacet
  facet normal 0 0 -1
    outer loop
      vertex 105.443 46.6679 0
      vertex 44.5568 46.6679 0
      vertex 105.03 47.0302 0
    endloop
  endfacet
  facet normal 0 0 -1
    outer loop
      vertex 103.836 49.4518 0
      vertex 46.1641 49.4518 0
      vertex 46.2 50 0
    endloop
  endfacet
  facet normal 0 0 -1
    outer loop
      vertex 103.943 48.913 0
      vertex 46.0569 48.913 0
      vertex 46.1641 49.4518 0
    endloop
  endfacet
  facet normal 0 0 -1
    outer loop
      vertex 104.12 48.3927 0
      vertex 45.8803 48.3927 0
      vertex 46.0569 48.913 0
    endloop
  endfacet
  facet normal 0 0 -1
    outer loop
      vertex 104.363 47.9 0
      vertex 45.6373 47.9 0
      vertex 45.8803 48.3927 0
    endloop
  endfacet
  facet normal 0 0 -1
    outer loop
      vertex 104.668 47.4432 0
      vertex 45.3321 47.4432 0
      vertex 45.6373 47.9 0
    endloop
  endfacet
  facet normal -0 0 -1
    outer loop
      vertex 104.668 47.4432 0
      vertex 44.9698 47.0302 0
      vertex 45.3321 47.4432 0
    endloop
  endfacet
  facet normal 0 0 -1
    outer loop
      vertex 105.03 47.0302 0
      vertex 44.9698 47.0302 0
      vertex 104.668 47.4432 0
    endloop
  endfacet
  facet normal 0 -0 -1
    outer loop
      vertex 44.9698 47.0302 0
      vertex 105.03 47.0302 0
      vertex 44.5568 46.6679 0
    endloop
  endfacet
  facet normal 0 0 -1
    outer loop
      vertex 105.9 46.3627 0
      vertex 44.1 46.3627 0
      vertex 105.443 46.6679 0
    endloop
  endfacet
  facet normal 0 0 -1
    outer loop
      vertex 5 0 0
      vertex 43.6073 46.1197 0
      vertex 145 0 0
    endloop
  endfacet
  facet normal 0 0 -1
    outer loop
      vertex 43.6073 46.1197 0
      vertex 5 0 0
      vertex 43.087 45.9431 0
    endloop
  endfacet
  facet normal 0 0 -1
    outer loop
      vertex 43.087 45.9431 0
      vertex 5 0 0
      vertex 42.5482 45.8359 0
    endloop
  endfacet
  facet normal 0 0 -1
    outer loop
      vertex 42.5482 45.8359 0
      vertex 5 0 0
      vertex 42 45.8 0
    endloop
  endfacet
  facet normal -0 0 -1
    outer loop
      vertex 42 45.8 0
      vertex 5 0 0
      vertex 41.4518 45.8359 0
    endloop
  endfacet
  facet normal -0 0 -1
    outer loop
      vertex 41.4518 45.8359 0
      vertex 5 0 0
      vertex 40.913 45.9431 0
    endloop
  endfacet
  facet normal -0 0 -1
    outer loop
      vertex 37.9431 48.913 0
      vertex 0 5 0
      vertex 37.8359 49.4518 0
    endloop
  endfacet
  facet normal -0 0 -1
    outer loop
      vertex 38.1197 48.3927 0
      vertex 0 5 0
      vertex 37.9431 48.913 0
    endloop
  endfacet
  facet normal -0 0 -1
    outer loop
      vertex 38.3627 47.9 0
      vertex 0 5 0
      vertex 38.1197 48.3927 0
    endloop
  endfacet
  facet normal -0 0 -1
    outer loop
      vertex 38.6679 47.4432 0
      vertex 0 5 0
      vertex 38.3627 47.9 0
    endloop
  endfacet
  facet normal -0 0 -1
    outer loop
      vertex 39.0302 47.0302 0
      vertex 0 5 0
      vertex 38.6679 47.4432 0
    endloop
  endfacet
  facet normal -0 0 -1
    outer loop
      vertex 39.4432 46.6679 0
      vertex 0 5 0
      vertex 39.0302 47.0302 0
    endloop
  endfacet
  facet normal 0 0 -1
    outer loop
      vertex 0 5 0
      vertex 39.4432 46.6679 0
      vertex 5 0 0
    endloop
  endfacet
  facet normal -0 0 -1
    outer loop
      vertex 39.9 46.3627 0
      vertex 5 0 0
      vertex 39.4432 46.6679 0
    endloop
  endfacet
  facet normal -0 0 -1
    outer loop
      vertex 40.3927 46.1197 0
      vertex 5 0 0
      vertex 39.9 46.3627 0
    endloop
  endfacet
  facet normal -0 0 -1
    outer loop
      vertex 40.913 45.9431 0
      vertex 5 0 0
      vertex 40.3927 46.1197 0
    endloop
  endfacet
  facet normal 0 0 -1
    outer loop
      vertex 148.044 98.9668 0
      vertex 145 100 0
      vertex 147.5 99.3301 0
    endloop
  endfacet
  facet normal 0 0 -1
    outer loop
      vertex 147.5 99.3301 0
      vertex 145 100 0
      vertex 146.913 99.6194 0
    endloop
  endfacet
  facet normal 0 0 -1
    outer loop
      vertex 146.294 99.8296 0
      vertex 145 100 0
      vertex 145.653 99.9572 0
    endloop
  endfacet
  facet normal 0 0 -1
    outer loop
      vertex 146.913 99.6194 0
      vertex 145 100 0
      vertex 146.294 99.8296 0
    endloop
  endfacet
  facet normal 0 0 -1
    outer loop
      vertex 148.536 98.5355 0
      vertex 145 100 0
      vertex 148.044 98.9668 0
    endloop
  endfacet
  facet normal 0 0 -1
    outer loop
      vertex 149.619 96.9134 0
      vertex 145 100 0
      vertex 149.33 97.5 0
    endloop
  endfacet
  facet normal 0 0 -1
    outer loop
      vertex 150 95 0
      vertex 145 100 0
      vertex 149.957 95.6526 0
    endloop
  endfacet
  facet normal 0 0 -1
    outer loop
      vertex 110.1 53.6373 0
      vertex 145 100 0
      vertex 110.557 53.3321 0
    endloop
  endfacet
  facet normal 0 0 -1
    outer loop
      vertex 109.607 53.8803 0
      vertex 145 100 0
      vertex 110.1 53.6373 0
    endloop
  endfacet
  facet normal 0 0 -1
    outer loop
      vertex 109.087 54.0569 0
      vertex 145 100 0
      vertex 109.607 53.8803 0
    endloop
  endfacet
  facet normal 0 0 -1
    outer loop
      vertex 108.548 54.1641 0
      vertex 145 100 0
      vertex 109.087 54.0569 0
    endloop
  endfacet
  facet normal 0 0 -1
    outer loop
      vertex 108 54.2 0
      vertex 145 100 0
      vertex 108.548 54.1641 0
    endloop
  endfacet
  facet normal 0 0 -1
    outer loop
      vertex 107.452 54.1641 0
      vertex 145 100 0
      vertex 108 54.2 0
    endloop
  endfacet
  facet normal 0 0 -1
    outer loop
      vertex 106.913 54.0569 0
      vertex 145 100 0
      vertex 107.452 54.1641 0
    endloop
  endfacet
  facet normal 0 0 -1
    outer loop
      vertex 106.393 53.8803 0
      vertex 145 100 0
      vertex 106.913 54.0569 0
    endloop
  endfacet
  facet normal 0 0 -1
    outer loop
      vertex 43.6073 53.8803 0
      vertex 106.393 53.8803 0
      vertex 105.9 53.6373 0
    endloop
  endfacet
  facet normal 0 0 -1
    outer loop
      vertex 44.1 53.6373 0
      vertex 105.9 53.6373 0
      vertex 105.443 53.3321 0
    endloop
  endfacet
  facet normal 0 0 -1
    outer loop
      vertex 44.5568 53.3321 0
      vertex 105.443 53.3321 0
      vertex 105.03 52.9698 0
    endloop
  endfacet
  facet normal 0 0 -1
    outer loop
      vertex 44.9698 52.9698 0
      vertex 105.03 52.9698 0
      vertex 104.668 52.5568 0
    endloop
  endfacet
  facet normal 0 0 -1
    outer loop
      vertex 46.2 50 0
      vertex 103.836 50.5482 0
      vertex 103.8 50 0
    endloop
  endfacet
  facet normal 0 0 -1
    outer loop
      vertex 46.1641 50.5482 0
      vertex 103.836 50.5482 0
      vertex 46.2 50 0
    endloop
  endfacet
  facet normal 0 0 -1
    outer loop
      vertex 103.836 50.5482 0
      vertex 46.1641 50.5482 0
      vertex 103.943 51.087 0
    endloop
  endfacet
  facet normal 0 0 -1
    outer loop
      vertex 46.0569 51.087 0
      vertex 103.943 51.087 0
      vertex 46.1641 50.5482 0
    endloop
  endfacet
  facet normal 0 0 -1
    outer loop
      vertex 103.943 51.087 0
      vertex 46.0569 51.087 0
      vertex 104.12 51.6073 0
    endloop
  endfacet
  facet normal 0 0 -1
    outer loop
      vertex 45.8803 51.6073 0
      vertex 104.12 51.6073 0
      vertex 46.0569 51.087 0
    endloop
  endfacet
  facet normal 0 0 -1
    outer loop
      vertex 104.12 51.6073 0
      vertex 45.8803 51.6073 0
      vertex 104.363 52.1 0
    endloop
  endfacet
  facet normal 0 0 -1
    outer loop
      vertex 45.6373 52.1 0
      vertex 104.363 52.1 0
      vertex 45.8803 51.6073 0
    endloop
  endfacet
  facet normal 0 0 -1
    outer loop
      vertex 104.363 52.1 0
      vertex 45.6373 52.1 0
      vertex 104.668 52.5568 0
    endloop
  endfacet
  facet normal 0 0 -1
    outer loop
      vertex 45.3321 52.5568 0
      vertex 104.668 52.5568 0
      vertex 45.6373 52.1 0
    endloop
  endfacet
  facet normal 0 0 -1
    outer loop
      vertex 44.9698 52.9698 0
      vertex 104.668 52.5568 0
      vertex 45.3321 52.5568 0
    endloop
  endfacet
  facet normal 0 0 -1
    outer loop
      vertex 105.03 52.9698 0
      vertex 44.9698 52.9698 0
      vertex 44.5568 53.3321 0
    endloop
  endfacet
  facet normal 0 0 -1
    outer loop
      vertex 105.443 53.3321 0
      vertex 44.5568 53.3321 0
      vertex 44.1 53.6373 0
    endloop
  endfacet
  facet normal 0 0 -1
    outer loop
      vertex 105.9 53.6373 0
      vertex 44.1 53.6373 0
      vertex 43.6073 53.8803 0
    endloop
  endfacet
  facet normal 0 0 -1
    outer loop
      vertex 106.393 53.8803 0
      vertex 43.6073 53.8803 0
      vertex 145 100 0
    endloop
  endfacet
  facet normal 0 0 -1
    outer loop
      vertex 5 100 0
      vertex 43.6073 53.8803 0
      vertex 43.087 54.0569 0
    endloop
  endfacet
  facet normal 0 0 -1
    outer loop
      vertex 5 100 0
      vertex 43.087 54.0569 0
      vertex 42.5482 54.1641 0
    endloop
  endfacet
  facet normal 0 0 -1
    outer loop
      vertex 5 100 0
      vertex 42.5482 54.1641 0
      vertex 42 54.2 0
    endloop
  endfacet
  facet normal 0 0 -1
    outer loop
      vertex 5 100 0
      vertex 42 54.2 0
      vertex 41.4518 54.1641 0
    endloop
  endfacet
  facet normal 0 0 -1
    outer loop
      vertex 5 100 0
      vertex 41.4518 54.1641 0
      vertex 40.913 54.0569 0
    endloop
  endfacet
  facet normal 0 0 -1
    outer loop
      vertex 5 100 0
      vertex 40.913 54.0569 0
      vertex 40.3927 53.8803 0
    endloop
  endfacet
  facet normal -0 0 -1
    outer loop
      vertex 37.8359 49.4518 0
      vertex 0 5 0
      vertex 37.8 50 0
    endloop
  endfacet
  facet normal 0 0 -1
    outer loop
      vertex 0 95 0
      vertex 37.8 50 0
      vertex 0 5 0
    endloop
  endfacet
  facet normal 0 0 -1
    outer loop
      vertex 37.8 50 0
      vertex 0 95 0
      vertex 37.8359 50.5482 0
    endloop
  endfacet
  facet normal 0 0 -1
    outer loop
      vertex 37.8359 50.5482 0
      vertex 0 95 0
      vertex 37.9431 51.087 0
    endloop
  endfacet
  facet normal 0 0 -1
    outer loop
      vertex 43.6073 53.8803 0
      vertex 5 100 0
      vertex 145 100 0
    endloop
  endfacet
  facet normal 0 0 -1
    outer loop
      vertex 39.9 53.6373 0
      vertex 5 100 0
      vertex 40.3927 53.8803 0
    endloop
  endfacet
  facet normal 0 0 -1
    outer loop
      vertex 39.4432 53.3321 0
      vertex 5 100 0
      vertex 39.9 53.6373 0
    endloop
  endfacet
  facet normal 0 0 -1
    outer loop
      vertex 0 95 0
      vertex 39.4432 53.3321 0
      vertex 39.0302 52.9698 0
    endloop
  endfacet
  facet normal 0 0 -1
    outer loop
      vertex 0 95 0
      vertex 39.0302 52.9698 0
      vertex 38.6679 52.5568 0
    endloop
  endfacet
  facet normal 0 0 -1
    outer loop
      vertex 0 95 0
      vertex 38.6679 52.5568 0
      vertex 38.3627 52.1 0
    endloop
  endfacet
  facet normal 0 0 -1
    outer loop
      vertex 37.9431 51.087 0
      vertex 0 95 0
      vertex 38.1197 51.6073 0
    endloop
  endfacet
  facet normal 0 0 -1
    outer loop
      vertex 0 5 0
      vertex 5 0 0
      vertex 4.34737 0.0427704 0
    endloop
  endfacet
  facet normal 0 0 -1
    outer loop
      vertex 38.1197 51.6073 0
      vertex 0 95 0
      vertex 38.3627 52.1 0
    endloop
  endfacet
  facet normal 0 0 -1
    outer loop
      vertex 0 5 0
      vertex 4.34737 0.0427704 0
      vertex 3.7059 0.170364 0
    endloop
  endfacet
  facet normal 0 0 -1
    outer loop
      vertex 39.4432 53.3321 0
      vertex 0 95 0
      vertex 5 100 0
    endloop
  endfacet
  facet normal 0 0 -1
    outer loop
      vertex 0 5 0
      vertex 3.7059 0.170364 0
      vertex 3.08658 0.3806 0
    endloop
  endfacet
  facet normal 0 0 -1
    outer loop
      vertex 5 100 0
      vertex 0 95 0
      vertex 4.34737 99.9572 0
    endloop
  endfacet
  facet normal 0 0 -1
    outer loop
      vertex 0 5 0
      vertex 3.08658 0.3806 0
      vertex 2.5 0.669861 0
    endloop
  endfacet
  facet normal 0 0 -1
    outer loop
      vertex 4.34737 99.9572 0
      vertex 0 95 0
      vertex 3.7059 99.8296 0
    endloop
  endfacet
  facet normal 0 0 -1
    outer loop
      vertex 0 5 0
      vertex 2.5 0.669861 0
      vertex 1.95619 1.03322 0
    endloop
  endfacet
  facet normal 0 0 -1
    outer loop
      vertex 3.7059 99.8296 0
      vertex 0 95 0
      vertex 3.08658 99.6194 0
    endloop
  endfacet
  facet normal 0 0 -1
    outer loop
      vertex 0 5 0
      vertex 1.95619 1.03322 0
      vertex 1.46446 1.46446 0
    endloop
  endfacet
  facet normal 0 0 -1
    outer loop
      vertex 3.08658 99.6194 0
      vertex 0 95 0
      vertex 2.5 99.3301 0
    endloop
  endfacet
  facet normal 0 0 -1
    outer loop
      vertex 0 5 0
      vertex 1.46446 1.46446 0
      vertex 1.03322 1.95619 0
    endloop
  endfacet
  facet normal 0 0 -1
    outer loop
      vertex 2.5 99.3301 0
      vertex 0 95 0
      vertex 1.95619 98.9668 0
    endloop
  endfacet
  facet normal 0 0 -1
    outer loop
      vertex 0 5 0
      vertex 1.03322 1.95619 0
      vertex 0.669861 2.5 0
    endloop
  endfacet
  facet normal 0 0 -1
    outer loop
      vertex 1.95619 98.9668 0
      vertex 0 95 0
      vertex 1.46446 98.5355 0
    endloop
  endfacet
  facet normal 0 0 -1
    outer loop
      vertex 0 5 0
      vertex 0.669861 2.5 0
      vertex 0.3806 3.08658 0
    endloop
  endfacet
  facet normal 0 0 -1
    outer loop
      vertex 1.46446 98.5355 0
      vertex 0 95 0
      vertex 1.03322 98.0438 0
    endloop
  endfacet
  facet normal 0 0 -1
    outer loop
      vertex 0 5 0
      vertex 0.3806 3.08658 0
      vertex 0.170364 3.7059 0
    endloop
  endfacet
  facet normal 0 0 -1
    outer loop
      vertex 1.03322 98.0438 0
      vertex 0 95 0
      vertex 0.669861 97.5 0
    endloop
  endfacet
  facet normal 0 0 -1
    outer loop
      vertex 0 5 0
      vertex 0.170364 3.7059 0
      vertex 0.0427704 4.34737 0
    endloop
  endfacet
  facet normal 0 0 -1
    outer loop
      vertex 0.669861 97.5 0
      vertex 0 95 0
      vertex 0.3806 96.9134 0
    endloop
  endfacet
  facet normal 0 0 -1
    outer loop
      vertex 0.3806 96.9134 0
      vertex 0 95 0
      vertex 0.170364 96.2941 0
    endloop
  endfacet
  facet normal 0 0 -1
    outer loop
      vertex 0.170364 96.2941 0
      vertex 0 95 0
      vertex 0.0427704 95.6526 0
    endloop
  endfacet
  facet normal 0 -1 0
    outer loop
      vertex 5 0 9
      vertex 68 0 4.7
      vertex 68 0 9
    endloop
  endfacet
  facet normal 0 -1 0
    outer loop
      vertex 145 0 0
      vertex 68 0 4.7
      vertex 5 0 0
    endloop
  endfacet
  facet normal 0 -1 0
    outer loop
      vertex 5 0 0
      vertex 68 0 4.7
      vertex 5 0 9
    endloop
  endfacet
  facet normal 0 -1 0
    outer loop
      vertex 95.5 0 4.7
      vertex 145 0 9
      vertex 95.5 0 9
    endloop
  endfacet
  facet normal 0 -1 0
    outer loop
      vertex 95.5 0 4.7
      vertex 145 0 0
      vertex 145 0 9
    endloop
  endfacet
  facet normal 0 -1 0
    outer loop
      vertex 68 0 4.7
      vertex 145 0 0
      vertex 95.5 0 4.7
    endloop
  endfacet
  facet normal 0.997836 0.0657477 0
    outer loop
      vertex 150 95 2.4
      vertex 149.957 95.6526 0
      vertex 149.957 95.6526 2.4
    endloop
  endfacet
  facet normal 0.997836 0.0657477 0
    outer loop
      vertex 149.957 95.6526 0
      vertex 150 95 2.4
      vertex 150 95 0
    endloop
  endfacet
  facet normal 0 0 1
    outer loop
      vertex 5.34136 98.9797 9
      vertex 4.34737 99.9572 9
      vertex 5.15276 98.6974 9
    endloop
  endfacet
  facet normal -0 0 1
    outer loop
      vertex 4.34737 99.9572 9
      vertex 5.34136 98.9797 9
      vertex 5 100 9
    endloop
  endfacet
  facet normal 0 0 1
    outer loop
      vertex 5.56516 99.2348 9
      vertex 5 100 9
      vertex 5.34136 98.9797 9
    endloop
  endfacet
  facet normal 0 0 1
    outer loop
      vertex 5.82035 99.4586 9
      vertex 5 100 9
      vertex 5.56516 99.2348 9
    endloop
  endfacet
  facet normal 0 0 1
    outer loop
      vertex 6.10248 99.6471 9
      vertex 5 100 9
      vertex 5.82035 99.4586 9
    endloop
  endfacet
  facet normal 0 0 1
    outer loop
      vertex 6.40703 99.7973 9
      vertex 5 100 9
      vertex 6.10248 99.6471 9
    endloop
  endfacet
  facet normal 0 0 1
    outer loop
      vertex 6.72843 99.9064 9
      vertex 5 100 9
      vertex 6.40703 99.7973 9
    endloop
  endfacet
  facet normal 0 0 1
    outer loop
      vertex 7.06135 99.9726 9
      vertex 5 100 9
      vertex 6.72843 99.9064 9
    endloop
  endfacet
  facet normal -0 0 1
    outer loop
      vertex 5 100 9
      vertex 7.06135 99.9726 9
      vertex 7.47848 100 9
    endloop
  endfacet
  facet normal -0 0 1
    outer loop
      vertex 7.79045 5.56091 9
      vertex 9.7 5.5 9
      vertex 9.66407 6.04821 9
    endloop
  endfacet
  facet normal 0 0 1
    outer loop
      vertex 7.79045 5.43909 9
      vertex 9.7 5.5 9
      vertex 7.79444 5.5 9
    endloop
  endfacet
  facet normal 0 0 1
    outer loop
      vertex 7.72817 6.03398 9
      vertex 9.66407 6.04821 9
      vertex 9.55689 6.58704 9
    endloop
  endfacet
  facet normal -0 0 1
    outer loop
      vertex 146.79 5.56091 9
      vertex 148.7 5.5 9
      vertex 148.664 6.04821 9
    endloop
  endfacet
  facet normal -0 0 1
    outer loop
      vertex 149.973 7.06135 9
      vertex 150 5 9
      vertex 150 7.47848 9
    endloop
  endfacet
  facet normal -0 0 1
    outer loop
      vertex 149.906 6.72843 9
      vertex 150 5 9
      vertex 149.973 7.06135 9
    endloop
  endfacet
  facet normal -0 0 1
    outer loop
      vertex 149.797 6.40703 9
      vertex 150 5 9
      vertex 149.906 6.72843 9
    endloop
  endfacet
  facet normal -0 0 1
    outer loop
      vertex 149.647 6.10248 9
      vertex 150 5 9
      vertex 149.797 6.40703 9
    endloop
  endfacet
  facet normal -0 0 1
    outer loop
      vertex 149.459 5.82035 9
      vertex 150 5 9
      vertex 149.647 6.10248 9
    endloop
  endfacet
  facet normal -0 0 1
    outer loop
      vertex 149.235 5.56516 9
      vertex 150 5 9
      vertex 149.459 5.82035 9
    endloop
  endfacet
  facet normal -0 0 1
    outer loop
      vertex 148.98 5.34136 9
      vertex 150 5 9
      vertex 149.235 5.56516 9
    endloop
  endfacet
  facet normal 0 0 1
    outer loop
      vertex 150 5 9
      vertex 148.98 5.34136 9
      vertex 149.957 4.34737 9
    endloop
  endfacet
  facet normal -0 0 1
    outer loop
      vertex 148.697 5.15276 9
      vertex 149.957 4.34737 9
      vertex 148.98 5.34136 9
    endloop
  endfacet
  facet normal -0 0 1
    outer loop
      vertex 148.677 5.14249 9
      vertex 149.957 4.34737 9
      vertex 148.697 5.15276 9
    endloop
  endfacet
  facet normal 0 0 1
    outer loop
      vertex 149.957 4.34737 9
      vertex 148.677 5.14249 9
      vertex 149.83 3.7059 9
    endloop
  endfacet
  facet normal 0 0 1
    outer loop
      vertex 149.83 3.7059 9
      vertex 148.677 5.14249 9
      vertex 149.619 3.08658 9
    endloop
  endfacet
  facet normal -0 0 1
    outer loop
      vertex 146.487 4.35278 9
      vertex 149.619 3.08658 9
      vertex 148.677 5.14249 9
    endloop
  endfacet
  facet normal 0 0 1
    outer loop
      vertex 149.619 3.08658 9
      vertex 146.487 4.35278 9
      vertex 149.33 2.5 9
    endloop
  endfacet
  facet normal 0 0 1
    outer loop
      vertex 146.728 6.03398 9
      vertex 148.664 6.04821 9
      vertex 148.557 6.58704 9
    endloop
  endfacet
  facet normal -0 0 1
    outer loop
      vertex 146.354 4.15399 9
      vertex 149.33 2.5 9
      vertex 146.487 4.35278 9
    endloop
  endfacet
  facet normal 0 -0 1
    outer loop
      vertex 146.79 5.56091 9
      vertex 148.664 6.04821 9
      vertex 146.775 5.79948 9
    endloop
  endfacet
  facet normal 0 0 1
    outer loop
      vertex 146.639 6.32024 9
      vertex 148.557 6.58704 9
      vertex 148.38 7.10727 9
    endloop
  endfacet
  facet normal 0 0 1
    outer loop
      vertex 146.593 6.43279 9
      vertex 148.38 7.10727 9
      vertex 148.137 7.6 9
    endloop
  endfacet
  facet normal 0 0 1
    outer loop
      vertex 148.677 5.14249 9
      vertex 146.775 5.20051 9
      vertex 146.728 4.96602 9
    endloop
  endfacet
  facet normal 0 0 1
    outer loop
      vertex 146.354 6.84601 9
      vertex 148.137 7.6 9
      vertex 147.832 8.0568 9
    endloop
  endfacet
  facet normal 0 0 1
    outer loop
      vertex 148.677 5.14249 9
      vertex 146.728 4.96602 9
      vertex 146.716 4.90615 9
    endloop
  endfacet
  facet normal 0 0 1
    outer loop
      vertex 146.163 7.07652 9
      vertex 147.832 8.0568 9
      vertex 147.47 8.46985 9
    endloop
  endfacet
  facet normal 0 0 1
    outer loop
      vertex 146.077 7.16266 9
      vertex 147.47 8.46985 9
      vertex 147.057 8.83208 9
    endloop
  endfacet
  facet normal 0 0 1
    outer loop
      vertex 148.7 5.5 9
      vertex 146.79 5.43909 9
      vertex 148.677 5.14249 9
    endloop
  endfacet
  facet normal 0 0 1
    outer loop
      vertex 148.677 5.14249 9
      vertex 146.79 5.43909 9
      vertex 146.775 5.20051 9
    endloop
  endfacet
  facet normal 0 0 1
    outer loop
      vertex 146.79 5.43909 9
      vertex 148.7 5.5 9
      vertex 146.794 5.5 9
    endloop
  endfacet
  facet normal 0 0 1
    outer loop
      vertex 148.7 5.5 9
      vertex 146.79 5.56091 9
      vertex 146.794 5.5 9
    endloop
  endfacet
  facet normal 0 0 1
    outer loop
      vertex 148.664 6.04821 9
      vertex 146.728 6.03398 9
      vertex 146.775 5.79948 9
    endloop
  endfacet
  facet normal 0 0 1
    outer loop
      vertex 148.557 6.58704 9
      vertex 146.716 6.09385 9
      vertex 146.728 6.03398 9
    endloop
  endfacet
  facet normal 0 0 1
    outer loop
      vertex 148.557 6.58704 9
      vertex 146.639 6.32024 9
      vertex 146.716 6.09385 9
    endloop
  endfacet
  facet normal 0 0 1
    outer loop
      vertex 148.38 7.10727 9
      vertex 146.62 6.37805 9
      vertex 146.639 6.32024 9
    endloop
  endfacet
  facet normal 0 0 1
    outer loop
      vertex 145.846 7.35422 9
      vertex 147.057 8.83208 9
      vertex 146.6 9.13731 9
    endloop
  endfacet
  facet normal 0 0 1
    outer loop
      vertex 148.38 7.10727 9
      vertex 146.593 6.43279 9
      vertex 146.62 6.37805 9
    endloop
  endfacet
  facet normal 0 0 1
    outer loop
      vertex 148.137 7.6 9
      vertex 146.487 6.64722 9
      vertex 146.593 6.43279 9
    endloop
  endfacet
  facet normal 0 0 1
    outer loop
      vertex 148.137 7.6 9
      vertex 146.354 6.84601 9
      vertex 146.487 6.64722 9
    endloop
  endfacet
  facet normal 0 0 1
    outer loop
      vertex 147.832 8.0568 9
      vertex 146.32 6.89677 9
      vertex 146.354 6.84601 9
    endloop
  endfacet
  facet normal 0 0 1
    outer loop
      vertex 147.832 8.0568 9
      vertex 146.163 7.07652 9
      vertex 146.32 6.89677 9
    endloop
  endfacet
  facet normal 0 0 1
    outer loop
      vertex 147.47 8.46985 9
      vertex 146.122 7.12242 9
      vertex 146.163 7.07652 9
    endloop
  endfacet
  facet normal 0 0 1
    outer loop
      vertex 145.433 7.59279 9
      vertex 146.6 9.13731 9
      vertex 146.107 9.38029 9
    endloop
  endfacet
  facet normal 0 0 1
    outer loop
      vertex 147.47 8.46985 9
      vertex 146.077 7.16266 9
      vertex 146.122 7.12242 9
    endloop
  endfacet
  facet normal 0 0 1
    outer loop
      vertex 147.057 8.83208 9
      vertex 145.897 7.3203 9
      vertex 146.077 7.16266 9
    endloop
  endfacet
  facet normal 0 0 1
    outer loop
      vertex 147.057 8.83208 9
      vertex 145.846 7.35422 9
      vertex 145.897 7.3203 9
    endloop
  endfacet
  facet normal 0 0 1
    outer loop
      vertex 146.6 9.13731 9
      vertex 145.647 7.48705 9
      vertex 145.846 7.35422 9
    endloop
  endfacet
  facet normal 0 0 1
    outer loop
      vertex 145.32 7.63941 9
      vertex 146.107 9.38029 9
      vertex 145.587 9.55689 9
    endloop
  endfacet
  facet normal 0 0 1
    outer loop
      vertex 146.6 9.13731 9
      vertex 145.433 7.59279 9
      vertex 145.647 7.48705 9
    endloop
  endfacet
  facet normal 0 0 1
    outer loop
      vertex 146.107 9.38029 9
      vertex 145.378 7.61979 9
      vertex 145.433 7.59279 9
    endloop
  endfacet
  facet normal 0 0 1
    outer loop
      vertex 146.107 9.38029 9
      vertex 145.32 7.63941 9
      vertex 145.378 7.61979 9
    endloop
  endfacet
  facet normal 0 0 1
    outer loop
      vertex 145.587 9.55689 9
      vertex 145.094 7.71626 9
      vertex 145.32 7.63941 9
    endloop
  endfacet
  facet normal 0 0 1
    outer loop
      vertex 145.034 7.72817 9
      vertex 145.587 9.55689 9
      vertex 145.048 9.66407 9
    endloop
  endfacet
  facet normal 0 0 1
    outer loop
      vertex 145.587 9.55689 9
      vertex 145.034 7.72817 9
      vertex 145.094 7.71626 9
    endloop
  endfacet
  facet normal 0 0 1
    outer loop
      vertex 145.048 9.66407 9
      vertex 144.799 7.77482 9
      vertex 145.034 7.72817 9
    endloop
  endfacet
  facet normal 0 0 1
    outer loop
      vertex 145.048 9.66407 9
      vertex 144.561 7.79045 9
      vertex 144.799 7.77482 9
    endloop
  endfacet
  facet normal 0 0 1
    outer loop
      vertex 144.5 9.7 9
      vertex 144.561 7.79045 9
      vertex 145.048 9.66407 9
    endloop
  endfacet
  facet normal 0 0 1
    outer loop
      vertex 144.5 9.7 9
      vertex 144.5 7.79444 9
      vertex 144.561 7.79045 9
    endloop
  endfacet
  facet normal 0 0 1
    outer loop
      vertex 144.5 9.7 9
      vertex 144.439 7.79045 9
      vertex 144.5 7.79444 9
    endloop
  endfacet
  facet normal -0 0 1
    outer loop
      vertex 143.952 9.66407 9
      vertex 144.439 7.79045 9
      vertex 144.5 9.7 9
    endloop
  endfacet
  facet normal 0 0 1
    outer loop
      vertex 144.439 7.79045 9
      vertex 143.952 9.66407 9
      vertex 144.201 7.77482 9
    endloop
  endfacet
  facet normal 0 0 1
    outer loop
      vertex 144.201 7.77482 9
      vertex 143.952 9.66407 9
      vertex 143.966 7.72817 9
    endloop
  endfacet
  facet normal -0 0 1
    outer loop
      vertex 143.413 9.55689 9
      vertex 143.966 7.72817 9
      vertex 143.952 9.66407 9
    endloop
  endfacet
  facet normal 0 0 1
    outer loop
      vertex 143.966 7.72817 9
      vertex 143.413 9.55689 9
      vertex 143.906 7.71626 9
    endloop
  endfacet
  facet normal 0 0 1
    outer loop
      vertex 143.906 7.71626 9
      vertex 143.413 9.55689 9
      vertex 143.68 7.63941 9
    endloop
  endfacet
  facet normal -0 0 1
    outer loop
      vertex 142.893 9.38029 9
      vertex 143.68 7.63941 9
      vertex 143.413 9.55689 9
    endloop
  endfacet
  facet normal 0 0 1
    outer loop
      vertex 143.68 7.63941 9
      vertex 142.893 9.38029 9
      vertex 143.622 7.61979 9
    endloop
  endfacet
  facet normal 0 0 1
    outer loop
      vertex 143.622 7.61979 9
      vertex 142.893 9.38029 9
      vertex 143.567 7.59279 9
    endloop
  endfacet
  facet normal -0 0 1
    outer loop
      vertex 142.4 9.13731 9
      vertex 143.567 7.59279 9
      vertex 142.893 9.38029 9
    endloop
  endfacet
  facet normal 0 0 1
    outer loop
      vertex 143.567 7.59279 9
      vertex 142.4 9.13731 9
      vertex 143.353 7.48705 9
    endloop
  endfacet
  facet normal 0 0 1
    outer loop
      vertex 143.353 7.48705 9
      vertex 142.4 9.13731 9
      vertex 143.154 7.35422 9
    endloop
  endfacet
  facet normal -0 0 1
    outer loop
      vertex 141.943 8.83208 9
      vertex 143.154 7.35422 9
      vertex 142.4 9.13731 9
    endloop
  endfacet
  facet normal 0 0 1
    outer loop
      vertex 143.154 7.35422 9
      vertex 141.943 8.83208 9
      vertex 143.103 7.3203 9
    endloop
  endfacet
  facet normal 0 0 1
    outer loop
      vertex 143.103 7.3203 9
      vertex 141.943 8.83208 9
      vertex 142.923 7.16266 9
    endloop
  endfacet
  facet normal -0 0 1
    outer loop
      vertex 141.53 8.46985 9
      vertex 142.923 7.16266 9
      vertex 141.943 8.83208 9
    endloop
  endfacet
  facet normal 0 0 1
    outer loop
      vertex 142.923 7.16266 9
      vertex 141.53 8.46985 9
      vertex 142.878 7.12242 9
    endloop
  endfacet
  facet normal 0 0 1
    outer loop
      vertex 142.878 7.12242 9
      vertex 141.53 8.46985 9
      vertex 142.837 7.07652 9
    endloop
  endfacet
  facet normal -0 0 1
    outer loop
      vertex 141.168 8.0568 9
      vertex 142.837 7.07652 9
      vertex 141.53 8.46985 9
    endloop
  endfacet
  facet normal 0 0 1
    outer loop
      vertex 142.837 7.07652 9
      vertex 141.168 8.0568 9
      vertex 142.68 6.89677 9
    endloop
  endfacet
  facet normal 0 0 1
    outer loop
      vertex 142.68 6.89677 9
      vertex 141.168 8.0568 9
      vertex 142.646 6.84601 9
    endloop
  endfacet
  facet normal -0 0 1
    outer loop
      vertex 140.863 7.6 9
      vertex 142.646 6.84601 9
      vertex 141.168 8.0568 9
    endloop
  endfacet
  facet normal 0 0 1
    outer loop
      vertex 142.646 6.84601 9
      vertex 140.863 7.6 9
      vertex 142.513 6.64722 9
    endloop
  endfacet
  facet normal 0 0 1
    outer loop
      vertex 142.513 6.64722 9
      vertex 140.863 7.6 9
      vertex 142.407 6.43279 9
    endloop
  endfacet
  facet normal -0 0 1
    outer loop
      vertex 140.62 7.10727 9
      vertex 142.407 6.43279 9
      vertex 140.863 7.6 9
    endloop
  endfacet
  facet normal 0 0 1
    outer loop
      vertex 142.407 6.43279 9
      vertex 140.62 7.10727 9
      vertex 142.38 6.37805 9
    endloop
  endfacet
  facet normal 0 0 1
    outer loop
      vertex 142.38 6.37805 9
      vertex 140.62 7.10727 9
      vertex 142.361 6.32024 9
    endloop
  endfacet
  facet normal -0 0 1
    outer loop
      vertex 140.443 6.58704 9
      vertex 142.361 6.32024 9
      vertex 140.62 7.10727 9
    endloop
  endfacet
  facet normal 0 0 1
    outer loop
      vertex 142.21 5.56091 9
      vertex 140.3 5.5 9
      vertex 142.206 5.5 9
    endloop
  endfacet
  facet normal 0 -0 1
    outer loop
      vertex 140.336 4.95179 9
      vertex 142.206 5.5 9
      vertex 140.3 5.5 9
    endloop
  endfacet
  facet normal 0 0 1
    outer loop
      vertex 142.206 5.5 9
      vertex 140.336 4.95179 9
      vertex 140.366 4.79999 9
    endloop
  endfacet
  facet normal 0 0 1
    outer loop
      vertex 140.366 4.79999 9
      vertex 68 4.4 9
      vertex 95.5 4.4 9
    endloop
  endfacet
  facet normal -0 0 1
    outer loop
      vertex 9.63387 4.79999 9
      vertex 68 4.4 9
      vertex 140.366 4.79999 9
    endloop
  endfacet
  facet normal 0 0 1
    outer loop
      vertex 9.63387 4.79999 9
      vertex 68 0 9
      vertex 68 4.4 9
    endloop
  endfacet
  facet normal 0 0 1
    outer loop
      vertex 7.63941 6.32024 9
      vertex 9.55689 6.58704 9
      vertex 9.38029 7.10727 9
    endloop
  endfacet
  facet normal 0 0 1
    outer loop
      vertex 7.59279 6.43279 9
      vertex 9.38029 7.10727 9
      vertex 9.13731 7.6 9
    endloop
  endfacet
  facet normal 0 0 1
    outer loop
      vertex 7.35422 6.84601 9
      vertex 9.13731 7.6 9
      vertex 8.83208 8.0568 9
    endloop
  endfacet
  facet normal 0 0 1
    outer loop
      vertex 7.16266 7.07652 9
      vertex 8.83208 8.0568 9
      vertex 8.46985 8.46985 9
    endloop
  endfacet
  facet normal 0 0 1
    outer loop
      vertex 7.07652 7.16266 9
      vertex 8.46985 8.46985 9
      vertex 8.0568 8.83208 9
    endloop
  endfacet
  facet normal 0 0 1
    outer loop
      vertex 9.38029 7.10727 9
      vertex 7.61979 6.37805 9
      vertex 7.63941 6.32024 9
    endloop
  endfacet
  facet normal -0 0 1
    outer loop
      vertex 7.77482 5.20051 9
      vertex 9.66407 4.95179 9
      vertex 7.79045 5.43909 9
    endloop
  endfacet
  facet normal 0 0 1
    outer loop
      vertex 9.66407 4.95179 9
      vertex 7.77482 5.20051 9
      vertex 9.63387 4.79999 9
    endloop
  endfacet
  facet normal -0 0 1
    outer loop
      vertex 7.72817 4.96602 9
      vertex 9.63387 4.79999 9
      vertex 7.77482 5.20051 9
    endloop
  endfacet
  facet normal -0 0 1
    outer loop
      vertex 7.71626 4.90615 9
      vertex 9.63387 4.79999 9
      vertex 7.72817 4.96602 9
    endloop
  endfacet
  facet normal 0 0 1
    outer loop
      vertex 7.63941 4.67976 9
      vertex 9.63387 4.79999 9
      vertex 7.71626 4.90615 9
    endloop
  endfacet
  facet normal 0 0 1
    outer loop
      vertex 7.61979 4.62195 9
      vertex 9.63387 4.79999 9
      vertex 7.63941 4.67976 9
    endloop
  endfacet
  facet normal 0 0 1
    outer loop
      vertex 7.59279 4.56721 9
      vertex 9.63387 4.79999 9
      vertex 7.61979 4.62195 9
    endloop
  endfacet
  facet normal 0 0 1
    outer loop
      vertex 7.48705 4.35278 9
      vertex 9.63387 4.79999 9
      vertex 7.59279 4.56721 9
    endloop
  endfacet
  facet normal 0 0 1
    outer loop
      vertex 7.35422 4.15399 9
      vertex 9.63387 4.79999 9
      vertex 7.48705 4.35278 9
    endloop
  endfacet
  facet normal 0 0 1
    outer loop
      vertex 7.3203 4.10323 9
      vertex 9.63387 4.79999 9
      vertex 7.35422 4.15399 9
    endloop
  endfacet
  facet normal 0 0 1
    outer loop
      vertex 7.16266 3.92348 9
      vertex 9.63387 4.79999 9
      vertex 7.3203 4.10323 9
    endloop
  endfacet
  facet normal 0 0 1
    outer loop
      vertex 7.12242 3.87758 9
      vertex 9.63387 4.79999 9
      vertex 7.16266 3.92348 9
    endloop
  endfacet
  facet normal 0 0 1
    outer loop
      vertex 7.07652 3.83733 9
      vertex 9.63387 4.79999 9
      vertex 7.12242 3.87758 9
    endloop
  endfacet
  facet normal 0 0 1
    outer loop
      vertex 6.89677 3.67969 9
      vertex 9.63387 4.79999 9
      vertex 7.07652 3.83733 9
    endloop
  endfacet
  facet normal 0 0 1
    outer loop
      vertex 9.63387 4.79999 9
      vertex 6.89677 3.67969 9
      vertex 5 0 9
    endloop
  endfacet
  facet normal 0 0 1
    outer loop
      vertex 5 0 9
      vertex 6.89677 3.67969 9
      vertex 6.84601 3.64578 9
    endloop
  endfacet
  facet normal 0 0 1
    outer loop
      vertex 5 0 9
      vertex 6.84601 3.64578 9
      vertex 6.64722 3.51295 9
    endloop
  endfacet
  facet normal 0 0 1
    outer loop
      vertex 5 0 9
      vertex 6.64722 3.51295 9
      vertex 6.43279 3.40721 9
    endloop
  endfacet
  facet normal 0 0 1
    outer loop
      vertex 5 0 9
      vertex 6.43279 3.40721 9
      vertex 6.37805 3.38021 9
    endloop
  endfacet
  facet normal 0 0 1
    outer loop
      vertex 5 0 9
      vertex 6.37805 3.38021 9
      vertex 6.32024 3.36059 9
    endloop
  endfacet
  facet normal 0 0 1
    outer loop
      vertex 5 0 9
      vertex 6.32024 3.36059 9
      vertex 6.09385 3.28374 9
    endloop
  endfacet
  facet normal 0 0 1
    outer loop
      vertex 5 0 9
      vertex 6.09385 3.28374 9
      vertex 6.03398 3.27183 9
    endloop
  endfacet
  facet normal 0 0 1
    outer loop
      vertex 5 0 9
      vertex 6.03398 3.27183 9
      vertex 5.79948 3.22518 9
    endloop
  endfacet
  facet normal 0 0 1
    outer loop
      vertex 5 0 9
      vertex 5.79948 3.22518 9
      vertex 5.56091 3.20955 9
    endloop
  endfacet
  facet normal 0 0 1
    outer loop
      vertex 5 0 9
      vertex 5.56091 3.20955 9
      vertex 5.5 3.20556 9
    endloop
  endfacet
  facet normal 0 0 1
    outer loop
      vertex 9.63387 4.79999 9
      vertex 5 0 9
      vertex 68 0 9
    endloop
  endfacet
  facet normal 0 0 1
    outer loop
      vertex 5.43909 3.20955 9
      vertex 5 0 9
      vertex 5.5 3.20556 9
    endloop
  endfacet
  facet normal 0 0 1
    outer loop
      vertex 5.20051 3.22518 9
      vertex 5 0 9
      vertex 5.43909 3.20955 9
    endloop
  endfacet
  facet normal 0 0 1
    outer loop
      vertex 4.34737 0.0427704 9
      vertex 5.20051 3.22518 9
      vertex 4.96602 3.27183 9
    endloop
  endfacet
  facet normal 0 0 1
    outer loop
      vertex 4.34737 0.0427704 9
      vertex 4.96602 3.27183 9
      vertex 4.90615 3.28374 9
    endloop
  endfacet
  facet normal 0 0 1
    outer loop
      vertex 3.7059 0.170364 9
      vertex 4.90615 3.28374 9
      vertex 4.67976 3.36059 9
    endloop
  endfacet
  facet normal 0 0 1
    outer loop
      vertex 3.7059 0.170364 9
      vertex 4.67976 3.36059 9
      vertex 4.62195 3.38021 9
    endloop
  endfacet
  facet normal 0 0 1
    outer loop
      vertex 3.08658 0.3806 9
      vertex 4.62195 3.38021 9
      vertex 4.56721 3.40721 9
    endloop
  endfacet
  facet normal 0 0 1
    outer loop
      vertex 3.08658 0.3806 9
      vertex 4.56721 3.40721 9
      vertex 4.35278 3.51295 9
    endloop
  endfacet
  facet normal 0 0 1
    outer loop
      vertex 5.20051 3.22518 9
      vertex 4.34737 0.0427704 9
      vertex 5 0 9
    endloop
  endfacet
  facet normal 0 0 1
    outer loop
      vertex 2.5 0.669861 9
      vertex 4.35278 3.51295 9
      vertex 4.15399 3.64578 9
    endloop
  endfacet
  facet normal 0 0 1
    outer loop
      vertex 2.5 0.669861 9
      vertex 4.15399 3.64578 9
      vertex 4.10323 3.67969 9
    endloop
  endfacet
  facet normal 0 0 1
    outer loop
      vertex 1.95619 1.03322 9
      vertex 4.10323 3.67969 9
      vertex 3.92348 3.83733 9
    endloop
  endfacet
  facet normal 0 0 1
    outer loop
      vertex 1.46446 1.46446 9
      vertex 3.92348 3.83733 9
      vertex 3.87758 3.87758 9
    endloop
  endfacet
  facet normal 0 0 1
    outer loop
      vertex 1.46446 1.46446 9
      vertex 3.87758 3.87758 9
      vertex 3.83733 3.92348 9
    endloop
  endfacet
  facet normal 0 0 1
    outer loop
      vertex 4.90615 3.28374 9
      vertex 3.7059 0.170364 9
      vertex 4.34737 0.0427704 9
    endloop
  endfacet
  facet normal 0 0 1
    outer loop
      vertex 1.03322 1.95619 9
      vertex 3.83733 3.92348 9
      vertex 3.67969 4.10323 9
    endloop
  endfacet
  facet normal 0 0 1
    outer loop
      vertex 0.669861 2.5 9
      vertex 3.67969 4.10323 9
      vertex 3.64578 4.15399 9
    endloop
  endfacet
  facet normal 0 0 1
    outer loop
      vertex 0.669861 2.5 9
      vertex 3.64578 4.15399 9
      vertex 3.51295 4.35278 9
    endloop
  endfacet
  facet normal 0 0 1
    outer loop
      vertex 0.3806 3.08658 9
      vertex 3.51295 4.35278 9
      vertex 3.40721 4.56721 9
    endloop
  endfacet
  facet normal 0 0 1
    outer loop
      vertex 0.3806 3.08658 9
      vertex 3.40721 4.56721 9
      vertex 3.38021 4.62195 9
    endloop
  endfacet
  facet normal 0 0 1
    outer loop
      vertex 0.170364 3.7059 9
      vertex 3.38021 4.62195 9
      vertex 3.36059 4.67976 9
    endloop
  endfacet
  facet normal 0 0 1
    outer loop
      vertex 0.170364 3.7059 9
      vertex 3.36059 4.67976 9
      vertex 3.28374 4.90615 9
    endloop
  endfacet
  facet normal 0 0 1
    outer loop
      vertex 0.0427704 4.34737 9
      vertex 3.28374 4.90615 9
      vertex 3.27183 4.96602 9
    endloop
  endfacet
  facet normal 0 0 1
    outer loop
      vertex 0.0427704 4.34737 9
      vertex 3.27183 4.96602 9
      vertex 3.22518 5.20051 9
    endloop
  endfacet
  facet normal 0 0 1
    outer loop
      vertex 4.62195 3.38021 9
      vertex 3.08658 0.3806 9
      vertex 3.7059 0.170364 9
    endloop
  endfacet
  facet normal 0 0 1
    outer loop
      vertex 0 5 9
      vertex 3.22518 5.20051 9
      vertex 3.20955 5.43909 9
    endloop
  endfacet
  facet normal 0 0 1
    outer loop
      vertex 0 5 9
      vertex 3.20955 5.43909 9
      vertex 3.20556 5.5 9
    endloop
  endfacet
  facet normal -0 0 1
    outer loop
      vertex 7.79045 94.5609 9
      vertex 9.7 94.5 9
      vertex 9.66407 95.0482 9
    endloop
  endfacet
  facet normal 0 0 1
    outer loop
      vertex 7.72817 95.034 9
      vertex 9.66407 95.0482 9
      vertex 9.55689 95.587 9
    endloop
  endfacet
  facet normal 0 0 1
    outer loop
      vertex 9.7 94.5 9
      vertex 7.79045 94.5609 9
      vertex 7.79444 94.5 9
    endloop
  endfacet
  facet normal 0 0 1
    outer loop
      vertex 7.63941 95.3202 9
      vertex 9.55689 95.587 9
      vertex 9.38029 96.1073 9
    endloop
  endfacet
  facet normal 0 0 1
    outer loop
      vertex 7.79045 94.4391 9
      vertex 9.7 94.5 9
      vertex 7.79444 94.5 9
    endloop
  endfacet
  facet normal 0 0 1
    outer loop
      vertex 7.59279 95.4328 9
      vertex 9.38029 96.1073 9
      vertex 9.13731 96.6 9
    endloop
  endfacet
  facet normal 0 0 1
    outer loop
      vertex 9.7 94.5 9
      vertex 7.79045 94.4391 9
      vertex 9.66407 93.9518 9
    endloop
  endfacet
  facet normal 0 0 1
    outer loop
      vertex 7.35422 95.846 9
      vertex 9.13731 96.6 9
      vertex 8.83208 97.0568 9
    endloop
  endfacet
  facet normal -0 0 1
    outer loop
      vertex 7.77482 94.2005 9
      vertex 9.66407 93.9518 9
      vertex 7.79045 94.4391 9
    endloop
  endfacet
  facet normal 0 0 1
    outer loop
      vertex 7.16266 96.0765 9
      vertex 8.83208 97.0568 9
      vertex 8.46985 97.4698 9
    endloop
  endfacet
  facet normal -0 0 1
    outer loop
      vertex 7.72817 93.966 9
      vertex 9.66407 93.9518 9
      vertex 7.77482 94.2005 9
    endloop
  endfacet
  facet normal 0 0 1
    outer loop
      vertex 7.07652 96.1627 9
      vertex 8.46985 97.4698 9
      vertex 8.0568 97.8321 9
    endloop
  endfacet
  facet normal 0 0 1
    outer loop
      vertex 9.66407 93.9518 9
      vertex 7.72817 93.966 9
      vertex 9.55689 93.413 9
    endloop
  endfacet
  facet normal -0 0 1
    outer loop
      vertex 7.63941 93.6798 9
      vertex 9.55689 93.413 9
      vertex 7.71626 93.9062 9
    endloop
  endfacet
  facet normal -0 0 1
    outer loop
      vertex 7.71626 93.9062 9
      vertex 9.55689 93.413 9
      vertex 7.72817 93.966 9
    endloop
  endfacet
  facet normal 0 0 1
    outer loop
      vertex 9.66407 95.0482 9
      vertex 7.77482 94.7995 9
      vertex 7.79045 94.5609 9
    endloop
  endfacet
  facet normal 0 0 1
    outer loop
      vertex 9.66407 95.0482 9
      vertex 7.72817 95.034 9
      vertex 7.77482 94.7995 9
    endloop
  endfacet
  facet normal 0 0 1
    outer loop
      vertex 9.55689 95.587 9
      vertex 7.71626 95.0938 9
      vertex 7.72817 95.034 9
    endloop
  endfacet
  facet normal 0 0 1
    outer loop
      vertex 9.55689 95.587 9
      vertex 7.63941 95.3202 9
      vertex 7.71626 95.0938 9
    endloop
  endfacet
  facet normal 0 0 1
    outer loop
      vertex 9.38029 96.1073 9
      vertex 7.61979 95.378 9
      vertex 7.63941 95.3202 9
    endloop
  endfacet
  facet normal 0 0 1
    outer loop
      vertex 6.84601 96.3542 9
      vertex 8.0568 97.8321 9
      vertex 7.6 98.1373 9
    endloop
  endfacet
  facet normal 0 0 1
    outer loop
      vertex 9.38029 96.1073 9
      vertex 7.59279 95.4328 9
      vertex 7.61979 95.378 9
    endloop
  endfacet
  facet normal 0 0 1
    outer loop
      vertex 9.13731 96.6 9
      vertex 7.48705 95.6472 9
      vertex 7.59279 95.4328 9
    endloop
  endfacet
  facet normal 0 0 1
    outer loop
      vertex 9.13731 96.6 9
      vertex 7.35422 95.846 9
      vertex 7.48705 95.6472 9
    endloop
  endfacet
  facet normal 0 0 1
    outer loop
      vertex 8.83208 97.0568 9
      vertex 7.3203 95.8968 9
      vertex 7.35422 95.846 9
    endloop
  endfacet
  facet normal 0 0 1
    outer loop
      vertex 8.83208 97.0568 9
      vertex 7.16266 96.0765 9
      vertex 7.3203 95.8968 9
    endloop
  endfacet
  facet normal 0 0 1
    outer loop
      vertex 8.46985 97.4698 9
      vertex 7.12242 96.1224 9
      vertex 7.16266 96.0765 9
    endloop
  endfacet
  facet normal 0 0 1
    outer loop
      vertex 6.43279 96.5928 9
      vertex 7.6 98.1373 9
      vertex 7.10727 98.3803 9
    endloop
  endfacet
  facet normal 0 0 1
    outer loop
      vertex 8.46985 97.4698 9
      vertex 7.07652 96.1627 9
      vertex 7.12242 96.1224 9
    endloop
  endfacet
  facet normal 0 0 1
    outer loop
      vertex 8.0568 97.8321 9
      vertex 6.89677 96.3203 9
      vertex 7.07652 96.1627 9
    endloop
  endfacet
  facet normal 0 0 1
    outer loop
      vertex 8.0568 97.8321 9
      vertex 6.84601 96.3542 9
      vertex 6.89677 96.3203 9
    endloop
  endfacet
  facet normal 0 0 1
    outer loop
      vertex 7.6 98.1373 9
      vertex 6.64722 96.487 9
      vertex 6.84601 96.3542 9
    endloop
  endfacet
  facet normal 0 0 1
    outer loop
      vertex 6.32024 96.6394 9
      vertex 7.10727 98.3803 9
      vertex 6.58704 98.5569 9
    endloop
  endfacet
  facet normal 0 0 1
    outer loop
      vertex 7.6 98.1373 9
      vertex 6.43279 96.5928 9
      vertex 6.64722 96.487 9
    endloop
  endfacet
  facet normal 0 0 1
    outer loop
      vertex 7.10727 98.3803 9
      vertex 6.37805 96.6198 9
      vertex 6.43279 96.5928 9
    endloop
  endfacet
  facet normal 0 0 1
    outer loop
      vertex 7.10727 98.3803 9
      vertex 6.32024 96.6394 9
      vertex 6.37805 96.6198 9
    endloop
  endfacet
  facet normal 0 0 1
    outer loop
      vertex 6.58704 98.5569 9
      vertex 6.09385 96.7163 9
      vertex 6.32024 96.6394 9
    endloop
  endfacet
  facet normal 0 0 1
    outer loop
      vertex 6.03398 96.7282 9
      vertex 6.58704 98.5569 9
      vertex 6.04821 98.6641 9
    endloop
  endfacet
  facet normal 0 0 1
    outer loop
      vertex 6.58704 98.5569 9
      vertex 6.03398 96.7282 9
      vertex 6.09385 96.7163 9
    endloop
  endfacet
  facet normal 0 0 1
    outer loop
      vertex 6.04821 98.6641 9
      vertex 5.79948 96.7748 9
      vertex 6.03398 96.7282 9
    endloop
  endfacet
  facet normal 0 0 1
    outer loop
      vertex 6.04821 98.6641 9
      vertex 5.56091 96.7905 9
      vertex 5.79948 96.7748 9
    endloop
  endfacet
  facet normal 0 0 1
    outer loop
      vertex 5.5 98.7 9
      vertex 5.56091 96.7905 9
      vertex 6.04821 98.6641 9
    endloop
  endfacet
  facet normal 0 0 1
    outer loop
      vertex 5.5 98.7 9
      vertex 5.5 96.7944 9
      vertex 5.56091 96.7905 9
    endloop
  endfacet
  facet normal 0 0 1
    outer loop
      vertex 5.5 98.7 9
      vertex 5.43909 96.7905 9
      vertex 5.5 96.7944 9
    endloop
  endfacet
  facet normal -0 0 1
    outer loop
      vertex 5.14249 98.6766 9
      vertex 5.43909 96.7905 9
      vertex 5.5 98.7 9
    endloop
  endfacet
  facet normal 0 0 1
    outer loop
      vertex 5.43909 96.7905 9
      vertex 5.14249 98.6766 9
      vertex 5.20051 96.7748 9
    endloop
  endfacet
  facet normal 0 0 1
    outer loop
      vertex 5.15276 98.6974 9
      vertex 4.34737 99.9572 9
      vertex 5.14249 98.6766 9
    endloop
  endfacet
  facet normal -0 0 1
    outer loop
      vertex 3.7059 99.8296 9
      vertex 5.14249 98.6766 9
      vertex 4.34737 99.9572 9
    endloop
  endfacet
  facet normal 0 0 1
    outer loop
      vertex 5.14249 98.6766 9
      vertex 4.96602 96.7282 9
      vertex 5.20051 96.7748 9
    endloop
  endfacet
  facet normal 0 0 1
    outer loop
      vertex 5.14249 98.6766 9
      vertex 4.90615 96.7163 9
      vertex 4.96602 96.7282 9
    endloop
  endfacet
  facet normal -0 0 1
    outer loop
      vertex 3.08658 99.6194 9
      vertex 5.14249 98.6766 9
      vertex 3.7059 99.8296 9
    endloop
  endfacet
  facet normal 0 0 1
    outer loop
      vertex 5.14249 98.6766 9
      vertex 4.67976 96.6394 9
      vertex 4.90615 96.7163 9
    endloop
  endfacet
  facet normal 0 0 1
    outer loop
      vertex 5.14249 98.6766 9
      vertex 4.62195 96.6198 9
      vertex 4.67976 96.6394 9
    endloop
  endfacet
  facet normal 0 -0 1
    outer loop
      vertex 4.35278 96.487 9
      vertex 5.14249 98.6766 9
      vertex 3.08658 99.6194 9
    endloop
  endfacet
  facet normal 0 0 1
    outer loop
      vertex 5.14249 98.6766 9
      vertex 4.56721 96.5928 9
      vertex 4.62195 96.6198 9
    endloop
  endfacet
  facet normal 0 0 1
    outer loop
      vertex 5.14249 98.6766 9
      vertex 4.35278 96.487 9
      vertex 4.56721 96.5928 9
    endloop
  endfacet
  facet normal -0 0 1
    outer loop
      vertex 2.5 99.3301 9
      vertex 4.35278 96.487 9
      vertex 3.08658 99.6194 9
    endloop
  endfacet
  facet normal 0 0 1
    outer loop
      vertex 4.35278 96.487 9
      vertex 2.5 99.3301 9
      vertex 4.15399 96.3542 9
    endloop
  endfacet
  facet normal 0 0 1
    outer loop
      vertex 4.15399 96.3542 9
      vertex 2.5 99.3301 9
      vertex 4.10323 96.3203 9
    endloop
  endfacet
  facet normal -0 0 1
    outer loop
      vertex 1.95619 98.9668 9
      vertex 4.10323 96.3203 9
      vertex 2.5 99.3301 9
    endloop
  endfacet
  facet normal 0 0 1
    outer loop
      vertex 4.10323 96.3203 9
      vertex 1.95619 98.9668 9
      vertex 3.92348 96.1627 9
    endloop
  endfacet
  facet normal -0 0 1
    outer loop
      vertex 1.46446 98.5355 9
      vertex 3.92348 96.1627 9
      vertex 1.95619 98.9668 9
    endloop
  endfacet
  facet normal 0 0 1
    outer loop
      vertex 3.92348 96.1627 9
      vertex 1.46446 98.5355 9
      vertex 3.87758 96.1224 9
    endloop
  endfacet
  facet normal 0 0 1
    outer loop
      vertex 3.87758 96.1224 9
      vertex 1.46446 98.5355 9
      vertex 3.83733 96.0765 9
    endloop
  endfacet
  facet normal -0 0 1
    outer loop
      vertex 1.03322 98.0438 9
      vertex 3.83733 96.0765 9
      vertex 1.46446 98.5355 9
    endloop
  endfacet
  facet normal 0 0 1
    outer loop
      vertex 3.83733 96.0765 9
      vertex 1.03322 98.0438 9
      vertex 3.67969 95.8968 9
    endloop
  endfacet
  facet normal -0 0 1
    outer loop
      vertex 0.669861 97.5 9
      vertex 3.67969 95.8968 9
      vertex 1.03322 98.0438 9
    endloop
  endfacet
  facet normal 0 0 1
    outer loop
      vertex 3.67969 95.8968 9
      vertex 0.669861 97.5 9
      vertex 3.64578 95.846 9
    endloop
  endfacet
  facet normal 0 0 1
    outer loop
      vertex 3.64578 95.846 9
      vertex 0.669861 97.5 9
      vertex 3.51295 95.6472 9
    endloop
  endfacet
  facet normal 0 0 1
    outer loop
      vertex 3.40721 95.4328 9
      vertex 0.3806 96.9134 9
      vertex 3.38021 95.378 9
    endloop
  endfacet
  facet normal 0 0 1
    outer loop
      vertex 3.51295 95.6472 9
      vertex 0.3806 96.9134 9
      vertex 3.40721 95.4328 9
    endloop
  endfacet
  facet normal -0 0 1
    outer loop
      vertex 0.3806 96.9134 9
      vertex 3.51295 95.6472 9
      vertex 0.669861 97.5 9
    endloop
  endfacet
  facet normal 0 0 1
    outer loop
      vertex 9.55689 93.413 9
      vertex 7.63941 93.6798 9
      vertex 9.38029 92.8927 9
    endloop
  endfacet
  facet normal -0 0 1
    outer loop
      vertex 7.61979 93.622 9
      vertex 9.38029 92.8927 9
      vertex 7.63941 93.6798 9
    endloop
  endfacet
  facet normal -0 0 1
    outer loop
      vertex 7.59279 93.5672 9
      vertex 9.38029 92.8927 9
      vertex 7.61979 93.622 9
    endloop
  endfacet
  facet normal 0 0 1
    outer loop
      vertex 9.38029 92.8927 9
      vertex 7.59279 93.5672 9
      vertex 9.13731 92.4 9
    endloop
  endfacet
  facet normal -0 0 1
    outer loop
      vertex 7.48705 93.3528 9
      vertex 9.13731 92.4 9
      vertex 7.59279 93.5672 9
    endloop
  endfacet
  facet normal -0 0 1
    outer loop
      vertex 7.35422 93.154 9
      vertex 9.13731 92.4 9
      vertex 7.48705 93.3528 9
    endloop
  endfacet
  facet normal 0 0 1
    outer loop
      vertex 9.13731 92.4 9
      vertex 7.35422 93.154 9
      vertex 8.83208 91.9432 9
    endloop
  endfacet
  facet normal -0 0 1
    outer loop
      vertex 7.3203 93.1032 9
      vertex 8.83208 91.9432 9
      vertex 7.35422 93.154 9
    endloop
  endfacet
  facet normal -0 0 1
    outer loop
      vertex 7.16266 92.9235 9
      vertex 8.83208 91.9432 9
      vertex 7.3203 93.1032 9
    endloop
  endfacet
  facet normal 0 0 1
    outer loop
      vertex 8.83208 91.9432 9
      vertex 7.16266 92.9235 9
      vertex 8.46985 91.5302 9
    endloop
  endfacet
  facet normal -0 0 1
    outer loop
      vertex 7.12242 92.8776 9
      vertex 8.46985 91.5302 9
      vertex 7.16266 92.9235 9
    endloop
  endfacet
  facet normal -0 0 1
    outer loop
      vertex 7.07652 92.8373 9
      vertex 8.46985 91.5302 9
      vertex 7.12242 92.8776 9
    endloop
  endfacet
  facet normal 0 0 1
    outer loop
      vertex 8.46985 91.5302 9
      vertex 7.07652 92.8373 9
      vertex 8.0568 91.1679 9
    endloop
  endfacet
  facet normal -0 0 1
    outer loop
      vertex 6.89677 92.6797 9
      vertex 8.0568 91.1679 9
      vertex 7.07652 92.8373 9
    endloop
  endfacet
  facet normal -0 0 1
    outer loop
      vertex 6.84601 92.6458 9
      vertex 8.0568 91.1679 9
      vertex 6.89677 92.6797 9
    endloop
  endfacet
  facet normal 0 0 1
    outer loop
      vertex 8.0568 91.1679 9
      vertex 6.84601 92.6458 9
      vertex 7.6 90.8627 9
    endloop
  endfacet
  facet normal -0 0 1
    outer loop
      vertex 6.64722 92.513 9
      vertex 7.6 90.8627 9
      vertex 6.84601 92.6458 9
    endloop
  endfacet
  facet normal -0 0 1
    outer loop
      vertex 6.43279 92.4072 9
      vertex 7.6 90.8627 9
      vertex 6.64722 92.513 9
    endloop
  endfacet
  facet normal 0 0 1
    outer loop
      vertex 7.6 90.8627 9
      vertex 6.43279 92.4072 9
      vertex 7.10727 90.6197 9
    endloop
  endfacet
  facet normal -0 0 1
    outer loop
      vertex 6.37805 92.3802 9
      vertex 7.10727 90.6197 9
      vertex 6.43279 92.4072 9
    endloop
  endfacet
  facet normal -0 0 1
    outer loop
      vertex 6.32024 92.3606 9
      vertex 7.10727 90.6197 9
      vertex 6.37805 92.3802 9
    endloop
  endfacet
  facet normal 0 0 1
    outer loop
      vertex 7.10727 90.6197 9
      vertex 6.32024 92.3606 9
      vertex 6.58704 90.4431 9
    endloop
  endfacet
  facet normal -0 0 1
    outer loop
      vertex 6.09385 92.2837 9
      vertex 6.58704 90.4431 9
      vertex 6.32024 92.3606 9
    endloop
  endfacet
  facet normal -0 0 1
    outer loop
      vertex 6.03398 92.2718 9
      vertex 6.58704 90.4431 9
      vertex 6.09385 92.2837 9
    endloop
  endfacet
  facet normal 0 0 1
    outer loop
      vertex 6.58704 90.4431 9
      vertex 6.03398 92.2718 9
      vertex 6.04821 90.3359 9
    endloop
  endfacet
  facet normal -0 0 1
    outer loop
      vertex 5.79948 92.2252 9
      vertex 6.04821 90.3359 9
      vertex 6.03398 92.2718 9
    endloop
  endfacet
  facet normal -0 0 1
    outer loop
      vertex 5.56091 92.2095 9
      vertex 6.04821 90.3359 9
      vertex 5.79948 92.2252 9
    endloop
  endfacet
  facet normal 0 0 1
    outer loop
      vertex 5.5 90.3 9
      vertex 5.56091 92.2095 9
      vertex 5.5 92.2056 9
    endloop
  endfacet
  facet normal 0 0 1
    outer loop
      vertex 5.56091 92.2095 9
      vertex 5.5 90.3 9
      vertex 6.04821 90.3359 9
    endloop
  endfacet
  facet normal 0 0 1
    outer loop
      vertex 5.43909 92.2095 9
      vertex 5.5 90.3 9
      vertex 5.5 92.2056 9
    endloop
  endfacet
  facet normal 0 0 1
    outer loop
      vertex 4.95179 90.3359 9
      vertex 5.43909 92.2095 9
      vertex 5.20051 92.2252 9
    endloop
  endfacet
  facet normal 0 0 1
    outer loop
      vertex 4.79999 90.3661 9
      vertex 5.20051 92.2252 9
      vertex 4.96602 92.2718 9
    endloop
  endfacet
  facet normal 0 0 1
    outer loop
      vertex 5.43909 92.2095 9
      vertex 4.95179 90.3359 9
      vertex 5.5 90.3 9
    endloop
  endfacet
  facet normal 0 0 1
    outer loop
      vertex 4.79999 90.3661 9
      vertex 4.96602 92.2718 9
      vertex 4.90615 92.2837 9
    endloop
  endfacet
  facet normal 0 0 1
    outer loop
      vertex 5.20051 92.2252 9
      vertex 4.79999 90.3661 9
      vertex 4.95179 90.3359 9
    endloop
  endfacet
  facet normal 0 0 1
    outer loop
      vertex 4.62195 92.3802 9
      vertex 4.79999 90.3661 9
      vertex 4.67976 92.3606 9
    endloop
  endfacet
  facet normal 0 0 1
    outer loop
      vertex 4.67976 92.3606 9
      vertex 4.79999 90.3661 9
      vertex 4.90615 92.2837 9
    endloop
  endfacet
  facet normal 0 0 1
    outer loop
      vertex 9.7 5.5 9
      vertex 7.79045 5.43909 9
      vertex 9.66407 4.95179 9
    endloop
  endfacet
  facet normal 0 0 1
    outer loop
      vertex 9.7 5.5 9
      vertex 7.79045 5.56091 9
      vertex 7.79444 5.5 9
    endloop
  endfacet
  facet normal 0 0 1
    outer loop
      vertex 9.66407 6.04821 9
      vertex 7.77482 5.79948 9
      vertex 7.79045 5.56091 9
    endloop
  endfacet
  facet normal 0 0 1
    outer loop
      vertex 9.66407 6.04821 9
      vertex 7.72817 6.03398 9
      vertex 7.77482 5.79948 9
    endloop
  endfacet
  facet normal 0 0 1
    outer loop
      vertex 9.55689 6.58704 9
      vertex 7.71626 6.09385 9
      vertex 7.72817 6.03398 9
    endloop
  endfacet
  facet normal 0 0 1
    outer loop
      vertex 9.55689 6.58704 9
      vertex 7.63941 6.32024 9
      vertex 7.71626 6.09385 9
    endloop
  endfacet
  facet normal 0 0 1
    outer loop
      vertex 6.84601 7.35422 9
      vertex 8.0568 8.83208 9
      vertex 7.6 9.13731 9
    endloop
  endfacet
  facet normal 0 0 1
    outer loop
      vertex 9.38029 7.10727 9
      vertex 7.59279 6.43279 9
      vertex 7.61979 6.37805 9
    endloop
  endfacet
  facet normal 0 0 1
    outer loop
      vertex 9.13731 7.6 9
      vertex 7.48705 6.64722 9
      vertex 7.59279 6.43279 9
    endloop
  endfacet
  facet normal 0 0 1
    outer loop
      vertex 9.13731 7.6 9
      vertex 7.35422 6.84601 9
      vertex 7.48705 6.64722 9
    endloop
  endfacet
  facet normal 0 0 1
    outer loop
      vertex 8.83208 8.0568 9
      vertex 7.3203 6.89677 9
      vertex 7.35422 6.84601 9
    endloop
  endfacet
  facet normal 0 0 1
    outer loop
      vertex 8.83208 8.0568 9
      vertex 7.16266 7.07652 9
      vertex 7.3203 6.89677 9
    endloop
  endfacet
  facet normal 0 0 1
    outer loop
      vertex 8.46985 8.46985 9
      vertex 7.12242 7.12242 9
      vertex 7.16266 7.07652 9
    endloop
  endfacet
  facet normal 0 0 1
    outer loop
      vertex 6.43279 7.59279 9
      vertex 7.6 9.13731 9
      vertex 7.10727 9.38029 9
    endloop
  endfacet
  facet normal 0 0 1
    outer loop
      vertex 8.46985 8.46985 9
      vertex 7.07652 7.16266 9
      vertex 7.12242 7.12242 9
    endloop
  endfacet
  facet normal 0 0 1
    outer loop
      vertex 8.0568 8.83208 9
      vertex 6.89677 7.3203 9
      vertex 7.07652 7.16266 9
    endloop
  endfacet
  facet normal 0 0 1
    outer loop
      vertex 8.0568 8.83208 9
      vertex 6.84601 7.35422 9
      vertex 6.89677 7.3203 9
    endloop
  endfacet
  facet normal 0 0 1
    outer loop
      vertex 7.6 9.13731 9
      vertex 6.64722 7.48705 9
      vertex 6.84601 7.35422 9
    endloop
  endfacet
  facet normal 0 0 1
    outer loop
      vertex 6.32024 7.63941 9
      vertex 7.10727 9.38029 9
      vertex 6.58704 9.55689 9
    endloop
  endfacet
  facet normal 0 0 1
    outer loop
      vertex 7.6 9.13731 9
      vertex 6.43279 7.59279 9
      vertex 6.64722 7.48705 9
    endloop
  endfacet
  facet normal 0 0 1
    outer loop
      vertex 7.10727 9.38029 9
      vertex 6.37805 7.61979 9
      vertex 6.43279 7.59279 9
    endloop
  endfacet
  facet normal 0 0 1
    outer loop
      vertex 7.10727 9.38029 9
      vertex 6.32024 7.63941 9
      vertex 6.37805 7.61979 9
    endloop
  endfacet
  facet normal 0 0 1
    outer loop
      vertex 6.58704 9.55689 9
      vertex 6.09385 7.71626 9
      vertex 6.32024 7.63941 9
    endloop
  endfacet
  facet normal 0 0 1
    outer loop
      vertex 6.03398 7.72817 9
      vertex 6.58704 9.55689 9
      vertex 6.04821 9.66407 9
    endloop
  endfacet
  facet normal 0 0 1
    outer loop
      vertex 6.58704 9.55689 9
      vertex 6.03398 7.72817 9
      vertex 6.09385 7.71626 9
    endloop
  endfacet
  facet normal 0 0 1
    outer loop
      vertex 6.04821 9.66407 9
      vertex 5.79948 7.77482 9
      vertex 6.03398 7.72817 9
    endloop
  endfacet
  facet normal 0 0 1
    outer loop
      vertex 6.04821 9.66407 9
      vertex 5.56091 7.79045 9
      vertex 5.79948 7.77482 9
    endloop
  endfacet
  facet normal 0 0 1
    outer loop
      vertex 5.5 9.7 9
      vertex 5.56091 7.79045 9
      vertex 6.04821 9.66407 9
    endloop
  endfacet
  facet normal 0 0 1
    outer loop
      vertex 5.5 9.7 9
      vertex 5.5 7.79444 9
      vertex 5.56091 7.79045 9
    endloop
  endfacet
  facet normal 0 0 1
    outer loop
      vertex 5.5 9.7 9
      vertex 5.43909 7.79045 9
      vertex 5.5 7.79444 9
    endloop
  endfacet
  facet normal -0 0 1
    outer loop
      vertex 4.95179 9.66407 9
      vertex 5.43909 7.79045 9
      vertex 5.5 9.7 9
    endloop
  endfacet
  facet normal 0 0 1
    outer loop
      vertex 5.43909 7.79045 9
      vertex 4.95179 9.66407 9
      vertex 5.20051 7.77482 9
    endloop
  endfacet
  facet normal -0 0 1
    outer loop
      vertex 4.79999 9.63387 9
      vertex 5.20051 7.77482 9
      vertex 4.95179 9.66407 9
    endloop
  endfacet
  facet normal 0 0 1
    outer loop
      vertex 5.20051 7.77482 9
      vertex 4.79999 9.63387 9
      vertex 4.96602 7.72817 9
    endloop
  endfacet
  facet normal 0 0 1
    outer loop
      vertex 4.96602 7.72817 9
      vertex 4.79999 9.63387 9
      vertex 4.90615 7.71626 9
    endloop
  endfacet
  facet normal 0 0 1
    outer loop
      vertex 4.79999 9.63387 9
      vertex 4.67976 7.63941 9
      vertex 4.90615 7.71626 9
    endloop
  endfacet
  facet normal 0 0 1
    outer loop
      vertex 4.79999 90.3661 9
      vertex 4.4 53.7 9
      vertex 4.79999 9.63387 9
    endloop
  endfacet
  facet normal 0 0 1
    outer loop
      vertex 4.56721 92.4072 9
      vertex 4.79999 90.3661 9
      vertex 4.62195 92.3802 9
    endloop
  endfacet
  facet normal -0 0 1
    outer loop
      vertex 4.4 28.7 9
      vertex 4.79999 9.63387 9
      vertex 4.4 53.7 9
    endloop
  endfacet
  facet normal 0 0 1
    outer loop
      vertex 4.35278 92.513 9
      vertex 4.79999 90.3661 9
      vertex 4.56721 92.4072 9
    endloop
  endfacet
  facet normal -0 0 1
    outer loop
      vertex 0 28.7 9
      vertex 4.79999 9.63387 9
      vertex 4.4 28.7 9
    endloop
  endfacet
  facet normal 0 0 1
    outer loop
      vertex 0 5 9
      vertex 4.79999 9.63387 9
      vertex 0 28.7 9
    endloop
  endfacet
  facet normal 0 0 1
    outer loop
      vertex 4.15399 92.6458 9
      vertex 4.79999 90.3661 9
      vertex 4.35278 92.513 9
    endloop
  endfacet
  facet normal 0 0 1
    outer loop
      vertex 4.10323 92.6797 9
      vertex 4.79999 90.3661 9
      vertex 4.15399 92.6458 9
    endloop
  endfacet
  facet normal 0 0 1
    outer loop
      vertex 3.92348 92.8373 9
      vertex 4.79999 90.3661 9
      vertex 4.10323 92.6797 9
    endloop
  endfacet
  facet normal 0 0 1
    outer loop
      vertex 3.87758 92.8776 9
      vertex 4.79999 90.3661 9
      vertex 3.92348 92.8373 9
    endloop
  endfacet
  facet normal 0 0 1
    outer loop
      vertex 3.83733 92.9235 9
      vertex 4.79999 90.3661 9
      vertex 3.87758 92.8776 9
    endloop
  endfacet
  facet normal 0 0 1
    outer loop
      vertex 3.67969 93.1032 9
      vertex 4.79999 90.3661 9
      vertex 3.83733 92.9235 9
    endloop
  endfacet
  facet normal 0 0 1
    outer loop
      vertex 4.79999 90.3661 9
      vertex 3.67969 93.1032 9
      vertex 0 95 9
    endloop
  endfacet
  facet normal 0 0 1
    outer loop
      vertex 0 95 9
      vertex 3.67969 93.1032 9
      vertex 3.64578 93.154 9
    endloop
  endfacet
  facet normal 0 0 1
    outer loop
      vertex 0 95 9
      vertex 3.64578 93.154 9
      vertex 3.51295 93.3528 9
    endloop
  endfacet
  facet normal 0 0 1
    outer loop
      vertex 0 95 9
      vertex 3.51295 93.3528 9
      vertex 3.40721 93.5672 9
    endloop
  endfacet
  facet normal 0 0 1
    outer loop
      vertex 0 95 9
      vertex 3.40721 93.5672 9
      vertex 3.38021 93.622 9
    endloop
  endfacet
  facet normal 0 0 1
    outer loop
      vertex 0 95 9
      vertex 3.38021 93.622 9
      vertex 3.36059 93.6798 9
    endloop
  endfacet
  facet normal 0 0 1
    outer loop
      vertex 0 95 9
      vertex 3.36059 93.6798 9
      vertex 3.28374 93.9062 9
    endloop
  endfacet
  facet normal 0 0 1
    outer loop
      vertex 0 95 9
      vertex 3.28374 93.9062 9
      vertex 3.27183 93.966 9
    endloop
  endfacet
  facet normal 0 0 1
    outer loop
      vertex 0 95 9
      vertex 3.27183 93.966 9
      vertex 3.22518 94.2005 9
    endloop
  endfacet
  facet normal 0 0 1
    outer loop
      vertex 0 95 9
      vertex 3.22518 94.2005 9
      vertex 3.20955 94.4391 9
    endloop
  endfacet
  facet normal 0 0 1
    outer loop
      vertex 0 95 9
      vertex 3.20955 94.4391 9
      vertex 3.20556 94.5 9
    endloop
  endfacet
  facet normal -0 0 1
    outer loop
      vertex 0.170364 96.2941 9
      vertex 3.38021 95.378 9
      vertex 0.3806 96.9134 9
    endloop
  endfacet
  facet normal 0 0 1
    outer loop
      vertex 3.38021 95.378 9
      vertex 0.170364 96.2941 9
      vertex 3.36059 95.3202 9
    endloop
  endfacet
  facet normal 0 0 1
    outer loop
      vertex 3.36059 95.3202 9
      vertex 0.170364 96.2941 9
      vertex 3.28374 95.0938 9
    endloop
  endfacet
  facet normal -0 0 1
    outer loop
      vertex 0.0427704 95.6526 9
      vertex 3.28374 95.0938 9
      vertex 0.170364 96.2941 9
    endloop
  endfacet
  facet normal 0 0 1
    outer loop
      vertex 3.28374 95.0938 9
      vertex 0.0427704 95.6526 9
      vertex 3.27183 95.034 9
    endloop
  endfacet
  facet normal 0 0 1
    outer loop
      vertex 3.27183 95.034 9
      vertex 0.0427704 95.6526 9
      vertex 3.22518 94.7995 9
    endloop
  endfacet
  facet normal -0 0 1
    outer loop
      vertex 0 95 9
      vertex 3.22518 94.7995 9
      vertex 0.0427704 95.6526 9
    endloop
  endfacet
  facet normal 0 0 1
    outer loop
      vertex 3.22518 94.7995 9
      vertex 0 95 9
      vertex 3.20955 94.5609 9
    endloop
  endfacet
  facet normal 0 0 1
    outer loop
      vertex 3.20955 94.5609 9
      vertex 0 95 9
      vertex 3.20556 94.5 9
    endloop
  endfacet
  facet normal 0 0 1
    outer loop
      vertex 4.79999 90.3661 9
      vertex 0 95 9
      vertex 0 53.7 9
    endloop
  endfacet
  facet normal 0 0 1
    outer loop
      vertex 4.79999 90.3661 9
      vertex 0 53.7 9
      vertex 4.4 53.7 9
    endloop
  endfacet
  facet normal 0 0 1
    outer loop
      vertex 4.79999 9.63387 9
      vertex 4.62195 7.61979 9
      vertex 4.67976 7.63941 9
    endloop
  endfacet
  facet normal 0 0 1
    outer loop
      vertex 4.79999 9.63387 9
      vertex 4.56721 7.59279 9
      vertex 4.62195 7.61979 9
    endloop
  endfacet
  facet normal 0 0 1
    outer loop
      vertex 4.79999 9.63387 9
      vertex 4.35278 7.48705 9
      vertex 4.56721 7.59279 9
    endloop
  endfacet
  facet normal 0 0 1
    outer loop
      vertex 4.79999 9.63387 9
      vertex 4.15399 7.35422 9
      vertex 4.35278 7.48705 9
    endloop
  endfacet
  facet normal 0 0 1
    outer loop
      vertex 4.79999 9.63387 9
      vertex 4.10323 7.3203 9
      vertex 4.15399 7.35422 9
    endloop
  endfacet
  facet normal 0 -0 1
    outer loop
      vertex 3.67969 6.89677 9
      vertex 4.79999 9.63387 9
      vertex 0 5 9
    endloop
  endfacet
  facet normal 0 0 1
    outer loop
      vertex 4.79999 9.63387 9
      vertex 3.92348 7.16266 9
      vertex 4.10323 7.3203 9
    endloop
  endfacet
  facet normal 0 0 1
    outer loop
      vertex 4.79999 9.63387 9
      vertex 3.87758 7.12242 9
      vertex 3.92348 7.16266 9
    endloop
  endfacet
  facet normal 0 0 1
    outer loop
      vertex 4.79999 9.63387 9
      vertex 3.83733 7.07652 9
      vertex 3.87758 7.12242 9
    endloop
  endfacet
  facet normal 0 0 1
    outer loop
      vertex 4.79999 9.63387 9
      vertex 3.67969 6.89677 9
      vertex 3.83733 7.07652 9
    endloop
  endfacet
  facet normal 0 0 1
    outer loop
      vertex 3.67969 6.89677 9
      vertex 0 5 9
      vertex 3.64578 6.84601 9
    endloop
  endfacet
  facet normal 0 0 1
    outer loop
      vertex 3.64578 6.84601 9
      vertex 0 5 9
      vertex 3.51295 6.64722 9
    endloop
  endfacet
  facet normal 0 0 1
    outer loop
      vertex 3.51295 6.64722 9
      vertex 0 5 9
      vertex 3.40721 6.43279 9
    endloop
  endfacet
  facet normal 0 0 1
    outer loop
      vertex 3.40721 6.43279 9
      vertex 0 5 9
      vertex 3.38021 6.37805 9
    endloop
  endfacet
  facet normal 0 0 1
    outer loop
      vertex 3.38021 6.37805 9
      vertex 0 5 9
      vertex 3.36059 6.32024 9
    endloop
  endfacet
  facet normal 0 0 1
    outer loop
      vertex 3.36059 6.32024 9
      vertex 0 5 9
      vertex 3.28374 6.09385 9
    endloop
  endfacet
  facet normal 0 0 1
    outer loop
      vertex 3.28374 6.09385 9
      vertex 0 5 9
      vertex 3.27183 6.03398 9
    endloop
  endfacet
  facet normal 0 0 1
    outer loop
      vertex 3.27183 6.03398 9
      vertex 0 5 9
      vertex 3.22518 5.79948 9
    endloop
  endfacet
  facet normal 0 0 1
    outer loop
      vertex 4.35278 3.51295 9
      vertex 2.5 0.669861 9
      vertex 3.08658 0.3806 9
    endloop
  endfacet
  facet normal 0 0 1
    outer loop
      vertex 3.22518 5.79948 9
      vertex 0 5 9
      vertex 3.20955 5.56091 9
    endloop
  endfacet
  facet normal 0 0 1
    outer loop
      vertex 3.22518 5.20051 9
      vertex 0 5 9
      vertex 0.0427704 4.34737 9
    endloop
  endfacet
  facet normal 0 0 1
    outer loop
      vertex 4.10323 3.67969 9
      vertex 1.95619 1.03322 9
      vertex 2.5 0.669861 9
    endloop
  endfacet
  facet normal 0 0 1
    outer loop
      vertex 3.92348 3.83733 9
      vertex 1.46446 1.46446 9
      vertex 1.95619 1.03322 9
    endloop
  endfacet
  facet normal 0 0 1
    outer loop
      vertex 3.83733 3.92348 9
      vertex 1.03322 1.95619 9
      vertex 1.46446 1.46446 9
    endloop
  endfacet
  facet normal 0 0 1
    outer loop
      vertex 3.67969 4.10323 9
      vertex 0.669861 2.5 9
      vertex 1.03322 1.95619 9
    endloop
  endfacet
  facet normal 0 0 1
    outer loop
      vertex 3.51295 4.35278 9
      vertex 0.3806 3.08658 9
      vertex 0.669861 2.5 9
    endloop
  endfacet
  facet normal 0 0 1
    outer loop
      vertex 3.38021 4.62195 9
      vertex 0.170364 3.7059 9
      vertex 0.3806 3.08658 9
    endloop
  endfacet
  facet normal 0 0 1
    outer loop
      vertex 3.20955 5.56091 9
      vertex 0 5 9
      vertex 3.20556 5.5 9
    endloop
  endfacet
  facet normal 0 0 1
    outer loop
      vertex 3.28374 4.90615 9
      vertex 0.0427704 4.34737 9
      vertex 0.170364 3.7059 9
    endloop
  endfacet
  facet normal 0 0 1
    outer loop
      vertex 146.639 4.67976 9
      vertex 148.677 5.14249 9
      vertex 146.716 4.90615 9
    endloop
  endfacet
  facet normal 0 0 1
    outer loop
      vertex 146.62 4.62195 9
      vertex 148.677 5.14249 9
      vertex 146.639 4.67976 9
    endloop
  endfacet
  facet normal 0 0 1
    outer loop
      vertex 146.593 4.56721 9
      vertex 148.677 5.14249 9
      vertex 146.62 4.62195 9
    endloop
  endfacet
  facet normal 0 0 1
    outer loop
      vertex 146.487 4.35278 9
      vertex 148.677 5.14249 9
      vertex 146.593 4.56721 9
    endloop
  endfacet
  facet normal -0 0 1
    outer loop
      vertex 146.32 4.10323 9
      vertex 149.33 2.5 9
      vertex 146.354 4.15399 9
    endloop
  endfacet
  facet normal 0 0 1
    outer loop
      vertex 149.33 2.5 9
      vertex 146.32 4.10323 9
      vertex 148.967 1.95619 9
    endloop
  endfacet
  facet normal -0 0 1
    outer loop
      vertex 146.163 3.92348 9
      vertex 148.967 1.95619 9
      vertex 146.32 4.10323 9
    endloop
  endfacet
  facet normal 0 0 1
    outer loop
      vertex 148.967 1.95619 9
      vertex 146.163 3.92348 9
      vertex 148.536 1.46446 9
    endloop
  endfacet
  facet normal -0 0 1
    outer loop
      vertex 146.122 3.87758 9
      vertex 148.536 1.46446 9
      vertex 146.163 3.92348 9
    endloop
  endfacet
  facet normal -0 0 1
    outer loop
      vertex 146.077 3.83733 9
      vertex 148.536 1.46446 9
      vertex 146.122 3.87758 9
    endloop
  endfacet
  facet normal 0 0 1
    outer loop
      vertex 148.536 1.46446 9
      vertex 146.077 3.83733 9
      vertex 148.044 1.03322 9
    endloop
  endfacet
  facet normal -0 0 1
    outer loop
      vertex 145.897 3.67969 9
      vertex 148.044 1.03322 9
      vertex 146.077 3.83733 9
    endloop
  endfacet
  facet normal 0 0 1
    outer loop
      vertex 148.044 1.03322 9
      vertex 145.897 3.67969 9
      vertex 147.5 0.669861 9
    endloop
  endfacet
  facet normal -0 0 1
    outer loop
      vertex 145.846 3.64578 9
      vertex 147.5 0.669861 9
      vertex 145.897 3.67969 9
    endloop
  endfacet
  facet normal -0 0 1
    outer loop
      vertex 145.647 3.51295 9
      vertex 147.5 0.669861 9
      vertex 145.846 3.64578 9
    endloop
  endfacet
  facet normal 0 0 1
    outer loop
      vertex 147.5 0.669861 9
      vertex 145.647 3.51295 9
      vertex 146.913 0.3806 9
    endloop
  endfacet
  facet normal -0 0 1
    outer loop
      vertex 145.433 3.40721 9
      vertex 146.913 0.3806 9
      vertex 145.647 3.51295 9
    endloop
  endfacet
  facet normal -0 0 1
    outer loop
      vertex 145.378 3.38021 9
      vertex 146.913 0.3806 9
      vertex 145.433 3.40721 9
    endloop
  endfacet
  facet normal 0 0 1
    outer loop
      vertex 146.913 0.3806 9
      vertex 145.378 3.38021 9
      vertex 146.294 0.170364 9
    endloop
  endfacet
  facet normal -0 0 1
    outer loop
      vertex 145.32 3.36059 9
      vertex 146.294 0.170364 9
      vertex 145.378 3.38021 9
    endloop
  endfacet
  facet normal -0 0 1
    outer loop
      vertex 145.094 3.28374 9
      vertex 146.294 0.170364 9
      vertex 145.32 3.36059 9
    endloop
  endfacet
  facet normal 0 0 1
    outer loop
      vertex 146.294 0.170364 9
      vertex 145.094 3.28374 9
      vertex 145.653 0.0427704 9
    endloop
  endfacet
  facet normal -0 0 1
    outer loop
      vertex 145.034 3.27183 9
      vertex 145.653 0.0427704 9
      vertex 145.094 3.28374 9
    endloop
  endfacet
  facet normal -0 0 1
    outer loop
      vertex 144.799 3.22518 9
      vertex 145.653 0.0427704 9
      vertex 145.034 3.27183 9
    endloop
  endfacet
  facet normal 0 0 1
    outer loop
      vertex 145.653 0.0427704 9
      vertex 144.799 3.22518 9
      vertex 145 0 9
    endloop
  endfacet
  facet normal -0 0 1
    outer loop
      vertex 144.561 3.20955 9
      vertex 145 0 9
      vertex 144.799 3.22518 9
    endloop
  endfacet
  facet normal -0 0 1
    outer loop
      vertex 144.5 3.20556 9
      vertex 145 0 9
      vertex 144.561 3.20955 9
    endloop
  endfacet
  facet normal 0 0 1
    outer loop
      vertex 144.439 3.20955 9
      vertex 145 0 9
      vertex 144.5 3.20556 9
    endloop
  endfacet
  facet normal 0 0 1
    outer loop
      vertex 144.201 3.22518 9
      vertex 145 0 9
      vertex 144.439 3.20955 9
    endloop
  endfacet
  facet normal 0 0 1
    outer loop
      vertex 143.966 3.27183 9
      vertex 145 0 9
      vertex 144.201 3.22518 9
    endloop
  endfacet
  facet normal 0 0 1
    outer loop
      vertex 143.906 3.28374 9
      vertex 145 0 9
      vertex 143.966 3.27183 9
    endloop
  endfacet
  facet normal 0 0 1
    outer loop
      vertex 143.68 3.36059 9
      vertex 145 0 9
      vertex 143.906 3.28374 9
    endloop
  endfacet
  facet normal 0 0 1
    outer loop
      vertex 143.622 3.38021 9
      vertex 145 0 9
      vertex 143.68 3.36059 9
    endloop
  endfacet
  facet normal 0 0 1
    outer loop
      vertex 143.567 3.40721 9
      vertex 145 0 9
      vertex 143.622 3.38021 9
    endloop
  endfacet
  facet normal 0 0 1
    outer loop
      vertex 143.353 3.51295 9
      vertex 145 0 9
      vertex 143.567 3.40721 9
    endloop
  endfacet
  facet normal 0 0 1
    outer loop
      vertex 143.154 3.64578 9
      vertex 145 0 9
      vertex 143.353 3.51295 9
    endloop
  endfacet
  facet normal 0 0 1
    outer loop
      vertex 143.103 3.67969 9
      vertex 145 0 9
      vertex 143.154 3.64578 9
    endloop
  endfacet
  facet normal 0 0 1
    outer loop
      vertex 140.366 4.79999 9
      vertex 143.103 3.67969 9
      vertex 142.923 3.83733 9
    endloop
  endfacet
  facet normal 0 0 1
    outer loop
      vertex 140.366 4.79999 9
      vertex 142.923 3.83733 9
      vertex 142.878 3.87758 9
    endloop
  endfacet
  facet normal 0 0 1
    outer loop
      vertex 140.366 4.79999 9
      vertex 142.878 3.87758 9
      vertex 142.837 3.92348 9
    endloop
  endfacet
  facet normal 0 0 1
    outer loop
      vertex 140.366 4.79999 9
      vertex 142.837 3.92348 9
      vertex 142.68 4.10323 9
    endloop
  endfacet
  facet normal 0 0 1
    outer loop
      vertex 140.366 4.79999 9
      vertex 142.68 4.10323 9
      vertex 142.646 4.15399 9
    endloop
  endfacet
  facet normal 0 0 1
    outer loop
      vertex 140.366 4.79999 9
      vertex 142.646 4.15399 9
      vertex 142.513 4.35278 9
    endloop
  endfacet
  facet normal 0 0 1
    outer loop
      vertex 140.366 4.79999 9
      vertex 142.407 4.56721 9
      vertex 142.38 4.62195 9
    endloop
  endfacet
  facet normal 0 0 1
    outer loop
      vertex 140.366 4.79999 9
      vertex 142.21 5.43909 9
      vertex 142.206 5.5 9
    endloop
  endfacet
  facet normal 0 0 1
    outer loop
      vertex 142.361 6.32024 9
      vertex 140.443 6.58704 9
      vertex 142.284 6.09385 9
    endloop
  endfacet
  facet normal 0 0 1
    outer loop
      vertex 142.284 6.09385 9
      vertex 140.443 6.58704 9
      vertex 142.272 6.03398 9
    endloop
  endfacet
  facet normal -0 0 1
    outer loop
      vertex 140.336 6.04821 9
      vertex 142.272 6.03398 9
      vertex 140.443 6.58704 9
    endloop
  endfacet
  facet normal 0 0 1
    outer loop
      vertex 142.272 6.03398 9
      vertex 140.336 6.04821 9
      vertex 142.225 5.79948 9
    endloop
  endfacet
  facet normal 0 0 1
    outer loop
      vertex 142.225 5.79948 9
      vertex 140.336 6.04821 9
      vertex 142.21 5.56091 9
    endloop
  endfacet
  facet normal 0 0 1
    outer loop
      vertex 140.3 5.5 9
      vertex 142.21 5.56091 9
      vertex 140.336 6.04821 9
    endloop
  endfacet
  facet normal 0 0 1
    outer loop
      vertex 142.21 5.43909 9
      vertex 140.366 4.79999 9
      vertex 142.225 5.20051 9
    endloop
  endfacet
  facet normal 0 0 1
    outer loop
      vertex 142.225 5.20051 9
      vertex 140.366 4.79999 9
      vertex 142.272 4.96602 9
    endloop
  endfacet
  facet normal 0 0 1
    outer loop
      vertex 142.272 4.96602 9
      vertex 140.366 4.79999 9
      vertex 142.284 4.90615 9
    endloop
  endfacet
  facet normal 0 0 1
    outer loop
      vertex 142.284 4.90615 9
      vertex 140.366 4.79999 9
      vertex 142.361 4.67976 9
    endloop
  endfacet
  facet normal 0 0 1
    outer loop
      vertex 142.361 4.67976 9
      vertex 140.366 4.79999 9
      vertex 142.38 4.62195 9
    endloop
  endfacet
  facet normal 0 0 1
    outer loop
      vertex 142.407 4.56721 9
      vertex 140.366 4.79999 9
      vertex 142.513 4.35278 9
    endloop
  endfacet
  facet normal 0 0 1
    outer loop
      vertex 143.103 3.67969 9
      vertex 140.366 4.79999 9
      vertex 145 0 9
    endloop
  endfacet
  facet normal 0 0 1
    outer loop
      vertex 95.5 0 9
      vertex 140.366 4.79999 9
      vertex 95.5 4.4 9
    endloop
  endfacet
  facet normal 0 0 1
    outer loop
      vertex 140.366 4.79999 9
      vertex 95.5 0 9
      vertex 145 0 9
    endloop
  endfacet
  facet normal -0.997859 0.0653982 0
    outer loop
      vertex 0 95 0
      vertex 0.0427704 95.6526 9
      vertex 0.0427704 95.6526 0
    endloop
  endfacet
  facet normal -0.997859 0.0653982 0
    outer loop
      vertex 0.0427704 95.6526 9
      vertex 0 95 0
      vertex 0 95 9
    endloop
  endfacet
  facet normal 1 0 0
    outer loop
      vertex 150 7.47848 9
      vertex 150 5 9
      vertex 150 7.47848 2.4
    endloop
  endfacet
  facet normal 1 -0 0
    outer loop
      vertex 150 7.47848 2.4
      vertex 150 95 0
      vertex 150 95 2.4
    endloop
  endfacet
  facet normal 1 0 0
    outer loop
      vertex 150 7.47848 2.4
      vertex 150 5 0
      vertex 150 95 0
    endloop
  endfacet
  facet normal 1 0 0
    outer loop
      vertex 150 5 0
      vertex 150 7.47848 2.4
      vertex 150 5 9
    endloop
  endfacet
  facet normal 0.0653583 -0.997862 0
    outer loop
      vertex 145 0 0
      vertex 145.653 0.0427704 9
      vertex 145 0 9
    endloop
  endfacet
  facet normal 0.0653583 -0.997862 0
    outer loop
      vertex 145.653 0.0427704 9
      vertex 145 0 0
      vertex 145.653 0.0427704 0
    endloop
  endfacet
  facet normal -0.997859 -0.0653952 0
    outer loop
      vertex 0.0427704 4.34737 0
      vertex 0 5 9
      vertex 0 5 0
    endloop
  endfacet
  facet normal -0.997859 -0.0653952 0
    outer loop
      vertex 0 5 9
      vertex 0.0427704 4.34737 0
      vertex 0.0427704 4.34737 9
    endloop
  endfacet
  facet normal -1 0 0
    outer loop
      vertex 0 95 0
      vertex 0 53.7 4.7
      vertex 0 95 9
    endloop
  endfacet
  facet normal -1 0 0
    outer loop
      vertex 0 5 0
      vertex 0 53.7 4.7
      vertex 0 95 0
    endloop
  endfacet
  facet normal -1 -0 0
    outer loop
      vertex 0 53.7 4.7
      vertex 0 5 0
      vertex 0 28.7 4.7
    endloop
  endfacet
  facet normal -1 0 0
    outer loop
      vertex 0 5 9
      vertex 0 28.7 4.7
      vertex 0 5 0
    endloop
  endfacet
  facet normal -1 0 0
    outer loop
      vertex 0 28.7 4.7
      vertex 0 5 9
      vertex 0 28.7 9
    endloop
  endfacet
  facet normal -1 -0 0
    outer loop
      vertex 0 95 9
      vertex 0 53.7 4.7
      vertex 0 53.7 9
    endloop
  endfacet
  facet normal 0.897042 0.441945 0
    outer loop
      vertex 149.619 96.9134 2.4
      vertex 149.33 97.5 0
      vertex 149.33 97.5 2.4
    endloop
  endfacet
  facet normal 0.897042 0.441945 0
    outer loop
      vertex 149.33 97.5 0
      vertex 149.619 96.9134 2.4
      vertex 149.619 96.9134 0
    endloop
  endfacet
  facet normal 0 1 0
    outer loop
      vertex 145 100 2.4
      vertex 145 100 0
      vertex 7.47848 100 2.4
    endloop
  endfacet
  facet normal 0 1 -0
    outer loop
      vertex 7.47848 100 2.4
      vertex 5 100 9
      vertex 7.47848 100 9
    endloop
  endfacet
  facet normal 0 1 0
    outer loop
      vertex 7.47848 100 2.4
      vertex 5 100 0
      vertex 5 100 9
    endloop
  endfacet
  facet normal 0 1 0
    outer loop
      vertex 5 100 0
      vertex 7.47848 100 2.4
      vertex 145 100 0
    endloop
  endfacet
  facet normal 0.980961 0.194204 0
    outer loop
      vertex 149.957 95.6526 2.4
      vertex 149.83 96.2941 0
      vertex 149.83 96.2941 2.4
    endloop
  endfacet
  facet normal 0.980961 0.194204 0
    outer loop
      vertex 149.83 96.2941 0
      vertex 149.957 95.6526 2.4
      vertex 149.957 95.6526 0
    endloop
  endfacet
  facet normal 0.659145 -0.752016 0
    outer loop
      vertex 148.044 1.03322 0
      vertex 148.536 1.46446 9
      vertex 148.044 1.03322 9
    endloop
  endfacet
  facet normal 0.659145 -0.752016 0
    outer loop
      vertex 148.536 1.46446 9
      vertex 148.044 1.03322 0
      vertex 148.536 1.46446 0
    endloop
  endfacet
  facet normal -0.555504 0.831514 0
    outer loop
      vertex 2.5 99.3301 0
      vertex 1.95619 98.9668 9
      vertex 2.5 99.3301 9
    endloop
  endfacet
  facet normal -0.555504 0.831514 0
    outer loop
      vertex 1.95619 98.9668 9
      vertex 2.5 99.3301 0
      vertex 1.95619 98.9668 0
    endloop
  endfacet
  facet normal -0.831467 0.555574 0
    outer loop
      vertex 0.669861 97.5 0
      vertex 1.03322 98.0438 9
      vertex 1.03322 98.0438 0
    endloop
  endfacet
  facet normal -0.831467 0.555574 0
    outer loop
      vertex 1.03322 98.0438 9
      vertex 0.669861 97.5 0
      vertex 0.669861 97.5 9
    endloop
  endfacet
  facet normal 0.946569 0.322503 0
    outer loop
      vertex 149.83 96.2941 2.4
      vertex 149.619 96.9134 0
      vertex 149.619 96.9134 2.4
    endloop
  endfacet
  facet normal 0.946569 0.322503 0
    outer loop
      vertex 149.619 96.9134 0
      vertex 149.83 96.2941 2.4
      vertex 149.83 96.2941 0
    endloop
  endfacet
  facet normal 0.659197 0.75197 -0
    outer loop
      vertex 148.536 98.5355 0
      vertex 148.044 98.9668 2.4
      vertex 148.536 98.5355 2.4
    endloop
  endfacet
  facet normal 0.659197 0.75197 0
    outer loop
      vertex 148.044 98.9668 2.4
      vertex 148.536 98.5355 0
      vertex 148.044 98.9668 0
    endloop
  endfacet
  facet normal 0.0654033 0.997859 -0
    outer loop
      vertex 145.653 99.9572 0
      vertex 145 100 2.4
      vertex 145.653 99.9572 2.4
    endloop
  endfacet
  facet normal 0.0654033 0.997859 0
    outer loop
      vertex 145 100 2.4
      vertex 145.653 99.9572 0
      vertex 145 100 0
    endloop
  endfacet
  facet normal 0.752018 -0.659142 0
    outer loop
      vertex 148.536 1.46446 9
      vertex 148.967 1.95619 0
      vertex 148.967 1.95619 9
    endloop
  endfacet
  facet normal 0.752018 -0.659142 0
    outer loop
      vertex 148.967 1.95619 0
      vertex 148.536 1.46446 9
      vertex 148.536 1.46446 0
    endloop
  endfacet
  facet normal 0.321596 -0.946877 0
    outer loop
      vertex 146.294 0.170364 0
      vertex 146.913 0.3806 9
      vertex 146.294 0.170364 9
    endloop
  endfacet
  facet normal 0.321596 -0.946877 0
    outer loop
      vertex 146.913 0.3806 9
      vertex 146.294 0.170364 0
      vertex 146.913 0.3806 0
    endloop
  endfacet
  facet normal -0.896878 -0.442279 0
    outer loop
      vertex 0.669861 2.5 0
      vertex 0.3806 3.08658 9
      vertex 0.3806 3.08658 0
    endloop
  endfacet
  facet normal -0.896878 -0.442279 0
    outer loop
      vertex 0.3806 3.08658 9
      vertex 0.669861 2.5 0
      vertex 0.669861 2.5 9
    endloop
  endfacet
  facet normal -0.980788 0.195078 0
    outer loop
      vertex 0.0427704 95.6526 0
      vertex 0.170364 96.2941 9
      vertex 0.170364 96.2941 0
    endloop
  endfacet
  facet normal -0.980788 0.195078 0
    outer loop
      vertex 0.170364 96.2941 9
      vertex 0.0427704 95.6526 0
      vertex 0.0427704 95.6526 9
    endloop
  endfacet
  facet normal -0.946925 0.321456 0
    outer loop
      vertex 0.170364 96.2941 0
      vertex 0.3806 96.9134 9
      vertex 0.3806 96.9134 0
    endloop
  endfacet
  facet normal -0.946925 0.321456 0
    outer loop
      vertex 0.3806 96.9134 9
      vertex 0.170364 96.2941 0
      vertex 0.170364 96.2941 9
    endloop
  endfacet
  facet normal -0.896884 0.442266 0
    outer loop
      vertex 0.3806 96.9134 0
      vertex 0.669861 97.5 9
      vertex 0.669861 97.5 0
    endloop
  endfacet
  facet normal -0.896884 0.442266 0
    outer loop
      vertex 0.669861 97.5 9
      vertex 0.3806 96.9134 0
      vertex 0.3806 96.9134 9
    endloop
  endfacet
  facet normal -0.659401 0.751791 0
    outer loop
      vertex 1.95619 98.9668 0
      vertex 1.46446 98.5355 9
      vertex 1.95619 98.9668 9
    endloop
  endfacet
  facet normal -0.659401 0.751791 0
    outer loop
      vertex 1.46446 98.5355 9
      vertex 1.95619 98.9668 0
      vertex 1.46446 98.5355 0
    endloop
  endfacet
  facet normal -0.751817 0.659372 0
    outer loop
      vertex 1.03322 98.0438 0
      vertex 1.46446 98.5355 9
      vertex 1.46446 98.5355 0
    endloop
  endfacet
  facet normal -0.751817 0.659372 0
    outer loop
      vertex 1.46446 98.5355 9
      vertex 1.03322 98.0438 0
      vertex 1.03322 98.0438 9
    endloop
  endfacet
  facet normal 0.831721 0.555194 0
    outer loop
      vertex 149.33 97.5 2.4
      vertex 148.967 98.0438 0
      vertex 148.967 98.0438 2.4
    endloop
  endfacet
  facet normal 0.831721 0.555194 0
    outer loop
      vertex 148.967 98.0438 0
      vertex 149.33 97.5 2.4
      vertex 149.33 97.5 0
    endloop
  endfacet
  facet normal 0.321546 0.946894 -0
    outer loop
      vertex 146.913 99.6194 0
      vertex 146.294 99.8296 2.4
      vertex 146.913 99.6194 2.4
    endloop
  endfacet
  facet normal 0.321546 0.946894 0
    outer loop
      vertex 146.294 99.8296 2.4
      vertex 146.913 99.6194 0
      vertex 146.294 99.8296 0
    endloop
  endfacet
  facet normal 0.55537 0.831603 -0
    outer loop
      vertex 148.044 98.9668 0
      vertex 147.5 99.3301 2.4
      vertex 148.044 98.9668 2.4
    endloop
  endfacet
  facet normal 0.55537 0.831603 0
    outer loop
      vertex 147.5 99.3301 2.4
      vertex 148.044 98.9668 0
      vertex 147.5 99.3301 0
    endloop
  endfacet
  facet normal 0.195233 0.980757 -0
    outer loop
      vertex 146.294 99.8296 0
      vertex 145.653 99.9572 2.4
      vertex 146.294 99.8296 2.4
    endloop
  endfacet
  facet normal 0.195233 0.980757 0
    outer loop
      vertex 145.653 99.9572 2.4
      vertex 146.294 99.8296 0
      vertex 145.653 99.9572 0
    endloop
  endfacet
  facet normal -0.195096 0.980784 0
    outer loop
      vertex 4.34737 99.9572 0
      vertex 3.7059 99.8296 9
      vertex 4.34737 99.9572 9
    endloop
  endfacet
  facet normal -0.195096 0.980784 0
    outer loop
      vertex 3.7059 99.8296 9
      vertex 4.34737 99.9572 0
      vertex 3.7059 99.8296 0
    endloop
  endfacet
  facet normal -0.0654402 0.997856 0
    outer loop
      vertex 5 100 0
      vertex 4.34737 99.9572 9
      vertex 5 100 9
    endloop
  endfacet
  facet normal -0.0654402 0.997856 0
    outer loop
      vertex 4.34737 99.9572 9
      vertex 5 100 0
      vertex 4.34737 99.9572 0
    endloop
  endfacet
  facet normal -0.442327 0.896854 0
    outer loop
      vertex 3.08658 99.6194 0
      vertex 2.5 99.3301 9
      vertex 3.08658 99.6194 9
    endloop
  endfacet
  facet normal -0.442327 0.896854 0
    outer loop
      vertex 2.5 99.3301 9
      vertex 3.08658 99.6194 0
      vertex 2.5 99.3301 0
    endloop
  endfacet
  facet normal -0.321397 0.946944 0
    outer loop
      vertex 3.7059 99.8296 0
      vertex 3.08658 99.6194 9
      vertex 3.7059 99.8296 9
    endloop
  endfacet
  facet normal -0.321397 0.946944 0
    outer loop
      vertex 3.08658 99.6194 9
      vertex 3.7059 99.8296 0
      vertex 3.08658 99.6194 0
    endloop
  endfacet
  facet normal -0.751836 -0.65935 0
    outer loop
      vertex 1.46446 1.46446 0
      vertex 1.03322 1.95619 9
      vertex 1.03322 1.95619 0
    endloop
  endfacet
  facet normal -0.751836 -0.65935 0
    outer loop
      vertex 1.03322 1.95619 9
      vertex 1.46446 1.46446 0
      vertex 1.46446 1.46446 9
    endloop
  endfacet
  facet normal -0.0653952 -0.997859 0
    outer loop
      vertex 4.34737 0.0427704 0
      vertex 5 0 9
      vertex 4.34737 0.0427704 9
    endloop
  endfacet
  facet normal -0.0653952 -0.997859 -0
    outer loop
      vertex 5 0 9
      vertex 4.34737 0.0427704 0
      vertex 5 0 0
    endloop
  endfacet
  facet normal -0.195086 -0.980786 0
    outer loop
      vertex 3.7059 0.170364 0
      vertex 4.34737 0.0427704 9
      vertex 3.7059 0.170364 9
    endloop
  endfacet
  facet normal -0.195086 -0.980786 -0
    outer loop
      vertex 4.34737 0.0427704 9
      vertex 3.7059 0.170364 0
      vertex 4.34737 0.0427704 0
    endloop
  endfacet
  facet normal 0.980959 -0.194213 0
    outer loop
      vertex 149.83 3.7059 9
      vertex 149.957 4.34737 0
      vertex 149.957 4.34737 9
    endloop
  endfacet
  facet normal 0.980959 -0.194213 0
    outer loop
      vertex 149.957 4.34737 0
      vertex 149.83 3.7059 9
      vertex 149.83 3.7059 0
    endloop
  endfacet
  facet normal 0.946572 -0.322493 0
    outer loop
      vertex 149.619 3.08658 9
      vertex 149.83 3.7059 0
      vertex 149.83 3.7059 9
    endloop
  endfacet
  facet normal 0.946572 -0.322493 0
    outer loop
      vertex 149.83 3.7059 0
      vertex 149.619 3.08658 9
      vertex 149.619 3.08658 0
    endloop
  endfacet
  facet normal 0.555433 -0.831562 0
    outer loop
      vertex 147.5 0.669861 0
      vertex 148.044 1.03322 9
      vertex 147.5 0.669861 9
    endloop
  endfacet
  facet normal 0.555433 -0.831562 0
    outer loop
      vertex 148.044 1.03322 9
      vertex 147.5 0.669861 0
      vertex 148.044 1.03322 0
    endloop
  endfacet
  facet normal 0.442024 -0.897003 0
    outer loop
      vertex 146.913 0.3806 0
      vertex 147.5 0.669861 9
      vertex 146.913 0.3806 9
    endloop
  endfacet
  facet normal 0.442024 -0.897003 0
    outer loop
      vertex 147.5 0.669861 9
      vertex 146.913 0.3806 0
      vertex 147.5 0.669861 0
    endloop
  endfacet
  facet normal 0.751998 0.659165 0
    outer loop
      vertex 148.967 98.0438 2.4
      vertex 148.536 98.5355 0
      vertex 148.536 98.5355 2.4
    endloop
  endfacet
  facet normal 0.751998 0.659165 0
    outer loop
      vertex 148.536 98.5355 0
      vertex 148.967 98.0438 2.4
      vertex 148.967 98.0438 0
    endloop
  endfacet
  facet normal 0.442072 0.89698 -0
    outer loop
      vertex 147.5 99.3301 0
      vertex 146.913 99.6194 2.4
      vertex 147.5 99.3301 2.4
    endloop
  endfacet
  facet normal 0.442072 0.89698 0
    outer loop
      vertex 146.913 99.6194 2.4
      vertex 147.5 99.3301 0
      vertex 146.913 99.6194 0
    endloop
  endfacet
  facet normal -0.831472 -0.555567 0
    outer loop
      vertex 1.03322 1.95619 0
      vertex 0.669861 2.5 9
      vertex 0.669861 2.5 0
    endloop
  endfacet
  facet normal -0.831472 -0.555567 0
    outer loop
      vertex 0.669861 2.5 9
      vertex 1.03322 1.95619 0
      vertex 1.03322 1.95619 9
    endloop
  endfacet
  facet normal -0.65935 -0.751836 0
    outer loop
      vertex 1.46446 1.46446 0
      vertex 1.95619 1.03322 9
      vertex 1.46446 1.46446 9
    endloop
  endfacet
  facet normal -0.65935 -0.751836 -0
    outer loop
      vertex 1.95619 1.03322 9
      vertex 1.46446 1.46446 0
      vertex 1.95619 1.03322 0
    endloop
  endfacet
  facet normal -0.442279 -0.896878 0
    outer loop
      vertex 2.5 0.669861 0
      vertex 3.08658 0.3806 9
      vertex 2.5 0.669861 9
    endloop
  endfacet
  facet normal -0.442279 -0.896878 -0
    outer loop
      vertex 3.08658 0.3806 9
      vertex 2.5 0.669861 0
      vertex 3.08658 0.3806 0
    endloop
  endfacet
  facet normal -0.555567 -0.831472 0
    outer loop
      vertex 1.95619 1.03322 0
      vertex 2.5 0.669861 9
      vertex 1.95619 1.03322 9
    endloop
  endfacet
  facet normal -0.555567 -0.831472 -0
    outer loop
      vertex 2.5 0.669861 9
      vertex 1.95619 1.03322 0
      vertex 2.5 0.669861 0
    endloop
  endfacet
  facet normal -0.321447 -0.946928 0
    outer loop
      vertex 3.08658 0.3806 0
      vertex 3.7059 0.170364 9
      vertex 3.08658 0.3806 9
    endloop
  endfacet
  facet normal -0.321447 -0.946928 -0
    outer loop
      vertex 3.7059 0.170364 9
      vertex 3.08658 0.3806 0
      vertex 3.7059 0.170364 0
    endloop
  endfacet
  facet normal 0.831725 -0.555187 0
    outer loop
      vertex 148.967 1.95619 9
      vertex 149.33 2.5 0
      vertex 149.33 2.5 9
    endloop
  endfacet
  facet normal 0.831725 -0.555187 0
    outer loop
      vertex 149.33 2.5 0
      vertex 148.967 1.95619 9
      vertex 148.967 1.95619 0
    endloop
  endfacet
  facet normal 0.897036 -0.441957 0
    outer loop
      vertex 149.33 2.5 9
      vertex 149.619 3.08658 0
      vertex 149.619 3.08658 9
    endloop
  endfacet
  facet normal 0.897036 -0.441957 0
    outer loop
      vertex 149.619 3.08658 0
      vertex 149.33 2.5 9
      vertex 149.33 2.5 0
    endloop
  endfacet
  facet normal 0.997836 -0.0657447 0
    outer loop
      vertex 149.957 4.34737 9
      vertex 150 5 0
      vertex 150 5 9
    endloop
  endfacet
  facet normal 0.997836 -0.0657447 0
    outer loop
      vertex 150 5 0
      vertex 149.957 4.34737 9
      vertex 149.957 4.34737 0
    endloop
  endfacet
  facet normal 0.195224 -0.980759 0
    outer loop
      vertex 145.653 0.0427704 0
      vertex 146.294 0.170364 9
      vertex 145.653 0.0427704 9
    endloop
  endfacet
  facet normal 0.195224 -0.980759 0
    outer loop
      vertex 146.294 0.170364 9
      vertex 145.653 0.0427704 0
      vertex 146.294 0.170364 0
    endloop
  endfacet
  facet normal 0.195028 -0.980798 0
    outer loop
      vertex 6.72843 99.9064 2.4
      vertex 7.06135 99.9726 9
      vertex 6.72843 99.9064 9
    endloop
  endfacet
  facet normal 0.195028 -0.980798 0
    outer loop
      vertex 7.06135 99.9726 9
      vertex 6.72843 99.9064 2.4
      vertex 7.06135 99.9726 2.4
    endloop
  endfacet
  facet normal -0.997912 0.0645929 0
    outer loop
      vertex 149.973 7.06135 2.4
      vertex 150 7.47848 9
      vertex 150 7.47848 2.4
    endloop
  endfacet
  facet normal -0.997912 0.0645929 0
    outer loop
      vertex 150 7.47848 9
      vertex 149.973 7.06135 2.4
      vertex 149.973 7.06135 9
    endloop
  endfacet
  facet normal 1 -0 0
    outer loop
      vertex 4.79999 9.63387 9
      vertex 4.79999 90.3661 2.4
      vertex 4.79999 90.3661 9
    endloop
  endfacet
  facet normal 1 0 0
    outer loop
      vertex 4.79999 90.3661 2.4
      vertex 4.79999 9.63387 9
      vertex 4.79999 9.63387 2.4
    endloop
  endfacet
  facet normal 0 1 -0
    outer loop
      vertex 140.366 4.79999 2.4
      vertex 9.63387 4.79999 9
      vertex 140.366 4.79999 9
    endloop
  endfacet
  facet normal 0 1 0
    outer loop
      vertex 9.63387 4.79999 9
      vertex 140.366 4.79999 2.4
      vertex 9.63387 4.79999 2.4
    endloop
  endfacet
  facet normal -0.832168 0.554523 0
    outer loop
      vertex 149.459 5.82035 2.4
      vertex 149.647 6.10248 9
      vertex 149.647 6.10248 2.4
    endloop
  endfacet
  facet normal -0.832168 0.554523 0
    outer loop
      vertex 149.647 6.10248 9
      vertex 149.459 5.82035 2.4
      vertex 149.459 5.82035 9
    endloop
  endfacet
  facet normal 0.751718 -0.659485 0
    outer loop
      vertex 5.34136 98.9797 9
      vertex 5.56516 99.2348 2.4
      vertex 5.56516 99.2348 9
    endloop
  endfacet
  facet normal 0.751718 -0.659485 0
    outer loop
      vertex 5.56516 99.2348 2.4
      vertex 5.34136 98.9797 9
      vertex 5.34136 98.9797 2.4
    endloop
  endfacet
  facet normal -0 0 1
    outer loop
      vertex 7.6 90.8627 2.4
      vertex 10.9689 87.75 2.4
      vertex 8.0568 91.1679 2.4
    endloop
  endfacet
  facet normal 0 0 1
    outer loop
      vertex 10.5299 14.4568 2.4
      vertex 9.66407 6.04821 2.4
      vertex 9.7 5.5 2.4
    endloop
  endfacet
  facet normal 0 0 1
    outer loop
      vertex 10.9689 87.75 2.4
      vertex 7.6 90.8627 2.4
      vertex 10.7664 87.3394 2.4
    endloop
  endfacet
  facet normal 0 0 1
    outer loop
      vertex 10.5299 14.4568 2.4
      vertex 9.55689 6.58704 2.4
      vertex 9.66407 6.04821 2.4
    endloop
  endfacet
  facet normal -0 0 1
    outer loop
      vertex 7.10727 90.6197 2.4
      vertex 10.7664 87.3394 2.4
      vertex 7.6 90.8627 2.4
    endloop
  endfacet
  facet normal 0 0 1
    outer loop
      vertex 10.5299 14.4568 2.4
      vertex 9.38029 7.10727 2.4
      vertex 9.55689 6.58704 2.4
    endloop
  endfacet
  facet normal 0 0 1
    outer loop
      vertex 10.7664 87.3394 2.4
      vertex 7.10727 90.6197 2.4
      vertex 10.6193 86.9059 2.4
    endloop
  endfacet
  facet normal 0 0 1
    outer loop
      vertex 10.5299 14.4568 2.4
      vertex 9.13731 7.6 2.4
      vertex 9.38029 7.10727 2.4
    endloop
  endfacet
  facet normal -0 0 1
    outer loop
      vertex 6.58704 90.4431 2.4
      vertex 10.6193 86.9059 2.4
      vertex 7.10727 90.6197 2.4
    endloop
  endfacet
  facet normal 0 0 1
    outer loop
      vertex 10.5299 14.4568 2.4
      vertex 8.83208 8.0568 2.4
      vertex 9.13731 7.6 2.4
    endloop
  endfacet
  facet normal 0 0 1
    outer loop
      vertex 10.6193 86.9059 2.4
      vertex 6.58704 90.4431 2.4
      vertex 10.5299 86.4568 2.4
    endloop
  endfacet
  facet normal 0 0 1
    outer loop
      vertex 10.5299 14.4568 2.4
      vertex 8.46985 8.46985 2.4
      vertex 8.83208 8.0568 2.4
    endloop
  endfacet
  facet normal -0 0 1
    outer loop
      vertex 6.04821 90.3359 2.4
      vertex 10.5299 86.4568 2.4
      vertex 6.58704 90.4431 2.4
    endloop
  endfacet
  facet normal 0 0 1
    outer loop
      vertex 10.5299 14.4568 2.4
      vertex 8.0568 8.83208 2.4
      vertex 8.46985 8.46985 2.4
    endloop
  endfacet
  facet normal 0 0 1
    outer loop
      vertex 10.5299 86.4568 2.4
      vertex 6.04821 90.3359 2.4
      vertex 10.5 86 2.4
    endloop
  endfacet
  facet normal 0 0 1
    outer loop
      vertex 10.5299 14.4568 2.4
      vertex 7.6 9.13731 2.4
      vertex 8.0568 8.83208 2.4
    endloop
  endfacet
  facet normal -0 0 1
    outer loop
      vertex 5.5 90.3 2.4
      vertex 10.5 86 2.4
      vertex 6.04821 90.3359 2.4
    endloop
  endfacet
  facet normal 0 0 1
    outer loop
      vertex 10.5299 14.4568 2.4
      vertex 7.10727 9.38029 2.4
      vertex 7.6 9.13731 2.4
    endloop
  endfacet
  facet normal 0 0 1
    outer loop
      vertex 10.5 86 2.4
      vertex 5.5 90.3 2.4
      vertex 10.5299 85.5432 2.4
    endloop
  endfacet
  facet normal 0 0 1
    outer loop
      vertex 10.5299 14.4568 2.4
      vertex 6.58704 9.55689 2.4
      vertex 7.10727 9.38029 2.4
    endloop
  endfacet
  facet normal 0 0 1
    outer loop
      vertex 4.95179 90.3359 2.4
      vertex 10.5299 85.5432 2.4
      vertex 5.5 90.3 2.4
    endloop
  endfacet
  facet normal 0 0 1
    outer loop
      vertex 10.5299 14.4568 2.4
      vertex 6.04821 9.66407 2.4
      vertex 6.58704 9.55689 2.4
    endloop
  endfacet
  facet normal 0 0 1
    outer loop
      vertex 4.79999 90.3661 2.4
      vertex 10.5299 85.5432 2.4
      vertex 4.95179 90.3359 2.4
    endloop
  endfacet
  facet normal 0 0 1
    outer loop
      vertex 10.5299 14.4568 2.4
      vertex 5.5 9.7 2.4
      vertex 6.04821 9.66407 2.4
    endloop
  endfacet
  facet normal 0 0 1
    outer loop
      vertex 10.5299 85.5432 2.4
      vertex 4.79999 90.3661 2.4
      vertex 10.5299 14.4568 2.4
    endloop
  endfacet
  facet normal 0 0 1
    outer loop
      vertex 10.5299 14.4568 2.4
      vertex 4.95179 9.66407 2.4
      vertex 5.5 9.7 2.4
    endloop
  endfacet
  facet normal 0 0 1
    outer loop
      vertex 4.79999 9.63387 2.4
      vertex 10.5299 14.4568 2.4
      vertex 4.79999 90.3661 2.4
    endloop
  endfacet
  facet normal 0 0 1
    outer loop
      vertex 10.5299 14.4568 2.4
      vertex 4.79999 9.63387 2.4
      vertex 4.95179 9.66407 2.4
    endloop
  endfacet
  facet normal -0 0 1
    outer loop
      vertex 15.75 82.9689 2.4
      vertex 40.5151 51.4849 2.4
      vertex 16.1307 83.2233 2.4
    endloop
  endfacet
  facet normal 0 0 1
    outer loop
      vertex 39.9 50 2.4
      vertex 17.4701 14.4568 2.4
      vertex 17.5 14 2.4
    endloop
  endfacet
  facet normal 0 0 1
    outer loop
      vertex 40.5151 51.4849 2.4
      vertex 15.75 82.9689 2.4
      vertex 40.334 51.2784 2.4
    endloop
  endfacet
  facet normal 0 0 1
    outer loop
      vertex 39.9 50 2.4
      vertex 17.3807 14.9059 2.4
      vertex 17.4701 14.4568 2.4
    endloop
  endfacet
  facet normal -0 0 1
    outer loop
      vertex 15.3394 82.7664 2.4
      vertex 40.334 51.2784 2.4
      vertex 15.75 82.9689 2.4
    endloop
  endfacet
  facet normal 0 0 1
    outer loop
      vertex 39.9 50 2.4
      vertex 17.2336 15.3394 2.4
      vertex 17.3807 14.9059 2.4
    endloop
  endfacet
  facet normal 0 0 1
    outer loop
      vertex 40.334 51.2784 2.4
      vertex 15.3394 82.7664 2.4
      vertex 40.1813 51.05 2.4
    endloop
  endfacet
  facet normal 0 0 1
    outer loop
      vertex 39.9 50 2.4
      vertex 17.0311 15.75 2.4
      vertex 17.2336 15.3394 2.4
    endloop
  endfacet
  facet normal -0 0 1
    outer loop
      vertex 14.9059 82.6193 2.4
      vertex 40.1813 51.05 2.4
      vertex 15.3394 82.7664 2.4
    endloop
  endfacet
  facet normal 0 0 1
    outer loop
      vertex 39.9 50 2.4
      vertex 16.7767 16.1307 2.4
      vertex 17.0311 15.75 2.4
    endloop
  endfacet
  facet normal 0 0 1
    outer loop
      vertex 40.1813 51.05 2.4
      vertex 14.9059 82.6193 2.4
      vertex 40.0599 50.8036 2.4
    endloop
  endfacet
  facet normal 0 0 1
    outer loop
      vertex 39.9 50 2.4
      vertex 16.4749 16.4749 2.4
      vertex 16.7767 16.1307 2.4
    endloop
  endfacet
  facet normal -0 0 1
    outer loop
      vertex 14.4568 82.5299 2.4
      vertex 40.0599 50.8036 2.4
      vertex 14.9059 82.6193 2.4
    endloop
  endfacet
  facet normal 0 0 1
    outer loop
      vertex 39.9 50 2.4
      vertex 16.1307 16.7767 2.4
      vertex 16.4749 16.4749 2.4
    endloop
  endfacet
  facet normal 0 0 1
    outer loop
      vertex 40.0599 50.8036 2.4
      vertex 14.4568 82.5299 2.4
      vertex 39.9716 50.5435 2.4
    endloop
  endfacet
  facet normal 0 0 1
    outer loop
      vertex 39.9 50 2.4
      vertex 15.75 17.0311 2.4
      vertex 16.1307 16.7767 2.4
    endloop
  endfacet
  facet normal -0 0 1
    outer loop
      vertex 14 82.5 2.4
      vertex 39.9716 50.5435 2.4
      vertex 14.4568 82.5299 2.4
    endloop
  endfacet
  facet normal 0 0 1
    outer loop
      vertex 39.9 50 2.4
      vertex 15.3394 17.2336 2.4
      vertex 15.75 17.0311 2.4
    endloop
  endfacet
  facet normal 0 0 1
    outer loop
      vertex 39.9716 50.5435 2.4
      vertex 14 82.5 2.4
      vertex 39.918 50.2741 2.4
    endloop
  endfacet
  facet normal 0 0 1
    outer loop
      vertex 39.9 50 2.4
      vertex 14.9059 17.3807 2.4
      vertex 15.3394 17.2336 2.4
    endloop
  endfacet
  facet normal 0 0 1
    outer loop
      vertex 13.5432 82.5299 2.4
      vertex 39.918 50.2741 2.4
      vertex 14 82.5 2.4
    endloop
  endfacet
  facet normal 0 0 1
    outer loop
      vertex 39.9 50 2.4
      vertex 14.4568 17.4701 2.4
      vertex 14.9059 17.3807 2.4
    endloop
  endfacet
  facet normal 0 0 1
    outer loop
      vertex 39.918 50.2741 2.4
      vertex 13.5432 82.5299 2.4
      vertex 39.9 50 2.4
    endloop
  endfacet
  facet normal 0 0 1
    outer loop
      vertex 39.9 50 2.4
      vertex 14 17.5 2.4
      vertex 14.4568 17.4701 2.4
    endloop
  endfacet
  facet normal 0 0 1
    outer loop
      vertex 13.5432 17.4701 2.4
      vertex 39.9 50 2.4
      vertex 13.5432 82.5299 2.4
    endloop
  endfacet
  facet normal 0 0 1
    outer loop
      vertex 39.9 50 2.4
      vertex 13.5432 17.4701 2.4
      vertex 14 17.5 2.4
    endloop
  endfacet
  facet normal 0 0 1
    outer loop
      vertex 13.0941 82.6193 2.4
      vertex 13.5432 17.4701 2.4
      vertex 13.5432 82.5299 2.4
    endloop
  endfacet
  facet normal 0 0 1
    outer loop
      vertex 13.0941 82.6193 2.4
      vertex 13.0941 17.3807 2.4
      vertex 13.5432 17.4701 2.4
    endloop
  endfacet
  facet normal 0 0 1
    outer loop
      vertex 12.6606 82.7664 2.4
      vertex 13.0941 17.3807 2.4
      vertex 13.0941 82.6193 2.4
    endloop
  endfacet
  facet normal 0 0 1
    outer loop
      vertex 12.6606 82.7664 2.4
      vertex 12.6606 17.2336 2.4
      vertex 13.0941 17.3807 2.4
    endloop
  endfacet
  facet normal 0 0 1
    outer loop
      vertex 12.25 82.9689 2.4
      vertex 12.6606 17.2336 2.4
      vertex 12.6606 82.7664 2.4
    endloop
  endfacet
  facet normal 0 0 1
    outer loop
      vertex 12.25 82.9689 2.4
      vertex 12.25 17.0311 2.4
      vertex 12.6606 17.2336 2.4
    endloop
  endfacet
  facet normal 0 0 1
    outer loop
      vertex 11.8693 83.2233 2.4
      vertex 12.25 17.0311 2.4
      vertex 12.25 82.9689 2.4
    endloop
  endfacet
  facet normal 0 0 1
    outer loop
      vertex 11.8693 83.2233 2.4
      vertex 11.8693 16.7767 2.4
      vertex 12.25 17.0311 2.4
    endloop
  endfacet
  facet normal 0 0 1
    outer loop
      vertex 11.5251 83.5251 2.4
      vertex 11.8693 16.7767 2.4
      vertex 11.8693 83.2233 2.4
    endloop
  endfacet
  facet normal 0 0 1
    outer loop
      vertex 11.5251 83.5251 2.4
      vertex 11.5251 16.4749 2.4
      vertex 11.8693 16.7767 2.4
    endloop
  endfacet
  facet normal 0 0 1
    outer loop
      vertex 11.2233 83.8693 2.4
      vertex 11.5251 16.4749 2.4
      vertex 11.5251 83.5251 2.4
    endloop
  endfacet
  facet normal 0 0 1
    outer loop
      vertex 11.2233 83.8693 2.4
      vertex 11.2233 16.1307 2.4
      vertex 11.5251 16.4749 2.4
    endloop
  endfacet
  facet normal 0 0 1
    outer loop
      vertex 10.9689 84.25 2.4
      vertex 11.2233 16.1307 2.4
      vertex 11.2233 83.8693 2.4
    endloop
  endfacet
  facet normal 0 0 1
    outer loop
      vertex 10.9689 84.25 2.4
      vertex 10.9689 15.75 2.4
      vertex 11.2233 16.1307 2.4
    endloop
  endfacet
  facet normal 0 0 1
    outer loop
      vertex 10.7664 84.6606 2.4
      vertex 10.9689 15.75 2.4
      vertex 10.9689 84.25 2.4
    endloop
  endfacet
  facet normal 0 0 1
    outer loop
      vertex 10.7664 84.6606 2.4
      vertex 10.7664 15.3394 2.4
      vertex 10.9689 15.75 2.4
    endloop
  endfacet
  facet normal 0 0 1
    outer loop
      vertex 10.6193 85.0941 2.4
      vertex 10.7664 15.3394 2.4
      vertex 10.7664 84.6606 2.4
    endloop
  endfacet
  facet normal 0 0 1
    outer loop
      vertex 10.6193 85.0941 2.4
      vertex 10.6193 14.9059 2.4
      vertex 10.7664 15.3394 2.4
    endloop
  endfacet
  facet normal 0 0 1
    outer loop
      vertex 10.5299 85.5432 2.4
      vertex 10.6193 14.9059 2.4
      vertex 10.6193 85.0941 2.4
    endloop
  endfacet
  facet normal 0 0 1
    outer loop
      vertex 10.5299 85.5432 2.4
      vertex 10.5299 14.4568 2.4
      vertex 10.6193 14.9059 2.4
    endloop
  endfacet
  facet normal 0 0 1
    outer loop
      vertex 11.5251 88.4749 2.4
      vertex 8.46985 91.5302 2.4
      vertex 11.2233 88.1307 2.4
    endloop
  endfacet
  facet normal -0 0 1
    outer loop
      vertex 8.0568 91.1679 2.4
      vertex 11.2233 88.1307 2.4
      vertex 8.46985 91.5302 2.4
    endloop
  endfacet
  facet normal 0 0 1
    outer loop
      vertex 148.38 92.8927 2.4
      vertex 150 95 2.4
      vertex 148.557 93.413 2.4
    endloop
  endfacet
  facet normal 0 0 1
    outer loop
      vertex 150 7.47848 2.4
      vertex 148.664 6.04821 2.4
      vertex 148.7 5.5 2.4
    endloop
  endfacet
  facet normal 0 0 1
    outer loop
      vertex 148.137 92.4 2.4
      vertex 150 95 2.4
      vertex 148.38 92.8927 2.4
    endloop
  endfacet
  facet normal 0 0 1
    outer loop
      vertex 150 7.47848 2.4
      vertex 148.557 6.58704 2.4
      vertex 148.664 6.04821 2.4
    endloop
  endfacet
  facet normal 0 0 1
    outer loop
      vertex 150 95 2.4
      vertex 148.137 92.4 2.4
      vertex 150 7.47848 2.4
    endloop
  endfacet
  facet normal 0 0 1
    outer loop
      vertex 150 7.47848 2.4
      vertex 148.38 7.10727 2.4
      vertex 148.557 6.58704 2.4
    endloop
  endfacet
  facet normal -0 0 1
    outer loop
      vertex 147.832 91.9432 2.4
      vertex 150 7.47848 2.4
      vertex 148.137 92.4 2.4
    endloop
  endfacet
  facet normal 0 0 1
    outer loop
      vertex 150 7.47848 2.4
      vertex 148.137 7.6 2.4
      vertex 148.38 7.10727 2.4
    endloop
  endfacet
  facet normal -0 0 1
    outer loop
      vertex 147.47 91.5302 2.4
      vertex 150 7.47848 2.4
      vertex 147.832 91.9432 2.4
    endloop
  endfacet
  facet normal 0 0 1
    outer loop
      vertex 150 7.47848 2.4
      vertex 147.832 8.0568 2.4
      vertex 148.137 7.6 2.4
    endloop
  endfacet
  facet normal -0 0 1
    outer loop
      vertex 147.057 91.1679 2.4
      vertex 150 7.47848 2.4
      vertex 147.47 91.5302 2.4
    endloop
  endfacet
  facet normal 0 0 1
    outer loop
      vertex 150 7.47848 2.4
      vertex 147.47 8.46985 2.4
      vertex 147.832 8.0568 2.4
    endloop
  endfacet
  facet normal -0 0 1
    outer loop
      vertex 138.475 16.4749 2.4
      vertex 150 7.47848 2.4
      vertex 147.057 91.1679 2.4
    endloop
  endfacet
  facet normal 0 0 1
    outer loop
      vertex 150 7.47848 2.4
      vertex 147.057 8.83208 2.4
      vertex 147.47 8.46985 2.4
    endloop
  endfacet
  facet normal 0 0 1
    outer loop
      vertex 138.475 16.4749 2.4
      vertex 147.057 91.1679 2.4
      vertex 146.6 90.8627 2.4
    endloop
  endfacet
  facet normal -0 -0 1
    outer loop
      vertex 138.777 16.1307 2.4
      vertex 150 7.47848 2.4
      vertex 138.475 16.4749 2.4
    endloop
  endfacet
  facet normal 0 0 1
    outer loop
      vertex 138.131 16.7767 2.4
      vertex 146.6 90.8627 2.4
      vertex 146.107 90.6197 2.4
    endloop
  endfacet
  facet normal -0 -0 1
    outer loop
      vertex 146.6 9.13731 2.4
      vertex 150 7.47848 2.4
      vertex 138.777 16.1307 2.4
    endloop
  endfacet
  facet normal 0 0 1
    outer loop
      vertex 137.75 17.0311 2.4
      vertex 146.107 90.6197 2.4
      vertex 145.587 90.4431 2.4
    endloop
  endfacet
  facet normal -0 -0 1
    outer loop
      vertex 139.031 15.75 2.4
      vertex 146.6 9.13731 2.4
      vertex 138.777 16.1307 2.4
    endloop
  endfacet
  facet normal 0 0 1
    outer loop
      vertex 118.381 64.0941 2.4
      vertex 145.587 90.4431 2.4
      vertex 145.048 90.3359 2.4
    endloop
  endfacet
  facet normal 0 0 1
    outer loop
      vertex 146.6 9.13731 2.4
      vertex 139.031 15.75 2.4
      vertex 146.107 9.38029 2.4
    endloop
  endfacet
  facet normal 0 0 1
    outer loop
      vertex 118.47 64.5432 2.4
      vertex 145.048 90.3359 2.4
      vertex 144.5 90.3 2.4
    endloop
  endfacet
  facet normal -0 -0 1
    outer loop
      vertex 139.234 15.3394 2.4
      vertex 146.107 9.38029 2.4
      vertex 139.031 15.75 2.4
    endloop
  endfacet
  facet normal 0 0 1
    outer loop
      vertex 118.5 65 2.4
      vertex 144.5 90.3 2.4
      vertex 143.952 90.3359 2.4
    endloop
  endfacet
  facet normal 0 0 1
    outer loop
      vertex 146.107 9.38029 2.4
      vertex 139.234 15.3394 2.4
      vertex 145.587 9.55689 2.4
    endloop
  endfacet
  facet normal 0 0 1
    outer loop
      vertex 118.47 65.4568 2.4
      vertex 143.952 90.3359 2.4
      vertex 143.413 90.4431 2.4
    endloop
  endfacet
  facet normal -0 -0 1
    outer loop
      vertex 139.381 14.9059 2.4
      vertex 145.587 9.55689 2.4
      vertex 139.234 15.3394 2.4
    endloop
  endfacet
  facet normal 0 0 1
    outer loop
      vertex 118.381 65.9059 2.4
      vertex 143.413 90.4431 2.4
      vertex 142.893 90.6197 2.4
    endloop
  endfacet
  facet normal -0 -0 1
    outer loop
      vertex 139.47 14.4568 2.4
      vertex 145.048 9.66407 2.4
      vertex 139.381 14.9059 2.4
    endloop
  endfacet
  facet normal 0 0 1
    outer loop
      vertex 118.234 66.3394 2.4
      vertex 142.893 90.6197 2.4
      vertex 142.4 90.8627 2.4
    endloop
  endfacet
  facet normal 0 0 1
    outer loop
      vertex 145.048 9.66407 2.4
      vertex 139.47 14.4568 2.4
      vertex 144.5 9.7 2.4
    endloop
  endfacet
  facet normal 0 0 1
    outer loop
      vertex 118.031 66.75 2.4
      vertex 142.4 90.8627 2.4
      vertex 141.943 91.1679 2.4
    endloop
  endfacet
  facet normal 0 0 1
    outer loop
      vertex 144.5 9.7 2.4
      vertex 139.5 14 2.4
      vertex 143.952 9.66407 2.4
    endloop
  endfacet
  facet normal 0 0 1
    outer loop
      vertex 117.777 67.1307 2.4
      vertex 141.943 91.1679 2.4
      vertex 141.53 91.5302 2.4
    endloop
  endfacet
  facet normal -0 0 1
    outer loop
      vertex 139.47 13.5432 2.4
      vertex 143.952 9.66407 2.4
      vertex 139.5 14 2.4
    endloop
  endfacet
  facet normal 0 0 1
    outer loop
      vertex 117.475 67.4749 2.4
      vertex 141.53 91.5302 2.4
      vertex 141.168 91.9432 2.4
    endloop
  endfacet
  facet normal -0 0 1
    outer loop
      vertex 139.381 13.0941 2.4
      vertex 143.413 9.55689 2.4
      vertex 139.47 13.5432 2.4
    endloop
  endfacet
  facet normal 0 0 1
    outer loop
      vertex 117.131 67.7767 2.4
      vertex 141.168 91.9432 2.4
      vertex 140.863 92.4 2.4
    endloop
  endfacet
  facet normal 0 0 1
    outer loop
      vertex 143.413 9.55689 2.4
      vertex 139.381 13.0941 2.4
      vertex 142.893 9.38029 2.4
    endloop
  endfacet
  facet normal 0 0 1
    outer loop
      vertex 116.339 68.2336 2.4
      vertex 140.863 92.4 2.4
      vertex 140.62 92.8927 2.4
    endloop
  endfacet
  facet normal 0 0 1
    outer loop
      vertex 142.893 9.38029 2.4
      vertex 139.234 12.6606 2.4
      vertex 142.4 9.13731 2.4
    endloop
  endfacet
  facet normal 0 0 1
    outer loop
      vertex 115.906 68.3807 2.4
      vertex 140.62 92.8927 2.4
      vertex 140.443 93.413 2.4
    endloop
  endfacet
  facet normal -0 0 1
    outer loop
      vertex 139.031 12.25 2.4
      vertex 142.4 9.13731 2.4
      vertex 139.234 12.6606 2.4
    endloop
  endfacet
  facet normal 0 0 1
    outer loop
      vertex 115.457 68.4701 2.4
      vertex 140.443 93.413 2.4
      vertex 140.336 93.9518 2.4
    endloop
  endfacet
  facet normal 0 0 1
    outer loop
      vertex 142.4 9.13731 2.4
      vertex 139.031 12.25 2.4
      vertex 141.943 8.83208 2.4
    endloop
  endfacet
  facet normal 0 0 1
    outer loop
      vertex 115 68.5 2.4
      vertex 140.336 93.9518 2.4
      vertex 140.3 94.5 2.4
    endloop
  endfacet
  facet normal -0 0 1
    outer loop
      vertex 138.777 11.8693 2.4
      vertex 141.943 8.83208 2.4
      vertex 139.031 12.25 2.4
    endloop
  endfacet
  facet normal 0 0 1
    outer loop
      vertex 150 95 2.4
      vertex 148.664 95.0482 2.4
      vertex 148.7 94.5 2.4
    endloop
  endfacet
  facet normal 0 0 1
    outer loop
      vertex 149.33 97.5 2.4
      vertex 148.557 95.587 2.4
      vertex 148.664 95.0482 2.4
    endloop
  endfacet
  facet normal 0 0 1
    outer loop
      vertex 147.47 97.4698 2.4
      vertex 148.967 98.0438 2.4
      vertex 148.536 98.5355 2.4
    endloop
  endfacet
  facet normal 0 0 1
    outer loop
      vertex 149.33 97.5 2.4
      vertex 148.38 96.1073 2.4
      vertex 148.557 95.587 2.4
    endloop
  endfacet
  facet normal 0 0 1
    outer loop
      vertex 149.33 97.5 2.4
      vertex 148.137 96.6 2.4
      vertex 148.38 96.1073 2.4
    endloop
  endfacet
  facet normal 0 0 1
    outer loop
      vertex 147.47 97.4698 2.4
      vertex 148.536 98.5355 2.4
      vertex 148.044 98.9668 2.4
    endloop
  endfacet
  facet normal 0 0 1
    outer loop
      vertex 149.33 97.5 2.4
      vertex 147.832 97.0568 2.4
      vertex 148.137 96.6 2.4
    endloop
  endfacet
  facet normal 0 0 1
    outer loop
      vertex 147.057 97.8321 2.4
      vertex 148.044 98.9668 2.4
      vertex 147.5 99.3301 2.4
    endloop
  endfacet
  facet normal 0 0 1
    outer loop
      vertex 148.967 98.0438 2.4
      vertex 147.47 97.4698 2.4
      vertex 147.832 97.0568 2.4
    endloop
  endfacet
  facet normal 0 0 1
    outer loop
      vertex 148.044 98.9668 2.4
      vertex 147.057 97.8321 2.4
      vertex 147.47 97.4698 2.4
    endloop
  endfacet
  facet normal 0 0 1
    outer loop
      vertex 146.6 98.1373 2.4
      vertex 147.5 99.3301 2.4
      vertex 146.913 99.6194 2.4
    endloop
  endfacet
  facet normal 0 0 1
    outer loop
      vertex 147.5 99.3301 2.4
      vertex 146.6 98.1373 2.4
      vertex 147.057 97.8321 2.4
    endloop
  endfacet
  facet normal 0 0 1
    outer loop
      vertex 146.107 98.3803 2.4
      vertex 146.913 99.6194 2.4
      vertex 146.294 99.8296 2.4
    endloop
  endfacet
  facet normal 0 0 1
    outer loop
      vertex 146.913 99.6194 2.4
      vertex 146.107 98.3803 2.4
      vertex 146.6 98.1373 2.4
    endloop
  endfacet
  facet normal 0 0 1
    outer loop
      vertex 145.587 98.5569 2.4
      vertex 146.294 99.8296 2.4
      vertex 145.653 99.9572 2.4
    endloop
  endfacet
  facet normal 0 0 1
    outer loop
      vertex 146.294 99.8296 2.4
      vertex 145.587 98.5569 2.4
      vertex 146.107 98.3803 2.4
    endloop
  endfacet
  facet normal 0 0 1
    outer loop
      vertex 145.653 99.9572 2.4
      vertex 145.048 98.6641 2.4
      vertex 145.587 98.5569 2.4
    endloop
  endfacet
  facet normal 0 0 1
    outer loop
      vertex 145 100 2.4
      vertex 145.048 98.6641 2.4
      vertex 145.653 99.9572 2.4
    endloop
  endfacet
  facet normal 0 0 1
    outer loop
      vertex 145 100 2.4
      vertex 144.5 98.7 2.4
      vertex 145.048 98.6641 2.4
    endloop
  endfacet
  facet normal 0 0 1
    outer loop
      vertex 145 100 2.4
      vertex 143.952 98.6641 2.4
      vertex 144.5 98.7 2.4
    endloop
  endfacet
  facet normal 0 0 1
    outer loop
      vertex 145 100 2.4
      vertex 143.413 98.5569 2.4
      vertex 143.952 98.6641 2.4
    endloop
  endfacet
  facet normal 0 0 1
    outer loop
      vertex 145 100 2.4
      vertex 142.893 98.3803 2.4
      vertex 143.413 98.5569 2.4
    endloop
  endfacet
  facet normal 0 0 1
    outer loop
      vertex 145 100 2.4
      vertex 142.4 98.1373 2.4
      vertex 142.893 98.3803 2.4
    endloop
  endfacet
  facet normal 0 0 1
    outer loop
      vertex 145 100 2.4
      vertex 141.943 97.8321 2.4
      vertex 142.4 98.1373 2.4
    endloop
  endfacet
  facet normal 0 0 1
    outer loop
      vertex 141.943 8.83208 2.4
      vertex 138.777 11.8693 2.4
      vertex 141.53 8.46985 2.4
    endloop
  endfacet
  facet normal -0 0 1
    outer loop
      vertex 138.475 11.5251 2.4
      vertex 141.53 8.46985 2.4
      vertex 138.777 11.8693 2.4
    endloop
  endfacet
  facet normal -0 0 1
    outer loop
      vertex 139.234 12.6606 2.4
      vertex 142.893 9.38029 2.4
      vertex 139.381 13.0941 2.4
    endloop
  endfacet
  facet normal 0 0 1
    outer loop
      vertex 143.952 9.66407 2.4
      vertex 139.47 13.5432 2.4
      vertex 143.413 9.55689 2.4
    endloop
  endfacet
  facet normal -0 -0 1
    outer loop
      vertex 139.5 14 2.4
      vertex 144.5 9.7 2.4
      vertex 139.47 14.4568 2.4
    endloop
  endfacet
  facet normal 0 0 1
    outer loop
      vertex 145.587 9.55689 2.4
      vertex 139.381 14.9059 2.4
      vertex 145.048 9.66407 2.4
    endloop
  endfacet
  facet normal 0 0 1
    outer loop
      vertex 150 7.47848 2.4
      vertex 146.6 9.13731 2.4
      vertex 147.057 8.83208 2.4
    endloop
  endfacet
  facet normal 0 0 1
    outer loop
      vertex 146.6 90.8627 2.4
      vertex 138.131 16.7767 2.4
      vertex 138.475 16.4749 2.4
    endloop
  endfacet
  facet normal 0 0 1
    outer loop
      vertex 146.107 90.6197 2.4
      vertex 137.75 17.0311 2.4
      vertex 138.131 16.7767 2.4
    endloop
  endfacet
  facet normal 0 0 1
    outer loop
      vertex 145.587 90.4431 2.4
      vertex 118.381 64.0941 2.4
      vertex 137.75 17.0311 2.4
    endloop
  endfacet
  facet normal 0 0 1
    outer loop
      vertex 137.75 17.0311 2.4
      vertex 118.381 64.0941 2.4
      vertex 137.339 17.2336 2.4
    endloop
  endfacet
  facet normal -0 0 1
    outer loop
      vertex 118.234 63.6606 2.4
      vertex 137.339 17.2336 2.4
      vertex 118.381 64.0941 2.4
    endloop
  endfacet
  facet normal 0 0 1
    outer loop
      vertex 137.339 17.2336 2.4
      vertex 118.234 63.6606 2.4
      vertex 136.906 17.3807 2.4
    endloop
  endfacet
  facet normal -0 0 1
    outer loop
      vertex 118.031 63.25 2.4
      vertex 136.906 17.3807 2.4
      vertex 118.234 63.6606 2.4
    endloop
  endfacet
  facet normal 0 0 1
    outer loop
      vertex 136.906 17.3807 2.4
      vertex 118.031 63.25 2.4
      vertex 136.457 17.4701 2.4
    endloop
  endfacet
  facet normal 0 0 1
    outer loop
      vertex 114.543 68.4701 2.4
      vertex 140.3 94.5 2.4
      vertex 140.336 95.0482 2.4
    endloop
  endfacet
  facet normal -0 0 1
    outer loop
      vertex 117.777 62.8693 2.4
      vertex 136.457 17.4701 2.4
      vertex 118.031 63.25 2.4
    endloop
  endfacet
  facet normal 0 0 1
    outer loop
      vertex 136.457 17.4701 2.4
      vertex 117.777 62.8693 2.4
      vertex 136 17.5 2.4
    endloop
  endfacet
  facet normal -0 0 1
    outer loop
      vertex 117.475 62.5251 2.4
      vertex 136 17.5 2.4
      vertex 117.777 62.8693 2.4
    endloop
  endfacet
  facet normal -0 0 1
    outer loop
      vertex 110.028 49.4565 2.4
      vertex 136 17.5 2.4
      vertex 117.475 62.5251 2.4
    endloop
  endfacet
  facet normal 0 0 1
    outer loop
      vertex 136 17.5 2.4
      vertex 110.028 49.4565 2.4
      vertex 135.543 17.4701 2.4
    endloop
  endfacet
  facet normal -0 0 1
    outer loop
      vertex 109.94 49.1964 2.4
      vertex 135.543 17.4701 2.4
      vertex 110.028 49.4565 2.4
    endloop
  endfacet
  facet normal 0 0 1
    outer loop
      vertex 135.543 17.4701 2.4
      vertex 109.94 49.1964 2.4
      vertex 135.094 17.3807 2.4
    endloop
  endfacet
  facet normal -0 0 1
    outer loop
      vertex 109.819 48.95 2.4
      vertex 135.094 17.3807 2.4
      vertex 109.94 49.1964 2.4
    endloop
  endfacet
  facet normal 0 0 1
    outer loop
      vertex 135.094 17.3807 2.4
      vertex 109.819 48.95 2.4
      vertex 134.661 17.2336 2.4
    endloop
  endfacet
  facet normal 0 0 1
    outer loop
      vertex 145.048 90.3359 2.4
      vertex 118.47 64.5432 2.4
      vertex 118.381 64.0941 2.4
    endloop
  endfacet
  facet normal 0 0 1
    outer loop
      vertex 144.5 90.3 2.4
      vertex 118.5 65 2.4
      vertex 118.47 64.5432 2.4
    endloop
  endfacet
  facet normal 0 0 1
    outer loop
      vertex 114.094 68.3807 2.4
      vertex 140.336 95.0482 2.4
      vertex 140.443 95.587 2.4
    endloop
  endfacet
  facet normal 0 0 1
    outer loop
      vertex 113.661 68.2336 2.4
      vertex 140.443 95.587 2.4
      vertex 140.62 96.1073 2.4
    endloop
  endfacet
  facet normal 0 0 1
    outer loop
      vertex 113.25 68.0311 2.4
      vertex 140.62 96.1073 2.4
      vertex 140.863 96.6 2.4
    endloop
  endfacet
  facet normal 0 0 1
    outer loop
      vertex 16.7767 88.1307 2.4
      vertex 140.863 96.6 2.4
      vertex 141.168 97.0568 2.4
    endloop
  endfacet
  facet normal 0 0 1
    outer loop
      vertex 143.952 90.3359 2.4
      vertex 118.47 65.4568 2.4
      vertex 118.5 65 2.4
    endloop
  endfacet
  facet normal 0 0 1
    outer loop
      vertex 143.413 90.4431 2.4
      vertex 118.381 65.9059 2.4
      vertex 118.47 65.4568 2.4
    endloop
  endfacet
  facet normal 0 0 1
    outer loop
      vertex 142.893 90.6197 2.4
      vertex 118.234 66.3394 2.4
      vertex 118.381 65.9059 2.4
    endloop
  endfacet
  facet normal 0 0 1
    outer loop
      vertex 142.4 90.8627 2.4
      vertex 118.031 66.75 2.4
      vertex 118.234 66.3394 2.4
    endloop
  endfacet
  facet normal 0 0 1
    outer loop
      vertex 141.943 91.1679 2.4
      vertex 117.777 67.1307 2.4
      vertex 118.031 66.75 2.4
    endloop
  endfacet
  facet normal 0 0 1
    outer loop
      vertex 141.53 91.5302 2.4
      vertex 117.475 67.4749 2.4
      vertex 117.777 67.1307 2.4
    endloop
  endfacet
  facet normal 0 0 1
    outer loop
      vertex 141.168 91.9432 2.4
      vertex 117.131 67.7767 2.4
      vertex 117.475 67.4749 2.4
    endloop
  endfacet
  facet normal 0 0 1
    outer loop
      vertex 140.863 92.4 2.4
      vertex 116.75 68.0311 2.4
      vertex 117.131 67.7767 2.4
    endloop
  endfacet
  facet normal 0 0 1
    outer loop
      vertex 140.863 92.4 2.4
      vertex 116.339 68.2336 2.4
      vertex 116.75 68.0311 2.4
    endloop
  endfacet
  facet normal 0 0 1
    outer loop
      vertex 140.62 92.8927 2.4
      vertex 115.906 68.3807 2.4
      vertex 116.339 68.2336 2.4
    endloop
  endfacet
  facet normal 0 0 1
    outer loop
      vertex 7.47848 100 2.4
      vertex 141.168 97.0568 2.4
      vertex 141.53 97.4698 2.4
    endloop
  endfacet
  facet normal 0 0 1
    outer loop
      vertex 140.443 93.413 2.4
      vertex 115.457 68.4701 2.4
      vertex 115.906 68.3807 2.4
    endloop
  endfacet
  facet normal 0 0 1
    outer loop
      vertex 140.336 93.9518 2.4
      vertex 115 68.5 2.4
      vertex 115.457 68.4701 2.4
    endloop
  endfacet
  facet normal 0 0 1
    outer loop
      vertex 140.3 94.5 2.4
      vertex 114.543 68.4701 2.4
      vertex 115 68.5 2.4
    endloop
  endfacet
  facet normal 0 0 1
    outer loop
      vertex 140.336 95.0482 2.4
      vertex 114.094 68.3807 2.4
      vertex 114.543 68.4701 2.4
    endloop
  endfacet
  facet normal 0 0 1
    outer loop
      vertex 140.443 95.587 2.4
      vertex 113.661 68.2336 2.4
      vertex 114.094 68.3807 2.4
    endloop
  endfacet
  facet normal 0 0 1
    outer loop
      vertex 140.62 96.1073 2.4
      vertex 113.25 68.0311 2.4
      vertex 113.661 68.2336 2.4
    endloop
  endfacet
  facet normal 0 0 1
    outer loop
      vertex 140.863 96.6 2.4
      vertex 16.7767 88.1307 2.4
      vertex 113.25 68.0311 2.4
    endloop
  endfacet
  facet normal -0 -0 1
    outer loop
      vertex 17.0311 87.75 2.4
      vertex 113.25 68.0311 2.4
      vertex 16.7767 88.1307 2.4
    endloop
  endfacet
  facet normal 0 0 1
    outer loop
      vertex 106.334 51.2784 2.4
      vertex 111.5 65 2.4
      vertex 111.53 65.4568 2.4
    endloop
  endfacet
  facet normal 0 0 1
    outer loop
      vertex 111.5 65 2.4
      vertex 110.082 50.2741 2.4
      vertex 110.1 50 2.4
    endloop
  endfacet
  facet normal 0 0 1
    outer loop
      vertex 111.5 65 2.4
      vertex 110.028 50.5435 2.4
      vertex 110.082 50.2741 2.4
    endloop
  endfacet
  facet normal 0 0 1
    outer loop
      vertex 111.5 65 2.4
      vertex 109.94 50.8036 2.4
      vertex 110.028 50.5435 2.4
    endloop
  endfacet
  facet normal 0 0 1
    outer loop
      vertex 111.5 65 2.4
      vertex 109.819 51.05 2.4
      vertex 109.94 50.8036 2.4
    endloop
  endfacet
  facet normal 0 0 1
    outer loop
      vertex 111.5 65 2.4
      vertex 109.666 51.2784 2.4
      vertex 109.819 51.05 2.4
    endloop
  endfacet
  facet normal 0 0 1
    outer loop
      vertex 111.5 65 2.4
      vertex 109.485 51.4849 2.4
      vertex 109.666 51.2784 2.4
    endloop
  endfacet
  facet normal 0 0 1
    outer loop
      vertex 111.5 65 2.4
      vertex 109.278 51.666 2.4
      vertex 109.485 51.4849 2.4
    endloop
  endfacet
  facet normal 0 0 1
    outer loop
      vertex 111.5 65 2.4
      vertex 109.05 51.8187 2.4
      vertex 109.278 51.666 2.4
    endloop
  endfacet
  facet normal 0 0 1
    outer loop
      vertex 111.5 65 2.4
      vertex 108.804 51.9401 2.4
      vertex 109.05 51.8187 2.4
    endloop
  endfacet
  facet normal 0 0 1
    outer loop
      vertex 43.666 51.2784 2.4
      vertex 111.53 65.4568 2.4
      vertex 111.619 65.9059 2.4
    endloop
  endfacet
  facet normal 0 0 1
    outer loop
      vertex 111.5 65 2.4
      vertex 108.544 52.0284 2.4
      vertex 108.804 51.9401 2.4
    endloop
  endfacet
  facet normal 0 0 1
    outer loop
      vertex 111.5 65 2.4
      vertex 108.274 52.082 2.4
      vertex 108.544 52.0284 2.4
    endloop
  endfacet
  facet normal 0 0 1
    outer loop
      vertex 111.5 65 2.4
      vertex 108 52.1 2.4
      vertex 108.274 52.082 2.4
    endloop
  endfacet
  facet normal 0 0 1
    outer loop
      vertex 111.5 65 2.4
      vertex 107.726 52.082 2.4
      vertex 108 52.1 2.4
    endloop
  endfacet
  facet normal 0 0 1
    outer loop
      vertex 111.5 65 2.4
      vertex 107.456 52.0284 2.4
      vertex 107.726 52.082 2.4
    endloop
  endfacet
  facet normal 0 0 1
    outer loop
      vertex 111.5 65 2.4
      vertex 107.196 51.9401 2.4
      vertex 107.456 52.0284 2.4
    endloop
  endfacet
  facet normal 0 0 1
    outer loop
      vertex 111.5 65 2.4
      vertex 106.95 51.8187 2.4
      vertex 107.196 51.9401 2.4
    endloop
  endfacet
  facet normal 0 0 1
    outer loop
      vertex 111.5 65 2.4
      vertex 106.722 51.666 2.4
      vertex 106.95 51.8187 2.4
    endloop
  endfacet
  facet normal 0 0 1
    outer loop
      vertex 43.4849 51.4849 2.4
      vertex 111.619 65.9059 2.4
      vertex 111.766 66.3394 2.4
    endloop
  endfacet
  facet normal 0 0 1
    outer loop
      vertex 111.5 65 2.4
      vertex 106.515 51.4849 2.4
      vertex 106.722 51.666 2.4
    endloop
  endfacet
  facet normal 0 0 1
    outer loop
      vertex 111.5 65 2.4
      vertex 106.334 51.2784 2.4
      vertex 106.515 51.4849 2.4
    endloop
  endfacet
  facet normal 0 0 1
    outer loop
      vertex 111.53 65.4568 2.4
      vertex 106.181 51.05 2.4
      vertex 106.334 51.2784 2.4
    endloop
  endfacet
  facet normal 0 0 1
    outer loop
      vertex 111.53 65.4568 2.4
      vertex 43.8187 51.05 2.4
      vertex 106.181 51.05 2.4
    endloop
  endfacet
  facet normal 0 0 1
    outer loop
      vertex 105.918 50.2741 2.4
      vertex 44.1 50 2.4
      vertex 105.9 50 2.4
    endloop
  endfacet
  facet normal 0 0 1
    outer loop
      vertex 44.082 50.2741 2.4
      vertex 105.918 50.2741 2.4
      vertex 105.972 50.5435 2.4
    endloop
  endfacet
  facet normal 0 0 1
    outer loop
      vertex 44.0284 50.5435 2.4
      vertex 105.972 50.5435 2.4
      vertex 106.06 50.8036 2.4
    endloop
  endfacet
  facet normal 0 0 1
    outer loop
      vertex 106.181 51.05 2.4
      vertex 43.8187 51.05 2.4
      vertex 106.06 50.8036 2.4
    endloop
  endfacet
  facet normal 0 0 1
    outer loop
      vertex 43.2784 51.666 2.4
      vertex 111.766 66.3394 2.4
      vertex 111.969 66.75 2.4
    endloop
  endfacet
  facet normal 0 0 1
    outer loop
      vertex 43.05 51.8187 2.4
      vertex 111.969 66.75 2.4
      vertex 112.223 67.1307 2.4
    endloop
  endfacet
  facet normal 0 0 1
    outer loop
      vertex 17.3807 86.9059 2.4
      vertex 112.223 67.1307 2.4
      vertex 112.525 67.4749 2.4
    endloop
  endfacet
  facet normal 0 0 1
    outer loop
      vertex 113.25 68.0311 2.4
      vertex 17.0311 87.75 2.4
      vertex 112.869 67.7767 2.4
    endloop
  endfacet
  facet normal 0 0 1
    outer loop
      vertex 7.47848 100 2.4
      vertex 141.53 97.4698 2.4
      vertex 141.943 97.8321 2.4
    endloop
  endfacet
  facet normal -0 0 1
    outer loop
      vertex 7.47848 100 2.4
      vertex 141.943 97.8321 2.4
      vertex 145 100 2.4
    endloop
  endfacet
  facet normal 0 0 1
    outer loop
      vertex 105.918 50.2741 2.4
      vertex 44.082 50.2741 2.4
      vertex 44.1 50 2.4
    endloop
  endfacet
  facet normal 0 0 1
    outer loop
      vertex 105.972 50.5435 2.4
      vertex 44.0284 50.5435 2.4
      vertex 44.082 50.2741 2.4
    endloop
  endfacet
  facet normal 0 0 1
    outer loop
      vertex 106.06 50.8036 2.4
      vertex 43.9401 50.8036 2.4
      vertex 44.0284 50.5435 2.4
    endloop
  endfacet
  facet normal 0 0 1
    outer loop
      vertex 106.06 50.8036 2.4
      vertex 43.8187 51.05 2.4
      vertex 43.9401 50.8036 2.4
    endloop
  endfacet
  facet normal 0 0 1
    outer loop
      vertex 111.53 65.4568 2.4
      vertex 43.666 51.2784 2.4
      vertex 43.8187 51.05 2.4
    endloop
  endfacet
  facet normal 0 0 1
    outer loop
      vertex 111.619 65.9059 2.4
      vertex 43.4849 51.4849 2.4
      vertex 43.666 51.2784 2.4
    endloop
  endfacet
  facet normal 0 0 1
    outer loop
      vertex 111.766 66.3394 2.4
      vertex 43.2784 51.666 2.4
      vertex 43.4849 51.4849 2.4
    endloop
  endfacet
  facet normal 0 0 1
    outer loop
      vertex 111.969 66.75 2.4
      vertex 43.05 51.8187 2.4
      vertex 43.2784 51.666 2.4
    endloop
  endfacet
  facet normal 0 0 1
    outer loop
      vertex 112.223 67.1307 2.4
      vertex 17.3807 86.9059 2.4
      vertex 43.05 51.8187 2.4
    endloop
  endfacet
  facet normal -0 -0 1
    outer loop
      vertex 17.4701 86.4568 2.4
      vertex 43.05 51.8187 2.4
      vertex 17.3807 86.9059 2.4
    endloop
  endfacet
  facet normal 0 0 1
    outer loop
      vertex 43.05 51.8187 2.4
      vertex 17.4701 86.4568 2.4
      vertex 42.8036 51.9401 2.4
    endloop
  endfacet
  facet normal -0 -0 1
    outer loop
      vertex 17.5 86 2.4
      vertex 42.8036 51.9401 2.4
      vertex 17.4701 86.4568 2.4
    endloop
  endfacet
  facet normal 0 0 1
    outer loop
      vertex 42.8036 51.9401 2.4
      vertex 17.5 86 2.4
      vertex 42.5435 52.0284 2.4
    endloop
  endfacet
  facet normal -0 0 1
    outer loop
      vertex 17.4701 85.5432 2.4
      vertex 42.5435 52.0284 2.4
      vertex 17.5 86 2.4
    endloop
  endfacet
  facet normal 0 0 1
    outer loop
      vertex 42.5435 52.0284 2.4
      vertex 17.4701 85.5432 2.4
      vertex 42.2741 52.082 2.4
    endloop
  endfacet
  facet normal -0 0 1
    outer loop
      vertex 16.1307 83.2233 2.4
      vertex 40.7216 51.666 2.4
      vertex 16.4749 83.5251 2.4
    endloop
  endfacet
  facet normal 0 0 1
    outer loop
      vertex 40.95 51.8187 2.4
      vertex 16.4749 83.5251 2.4
      vertex 40.7216 51.666 2.4
    endloop
  endfacet
  facet normal -0 0 1
    outer loop
      vertex 16.4749 83.5251 2.4
      vertex 40.95 51.8187 2.4
      vertex 16.7767 83.8693 2.4
    endloop
  endfacet
  facet normal 0 0 1
    outer loop
      vertex 41.1964 51.9401 2.4
      vertex 16.7767 83.8693 2.4
      vertex 40.95 51.8187 2.4
    endloop
  endfacet
  facet normal -0 0 1
    outer loop
      vertex 16.7767 83.8693 2.4
      vertex 41.1964 51.9401 2.4
      vertex 17.0311 84.25 2.4
    endloop
  endfacet
  facet normal 0 0 1
    outer loop
      vertex 41.4565 52.0284 2.4
      vertex 17.0311 84.25 2.4
      vertex 41.1964 51.9401 2.4
    endloop
  endfacet
  facet normal 0 0 1
    outer loop
      vertex 41.7259 52.082 2.4
      vertex 17.0311 84.25 2.4
      vertex 41.4565 52.0284 2.4
    endloop
  endfacet
  facet normal -0 0 1
    outer loop
      vertex 17.0311 84.25 2.4
      vertex 41.7259 52.082 2.4
      vertex 17.2336 84.6606 2.4
    endloop
  endfacet
  facet normal 0 0 1
    outer loop
      vertex 42 52.1 2.4
      vertex 17.2336 84.6606 2.4
      vertex 41.7259 52.082 2.4
    endloop
  endfacet
  facet normal -0 0 1
    outer loop
      vertex 17.3807 85.0941 2.4
      vertex 42.2741 52.082 2.4
      vertex 17.4701 85.5432 2.4
    endloop
  endfacet
  facet normal -0 0 1
    outer loop
      vertex 17.2336 84.6606 2.4
      vertex 42 52.1 2.4
      vertex 17.3807 85.0941 2.4
    endloop
  endfacet
  facet normal 0 0 1
    outer loop
      vertex 42.2741 52.082 2.4
      vertex 17.3807 85.0941 2.4
      vertex 42 52.1 2.4
    endloop
  endfacet
  facet normal 0 0 1
    outer loop
      vertex 112.525 67.4749 2.4
      vertex 17.2336 87.3394 2.4
      vertex 17.3807 86.9059 2.4
    endloop
  endfacet
  facet normal 0 0 1
    outer loop
      vertex 112.869 67.7767 2.4
      vertex 17.2336 87.3394 2.4
      vertex 112.525 67.4749 2.4
    endloop
  endfacet
  facet normal -0 -0 1
    outer loop
      vertex 17.2336 87.3394 2.4
      vertex 112.869 67.7767 2.4
      vertex 17.0311 87.75 2.4
    endloop
  endfacet
  facet normal 0 0 1
    outer loop
      vertex 141.168 97.0568 2.4
      vertex 16.4749 88.4749 2.4
      vertex 16.7767 88.1307 2.4
    endloop
  endfacet
  facet normal 0 0 1
    outer loop
      vertex 141.168 97.0568 2.4
      vertex 7.47848 100 2.4
      vertex 16.4749 88.4749 2.4
    endloop
  endfacet
  facet normal 0 0 1
    outer loop
      vertex 16.4749 88.4749 2.4
      vertex 7.47848 100 2.4
      vertex 16.1307 88.7767 2.4
    endloop
  endfacet
  facet normal -0 -0 1
    outer loop
      vertex 9.13731 96.6 2.4
      vertex 16.1307 88.7767 2.4
      vertex 7.47848 100 2.4
    endloop
  endfacet
  facet normal 0 0 1
    outer loop
      vertex 16.1307 88.7767 2.4
      vertex 9.13731 96.6 2.4
      vertex 15.75 89.0311 2.4
    endloop
  endfacet
  facet normal -0 -0 1
    outer loop
      vertex 9.38029 96.1073 2.4
      vertex 15.75 89.0311 2.4
      vertex 9.13731 96.6 2.4
    endloop
  endfacet
  facet normal 0 0 1
    outer loop
      vertex 15.75 89.0311 2.4
      vertex 9.38029 96.1073 2.4
      vertex 15.3394 89.2336 2.4
    endloop
  endfacet
  facet normal -0 -0 1
    outer loop
      vertex 9.55689 95.587 2.4
      vertex 15.3394 89.2336 2.4
      vertex 9.38029 96.1073 2.4
    endloop
  endfacet
  facet normal 0 0 1
    outer loop
      vertex 11.2233 88.1307 2.4
      vertex 8.0568 91.1679 2.4
      vertex 10.9689 87.75 2.4
    endloop
  endfacet
  facet normal 0 0 1
    outer loop
      vertex 11.8693 88.7767 2.4
      vertex 8.46985 91.5302 2.4
      vertex 11.5251 88.4749 2.4
    endloop
  endfacet
  facet normal -0 0 1
    outer loop
      vertex 8.46985 91.5302 2.4
      vertex 11.8693 88.7767 2.4
      vertex 8.83208 91.9432 2.4
    endloop
  endfacet
  facet normal 0 0 1
    outer loop
      vertex 12.25 89.0311 2.4
      vertex 8.83208 91.9432 2.4
      vertex 11.8693 88.7767 2.4
    endloop
  endfacet
  facet normal -0 0 1
    outer loop
      vertex 8.83208 91.9432 2.4
      vertex 12.25 89.0311 2.4
      vertex 9.13731 92.4 2.4
    endloop
  endfacet
  facet normal 0 0 1
    outer loop
      vertex 12.6606 89.2336 2.4
      vertex 9.13731 92.4 2.4
      vertex 12.25 89.0311 2.4
    endloop
  endfacet
  facet normal -0 0 1
    outer loop
      vertex 9.13731 92.4 2.4
      vertex 12.6606 89.2336 2.4
      vertex 9.38029 92.8927 2.4
    endloop
  endfacet
  facet normal 0 0 1
    outer loop
      vertex 13.0941 89.3807 2.4
      vertex 9.38029 92.8927 2.4
      vertex 12.6606 89.2336 2.4
    endloop
  endfacet
  facet normal -0 0 1
    outer loop
      vertex 9.38029 92.8927 2.4
      vertex 13.0941 89.3807 2.4
      vertex 9.55689 93.413 2.4
    endloop
  endfacet
  facet normal 0 0 1
    outer loop
      vertex 13.5432 89.4701 2.4
      vertex 9.55689 93.413 2.4
      vertex 13.0941 89.3807 2.4
    endloop
  endfacet
  facet normal -0 0 1
    outer loop
      vertex 9.55689 93.413 2.4
      vertex 13.5432 89.4701 2.4
      vertex 9.66407 93.9518 2.4
    endloop
  endfacet
  facet normal 0 0 1
    outer loop
      vertex 14 89.5 2.4
      vertex 9.66407 93.9518 2.4
      vertex 13.5432 89.4701 2.4
    endloop
  endfacet
  facet normal 0 0 1
    outer loop
      vertex 15.3394 89.2336 2.4
      vertex 9.55689 95.587 2.4
      vertex 14.9059 89.3807 2.4
    endloop
  endfacet
  facet normal -0 0 1
    outer loop
      vertex 9.66407 93.9518 2.4
      vertex 14 89.5 2.4
      vertex 9.7 94.5 2.4
    endloop
  endfacet
  facet normal 0 0 1
    outer loop
      vertex 14.4568 89.4701 2.4
      vertex 9.7 94.5 2.4
      vertex 14 89.5 2.4
    endloop
  endfacet
  facet normal -0 -0 1
    outer loop
      vertex 9.7 94.5 2.4
      vertex 14.4568 89.4701 2.4
      vertex 9.66407 95.0482 2.4
    endloop
  endfacet
  facet normal 0 0 1
    outer loop
      vertex 14.9059 89.3807 2.4
      vertex 9.66407 95.0482 2.4
      vertex 14.4568 89.4701 2.4
    endloop
  endfacet
  facet normal -0 -0 1
    outer loop
      vertex 9.66407 95.0482 2.4
      vertex 14.9059 89.3807 2.4
      vertex 9.55689 95.587 2.4
    endloop
  endfacet
  facet normal 0 0 1
    outer loop
      vertex 9.13731 96.6 2.4
      vertex 7.47848 100 2.4
      vertex 8.83208 97.0568 2.4
    endloop
  endfacet
  facet normal 0 0 1
    outer loop
      vertex 8.83208 97.0568 2.4
      vertex 7.47848 100 2.4
      vertex 8.46985 97.4698 2.4
    endloop
  endfacet
  facet normal 0 0 1
    outer loop
      vertex 8.46985 97.4698 2.4
      vertex 7.47848 100 2.4
      vertex 8.0568 97.8321 2.4
    endloop
  endfacet
  facet normal 0 0 1
    outer loop
      vertex 8.0568 97.8321 2.4
      vertex 7.47848 100 2.4
      vertex 7.6 98.1373 2.4
    endloop
  endfacet
  facet normal 0 0 1
    outer loop
      vertex 7.47848 100 2.4
      vertex 7.10727 98.3803 2.4
      vertex 7.6 98.1373 2.4
    endloop
  endfacet
  facet normal -0 0 1
    outer loop
      vertex 7.06135 99.9726 2.4
      vertex 7.10727 98.3803 2.4
      vertex 7.47848 100 2.4
    endloop
  endfacet
  facet normal 0 0 1
    outer loop
      vertex 6.58704 98.5569 2.4
      vertex 7.06135 99.9726 2.4
      vertex 6.72843 99.9064 2.4
    endloop
  endfacet
  facet normal 0 0 1
    outer loop
      vertex 7.06135 99.9726 2.4
      vertex 6.58704 98.5569 2.4
      vertex 7.10727 98.3803 2.4
    endloop
  endfacet
  facet normal -0 0 1
    outer loop
      vertex 6.40703 99.7973 2.4
      vertex 6.58704 98.5569 2.4
      vertex 6.72843 99.9064 2.4
    endloop
  endfacet
  facet normal -0 0 1
    outer loop
      vertex 6.10248 99.6471 2.4
      vertex 6.58704 98.5569 2.4
      vertex 6.40703 99.7973 2.4
    endloop
  endfacet
  facet normal 0 0 1
    outer loop
      vertex 6.10248 99.6471 2.4
      vertex 6.04821 98.6641 2.4
      vertex 6.58704 98.5569 2.4
    endloop
  endfacet
  facet normal -0 0 1
    outer loop
      vertex 5.82035 99.4586 2.4
      vertex 6.04821 98.6641 2.4
      vertex 6.10248 99.6471 2.4
    endloop
  endfacet
  facet normal -0 0 1
    outer loop
      vertex 5.56516 99.2348 2.4
      vertex 6.04821 98.6641 2.4
      vertex 5.82035 99.4586 2.4
    endloop
  endfacet
  facet normal 0 0 1
    outer loop
      vertex 5.56516 99.2348 2.4
      vertex 5.5 98.7 2.4
      vertex 6.04821 98.6641 2.4
    endloop
  endfacet
  facet normal -0 0 1
    outer loop
      vertex 5.34136 98.9797 2.4
      vertex 5.5 98.7 2.4
      vertex 5.56516 99.2348 2.4
    endloop
  endfacet
  facet normal 0 0 1
    outer loop
      vertex 5.15276 98.6974 2.4
      vertex 5.5 98.7 2.4
      vertex 5.34136 98.9797 2.4
    endloop
  endfacet
  facet normal 0 0 1
    outer loop
      vertex 5.5 98.7 2.4
      vertex 5.15276 98.6974 2.4
      vertex 5.14249 98.6766 2.4
    endloop
  endfacet
  facet normal 0 0 1
    outer loop
      vertex 148.664 93.9518 2.4
      vertex 150 95 2.4
      vertex 148.7 94.5 2.4
    endloop
  endfacet
  facet normal -0 0 1
    outer loop
      vertex 148.664 95.0482 2.4
      vertex 150 95 2.4
      vertex 149.957 95.6526 2.4
    endloop
  endfacet
  facet normal 0 0 1
    outer loop
      vertex 148.557 93.413 2.4
      vertex 150 95 2.4
      vertex 148.664 93.9518 2.4
    endloop
  endfacet
  facet normal 0 0 1
    outer loop
      vertex 148.664 95.0482 2.4
      vertex 149.957 95.6526 2.4
      vertex 149.83 96.2941 2.4
    endloop
  endfacet
  facet normal 0 0 1
    outer loop
      vertex 150 7.47848 2.4
      vertex 148.7 5.5 2.4
      vertex 149.973 7.06135 2.4
    endloop
  endfacet
  facet normal 0 0 1
    outer loop
      vertex 149.973 7.06135 2.4
      vertex 148.7 5.5 2.4
      vertex 149.906 6.72843 2.4
    endloop
  endfacet
  facet normal 0 0 1
    outer loop
      vertex 148.664 95.0482 2.4
      vertex 149.83 96.2941 2.4
      vertex 149.619 96.9134 2.4
    endloop
  endfacet
  facet normal 0 0 1
    outer loop
      vertex 149.906 6.72843 2.4
      vertex 148.7 5.5 2.4
      vertex 149.797 6.40703 2.4
    endloop
  endfacet
  facet normal 0 0 1
    outer loop
      vertex 148.664 95.0482 2.4
      vertex 149.619 96.9134 2.4
      vertex 149.33 97.5 2.4
    endloop
  endfacet
  facet normal 0 0 1
    outer loop
      vertex 149.797 6.40703 2.4
      vertex 148.7 5.5 2.4
      vertex 149.647 6.10248 2.4
    endloop
  endfacet
  facet normal 0 0 1
    outer loop
      vertex 149.647 6.10248 2.4
      vertex 148.7 5.5 2.4
      vertex 149.459 5.82035 2.4
    endloop
  endfacet
  facet normal 0 0 1
    outer loop
      vertex 147.832 97.0568 2.4
      vertex 149.33 97.5 2.4
      vertex 148.967 98.0438 2.4
    endloop
  endfacet
  facet normal 0 0 1
    outer loop
      vertex 149.459 5.82035 2.4
      vertex 148.7 5.5 2.4
      vertex 149.235 5.56516 2.4
    endloop
  endfacet
  facet normal 0 0 1
    outer loop
      vertex 149.235 5.56516 2.4
      vertex 148.7 5.5 2.4
      vertex 148.98 5.34136 2.4
    endloop
  endfacet
  facet normal 0 0 1
    outer loop
      vertex 148.7 5.5 2.4
      vertex 148.697 5.15276 2.4
      vertex 148.98 5.34136 2.4
    endloop
  endfacet
  facet normal 0 -0 1
    outer loop
      vertex 148.697 5.15276 2.4
      vertex 148.7 5.5 2.4
      vertex 148.677 5.14249 2.4
    endloop
  endfacet
  facet normal -0 0 1
    outer loop
      vertex 138.131 11.2233 2.4
      vertex 141.53 8.46985 2.4
      vertex 138.475 11.5251 2.4
    endloop
  endfacet
  facet normal 0 0 1
    outer loop
      vertex 141.53 8.46985 2.4
      vertex 138.131 11.2233 2.4
      vertex 141.168 8.0568 2.4
    endloop
  endfacet
  facet normal -0 0 1
    outer loop
      vertex 137.75 10.9689 2.4
      vertex 141.168 8.0568 2.4
      vertex 138.131 11.2233 2.4
    endloop
  endfacet
  facet normal 0 0 1
    outer loop
      vertex 141.168 8.0568 2.4
      vertex 137.75 10.9689 2.4
      vertex 140.863 7.6 2.4
    endloop
  endfacet
  facet normal -0 0 1
    outer loop
      vertex 137.339 10.7664 2.4
      vertex 140.863 7.6 2.4
      vertex 137.75 10.9689 2.4
    endloop
  endfacet
  facet normal 0 0 1
    outer loop
      vertex 140.863 7.6 2.4
      vertex 137.339 10.7664 2.4
      vertex 140.62 7.10727 2.4
    endloop
  endfacet
  facet normal -0 0 1
    outer loop
      vertex 136.906 10.6193 2.4
      vertex 140.62 7.10727 2.4
      vertex 137.339 10.7664 2.4
    endloop
  endfacet
  facet normal 0 0 1
    outer loop
      vertex 140.62 7.10727 2.4
      vertex 136.906 10.6193 2.4
      vertex 140.443 6.58704 2.4
    endloop
  endfacet
  facet normal -0 0 1
    outer loop
      vertex 136.457 10.5299 2.4
      vertex 140.443 6.58704 2.4
      vertex 136.906 10.6193 2.4
    endloop
  endfacet
  facet normal 0 0 1
    outer loop
      vertex 140.443 6.58704 2.4
      vertex 136.457 10.5299 2.4
      vertex 140.336 6.04821 2.4
    endloop
  endfacet
  facet normal -0 0 1
    outer loop
      vertex 136 10.5 2.4
      vertex 140.336 6.04821 2.4
      vertex 136.457 10.5299 2.4
    endloop
  endfacet
  facet normal 0 0 1
    outer loop
      vertex 140.336 6.04821 2.4
      vertex 136 10.5 2.4
      vertex 140.3 5.5 2.4
    endloop
  endfacet
  facet normal 0 0 1
    outer loop
      vertex 135.543 10.5299 2.4
      vertex 140.3 5.5 2.4
      vertex 136 10.5 2.4
    endloop
  endfacet
  facet normal 0 0 1
    outer loop
      vertex 140.3 5.5 2.4
      vertex 135.543 10.5299 2.4
      vertex 140.336 4.95179 2.4
    endloop
  endfacet
  facet normal 0 0 1
    outer loop
      vertex 135.094 10.6193 2.4
      vertex 140.336 4.95179 2.4
      vertex 135.543 10.5299 2.4
    endloop
  endfacet
  facet normal 0 0 1
    outer loop
      vertex 140.336 4.95179 2.4
      vertex 135.094 10.6193 2.4
      vertex 140.366 4.79999 2.4
    endloop
  endfacet
  facet normal 0 0 1
    outer loop
      vertex 134.661 10.7664 2.4
      vertex 140.366 4.79999 2.4
      vertex 135.094 10.6193 2.4
    endloop
  endfacet
  facet normal 0 0 1
    outer loop
      vertex 134.25 10.9689 2.4
      vertex 140.366 4.79999 2.4
      vertex 134.661 10.7664 2.4
    endloop
  endfacet
  facet normal 0 0 1
    outer loop
      vertex 133.869 11.2233 2.4
      vertex 140.366 4.79999 2.4
      vertex 134.25 10.9689 2.4
    endloop
  endfacet
  facet normal 0 0 1
    outer loop
      vertex 133.525 11.5251 2.4
      vertex 140.366 4.79999 2.4
      vertex 133.869 11.2233 2.4
    endloop
  endfacet
  facet normal -0 0 1
    outer loop
      vertex 109.666 48.7216 2.4
      vertex 134.661 17.2336 2.4
      vertex 109.819 48.95 2.4
    endloop
  endfacet
  facet normal 0 0 1
    outer loop
      vertex 134.661 17.2336 2.4
      vertex 109.666 48.7216 2.4
      vertex 134.25 17.0311 2.4
    endloop
  endfacet
  facet normal -0 0 1
    outer loop
      vertex 109.485 48.5151 2.4
      vertex 134.25 17.0311 2.4
      vertex 109.666 48.7216 2.4
    endloop
  endfacet
  facet normal 0 0 1
    outer loop
      vertex 134.25 17.0311 2.4
      vertex 109.485 48.5151 2.4
      vertex 133.869 16.7767 2.4
    endloop
  endfacet
  facet normal -0 0 1
    outer loop
      vertex 109.278 48.334 2.4
      vertex 133.869 16.7767 2.4
      vertex 109.485 48.5151 2.4
    endloop
  endfacet
  facet normal 0 0 1
    outer loop
      vertex 133.869 16.7767 2.4
      vertex 109.278 48.334 2.4
      vertex 133.525 16.4749 2.4
    endloop
  endfacet
  facet normal -0 0 1
    outer loop
      vertex 109.05 48.1813 2.4
      vertex 133.525 16.4749 2.4
      vertex 109.278 48.334 2.4
    endloop
  endfacet
  facet normal 0 0 1
    outer loop
      vertex 133.525 16.4749 2.4
      vertex 109.05 48.1813 2.4
      vertex 133.223 16.1307 2.4
    endloop
  endfacet
  facet normal 0 0 1
    outer loop
      vertex 110.082 49.7259 2.4
      vertex 117.475 62.5251 2.4
      vertex 117.131 62.2233 2.4
    endloop
  endfacet
  facet normal 0 0 1
    outer loop
      vertex 110.1 50 2.4
      vertex 117.131 62.2233 2.4
      vertex 116.75 61.9689 2.4
    endloop
  endfacet
  facet normal 0 0 1
    outer loop
      vertex 110.1 50 2.4
      vertex 116.75 61.9689 2.4
      vertex 116.339 61.7664 2.4
    endloop
  endfacet
  facet normal 0 0 1
    outer loop
      vertex 110.1 50 2.4
      vertex 116.339 61.7664 2.4
      vertex 115.906 61.6193 2.4
    endloop
  endfacet
  facet normal -0 0 1
    outer loop
      vertex 108.804 48.0599 2.4
      vertex 133.223 16.1307 2.4
      vertex 109.05 48.1813 2.4
    endloop
  endfacet
  facet normal 0 0 1
    outer loop
      vertex 110.1 50 2.4
      vertex 115.906 61.6193 2.4
      vertex 115.457 61.5299 2.4
    endloop
  endfacet
  facet normal 0 0 1
    outer loop
      vertex 110.1 50 2.4
      vertex 115.457 61.5299 2.4
      vertex 115 61.5 2.4
    endloop
  endfacet
  facet normal 0 0 1
    outer loop
      vertex 110.1 50 2.4
      vertex 115 61.5 2.4
      vertex 114.543 61.5299 2.4
    endloop
  endfacet
  facet normal 0 0 1
    outer loop
      vertex 110.1 50 2.4
      vertex 114.543 61.5299 2.4
      vertex 114.094 61.6193 2.4
    endloop
  endfacet
  facet normal 0 0 1
    outer loop
      vertex 110.1 50 2.4
      vertex 114.094 61.6193 2.4
      vertex 113.661 61.7664 2.4
    endloop
  endfacet
  facet normal 0 0 1
    outer loop
      vertex 110.1 50 2.4
      vertex 113.661 61.7664 2.4
      vertex 113.25 61.9689 2.4
    endloop
  endfacet
  facet normal 0 0 1
    outer loop
      vertex 110.1 50 2.4
      vertex 113.25 61.9689 2.4
      vertex 112.869 62.2233 2.4
    endloop
  endfacet
  facet normal 0 0 1
    outer loop
      vertex 110.1 50 2.4
      vertex 112.869 62.2233 2.4
      vertex 112.525 62.5251 2.4
    endloop
  endfacet
  facet normal 0 0 1
    outer loop
      vertex 110.1 50 2.4
      vertex 112.525 62.5251 2.4
      vertex 112.223 62.8693 2.4
    endloop
  endfacet
  facet normal 0 0 1
    outer loop
      vertex 110.1 50 2.4
      vertex 112.223 62.8693 2.4
      vertex 111.969 63.25 2.4
    endloop
  endfacet
  facet normal 0 0 1
    outer loop
      vertex 110.1 50 2.4
      vertex 111.969 63.25 2.4
      vertex 111.766 63.6606 2.4
    endloop
  endfacet
  facet normal 0 0 1
    outer loop
      vertex 110.1 50 2.4
      vertex 111.53 64.5432 2.4
      vertex 111.5 65 2.4
    endloop
  endfacet
  facet normal 0 0 1
    outer loop
      vertex 110.1 50 2.4
      vertex 111.619 64.0941 2.4
      vertex 111.53 64.5432 2.4
    endloop
  endfacet
  facet normal 0 0 1
    outer loop
      vertex 110.1 50 2.4
      vertex 111.766 63.6606 2.4
      vertex 111.619 64.0941 2.4
    endloop
  endfacet
  facet normal 0 0 1
    outer loop
      vertex 117.131 62.2233 2.4
      vertex 110.1 50 2.4
      vertex 110.082 49.7259 2.4
    endloop
  endfacet
  facet normal 0 0 1
    outer loop
      vertex 117.475 62.5251 2.4
      vertex 110.082 49.7259 2.4
      vertex 110.028 49.4565 2.4
    endloop
  endfacet
  facet normal 0 0 1
    outer loop
      vertex 133.223 16.1307 2.4
      vertex 108.804 48.0599 2.4
      vertex 132.969 15.75 2.4
    endloop
  endfacet
  facet normal -0 0 1
    outer loop
      vertex 108.544 47.9716 2.4
      vertex 132.969 15.75 2.4
      vertex 108.804 48.0599 2.4
    endloop
  endfacet
  facet normal -0 0 1
    outer loop
      vertex 108.274 47.918 2.4
      vertex 132.969 15.75 2.4
      vertex 108.544 47.9716 2.4
    endloop
  endfacet
  facet normal 0 0 1
    outer loop
      vertex 132.969 15.75 2.4
      vertex 108.274 47.918 2.4
      vertex 132.766 15.3394 2.4
    endloop
  endfacet
  facet normal -0 0 1
    outer loop
      vertex 108 47.9 2.4
      vertex 132.766 15.3394 2.4
      vertex 108.274 47.918 2.4
    endloop
  endfacet
  facet normal 0 0 1
    outer loop
      vertex 132.766 15.3394 2.4
      vertex 108 47.9 2.4
      vertex 132.619 14.9059 2.4
    endloop
  endfacet
  facet normal 0 0 1
    outer loop
      vertex 107.726 47.918 2.4
      vertex 132.619 14.9059 2.4
      vertex 108 47.9 2.4
    endloop
  endfacet
  facet normal 0 0 1
    outer loop
      vertex 132.619 14.9059 2.4
      vertex 107.726 47.918 2.4
      vertex 132.53 14.4568 2.4
    endloop
  endfacet
  facet normal 0 0 1
    outer loop
      vertex 107.456 47.9716 2.4
      vertex 132.53 14.4568 2.4
      vertex 107.726 47.918 2.4
    endloop
  endfacet
  facet normal 0 0 1
    outer loop
      vertex 132.53 14.4568 2.4
      vertex 107.456 47.9716 2.4
      vertex 132.5 14 2.4
    endloop
  endfacet
  facet normal 0 0 1
    outer loop
      vertex 107.196 48.0599 2.4
      vertex 132.5 14 2.4
      vertex 107.456 47.9716 2.4
    endloop
  endfacet
  facet normal 0 0 1
    outer loop
      vertex 132.5 14 2.4
      vertex 107.196 48.0599 2.4
      vertex 132.53 13.5432 2.4
    endloop
  endfacet
  facet normal 0 0 1
    outer loop
      vertex 106.95 48.1813 2.4
      vertex 132.53 13.5432 2.4
      vertex 107.196 48.0599 2.4
    endloop
  endfacet
  facet normal 0 0 1
    outer loop
      vertex 132.53 13.5432 2.4
      vertex 106.95 48.1813 2.4
      vertex 132.619 13.0941 2.4
    endloop
  endfacet
  facet normal -0 0 1
    outer loop
      vertex 43.05 48.1813 2.4
      vertex 132.619 13.0941 2.4
      vertex 106.95 48.1813 2.4
    endloop
  endfacet
  facet normal 0 0 1
    outer loop
      vertex 17.3807 13.0941 2.4
      vertex 132.619 13.0941 2.4
      vertex 43.05 48.1813 2.4
    endloop
  endfacet
  facet normal 0 0 1
    outer loop
      vertex 132.619 13.0941 2.4
      vertex 17.3807 13.0941 2.4
      vertex 132.766 12.6606 2.4
    endloop
  endfacet
  facet normal 0 0 1
    outer loop
      vertex 43.05 48.1813 2.4
      vertex 106.95 48.1813 2.4
      vertex 106.722 48.334 2.4
    endloop
  endfacet
  facet normal 0 0 1
    outer loop
      vertex 43.2784 48.334 2.4
      vertex 106.722 48.334 2.4
      vertex 106.515 48.5151 2.4
    endloop
  endfacet
  facet normal 0 0 1
    outer loop
      vertex 43.4849 48.5151 2.4
      vertex 106.515 48.5151 2.4
      vertex 106.334 48.7216 2.4
    endloop
  endfacet
  facet normal -0 0 1
    outer loop
      vertex 44.1 50 2.4
      vertex 105.918 49.7259 2.4
      vertex 105.9 50 2.4
    endloop
  endfacet
  facet normal 0 0 1
    outer loop
      vertex 44.082 49.7259 2.4
      vertex 105.918 49.7259 2.4
      vertex 44.1 50 2.4
    endloop
  endfacet
  facet normal 0 0 1
    outer loop
      vertex 105.918 49.7259 2.4
      vertex 44.082 49.7259 2.4
      vertex 105.972 49.4565 2.4
    endloop
  endfacet
  facet normal 0 0 1
    outer loop
      vertex 44.0284 49.4565 2.4
      vertex 105.972 49.4565 2.4
      vertex 44.082 49.7259 2.4
    endloop
  endfacet
  facet normal 0 0 1
    outer loop
      vertex 105.972 49.4565 2.4
      vertex 44.0284 49.4565 2.4
      vertex 106.06 49.1964 2.4
    endloop
  endfacet
  facet normal 0 0 1
    outer loop
      vertex 43.9401 49.1964 2.4
      vertex 106.06 49.1964 2.4
      vertex 44.0284 49.4565 2.4
    endloop
  endfacet
  facet normal 0 0 1
    outer loop
      vertex 106.06 49.1964 2.4
      vertex 43.9401 49.1964 2.4
      vertex 106.181 48.95 2.4
    endloop
  endfacet
  facet normal 0 0 1
    outer loop
      vertex 43.8187 48.95 2.4
      vertex 106.181 48.95 2.4
      vertex 43.9401 49.1964 2.4
    endloop
  endfacet
  facet normal 0 0 1
    outer loop
      vertex 106.181 48.95 2.4
      vertex 43.8187 48.95 2.4
      vertex 106.334 48.7216 2.4
    endloop
  endfacet
  facet normal 0 0 1
    outer loop
      vertex 43.666 48.7216 2.4
      vertex 106.334 48.7216 2.4
      vertex 43.8187 48.95 2.4
    endloop
  endfacet
  facet normal 0 0 1
    outer loop
      vertex 43.4849 48.5151 2.4
      vertex 106.334 48.7216 2.4
      vertex 43.666 48.7216 2.4
    endloop
  endfacet
  facet normal 0 0 1
    outer loop
      vertex 106.515 48.5151 2.4
      vertex 43.4849 48.5151 2.4
      vertex 43.2784 48.334 2.4
    endloop
  endfacet
  facet normal 0 0 1
    outer loop
      vertex 106.722 48.334 2.4
      vertex 43.2784 48.334 2.4
      vertex 43.05 48.1813 2.4
    endloop
  endfacet
  facet normal 0 0 1
    outer loop
      vertex 17.2336 12.6606 2.4
      vertex 132.766 12.6606 2.4
      vertex 17.3807 13.0941 2.4
    endloop
  endfacet
  facet normal 0 0 1
    outer loop
      vertex 132.766 12.6606 2.4
      vertex 17.2336 12.6606 2.4
      vertex 132.969 12.25 2.4
    endloop
  endfacet
  facet normal 0 0 1
    outer loop
      vertex 17.0311 12.25 2.4
      vertex 132.969 12.25 2.4
      vertex 17.2336 12.6606 2.4
    endloop
  endfacet
  facet normal 0 0 1
    outer loop
      vertex 17.4701 13.5432 2.4
      vertex 43.05 48.1813 2.4
      vertex 42.8036 48.0599 2.4
    endloop
  endfacet
  facet normal 0 0 1
    outer loop
      vertex 17.5 14 2.4
      vertex 42.8036 48.0599 2.4
      vertex 42.5435 47.9716 2.4
    endloop
  endfacet
  facet normal 0 0 1
    outer loop
      vertex 17.5 14 2.4
      vertex 42.5435 47.9716 2.4
      vertex 42.2741 47.918 2.4
    endloop
  endfacet
  facet normal 0 0 1
    outer loop
      vertex 17.5 14 2.4
      vertex 42.2741 47.918 2.4
      vertex 42 47.9 2.4
    endloop
  endfacet
  facet normal 0 0 1
    outer loop
      vertex 17.5 14 2.4
      vertex 42 47.9 2.4
      vertex 41.7259 47.918 2.4
    endloop
  endfacet
  facet normal 0 0 1
    outer loop
      vertex 17.5 14 2.4
      vertex 41.7259 47.918 2.4
      vertex 41.4565 47.9716 2.4
    endloop
  endfacet
  facet normal 0 0 1
    outer loop
      vertex 17.5 14 2.4
      vertex 41.4565 47.9716 2.4
      vertex 41.1964 48.0599 2.4
    endloop
  endfacet
  facet normal 0 0 1
    outer loop
      vertex 40.7216 51.666 2.4
      vertex 16.1307 83.2233 2.4
      vertex 40.5151 51.4849 2.4
    endloop
  endfacet
  facet normal 0 0 1
    outer loop
      vertex 39.9 50 2.4
      vertex 17.5 14 2.4
      vertex 39.918 49.7259 2.4
    endloop
  endfacet
  facet normal 0 0 1
    outer loop
      vertex 39.918 49.7259 2.4
      vertex 17.5 14 2.4
      vertex 39.9716 49.4565 2.4
    endloop
  endfacet
  facet normal 0 0 1
    outer loop
      vertex 39.9716 49.4565 2.4
      vertex 17.5 14 2.4
      vertex 40.0599 49.1964 2.4
    endloop
  endfacet
  facet normal 0 0 1
    outer loop
      vertex 40.0599 49.1964 2.4
      vertex 17.5 14 2.4
      vertex 40.1813 48.95 2.4
    endloop
  endfacet
  facet normal 0 0 1
    outer loop
      vertex 17.5 14 2.4
      vertex 40.334 48.7216 2.4
      vertex 40.1813 48.95 2.4
    endloop
  endfacet
  facet normal 0 0 1
    outer loop
      vertex 17.5 14 2.4
      vertex 40.5151 48.5151 2.4
      vertex 40.334 48.7216 2.4
    endloop
  endfacet
  facet normal 0 0 1
    outer loop
      vertex 17.5 14 2.4
      vertex 40.7216 48.334 2.4
      vertex 40.5151 48.5151 2.4
    endloop
  endfacet
  facet normal 0 0 1
    outer loop
      vertex 17.5 14 2.4
      vertex 40.95 48.1813 2.4
      vertex 40.7216 48.334 2.4
    endloop
  endfacet
  facet normal 0 0 1
    outer loop
      vertex 17.5 14 2.4
      vertex 41.1964 48.0599 2.4
      vertex 40.95 48.1813 2.4
    endloop
  endfacet
  facet normal 0 0 1
    outer loop
      vertex 42.8036 48.0599 2.4
      vertex 17.5 14 2.4
      vertex 17.4701 13.5432 2.4
    endloop
  endfacet
  facet normal 0 0 1
    outer loop
      vertex 43.05 48.1813 2.4
      vertex 17.4701 13.5432 2.4
      vertex 17.3807 13.0941 2.4
    endloop
  endfacet
  facet normal 0 0 1
    outer loop
      vertex 132.969 12.25 2.4
      vertex 17.0311 12.25 2.4
      vertex 133.223 11.8693 2.4
    endloop
  endfacet
  facet normal 0 0 1
    outer loop
      vertex 16.7767 11.8693 2.4
      vertex 133.223 11.8693 2.4
      vertex 17.0311 12.25 2.4
    endloop
  endfacet
  facet normal 0 0 1
    outer loop
      vertex 133.223 11.8693 2.4
      vertex 16.7767 11.8693 2.4
      vertex 133.525 11.5251 2.4
    endloop
  endfacet
  facet normal 0 0 1
    outer loop
      vertex 16.4749 11.5251 2.4
      vertex 133.525 11.5251 2.4
      vertex 16.7767 11.8693 2.4
    endloop
  endfacet
  facet normal 0 0 1
    outer loop
      vertex 133.525 11.5251 2.4
      vertex 16.4749 11.5251 2.4
      vertex 140.366 4.79999 2.4
    endloop
  endfacet
  facet normal -0 0 1
    outer loop
      vertex 16.1307 11.2233 2.4
      vertex 140.366 4.79999 2.4
      vertex 16.4749 11.5251 2.4
    endloop
  endfacet
  facet normal 0 0 1
    outer loop
      vertex 9.63387 4.79999 2.4
      vertex 16.1307 11.2233 2.4
      vertex 15.75 10.9689 2.4
    endloop
  endfacet
  facet normal 0 0 1
    outer loop
      vertex 9.63387 4.79999 2.4
      vertex 15.75 10.9689 2.4
      vertex 15.3394 10.7664 2.4
    endloop
  endfacet
  facet normal 0 0 1
    outer loop
      vertex 9.63387 4.79999 2.4
      vertex 15.3394 10.7664 2.4
      vertex 14.9059 10.6193 2.4
    endloop
  endfacet
  facet normal 0 0 1
    outer loop
      vertex 9.66407 4.95179 2.4
      vertex 14.9059 10.6193 2.4
      vertex 14.4568 10.5299 2.4
    endloop
  endfacet
  facet normal 0 0 1
    outer loop
      vertex 9.7 5.5 2.4
      vertex 14.4568 10.5299 2.4
      vertex 14 10.5 2.4
    endloop
  endfacet
  facet normal 0 0 1
    outer loop
      vertex 10.5299 14.4568 2.4
      vertex 9.7 5.5 2.4
      vertex 10.5 14 2.4
    endloop
  endfacet
  facet normal 0 0 1
    outer loop
      vertex 9.7 5.5 2.4
      vertex 10.5299 13.5432 2.4
      vertex 10.5 14 2.4
    endloop
  endfacet
  facet normal 0 0 1
    outer loop
      vertex 9.7 5.5 2.4
      vertex 10.6193 13.0941 2.4
      vertex 10.5299 13.5432 2.4
    endloop
  endfacet
  facet normal 0 0 1
    outer loop
      vertex 9.7 5.5 2.4
      vertex 10.7664 12.6606 2.4
      vertex 10.6193 13.0941 2.4
    endloop
  endfacet
  facet normal 0 0 1
    outer loop
      vertex 9.7 5.5 2.4
      vertex 10.9689 12.25 2.4
      vertex 10.7664 12.6606 2.4
    endloop
  endfacet
  facet normal 0 0 1
    outer loop
      vertex 9.7 5.5 2.4
      vertex 11.2233 11.8693 2.4
      vertex 10.9689 12.25 2.4
    endloop
  endfacet
  facet normal 0 0 1
    outer loop
      vertex 9.7 5.5 2.4
      vertex 11.5251 11.5251 2.4
      vertex 11.2233 11.8693 2.4
    endloop
  endfacet
  facet normal 0 0 1
    outer loop
      vertex 9.7 5.5 2.4
      vertex 11.8693 11.2233 2.4
      vertex 11.5251 11.5251 2.4
    endloop
  endfacet
  facet normal 0 0 1
    outer loop
      vertex 9.7 5.5 2.4
      vertex 12.25 10.9689 2.4
      vertex 11.8693 11.2233 2.4
    endloop
  endfacet
  facet normal 0 0 1
    outer loop
      vertex 9.7 5.5 2.4
      vertex 12.6606 10.7664 2.4
      vertex 12.25 10.9689 2.4
    endloop
  endfacet
  facet normal 0 0 1
    outer loop
      vertex 9.7 5.5 2.4
      vertex 13.0941 10.6193 2.4
      vertex 12.6606 10.7664 2.4
    endloop
  endfacet
  facet normal 0 0 1
    outer loop
      vertex 9.7 5.5 2.4
      vertex 13.5432 10.5299 2.4
      vertex 13.0941 10.6193 2.4
    endloop
  endfacet
  facet normal 0 0 1
    outer loop
      vertex 9.7 5.5 2.4
      vertex 14 10.5 2.4
      vertex 13.5432 10.5299 2.4
    endloop
  endfacet
  facet normal 0 0 1
    outer loop
      vertex 14.4568 10.5299 2.4
      vertex 9.7 5.5 2.4
      vertex 9.66407 4.95179 2.4
    endloop
  endfacet
  facet normal 0 0 1
    outer loop
      vertex 14.9059 10.6193 2.4
      vertex 9.66407 4.95179 2.4
      vertex 9.63387 4.79999 2.4
    endloop
  endfacet
  facet normal 0 0 1
    outer loop
      vertex 16.1307 11.2233 2.4
      vertex 9.63387 4.79999 2.4
      vertex 140.366 4.79999 2.4
    endloop
  endfacet
  facet normal 0.0655457 -0.99785 0
    outer loop
      vertex 7.06135 99.9726 2.4
      vertex 7.47848 100 9
      vertex 7.06135 99.9726 9
    endloop
  endfacet
  facet normal 0.0655457 -0.99785 0
    outer loop
      vertex 7.47848 100 9
      vertex 7.06135 99.9726 2.4
      vertex 7.47848 100 2.4
    endloop
  endfacet
  facet normal 0.555543 -0.831488 0
    outer loop
      vertex 5.82035 99.4586 2.4
      vertex 6.10248 99.6471 9
      vertex 5.82035 99.4586 9
    endloop
  endfacet
  facet normal 0.555543 -0.831488 0
    outer loop
      vertex 6.10248 99.6471 9
      vertex 5.82035 99.4586 2.4
      vertex 6.10248 99.6471 2.4
    endloop
  endfacet
  facet normal 0.321438 -0.946931 0
    outer loop
      vertex 6.40703 99.7973 2.4
      vertex 6.72843 99.9064 9
      vertex 6.40703 99.7973 9
    endloop
  endfacet
  facet normal 0.321438 -0.946931 0
    outer loop
      vertex 6.72843 99.9064 9
      vertex 6.40703 99.7973 2.4
      vertex 6.72843 99.9064 2.4
    endloop
  endfacet
  facet normal 0.659353 -0.751833 0
    outer loop
      vertex 5.56516 99.2348 2.4
      vertex 5.82035 99.4586 9
      vertex 5.56516 99.2348 9
    endloop
  endfacet
  facet normal 0.659353 -0.751833 0
    outer loop
      vertex 5.82035 99.4586 9
      vertex 5.56516 99.2348 2.4
      vertex 5.82035 99.4586 2.4
    endloop
  endfacet
  facet normal 0.831506 -0.555516 0
    outer loop
      vertex 5.15276 98.6974 9
      vertex 5.34136 98.9797 2.4
      vertex 5.34136 98.9797 9
    endloop
  endfacet
  facet normal 0.831506 -0.555516 0
    outer loop
      vertex 5.34136 98.9797 2.4
      vertex 5.15276 98.6974 9
      vertex 5.15276 98.6974 2.4
    endloop
  endfacet
  facet normal -0.897092 0.441845 0
    outer loop
      vertex 149.647 6.10248 2.4
      vertex 149.797 6.40703 9
      vertex 149.797 6.40703 2.4
    endloop
  endfacet
  facet normal -0.897092 0.441845 0
    outer loop
      vertex 149.797 6.40703 9
      vertex 149.647 6.10248 2.4
      vertex 149.647 6.10248 9
    endloop
  endfacet
  facet normal -0.980344 0.197294 0
    outer loop
      vertex 149.906 6.72843 2.4
      vertex 149.973 7.06135 9
      vertex 149.973 7.06135 2.4
    endloop
  endfacet
  facet normal -0.980344 0.197294 0
    outer loop
      vertex 149.973 7.06135 9
      vertex 149.906 6.72843 2.4
      vertex 149.906 6.72843 9
    endloop
  endfacet
  facet normal -0.456795 0.889572 0
    outer loop
      vertex 148.697 5.15276 2.4
      vertex 148.677 5.14249 9
      vertex 148.697 5.15276 9
    endloop
  endfacet
  facet normal -0.456795 0.889572 0
    outer loop
      vertex 148.677 5.14249 9
      vertex 148.697 5.15276 2.4
      vertex 148.677 5.14249 2.4
    endloop
  endfacet
  facet normal 0.442318 -0.896858 0
    outer loop
      vertex 6.10248 99.6471 2.4
      vertex 6.40703 99.7973 9
      vertex 6.10248 99.6471 9
    endloop
  endfacet
  facet normal 0.442318 -0.896858 0
    outer loop
      vertex 6.40703 99.7973 9
      vertex 6.10248 99.6471 2.4
      vertex 6.40703 99.7973 2.4
    endloop
  endfacet
  facet normal 0.896658 -0.442725 0
    outer loop
      vertex 5.14249 98.6766 9
      vertex 5.15276 98.6974 2.4
      vertex 5.15276 98.6974 9
    endloop
  endfacet
  facet normal 0.896658 -0.442725 0
    outer loop
      vertex 5.15276 98.6974 2.4
      vertex 5.14249 98.6766 9
      vertex 5.14249 98.6766 2.4
    endloop
  endfacet
  facet normal -0.94702 0.321174 0
    outer loop
      vertex 149.797 6.40703 2.4
      vertex 149.906 6.72843 9
      vertex 149.906 6.72843 2.4
    endloop
  endfacet
  facet normal -0.94702 0.321174 0
    outer loop
      vertex 149.906 6.72843 9
      vertex 149.797 6.40703 2.4
      vertex 149.797 6.40703 9
    endloop
  endfacet
  facet normal -0.659631 0.75159 0
    outer loop
      vertex 149.235 5.56516 2.4
      vertex 148.98 5.34136 9
      vertex 149.235 5.56516 9
    endloop
  endfacet
  facet normal -0.659631 0.75159 0
    outer loop
      vertex 148.98 5.34136 9
      vertex 149.235 5.56516 2.4
      vertex 148.98 5.34136 2.4
    endloop
  endfacet
  facet normal -0.554564 0.832141 0
    outer loop
      vertex 148.98 5.34136 2.4
      vertex 148.697 5.15276 9
      vertex 148.98 5.34136 9
    endloop
  endfacet
  facet normal -0.554564 0.832141 0
    outer loop
      vertex 148.697 5.15276 9
      vertex 148.98 5.34136 2.4
      vertex 148.697 5.15276 2.4
    endloop
  endfacet
  facet normal -0.751541 0.659686 0
    outer loop
      vertex 149.235 5.56516 2.4
      vertex 149.459 5.82035 9
      vertex 149.459 5.82035 2.4
    endloop
  endfacet
  facet normal -0.751541 0.659686 0
    outer loop
      vertex 149.459 5.82035 9
      vertex 149.235 5.56516 2.4
      vertex 149.235 5.56516 9
    endloop
  endfacet
  facet normal 0.997865 0.0653156 0
    outer loop
      vertex 17.5 86 5.8
      vertex 17.4701 86.4568 2.4
      vertex 17.4701 86.4568 5.8
    endloop
  endfacet
  facet normal 0.997865 0.0653156 0
    outer loop
      vertex 17.4701 86.4568 2.4
      vertex 17.5 86 5.8
      vertex 17.5 86 2.4
    endloop
  endfacet
  facet normal -0.0653156 0.997865 0
    outer loop
      vertex 14 89.5 2.4
      vertex 13.5432 89.4701 5.8
      vertex 14 89.5 5.8
    endloop
  endfacet
  facet normal -0.0653156 0.997865 0
    outer loop
      vertex 13.5432 89.4701 5.8
      vertex 14 89.5 2.4
      vertex 13.5432 89.4701 2.4
    endloop
  endfacet
  facet normal 0.659278 0.7519 -0
    outer loop
      vertex 16.4749 88.4749 2.4
      vertex 16.1307 88.7767 5.8
      vertex 16.4749 88.4749 5.8
    endloop
  endfacet
  facet normal 0.659278 0.7519 0
    outer loop
      vertex 16.1307 88.7767 5.8
      vertex 16.4749 88.4749 2.4
      vertex 16.1307 88.7767 2.4
    endloop
  endfacet
  facet normal -0.7519 0.659278 0
    outer loop
      vertex 11.2233 88.1307 2.4
      vertex 11.5251 88.4749 5.8
      vertex 11.5251 88.4749 2.4
    endloop
  endfacet
  facet normal -0.7519 0.659278 0
    outer loop
      vertex 11.5251 88.4749 5.8
      vertex 11.2233 88.1307 2.4
      vertex 11.2233 88.1307 5.8
    endloop
  endfacet
  facet normal -0.442314 0.89686 0
    outer loop
      vertex 12.6606 89.2336 2.4
      vertex 12.25 89.0311 5.8
      vertex 12.6606 89.2336 5.8
    endloop
  endfacet
  facet normal -0.442314 0.89686 0
    outer loop
      vertex 12.25 89.0311 5.8
      vertex 12.6606 89.2336 2.4
      vertex 12.25 89.0311 2.4
    endloop
  endfacet
  facet normal 0.7519 -0.659278 0
    outer loop
      vertex 16.4749 83.5251 5.8
      vertex 16.7767 83.8693 2.4
      vertex 16.7767 83.8693 5.8
    endloop
  endfacet
  facet normal 0.7519 -0.659278 0
    outer loop
      vertex 16.7767 83.8693 2.4
      vertex 16.4749 83.5251 5.8
      vertex 16.4749 83.5251 2.4
    endloop
  endfacet
  facet normal -0.946966 -0.321335 0
    outer loop
      vertex 10.7664 84.6606 2.4
      vertex 10.6193 85.0941 5.8
      vertex 10.6193 85.0941 2.4
    endloop
  endfacet
  facet normal -0.946966 -0.321335 0
    outer loop
      vertex 10.6193 85.0941 5.8
      vertex 10.7664 84.6606 2.4
      vertex 10.7664 84.6606 5.8
    endloop
  endfacet
  facet normal 0.89686 0.442314 0
    outer loop
      vertex 17.2336 87.3394 5.8
      vertex 17.0311 87.75 2.4
      vertex 17.0311 87.75 5.8
    endloop
  endfacet
  facet normal 0.89686 0.442314 0
    outer loop
      vertex 17.0311 87.75 2.4
      vertex 17.2336 87.3394 5.8
      vertex 17.2336 87.3394 2.4
    endloop
  endfacet
  facet normal 0.980757 0.195234 0
    outer loop
      vertex 17.4701 86.4568 5.8
      vertex 17.3807 86.9059 2.4
      vertex 17.3807 86.9059 5.8
    endloop
  endfacet
  facet normal 0.980757 0.195234 0
    outer loop
      vertex 17.3807 86.9059 2.4
      vertex 17.4701 86.4568 5.8
      vertex 17.4701 86.4568 2.4
    endloop
  endfacet
  facet normal 0.321335 0.946966 -0
    outer loop
      vertex 15.3394 89.2336 2.4
      vertex 14.9059 89.3807 5.8
      vertex 15.3394 89.2336 5.8
    endloop
  endfacet
  facet normal 0.321335 0.946966 0
    outer loop
      vertex 14.9059 89.3807 5.8
      vertex 15.3394 89.2336 2.4
      vertex 14.9059 89.3807 2.4
    endloop
  endfacet
  facet normal 0.555607 0.831445 -0
    outer loop
      vertex 16.1307 88.7767 2.4
      vertex 15.75 89.0311 5.8
      vertex 16.1307 88.7767 5.8
    endloop
  endfacet
  facet normal 0.555607 0.831445 0
    outer loop
      vertex 15.75 89.0311 5.8
      vertex 16.1307 88.7767 2.4
      vertex 15.75 89.0311 2.4
    endloop
  endfacet
  facet normal -0.89686 0.442314 0
    outer loop
      vertex 10.7664 87.3394 2.4
      vertex 10.9689 87.75 5.8
      vertex 10.9689 87.75 2.4
    endloop
  endfacet
  facet normal -0.89686 0.442314 0
    outer loop
      vertex 10.9689 87.75 5.8
      vertex 10.7664 87.3394 2.4
      vertex 10.7664 87.3394 5.8
    endloop
  endfacet
  facet normal -0.831445 0.555607 0
    outer loop
      vertex 10.9689 87.75 2.4
      vertex 11.2233 88.1307 5.8
      vertex 11.2233 88.1307 2.4
    endloop
  endfacet
  facet normal -0.831445 0.555607 0
    outer loop
      vertex 11.2233 88.1307 5.8
      vertex 10.9689 87.75 2.4
      vertex 10.9689 87.75 5.8
    endloop
  endfacet
  facet normal -0.980757 0.195234 0
    outer loop
      vertex 10.5299 86.4568 2.4
      vertex 10.6193 86.9059 5.8
      vertex 10.6193 86.9059 2.4
    endloop
  endfacet
  facet normal -0.980757 0.195234 0
    outer loop
      vertex 10.6193 86.9059 5.8
      vertex 10.5299 86.4568 2.4
      vertex 10.5299 86.4568 5.8
    endloop
  endfacet
  facet normal -0.659278 0.7519 0
    outer loop
      vertex 11.8693 88.7767 2.4
      vertex 11.5251 88.4749 5.8
      vertex 11.8693 88.7767 5.8
    endloop
  endfacet
  facet normal -0.659278 0.7519 0
    outer loop
      vertex 11.5251 88.4749 5.8
      vertex 11.8693 88.7767 2.4
      vertex 11.5251 88.4749 2.4
    endloop
  endfacet
  facet normal -0.195234 0.980757 0
    outer loop
      vertex 13.5432 89.4701 2.4
      vertex 13.0941 89.3807 5.8
      vertex 13.5432 89.4701 5.8
    endloop
  endfacet
  facet normal -0.195234 0.980757 0
    outer loop
      vertex 13.0941 89.3807 5.8
      vertex 13.5432 89.4701 2.4
      vertex 13.0941 89.3807 2.4
    endloop
  endfacet
  facet normal 0.946966 -0.321335 0
    outer loop
      vertex 17.2336 84.6606 5.8
      vertex 17.3807 85.0941 2.4
      vertex 17.3807 85.0941 5.8
    endloop
  endfacet
  facet normal 0.946966 -0.321335 0
    outer loop
      vertex 17.3807 85.0941 2.4
      vertex 17.2336 84.6606 5.8
      vertex 17.2336 84.6606 2.4
    endloop
  endfacet
  facet normal 0.321335 -0.946966 0
    outer loop
      vertex 14.9059 82.6193 2.4
      vertex 15.3394 82.7664 5.8
      vertex 14.9059 82.6193 5.8
    endloop
  endfacet
  facet normal 0.321335 -0.946966 0
    outer loop
      vertex 15.3394 82.7664 5.8
      vertex 14.9059 82.6193 2.4
      vertex 15.3394 82.7664 2.4
    endloop
  endfacet
  facet normal 0.195234 -0.980757 0
    outer loop
      vertex 14.4568 82.5299 2.4
      vertex 14.9059 82.6193 5.8
      vertex 14.4568 82.5299 5.8
    endloop
  endfacet
  facet normal 0.195234 -0.980757 0
    outer loop
      vertex 14.9059 82.6193 5.8
      vertex 14.4568 82.5299 2.4
      vertex 14.9059 82.6193 2.4
    endloop
  endfacet
  facet normal -0.555607 -0.831445 0
    outer loop
      vertex 11.8693 83.2233 2.4
      vertex 12.25 82.9689 5.8
      vertex 11.8693 83.2233 5.8
    endloop
  endfacet
  facet normal -0.555607 -0.831445 -0
    outer loop
      vertex 12.25 82.9689 5.8
      vertex 11.8693 83.2233 2.4
      vertex 12.25 82.9689 2.4
    endloop
  endfacet
  facet normal -0.195234 -0.980757 0
    outer loop
      vertex 13.0941 82.6193 2.4
      vertex 13.5432 82.5299 5.8
      vertex 13.0941 82.6193 5.8
    endloop
  endfacet
  facet normal -0.195234 -0.980757 -0
    outer loop
      vertex 13.5432 82.5299 5.8
      vertex 13.0941 82.6193 2.4
      vertex 13.5432 82.5299 2.4
    endloop
  endfacet
  facet normal -0.659278 -0.7519 0
    outer loop
      vertex 11.5251 83.5251 2.4
      vertex 11.8693 83.2233 5.8
      vertex 11.5251 83.5251 5.8
    endloop
  endfacet
  facet normal -0.659278 -0.7519 -0
    outer loop
      vertex 11.8693 83.2233 5.8
      vertex 11.5251 83.5251 2.4
      vertex 11.8693 83.2233 2.4
    endloop
  endfacet
  facet normal -0.980757 -0.195234 0
    outer loop
      vertex 10.6193 85.0941 2.4
      vertex 10.5299 85.5432 5.8
      vertex 10.5299 85.5432 2.4
    endloop
  endfacet
  facet normal -0.980757 -0.195234 0
    outer loop
      vertex 10.5299 85.5432 5.8
      vertex 10.6193 85.0941 2.4
      vertex 10.6193 85.0941 5.8
    endloop
  endfacet
  facet normal 0.946966 0.321335 0
    outer loop
      vertex 17.3807 86.9059 5.8
      vertex 17.2336 87.3394 2.4
      vertex 17.2336 87.3394 5.8
    endloop
  endfacet
  facet normal 0.946966 0.321335 0
    outer loop
      vertex 17.2336 87.3394 2.4
      vertex 17.3807 86.9059 5.8
      vertex 17.3807 86.9059 2.4
    endloop
  endfacet
  facet normal 0.7519 0.659278 0
    outer loop
      vertex 16.7767 88.1307 5.8
      vertex 16.4749 88.4749 2.4
      vertex 16.4749 88.4749 5.8
    endloop
  endfacet
  facet normal 0.7519 0.659278 0
    outer loop
      vertex 16.4749 88.4749 2.4
      vertex 16.7767 88.1307 5.8
      vertex 16.7767 88.1307 2.4
    endloop
  endfacet
  facet normal 0.831445 0.555607 0
    outer loop
      vertex 17.0311 87.75 5.8
      vertex 16.7767 88.1307 2.4
      vertex 16.7767 88.1307 5.8
    endloop
  endfacet
  facet normal 0.831445 0.555607 0
    outer loop
      vertex 16.7767 88.1307 2.4
      vertex 17.0311 87.75 5.8
      vertex 17.0311 87.75 2.4
    endloop
  endfacet
  facet normal 0.195234 0.980757 -0
    outer loop
      vertex 14.9059 89.3807 2.4
      vertex 14.4568 89.4701 5.8
      vertex 14.9059 89.3807 5.8
    endloop
  endfacet
  facet normal 0.195234 0.980757 0
    outer loop
      vertex 14.4568 89.4701 5.8
      vertex 14.9059 89.3807 2.4
      vertex 14.4568 89.4701 2.4
    endloop
  endfacet
  facet normal 0.0653156 0.997865 -0
    outer loop
      vertex 14.4568 89.4701 2.4
      vertex 14 89.5 5.8
      vertex 14.4568 89.4701 5.8
    endloop
  endfacet
  facet normal 0.0653156 0.997865 0
    outer loop
      vertex 14 89.5 5.8
      vertex 14.4568 89.4701 2.4
      vertex 14 89.5 2.4
    endloop
  endfacet
  facet normal 0.442314 0.89686 -0
    outer loop
      vertex 15.75 89.0311 2.4
      vertex 15.3394 89.2336 5.8
      vertex 15.75 89.0311 5.8
    endloop
  endfacet
  facet normal 0.442314 0.89686 0
    outer loop
      vertex 15.3394 89.2336 5.8
      vertex 15.75 89.0311 2.4
      vertex 15.3394 89.2336 2.4
    endloop
  endfacet
  facet normal -0.946966 0.321335 0
    outer loop
      vertex 10.6193 86.9059 2.4
      vertex 10.7664 87.3394 5.8
      vertex 10.7664 87.3394 2.4
    endloop
  endfacet
  facet normal -0.946966 0.321335 0
    outer loop
      vertex 10.7664 87.3394 5.8
      vertex 10.6193 86.9059 2.4
      vertex 10.6193 86.9059 5.8
    endloop
  endfacet
  facet normal -0.997865 0.0653156 0
    outer loop
      vertex 10.5 86 2.4
      vertex 10.5299 86.4568 5.8
      vertex 10.5299 86.4568 2.4
    endloop
  endfacet
  facet normal -0.997865 0.0653156 0
    outer loop
      vertex 10.5299 86.4568 5.8
      vertex 10.5 86 2.4
      vertex 10.5 86 5.8
    endloop
  endfacet
  facet normal 0 0 1
    outer loop
      vertex 15.05 86 5.8
      vertex 17.5 86 5.8
      vertex 17.4701 86.4568 5.8
    endloop
  endfacet
  facet normal 0 0 1
    outer loop
      vertex 15.041 86.1371 5.8
      vertex 17.4701 86.4568 5.8
      vertex 17.3807 86.9059 5.8
    endloop
  endfacet
  facet normal 0 0 1
    outer loop
      vertex 17.5 86 5.8
      vertex 15.05 86 5.8
      vertex 17.4701 85.5432 5.8
    endloop
  endfacet
  facet normal 0 0 1
    outer loop
      vertex 15.0142 86.2718 5.8
      vertex 17.3807 86.9059 5.8
      vertex 17.2336 87.3394 5.8
    endloop
  endfacet
  facet normal -0 0 1
    outer loop
      vertex 15.041 85.8629 5.8
      vertex 17.4701 85.5432 5.8
      vertex 15.05 86 5.8
    endloop
  endfacet
  facet normal 0 0 1
    outer loop
      vertex 14.9701 86.4018 5.8
      vertex 17.2336 87.3394 5.8
      vertex 17.0311 87.75 5.8
    endloop
  endfacet
  facet normal 0 0 1
    outer loop
      vertex 17.4701 85.5432 5.8
      vertex 15.041 85.8629 5.8
      vertex 17.3807 85.0941 5.8
    endloop
  endfacet
  facet normal 0 0 1
    outer loop
      vertex 14.9093 86.525 5.8
      vertex 17.0311 87.75 5.8
      vertex 16.7767 88.1307 5.8
    endloop
  endfacet
  facet normal -0 0 1
    outer loop
      vertex 15.0142 85.7282 5.8
      vertex 17.3807 85.0941 5.8
      vertex 15.041 85.8629 5.8
    endloop
  endfacet
  facet normal 0 0 1
    outer loop
      vertex 14.833 86.6392 5.8
      vertex 16.7767 88.1307 5.8
      vertex 16.4749 88.4749 5.8
    endloop
  endfacet
  facet normal 0 0 1
    outer loop
      vertex 17.3807 85.0941 5.8
      vertex 15.0142 85.7282 5.8
      vertex 17.2336 84.6606 5.8
    endloop
  endfacet
  facet normal 0 0 1
    outer loop
      vertex 14.7425 86.7425 5.8
      vertex 16.4749 88.4749 5.8
      vertex 16.1307 88.7767 5.8
    endloop
  endfacet
  facet normal -0 0 1
    outer loop
      vertex 14.9701 85.5982 5.8
      vertex 17.2336 84.6606 5.8
      vertex 15.0142 85.7282 5.8
    endloop
  endfacet
  facet normal 0 0 1
    outer loop
      vertex 14.6392 86.833 5.8
      vertex 16.1307 88.7767 5.8
      vertex 15.75 89.0311 5.8
    endloop
  endfacet
  facet normal 0 0 1
    outer loop
      vertex 17.2336 84.6606 5.8
      vertex 14.9701 85.5982 5.8
      vertex 17.0311 84.25 5.8
    endloop
  endfacet
  facet normal 0 0 1
    outer loop
      vertex 14.525 86.9093 5.8
      vertex 15.75 89.0311 5.8
      vertex 15.3394 89.2336 5.8
    endloop
  endfacet
  facet normal -0 0 1
    outer loop
      vertex 14.9093 85.475 5.8
      vertex 17.0311 84.25 5.8
      vertex 14.9701 85.5982 5.8
    endloop
  endfacet
  facet normal 0 0 1
    outer loop
      vertex 17.0311 84.25 5.8
      vertex 14.9093 85.475 5.8
      vertex 16.7767 83.8693 5.8
    endloop
  endfacet
  facet normal 0 0 1
    outer loop
      vertex 17.4701 86.4568 5.8
      vertex 15.041 86.1371 5.8
      vertex 15.05 86 5.8
    endloop
  endfacet
  facet normal 0 0 1
    outer loop
      vertex 17.3807 86.9059 5.8
      vertex 15.0142 86.2718 5.8
      vertex 15.041 86.1371 5.8
    endloop
  endfacet
  facet normal 0 0 1
    outer loop
      vertex 17.2336 87.3394 5.8
      vertex 14.9701 86.4018 5.8
      vertex 15.0142 86.2718 5.8
    endloop
  endfacet
  facet normal 0 0 1
    outer loop
      vertex 17.0311 87.75 5.8
      vertex 14.9093 86.525 5.8
      vertex 14.9701 86.4018 5.8
    endloop
  endfacet
  facet normal 0 0 1
    outer loop
      vertex 14.4018 86.9701 5.8
      vertex 15.3394 89.2336 5.8
      vertex 14.9059 89.3807 5.8
    endloop
  endfacet
  facet normal 0 0 1
    outer loop
      vertex 16.7767 88.1307 5.8
      vertex 14.833 86.6392 5.8
      vertex 14.9093 86.525 5.8
    endloop
  endfacet
  facet normal 0 0 1
    outer loop
      vertex 16.4749 88.4749 5.8
      vertex 14.7425 86.7425 5.8
      vertex 14.833 86.6392 5.8
    endloop
  endfacet
  facet normal 0 0 1
    outer loop
      vertex 16.1307 88.7767 5.8
      vertex 14.6392 86.833 5.8
      vertex 14.7425 86.7425 5.8
    endloop
  endfacet
  facet normal 0 0 1
    outer loop
      vertex 15.75 89.0311 5.8
      vertex 14.525 86.9093 5.8
      vertex 14.6392 86.833 5.8
    endloop
  endfacet
  facet normal 0 0 1
    outer loop
      vertex 14.2718 87.0142 5.8
      vertex 14.9059 89.3807 5.8
      vertex 14.4568 89.4701 5.8
    endloop
  endfacet
  facet normal 0 0 1
    outer loop
      vertex 15.3394 89.2336 5.8
      vertex 14.4018 86.9701 5.8
      vertex 14.525 86.9093 5.8
    endloop
  endfacet
  facet normal 0 0 1
    outer loop
      vertex 14.9059 89.3807 5.8
      vertex 14.2718 87.0142 5.8
      vertex 14.4018 86.9701 5.8
    endloop
  endfacet
  facet normal 0 0 1
    outer loop
      vertex 14.4568 89.4701 5.8
      vertex 14.1371 87.041 5.8
      vertex 14.2718 87.0142 5.8
    endloop
  endfacet
  facet normal 0 0 1
    outer loop
      vertex 14 89.5 5.8
      vertex 14.1371 87.041 5.8
      vertex 14.4568 89.4701 5.8
    endloop
  endfacet
  facet normal 0 0 1
    outer loop
      vertex 14 89.5 5.8
      vertex 14 87.05 5.8
      vertex 14.1371 87.041 5.8
    endloop
  endfacet
  facet normal 0 0 1
    outer loop
      vertex 14 89.5 5.8
      vertex 13.8629 87.041 5.8
      vertex 14 87.05 5.8
    endloop
  endfacet
  facet normal -0 0 1
    outer loop
      vertex 13.5432 89.4701 5.8
      vertex 13.8629 87.041 5.8
      vertex 14 89.5 5.8
    endloop
  endfacet
  facet normal 0 0 1
    outer loop
      vertex 13.8629 87.041 5.8
      vertex 13.5432 89.4701 5.8
      vertex 13.7282 87.0142 5.8
    endloop
  endfacet
  facet normal -0 0 1
    outer loop
      vertex 13.0941 89.3807 5.8
      vertex 13.7282 87.0142 5.8
      vertex 13.5432 89.4701 5.8
    endloop
  endfacet
  facet normal 0 0 1
    outer loop
      vertex 13.7282 87.0142 5.8
      vertex 13.0941 89.3807 5.8
      vertex 13.5982 86.9701 5.8
    endloop
  endfacet
  facet normal -0 0 1
    outer loop
      vertex 12.6606 89.2336 5.8
      vertex 13.5982 86.9701 5.8
      vertex 13.0941 89.3807 5.8
    endloop
  endfacet
  facet normal 0 0 1
    outer loop
      vertex 13.5982 86.9701 5.8
      vertex 12.6606 89.2336 5.8
      vertex 13.475 86.9093 5.8
    endloop
  endfacet
  facet normal -0 0 1
    outer loop
      vertex 12.25 89.0311 5.8
      vertex 13.475 86.9093 5.8
      vertex 12.6606 89.2336 5.8
    endloop
  endfacet
  facet normal 0 0 1
    outer loop
      vertex 13.475 86.9093 5.8
      vertex 12.25 89.0311 5.8
      vertex 13.3608 86.833 5.8
    endloop
  endfacet
  facet normal -0 0 1
    outer loop
      vertex 11.8693 88.7767 5.8
      vertex 13.3608 86.833 5.8
      vertex 12.25 89.0311 5.8
    endloop
  endfacet
  facet normal 0 0 1
    outer loop
      vertex 13.3608 86.833 5.8
      vertex 11.8693 88.7767 5.8
      vertex 13.2575 86.7425 5.8
    endloop
  endfacet
  facet normal -0 0 1
    outer loop
      vertex 11.5251 88.4749 5.8
      vertex 13.2575 86.7425 5.8
      vertex 11.8693 88.7767 5.8
    endloop
  endfacet
  facet normal 0 0 1
    outer loop
      vertex 13.2575 86.7425 5.8
      vertex 11.5251 88.4749 5.8
      vertex 13.167 86.6392 5.8
    endloop
  endfacet
  facet normal -0 0 1
    outer loop
      vertex 11.2233 88.1307 5.8
      vertex 13.167 86.6392 5.8
      vertex 11.5251 88.4749 5.8
    endloop
  endfacet
  facet normal 0 0 1
    outer loop
      vertex 13.167 86.6392 5.8
      vertex 11.2233 88.1307 5.8
      vertex 13.0907 86.525 5.8
    endloop
  endfacet
  facet normal -0 0 1
    outer loop
      vertex 14.833 85.3608 5.8
      vertex 16.7767 83.8693 5.8
      vertex 14.9093 85.475 5.8
    endloop
  endfacet
  facet normal 0 0 1
    outer loop
      vertex 16.7767 83.8693 5.8
      vertex 14.833 85.3608 5.8
      vertex 16.4749 83.5251 5.8
    endloop
  endfacet
  facet normal -0 0 1
    outer loop
      vertex 14.7425 85.2575 5.8
      vertex 16.4749 83.5251 5.8
      vertex 14.833 85.3608 5.8
    endloop
  endfacet
  facet normal 0 0 1
    outer loop
      vertex 16.4749 83.5251 5.8
      vertex 14.7425 85.2575 5.8
      vertex 16.1307 83.2233 5.8
    endloop
  endfacet
  facet normal -0 0 1
    outer loop
      vertex 14.6392 85.167 5.8
      vertex 16.1307 83.2233 5.8
      vertex 14.7425 85.2575 5.8
    endloop
  endfacet
  facet normal 0 0 1
    outer loop
      vertex 16.1307 83.2233 5.8
      vertex 14.6392 85.167 5.8
      vertex 15.75 82.9689 5.8
    endloop
  endfacet
  facet normal -0 0 1
    outer loop
      vertex 14.525 85.0907 5.8
      vertex 15.75 82.9689 5.8
      vertex 14.6392 85.167 5.8
    endloop
  endfacet
  facet normal 0 0 1
    outer loop
      vertex 15.75 82.9689 5.8
      vertex 14.525 85.0907 5.8
      vertex 15.3394 82.7664 5.8
    endloop
  endfacet
  facet normal -0 0 1
    outer loop
      vertex 14.4018 85.0299 5.8
      vertex 15.3394 82.7664 5.8
      vertex 14.525 85.0907 5.8
    endloop
  endfacet
  facet normal 0 0 1
    outer loop
      vertex 15.3394 82.7664 5.8
      vertex 14.4018 85.0299 5.8
      vertex 14.9059 82.6193 5.8
    endloop
  endfacet
  facet normal -0 0 1
    outer loop
      vertex 14.2718 84.9858 5.8
      vertex 14.9059 82.6193 5.8
      vertex 14.4018 85.0299 5.8
    endloop
  endfacet
  facet normal 0 0 1
    outer loop
      vertex 14.9059 82.6193 5.8
      vertex 14.2718 84.9858 5.8
      vertex 14.4568 82.5299 5.8
    endloop
  endfacet
  facet normal -0 0 1
    outer loop
      vertex 14.1371 84.959 5.8
      vertex 14.4568 82.5299 5.8
      vertex 14.2718 84.9858 5.8
    endloop
  endfacet
  facet normal -0 0 1
    outer loop
      vertex 14 84.95 5.8
      vertex 14.4568 82.5299 5.8
      vertex 14.1371 84.959 5.8
    endloop
  endfacet
  facet normal 0 0 1
    outer loop
      vertex 14 84.95 5.8
      vertex 14 82.5 5.8
      vertex 14.4568 82.5299 5.8
    endloop
  endfacet
  facet normal 0 0 1
    outer loop
      vertex 13.8629 84.959 5.8
      vertex 14 82.5 5.8
      vertex 14 84.95 5.8
    endloop
  endfacet
  facet normal 0 0 1
    outer loop
      vertex 13.5432 82.5299 5.8
      vertex 13.8629 84.959 5.8
      vertex 13.7282 84.9858 5.8
    endloop
  endfacet
  facet normal 0 0 1
    outer loop
      vertex 13.0941 82.6193 5.8
      vertex 13.7282 84.9858 5.8
      vertex 13.5982 85.0299 5.8
    endloop
  endfacet
  facet normal 0 0 1
    outer loop
      vertex 13.8629 84.959 5.8
      vertex 13.5432 82.5299 5.8
      vertex 14 82.5 5.8
    endloop
  endfacet
  facet normal 0 0 1
    outer loop
      vertex 12.6606 82.7664 5.8
      vertex 13.5982 85.0299 5.8
      vertex 13.475 85.0907 5.8
    endloop
  endfacet
  facet normal 0 0 1
    outer loop
      vertex 12.25 82.9689 5.8
      vertex 13.475 85.0907 5.8
      vertex 13.3608 85.167 5.8
    endloop
  endfacet
  facet normal 0 0 1
    outer loop
      vertex 11.8693 83.2233 5.8
      vertex 13.3608 85.167 5.8
      vertex 13.2575 85.2575 5.8
    endloop
  endfacet
  facet normal 0 0 1
    outer loop
      vertex 11.5251 83.5251 5.8
      vertex 13.2575 85.2575 5.8
      vertex 13.167 85.3608 5.8
    endloop
  endfacet
  facet normal 0 0 1
    outer loop
      vertex 13.7282 84.9858 5.8
      vertex 13.0941 82.6193 5.8
      vertex 13.5432 82.5299 5.8
    endloop
  endfacet
  facet normal 0 0 1
    outer loop
      vertex 11.2233 83.8693 5.8
      vertex 13.167 85.3608 5.8
      vertex 13.0907 85.475 5.8
    endloop
  endfacet
  facet normal 0 0 1
    outer loop
      vertex 10.9689 84.25 5.8
      vertex 13.0907 85.475 5.8
      vertex 13.0299 85.5982 5.8
    endloop
  endfacet
  facet normal 0 0 1
    outer loop
      vertex 10.7664 84.6606 5.8
      vertex 13.0299 85.5982 5.8
      vertex 12.9858 85.7282 5.8
    endloop
  endfacet
  facet normal 0 0 1
    outer loop
      vertex 10.6193 85.0941 5.8
      vertex 12.9858 85.7282 5.8
      vertex 12.959 85.8629 5.8
    endloop
  endfacet
  facet normal 0 0 1
    outer loop
      vertex 10.5299 85.5432 5.8
      vertex 12.959 85.8629 5.8
      vertex 12.95 86 5.8
    endloop
  endfacet
  facet normal -0 0 1
    outer loop
      vertex 10.9689 87.75 5.8
      vertex 13.0907 86.525 5.8
      vertex 11.2233 88.1307 5.8
    endloop
  endfacet
  facet normal 0 0 1
    outer loop
      vertex 13.5982 85.0299 5.8
      vertex 12.6606 82.7664 5.8
      vertex 13.0941 82.6193 5.8
    endloop
  endfacet
  facet normal 0 0 1
    outer loop
      vertex 13.0907 86.525 5.8
      vertex 10.9689 87.75 5.8
      vertex 13.0299 86.4018 5.8
    endloop
  endfacet
  facet normal 0 0 1
    outer loop
      vertex 13.475 85.0907 5.8
      vertex 12.25 82.9689 5.8
      vertex 12.6606 82.7664 5.8
    endloop
  endfacet
  facet normal -0 0 1
    outer loop
      vertex 10.7664 87.3394 5.8
      vertex 13.0299 86.4018 5.8
      vertex 10.9689 87.75 5.8
    endloop
  endfacet
  facet normal 0 0 1
    outer loop
      vertex 13.3608 85.167 5.8
      vertex 11.8693 83.2233 5.8
      vertex 12.25 82.9689 5.8
    endloop
  endfacet
  facet normal 0 0 1
    outer loop
      vertex 13.0299 86.4018 5.8
      vertex 10.7664 87.3394 5.8
      vertex 12.9858 86.2718 5.8
    endloop
  endfacet
  facet normal 0 0 1
    outer loop
      vertex 13.2575 85.2575 5.8
      vertex 11.5251 83.5251 5.8
      vertex 11.8693 83.2233 5.8
    endloop
  endfacet
  facet normal -0 0 1
    outer loop
      vertex 10.6193 86.9059 5.8
      vertex 12.9858 86.2718 5.8
      vertex 10.7664 87.3394 5.8
    endloop
  endfacet
  facet normal 0 0 1
    outer loop
      vertex 13.167 85.3608 5.8
      vertex 11.2233 83.8693 5.8
      vertex 11.5251 83.5251 5.8
    endloop
  endfacet
  facet normal 0 0 1
    outer loop
      vertex 12.9858 86.2718 5.8
      vertex 10.6193 86.9059 5.8
      vertex 12.959 86.1371 5.8
    endloop
  endfacet
  facet normal 0 0 1
    outer loop
      vertex 13.0907 85.475 5.8
      vertex 10.9689 84.25 5.8
      vertex 11.2233 83.8693 5.8
    endloop
  endfacet
  facet normal -0 0 1
    outer loop
      vertex 10.5299 86.4568 5.8
      vertex 12.959 86.1371 5.8
      vertex 10.6193 86.9059 5.8
    endloop
  endfacet
  facet normal 0 0 1
    outer loop
      vertex 13.0299 85.5982 5.8
      vertex 10.7664 84.6606 5.8
      vertex 10.9689 84.25 5.8
    endloop
  endfacet
  facet normal 0 0 1
    outer loop
      vertex 12.959 86.1371 5.8
      vertex 10.5299 86.4568 5.8
      vertex 12.95 86 5.8
    endloop
  endfacet
  facet normal 0 0 1
    outer loop
      vertex 12.9858 85.7282 5.8
      vertex 10.6193 85.0941 5.8
      vertex 10.7664 84.6606 5.8
    endloop
  endfacet
  facet normal 0 0 1
    outer loop
      vertex 10.5 86 5.8
      vertex 12.95 86 5.8
      vertex 10.5299 86.4568 5.8
    endloop
  endfacet
  facet normal 0 0 1
    outer loop
      vertex 12.959 85.8629 5.8
      vertex 10.5299 85.5432 5.8
      vertex 10.6193 85.0941 5.8
    endloop
  endfacet
  facet normal 0 0 1
    outer loop
      vertex 12.95 86 5.8
      vertex 10.5 86 5.8
      vertex 10.5299 85.5432 5.8
    endloop
  endfacet
  facet normal -0.555607 0.831445 0
    outer loop
      vertex 12.25 89.0311 2.4
      vertex 11.8693 88.7767 5.8
      vertex 12.25 89.0311 5.8
    endloop
  endfacet
  facet normal -0.555607 0.831445 0
    outer loop
      vertex 11.8693 88.7767 5.8
      vertex 12.25 89.0311 2.4
      vertex 11.8693 88.7767 2.4
    endloop
  endfacet
  facet normal 0.997865 -0.0653156 0
    outer loop
      vertex 17.4701 85.5432 5.8
      vertex 17.5 86 2.4
      vertex 17.5 86 5.8
    endloop
  endfacet
  facet normal 0.997865 -0.0653156 0
    outer loop
      vertex 17.5 86 2.4
      vertex 17.4701 85.5432 5.8
      vertex 17.4701 85.5432 2.4
    endloop
  endfacet
  facet normal 0.555607 -0.831445 0
    outer loop
      vertex 15.75 82.9689 2.4
      vertex 16.1307 83.2233 5.8
      vertex 15.75 82.9689 5.8
    endloop
  endfacet
  facet normal 0.555607 -0.831445 0
    outer loop
      vertex 16.1307 83.2233 5.8
      vertex 15.75 82.9689 2.4
      vertex 16.1307 83.2233 2.4
    endloop
  endfacet
  facet normal 0.659278 -0.7519 0
    outer loop
      vertex 16.1307 83.2233 2.4
      vertex 16.4749 83.5251 5.8
      vertex 16.1307 83.2233 5.8
    endloop
  endfacet
  facet normal 0.659278 -0.7519 0
    outer loop
      vertex 16.4749 83.5251 5.8
      vertex 16.1307 83.2233 2.4
      vertex 16.4749 83.5251 2.4
    endloop
  endfacet
  facet normal 0.831445 -0.555607 0
    outer loop
      vertex 16.7767 83.8693 5.8
      vertex 17.0311 84.25 2.4
      vertex 17.0311 84.25 5.8
    endloop
  endfacet
  facet normal 0.831445 -0.555607 0
    outer loop
      vertex 17.0311 84.25 2.4
      vertex 16.7767 83.8693 5.8
      vertex 16.7767 83.8693 2.4
    endloop
  endfacet
  facet normal 0.980757 -0.195234 0
    outer loop
      vertex 17.3807 85.0941 5.8
      vertex 17.4701 85.5432 2.4
      vertex 17.4701 85.5432 5.8
    endloop
  endfacet
  facet normal 0.980757 -0.195234 0
    outer loop
      vertex 17.4701 85.5432 2.4
      vertex 17.3807 85.0941 5.8
      vertex 17.3807 85.0941 2.4
    endloop
  endfacet
  facet normal -0.442314 -0.89686 0
    outer loop
      vertex 12.25 82.9689 2.4
      vertex 12.6606 82.7664 5.8
      vertex 12.25 82.9689 5.8
    endloop
  endfacet
  facet normal -0.442314 -0.89686 -0
    outer loop
      vertex 12.6606 82.7664 5.8
      vertex 12.25 82.9689 2.4
      vertex 12.6606 82.7664 2.4
    endloop
  endfacet
  facet normal -0.321335 -0.946966 0
    outer loop
      vertex 12.6606 82.7664 2.4
      vertex 13.0941 82.6193 5.8
      vertex 12.6606 82.7664 5.8
    endloop
  endfacet
  facet normal -0.321335 -0.946966 -0
    outer loop
      vertex 13.0941 82.6193 5.8
      vertex 12.6606 82.7664 2.4
      vertex 13.0941 82.6193 2.4
    endloop
  endfacet
  facet normal -0.0653156 -0.997865 0
    outer loop
      vertex 13.5432 82.5299 2.4
      vertex 14 82.5 5.8
      vertex 13.5432 82.5299 5.8
    endloop
  endfacet
  facet normal -0.0653156 -0.997865 -0
    outer loop
      vertex 14 82.5 5.8
      vertex 13.5432 82.5299 2.4
      vertex 14 82.5 2.4
    endloop
  endfacet
  facet normal -0.831445 -0.555607 0
    outer loop
      vertex 11.2233 83.8693 2.4
      vertex 10.9689 84.25 5.8
      vertex 10.9689 84.25 2.4
    endloop
  endfacet
  facet normal -0.831445 -0.555607 0
    outer loop
      vertex 10.9689 84.25 5.8
      vertex 11.2233 83.8693 2.4
      vertex 11.2233 83.8693 5.8
    endloop
  endfacet
  facet normal -0.89686 -0.442314 0
    outer loop
      vertex 10.9689 84.25 2.4
      vertex 10.7664 84.6606 5.8
      vertex 10.7664 84.6606 2.4
    endloop
  endfacet
  facet normal -0.89686 -0.442314 0
    outer loop
      vertex 10.7664 84.6606 5.8
      vertex 10.9689 84.25 2.4
      vertex 10.9689 84.25 5.8
    endloop
  endfacet
  facet normal -0.997865 -0.0653156 0
    outer loop
      vertex 10.5299 85.5432 2.4
      vertex 10.5 86 5.8
      vertex 10.5 86 2.4
    endloop
  endfacet
  facet normal -0.997865 -0.0653156 0
    outer loop
      vertex 10.5 86 5.8
      vertex 10.5299 85.5432 2.4
      vertex 10.5299 85.5432 5.8
    endloop
  endfacet
  facet normal -0.321335 0.946966 0
    outer loop
      vertex 13.0941 89.3807 2.4
      vertex 12.6606 89.2336 5.8
      vertex 13.0941 89.3807 5.8
    endloop
  endfacet
  facet normal -0.321335 0.946966 0
    outer loop
      vertex 12.6606 89.2336 5.8
      vertex 13.0941 89.3807 2.4
      vertex 12.6606 89.2336 2.4
    endloop
  endfacet
  facet normal 0.442314 -0.89686 0
    outer loop
      vertex 15.3394 82.7664 2.4
      vertex 15.75 82.9689 5.8
      vertex 15.3394 82.7664 5.8
    endloop
  endfacet
  facet normal 0.442314 -0.89686 0
    outer loop
      vertex 15.75 82.9689 5.8
      vertex 15.3394 82.7664 2.4
      vertex 15.75 82.9689 2.4
    endloop
  endfacet
  facet normal 0.89686 -0.442314 0
    outer loop
      vertex 17.0311 84.25 5.8
      vertex 17.2336 84.6606 2.4
      vertex 17.2336 84.6606 5.8
    endloop
  endfacet
  facet normal 0.89686 -0.442314 0
    outer loop
      vertex 17.2336 84.6606 2.4
      vertex 17.0311 84.25 5.8
      vertex 17.0311 84.25 2.4
    endloop
  endfacet
  facet normal 0.0653156 -0.997865 0
    outer loop
      vertex 14 82.5 2.4
      vertex 14.4568 82.5299 5.8
      vertex 14 82.5 5.8
    endloop
  endfacet
  facet normal 0.0653156 -0.997865 0
    outer loop
      vertex 14.4568 82.5299 5.8
      vertex 14 82.5 2.4
      vertex 14.4568 82.5299 2.4
    endloop
  endfacet
  facet normal -0.7519 -0.659278 0
    outer loop
      vertex 11.5251 83.5251 2.4
      vertex 11.2233 83.8693 5.8
      vertex 11.2233 83.8693 2.4
    endloop
  endfacet
  facet normal -0.7519 -0.659278 0
    outer loop
      vertex 11.2233 83.8693 5.8
      vertex 11.5251 83.5251 2.4
      vertex 11.5251 83.5251 5.8
    endloop
  endfacet
  facet normal 0.99785 0.0655331 0
    outer loop
      vertex 118.5 65 5.8
      vertex 118.47 65.4568 2.4
      vertex 118.47 65.4568 5.8
    endloop
  endfacet
  facet normal 0.99785 0.0655331 0
    outer loop
      vertex 118.47 65.4568 2.4
      vertex 118.5 65 5.8
      vertex 118.5 65 2.4
    endloop
  endfacet
  facet normal -0.0652871 0.997867 0
    outer loop
      vertex 115 68.5 2.4
      vertex 114.543 68.4701 5.8
      vertex 115 68.5 5.8
    endloop
  endfacet
  facet normal -0.0652871 0.997867 0
    outer loop
      vertex 114.543 68.4701 5.8
      vertex 115 68.5 2.4
      vertex 114.543 68.4701 2.4
    endloop
  endfacet
  facet normal 0.0652871 -0.997867 0
    outer loop
      vertex 115 61.5 2.4
      vertex 115.457 61.5299 5.8
      vertex 115 61.5 5.8
    endloop
  endfacet
  facet normal 0.0652871 -0.997867 0
    outer loop
      vertex 115.457 61.5299 5.8
      vertex 115 61.5 2.4
      vertex 115.457 61.5299 2.4
    endloop
  endfacet
  facet normal -0.659494 -0.75171 0
    outer loop
      vertex 112.525 62.5251 2.4
      vertex 112.869 62.2233 5.8
      vertex 112.525 62.5251 5.8
    endloop
  endfacet
  facet normal -0.659494 -0.75171 -0
    outer loop
      vertex 112.869 62.2233 5.8
      vertex 112.525 62.5251 2.4
      vertex 112.869 62.2233 2.4
    endloop
  endfacet
  facet normal 0.659494 0.75171 -0
    outer loop
      vertex 117.475 67.4749 2.4
      vertex 117.131 67.7767 5.8
      vertex 117.475 67.4749 5.8
    endloop
  endfacet
  facet normal 0.659494 0.75171 0
    outer loop
      vertex 117.131 67.7767 5.8
      vertex 117.475 67.4749 2.4
      vertex 117.131 67.7767 2.4
    endloop
  endfacet
  facet normal -0.751683 0.659524 0
    outer loop
      vertex 112.223 67.1307 2.4
      vertex 112.525 67.4749 5.8
      vertex 112.525 67.4749 2.4
    endloop
  endfacet
  facet normal -0.751683 0.659524 0
    outer loop
      vertex 112.525 67.4749 5.8
      vertex 112.223 67.1307 2.4
      vertex 112.223 67.1307 5.8
    endloop
  endfacet
  facet normal -0.441968 0.897031 0
    outer loop
      vertex 113.661 68.2336 2.4
      vertex 113.25 68.0311 5.8
      vertex 113.661 68.2336 5.8
    endloop
  endfacet
  facet normal -0.441968 0.897031 0
    outer loop
      vertex 113.25 68.0311 5.8
      vertex 113.661 68.2336 2.4
      vertex 113.25 68.0311 2.4
    endloop
  endfacet
  facet normal 0.896427 0.443192 0
    outer loop
      vertex 118.234 66.3394 5.8
      vertex 118.031 66.75 2.4
      vertex 118.031 66.75 5.8
    endloop
  endfacet
  facet normal 0.896427 0.443192 0
    outer loop
      vertex 118.031 66.75 2.4
      vertex 118.234 66.3394 5.8
      vertex 118.234 66.3394 2.4
    endloop
  endfacet
  facet normal 0.980924 0.194394 0
    outer loop
      vertex 118.47 65.4568 5.8
      vertex 118.381 65.9059 2.4
      vertex 118.381 65.9059 5.8
    endloop
  endfacet
  facet normal 0.980924 0.194394 0
    outer loop
      vertex 118.381 65.9059 2.4
      vertex 118.47 65.4568 5.8
      vertex 118.47 65.4568 2.4
    endloop
  endfacet
  facet normal 0.321668 0.946853 -0
    outer loop
      vertex 116.339 68.2336 2.4
      vertex 115.906 68.3807 5.8
      vertex 116.339 68.2336 5.8
    endloop
  endfacet
  facet normal 0.321668 0.946853 0
    outer loop
      vertex 115.906 68.3807 5.8
      vertex 116.339 68.2336 2.4
      vertex 115.906 68.3807 2.4
    endloop
  endfacet
  facet normal 0.555305 0.831647 -0
    outer loop
      vertex 117.131 67.7767 2.4
      vertex 116.75 68.0311 5.8
      vertex 117.131 67.7767 5.8
    endloop
  endfacet
  facet normal 0.555305 0.831647 0
    outer loop
      vertex 116.75 68.0311 5.8
      vertex 117.131 67.7767 2.4
      vertex 116.75 68.0311 2.4
    endloop
  endfacet
  facet normal -0.947032 0.321139 0
    outer loop
      vertex 111.619 65.9059 2.4
      vertex 111.766 66.3394 5.8
      vertex 111.766 66.3394 2.4
    endloop
  endfacet
  facet normal -0.947032 0.321139 0
    outer loop
      vertex 111.766 66.3394 5.8
      vertex 111.619 65.9059 2.4
      vertex 111.619 65.9059 5.8
    endloop
  endfacet
  facet normal -0.831849 0.555003 0
    outer loop
      vertex 111.969 66.75 2.4
      vertex 112.223 67.1307 5.8
      vertex 112.223 67.1307 2.4
    endloop
  endfacet
  facet normal -0.831849 0.555003 0
    outer loop
      vertex 112.223 67.1307 5.8
      vertex 111.969 66.75 2.4
      vertex 111.969 66.75 5.8
    endloop
  endfacet
  facet normal -0.980924 0.194394 0
    outer loop
      vertex 111.53 65.4568 2.4
      vertex 111.619 65.9059 5.8
      vertex 111.619 65.9059 2.4
    endloop
  endfacet
  facet normal -0.980924 0.194394 0
    outer loop
      vertex 111.619 65.9059 5.8
      vertex 111.53 65.4568 2.4
      vertex 111.53 65.4568 5.8
    endloop
  endfacet
  facet normal -0.195276 0.980748 0
    outer loop
      vertex 114.543 68.4701 2.4
      vertex 114.094 68.3807 5.8
      vertex 114.543 68.4701 5.8
    endloop
  endfacet
  facet normal -0.195276 0.980748 0
    outer loop
      vertex 114.094 68.3807 5.8
      vertex 114.543 68.4701 2.4
      vertex 114.094 68.3807 2.4
    endloop
  endfacet
  facet normal 0.195276 -0.980748 0
    outer loop
      vertex 115.457 61.5299 2.4
      vertex 115.906 61.6193 5.8
      vertex 115.457 61.5299 5.8
    endloop
  endfacet
  facet normal 0.195276 -0.980748 0
    outer loop
      vertex 115.906 61.6193 5.8
      vertex 115.457 61.5299 2.4
      vertex 115.906 61.6193 2.4
    endloop
  endfacet
  facet normal -0.555305 -0.831647 0
    outer loop
      vertex 112.869 62.2233 2.4
      vertex 113.25 61.9689 5.8
      vertex 112.869 62.2233 5.8
    endloop
  endfacet
  facet normal -0.555305 -0.831647 -0
    outer loop
      vertex 113.25 61.9689 5.8
      vertex 112.869 62.2233 2.4
      vertex 113.25 61.9689 2.4
    endloop
  endfacet
  facet normal -0.195276 -0.980748 0
    outer loop
      vertex 114.094 61.6193 2.4
      vertex 114.543 61.5299 5.8
      vertex 114.094 61.6193 5.8
    endloop
  endfacet
  facet normal -0.195276 -0.980748 -0
    outer loop
      vertex 114.543 61.5299 5.8
      vertex 114.094 61.6193 2.4
      vertex 114.543 61.5299 2.4
    endloop
  endfacet
  facet normal -0.980924 -0.194394 0
    outer loop
      vertex 111.619 64.0941 2.4
      vertex 111.53 64.5432 5.8
      vertex 111.53 64.5432 2.4
    endloop
  endfacet
  facet normal -0.980924 -0.194394 0
    outer loop
      vertex 111.53 64.5432 5.8
      vertex 111.619 64.0941 2.4
      vertex 111.619 64.0941 5.8
    endloop
  endfacet
  facet normal 0.947032 0.321139 0
    outer loop
      vertex 118.381 65.9059 5.8
      vertex 118.234 66.3394 2.4
      vertex 118.234 66.3394 5.8
    endloop
  endfacet
  facet normal 0.947032 0.321139 0
    outer loop
      vertex 118.234 66.3394 2.4
      vertex 118.381 65.9059 5.8
      vertex 118.381 65.9059 2.4
    endloop
  endfacet
  facet normal 0.751683 0.659524 0
    outer loop
      vertex 117.777 67.1307 5.8
      vertex 117.475 67.4749 2.4
      vertex 117.475 67.4749 5.8
    endloop
  endfacet
  facet normal 0.751683 0.659524 0
    outer loop
      vertex 117.475 67.4749 2.4
      vertex 117.777 67.1307 5.8
      vertex 117.777 67.1307 2.4
    endloop
  endfacet
  facet normal 0.831849 0.555003 0
    outer loop
      vertex 118.031 66.75 5.8
      vertex 117.777 67.1307 2.4
      vertex 117.777 67.1307 5.8
    endloop
  endfacet
  facet normal 0.831849 0.555003 0
    outer loop
      vertex 117.777 67.1307 2.4
      vertex 118.031 66.75 5.8
      vertex 118.031 66.75 2.4
    endloop
  endfacet
  facet normal 0.195276 0.980748 -0
    outer loop
      vertex 115.906 68.3807 2.4
      vertex 115.457 68.4701 5.8
      vertex 115.906 68.3807 5.8
    endloop
  endfacet
  facet normal 0.195276 0.980748 0
    outer loop
      vertex 115.457 68.4701 5.8
      vertex 115.906 68.3807 2.4
      vertex 115.457 68.4701 2.4
    endloop
  endfacet
  facet normal 0.0652871 0.997867 -0
    outer loop
      vertex 115.457 68.4701 2.4
      vertex 115 68.5 5.8
      vertex 115.457 68.4701 5.8
    endloop
  endfacet
  facet normal 0.0652871 0.997867 0
    outer loop
      vertex 115 68.5 5.8
      vertex 115.457 68.4701 2.4
      vertex 115 68.5 2.4
    endloop
  endfacet
  facet normal 0.441968 0.897031 -0
    outer loop
      vertex 116.75 68.0311 2.4
      vertex 116.339 68.2336 5.8
      vertex 116.75 68.0311 5.8
    endloop
  endfacet
  facet normal 0.441968 0.897031 0
    outer loop
      vertex 116.339 68.2336 5.8
      vertex 116.75 68.0311 2.4
      vertex 116.339 68.2336 2.4
    endloop
  endfacet
  facet normal -0.896427 0.443192 0
    outer loop
      vertex 111.766 66.3394 2.4
      vertex 111.969 66.75 5.8
      vertex 111.969 66.75 2.4
    endloop
  endfacet
  facet normal -0.896427 0.443192 0
    outer loop
      vertex 111.969 66.75 5.8
      vertex 111.766 66.3394 2.4
      vertex 111.766 66.3394 5.8
    endloop
  endfacet
  facet normal -0.99785 0.0655331 0
    outer loop
      vertex 111.5 65 2.4
      vertex 111.53 65.4568 5.8
      vertex 111.53 65.4568 2.4
    endloop
  endfacet
  facet normal -0.99785 0.0655331 0
    outer loop
      vertex 111.53 65.4568 5.8
      vertex 111.5 65 2.4
      vertex 111.5 65 5.8
    endloop
  endfacet
  facet normal 0 0 1
    outer loop
      vertex 116.05 65 5.8
      vertex 118.5 65 5.8
      vertex 118.47 65.4568 5.8
    endloop
  endfacet
  facet normal 0 0 1
    outer loop
      vertex 116.041 65.1371 5.8
      vertex 118.47 65.4568 5.8
      vertex 118.381 65.9059 5.8
    endloop
  endfacet
  facet normal 0 0 1
    outer loop
      vertex 118.5 65 5.8
      vertex 116.05 65 5.8
      vertex 118.47 64.5432 5.8
    endloop
  endfacet
  facet normal 0 0 1
    outer loop
      vertex 116.014 65.2718 5.8
      vertex 118.381 65.9059 5.8
      vertex 118.234 66.3394 5.8
    endloop
  endfacet
  facet normal -0 0 1
    outer loop
      vertex 116.041 64.8629 5.8
      vertex 118.47 64.5432 5.8
      vertex 116.05 65 5.8
    endloop
  endfacet
  facet normal 0 0 1
    outer loop
      vertex 115.97 65.4018 5.8
      vertex 118.234 66.3394 5.8
      vertex 118.031 66.75 5.8
    endloop
  endfacet
  facet normal 0 0 1
    outer loop
      vertex 118.47 64.5432 5.8
      vertex 116.041 64.8629 5.8
      vertex 118.381 64.0941 5.8
    endloop
  endfacet
  facet normal 0 0 1
    outer loop
      vertex 115.909 65.525 5.8
      vertex 118.031 66.75 5.8
      vertex 117.777 67.1307 5.8
    endloop
  endfacet
  facet normal -0 0 1
    outer loop
      vertex 116.014 64.7282 5.8
      vertex 118.381 64.0941 5.8
      vertex 116.041 64.8629 5.8
    endloop
  endfacet
  facet normal 0 0 1
    outer loop
      vertex 115.833 65.6392 5.8
      vertex 117.777 67.1307 5.8
      vertex 117.475 67.4749 5.8
    endloop
  endfacet
  facet normal 0 0 1
    outer loop
      vertex 118.381 64.0941 5.8
      vertex 116.014 64.7282 5.8
      vertex 118.234 63.6606 5.8
    endloop
  endfacet
  facet normal 0 0 1
    outer loop
      vertex 115.742 65.7425 5.8
      vertex 117.475 67.4749 5.8
      vertex 117.131 67.7767 5.8
    endloop
  endfacet
  facet normal -0 0 1
    outer loop
      vertex 115.97 64.5982 5.8
      vertex 118.234 63.6606 5.8
      vertex 116.014 64.7282 5.8
    endloop
  endfacet
  facet normal 0 0 1
    outer loop
      vertex 115.639 65.833 5.8
      vertex 117.131 67.7767 5.8
      vertex 116.75 68.0311 5.8
    endloop
  endfacet
  facet normal 0 0 1
    outer loop
      vertex 118.234 63.6606 5.8
      vertex 115.97 64.5982 5.8
      vertex 118.031 63.25 5.8
    endloop
  endfacet
  facet normal 0 0 1
    outer loop
      vertex 115.525 65.9093 5.8
      vertex 116.75 68.0311 5.8
      vertex 116.339 68.2336 5.8
    endloop
  endfacet
  facet normal -0 0 1
    outer loop
      vertex 115.909 64.475 5.8
      vertex 118.031 63.25 5.8
      vertex 115.97 64.5982 5.8
    endloop
  endfacet
  facet normal 0 0 1
    outer loop
      vertex 118.031 63.25 5.8
      vertex 115.909 64.475 5.8
      vertex 117.777 62.8693 5.8
    endloop
  endfacet
  facet normal 0 0 1
    outer loop
      vertex 118.47 65.4568 5.8
      vertex 116.041 65.1371 5.8
      vertex 116.05 65 5.8
    endloop
  endfacet
  facet normal 0 0 1
    outer loop
      vertex 118.381 65.9059 5.8
      vertex 116.014 65.2718 5.8
      vertex 116.041 65.1371 5.8
    endloop
  endfacet
  facet normal 0 0 1
    outer loop
      vertex 118.234 66.3394 5.8
      vertex 115.97 65.4018 5.8
      vertex 116.014 65.2718 5.8
    endloop
  endfacet
  facet normal 0 0 1
    outer loop
      vertex 118.031 66.75 5.8
      vertex 115.909 65.525 5.8
      vertex 115.97 65.4018 5.8
    endloop
  endfacet
  facet normal 0 0 1
    outer loop
      vertex 115.402 65.9701 5.8
      vertex 116.339 68.2336 5.8
      vertex 115.906 68.3807 5.8
    endloop
  endfacet
  facet normal 0 0 1
    outer loop
      vertex 117.777 67.1307 5.8
      vertex 115.833 65.6392 5.8
      vertex 115.909 65.525 5.8
    endloop
  endfacet
  facet normal 0 0 1
    outer loop
      vertex 117.475 67.4749 5.8
      vertex 115.742 65.7425 5.8
      vertex 115.833 65.6392 5.8
    endloop
  endfacet
  facet normal 0 0 1
    outer loop
      vertex 117.131 67.7767 5.8
      vertex 115.639 65.833 5.8
      vertex 115.742 65.7425 5.8
    endloop
  endfacet
  facet normal 0 0 1
    outer loop
      vertex 116.75 68.0311 5.8
      vertex 115.525 65.9093 5.8
      vertex 115.639 65.833 5.8
    endloop
  endfacet
  facet normal 0 0 1
    outer loop
      vertex 115.272 66.0142 5.8
      vertex 115.906 68.3807 5.8
      vertex 115.457 68.4701 5.8
    endloop
  endfacet
  facet normal 0 0 1
    outer loop
      vertex 116.339 68.2336 5.8
      vertex 115.402 65.9701 5.8
      vertex 115.525 65.9093 5.8
    endloop
  endfacet
  facet normal 0 0 1
    outer loop
      vertex 115.906 68.3807 5.8
      vertex 115.272 66.0142 5.8
      vertex 115.402 65.9701 5.8
    endloop
  endfacet
  facet normal 0 0 1
    outer loop
      vertex 115.457 68.4701 5.8
      vertex 115.137 66.041 5.8
      vertex 115.272 66.0142 5.8
    endloop
  endfacet
  facet normal 0 0 1
    outer loop
      vertex 115 68.5 5.8
      vertex 115.137 66.041 5.8
      vertex 115.457 68.4701 5.8
    endloop
  endfacet
  facet normal 0 0 1
    outer loop
      vertex 115 68.5 5.8
      vertex 115 66.05 5.8
      vertex 115.137 66.041 5.8
    endloop
  endfacet
  facet normal 0 0 1
    outer loop
      vertex 115 68.5 5.8
      vertex 114.863 66.041 5.8
      vertex 115 66.05 5.8
    endloop
  endfacet
  facet normal -0 0 1
    outer loop
      vertex 114.543 68.4701 5.8
      vertex 114.863 66.041 5.8
      vertex 115 68.5 5.8
    endloop
  endfacet
  facet normal 0 0 1
    outer loop
      vertex 114.863 66.041 5.8
      vertex 114.543 68.4701 5.8
      vertex 114.728 66.0142 5.8
    endloop
  endfacet
  facet normal -0 0 1
    outer loop
      vertex 114.094 68.3807 5.8
      vertex 114.728 66.0142 5.8
      vertex 114.543 68.4701 5.8
    endloop
  endfacet
  facet normal 0 0 1
    outer loop
      vertex 114.728 66.0142 5.8
      vertex 114.094 68.3807 5.8
      vertex 114.598 65.9701 5.8
    endloop
  endfacet
  facet normal -0 0 1
    outer loop
      vertex 113.661 68.2336 5.8
      vertex 114.598 65.9701 5.8
      vertex 114.094 68.3807 5.8
    endloop
  endfacet
  facet normal 0 0 1
    outer loop
      vertex 114.598 65.9701 5.8
      vertex 113.661 68.2336 5.8
      vertex 114.475 65.9093 5.8
    endloop
  endfacet
  facet normal -0 0 1
    outer loop
      vertex 113.25 68.0311 5.8
      vertex 114.475 65.9093 5.8
      vertex 113.661 68.2336 5.8
    endloop
  endfacet
  facet normal 0 0 1
    outer loop
      vertex 114.475 65.9093 5.8
      vertex 113.25 68.0311 5.8
      vertex 114.361 65.833 5.8
    endloop
  endfacet
  facet normal -0 0 1
    outer loop
      vertex 112.869 67.7767 5.8
      vertex 114.361 65.833 5.8
      vertex 113.25 68.0311 5.8
    endloop
  endfacet
  facet normal 0 0 1
    outer loop
      vertex 114.361 65.833 5.8
      vertex 112.869 67.7767 5.8
      vertex 114.258 65.7425 5.8
    endloop
  endfacet
  facet normal -0 0 1
    outer loop
      vertex 112.525 67.4749 5.8
      vertex 114.258 65.7425 5.8
      vertex 112.869 67.7767 5.8
    endloop
  endfacet
  facet normal 0 0 1
    outer loop
      vertex 114.258 65.7425 5.8
      vertex 112.525 67.4749 5.8
      vertex 114.167 65.6392 5.8
    endloop
  endfacet
  facet normal -0 0 1
    outer loop
      vertex 112.223 67.1307 5.8
      vertex 114.167 65.6392 5.8
      vertex 112.525 67.4749 5.8
    endloop
  endfacet
  facet normal 0 0 1
    outer loop
      vertex 114.167 65.6392 5.8
      vertex 112.223 67.1307 5.8
      vertex 114.091 65.525 5.8
    endloop
  endfacet
  facet normal -0 0 1
    outer loop
      vertex 115.833 64.3608 5.8
      vertex 117.777 62.8693 5.8
      vertex 115.909 64.475 5.8
    endloop
  endfacet
  facet normal 0 0 1
    outer loop
      vertex 117.777 62.8693 5.8
      vertex 115.833 64.3608 5.8
      vertex 117.475 62.5251 5.8
    endloop
  endfacet
  facet normal -0 0 1
    outer loop
      vertex 115.742 64.2575 5.8
      vertex 117.475 62.5251 5.8
      vertex 115.833 64.3608 5.8
    endloop
  endfacet
  facet normal 0 0 1
    outer loop
      vertex 117.475 62.5251 5.8
      vertex 115.742 64.2575 5.8
      vertex 117.131 62.2233 5.8
    endloop
  endfacet
  facet normal -0 0 1
    outer loop
      vertex 115.639 64.167 5.8
      vertex 117.131 62.2233 5.8
      vertex 115.742 64.2575 5.8
    endloop
  endfacet
  facet normal 0 0 1
    outer loop
      vertex 117.131 62.2233 5.8
      vertex 115.639 64.167 5.8
      vertex 116.75 61.9689 5.8
    endloop
  endfacet
  facet normal -0 0 1
    outer loop
      vertex 115.525 64.0907 5.8
      vertex 116.75 61.9689 5.8
      vertex 115.639 64.167 5.8
    endloop
  endfacet
  facet normal 0 0 1
    outer loop
      vertex 116.75 61.9689 5.8
      vertex 115.525 64.0907 5.8
      vertex 116.339 61.7664 5.8
    endloop
  endfacet
  facet normal -0 0 1
    outer loop
      vertex 115.402 64.0299 5.8
      vertex 116.339 61.7664 5.8
      vertex 115.525 64.0907 5.8
    endloop
  endfacet
  facet normal 0 0 1
    outer loop
      vertex 116.339 61.7664 5.8
      vertex 115.402 64.0299 5.8
      vertex 115.906 61.6193 5.8
    endloop
  endfacet
  facet normal -0 0 1
    outer loop
      vertex 115.272 63.9858 5.8
      vertex 115.906 61.6193 5.8
      vertex 115.402 64.0299 5.8
    endloop
  endfacet
  facet normal 0 0 1
    outer loop
      vertex 115.906 61.6193 5.8
      vertex 115.272 63.9858 5.8
      vertex 115.457 61.5299 5.8
    endloop
  endfacet
  facet normal -0 0 1
    outer loop
      vertex 115.137 63.959 5.8
      vertex 115.457 61.5299 5.8
      vertex 115.272 63.9858 5.8
    endloop
  endfacet
  facet normal -0 0 1
    outer loop
      vertex 115 63.95 5.8
      vertex 115.457 61.5299 5.8
      vertex 115.137 63.959 5.8
    endloop
  endfacet
  facet normal 0 0 1
    outer loop
      vertex 115 63.95 5.8
      vertex 115 61.5 5.8
      vertex 115.457 61.5299 5.8
    endloop
  endfacet
  facet normal 0 0 1
    outer loop
      vertex 114.863 63.959 5.8
      vertex 115 61.5 5.8
      vertex 115 63.95 5.8
    endloop
  endfacet
  facet normal 0 0 1
    outer loop
      vertex 114.543 61.5299 5.8
      vertex 114.863 63.959 5.8
      vertex 114.728 63.9858 5.8
    endloop
  endfacet
  facet normal 0 0 1
    outer loop
      vertex 114.094 61.6193 5.8
      vertex 114.728 63.9858 5.8
      vertex 114.598 64.0299 5.8
    endloop
  endfacet
  facet normal 0 0 1
    outer loop
      vertex 114.863 63.959 5.8
      vertex 114.543 61.5299 5.8
      vertex 115 61.5 5.8
    endloop
  endfacet
  facet normal 0 0 1
    outer loop
      vertex 113.661 61.7664 5.8
      vertex 114.598 64.0299 5.8
      vertex 114.475 64.0907 5.8
    endloop
  endfacet
  facet normal 0 0 1
    outer loop
      vertex 113.25 61.9689 5.8
      vertex 114.475 64.0907 5.8
      vertex 114.361 64.167 5.8
    endloop
  endfacet
  facet normal 0 0 1
    outer loop
      vertex 112.869 62.2233 5.8
      vertex 114.361 64.167 5.8
      vertex 114.258 64.2575 5.8
    endloop
  endfacet
  facet normal 0 0 1
    outer loop
      vertex 112.525 62.5251 5.8
      vertex 114.258 64.2575 5.8
      vertex 114.167 64.3608 5.8
    endloop
  endfacet
  facet normal 0 0 1
    outer loop
      vertex 114.728 63.9858 5.8
      vertex 114.094 61.6193 5.8
      vertex 114.543 61.5299 5.8
    endloop
  endfacet
  facet normal 0 0 1
    outer loop
      vertex 112.223 62.8693 5.8
      vertex 114.167 64.3608 5.8
      vertex 114.091 64.475 5.8
    endloop
  endfacet
  facet normal 0 0 1
    outer loop
      vertex 111.969 63.25 5.8
      vertex 114.091 64.475 5.8
      vertex 114.03 64.5982 5.8
    endloop
  endfacet
  facet normal 0 0 1
    outer loop
      vertex 111.766 63.6606 5.8
      vertex 114.03 64.5982 5.8
      vertex 113.986 64.7282 5.8
    endloop
  endfacet
  facet normal 0 0 1
    outer loop
      vertex 111.619 64.0941 5.8
      vertex 113.986 64.7282 5.8
      vertex 113.959 64.8629 5.8
    endloop
  endfacet
  facet normal 0 0 1
    outer loop
      vertex 111.53 64.5432 5.8
      vertex 113.959 64.8629 5.8
      vertex 113.95 65 5.8
    endloop
  endfacet
  facet normal -0 0 1
    outer loop
      vertex 111.969 66.75 5.8
      vertex 114.091 65.525 5.8
      vertex 112.223 67.1307 5.8
    endloop
  endfacet
  facet normal 0 0 1
    outer loop
      vertex 114.598 64.0299 5.8
      vertex 113.661 61.7664 5.8
      vertex 114.094 61.6193 5.8
    endloop
  endfacet
  facet normal 0 0 1
    outer loop
      vertex 114.091 65.525 5.8
      vertex 111.969 66.75 5.8
      vertex 114.03 65.4018 5.8
    endloop
  endfacet
  facet normal 0 0 1
    outer loop
      vertex 114.475 64.0907 5.8
      vertex 113.25 61.9689 5.8
      vertex 113.661 61.7664 5.8
    endloop
  endfacet
  facet normal -0 0 1
    outer loop
      vertex 111.766 66.3394 5.8
      vertex 114.03 65.4018 5.8
      vertex 111.969 66.75 5.8
    endloop
  endfacet
  facet normal 0 0 1
    outer loop
      vertex 114.361 64.167 5.8
      vertex 112.869 62.2233 5.8
      vertex 113.25 61.9689 5.8
    endloop
  endfacet
  facet normal 0 0 1
    outer loop
      vertex 114.03 65.4018 5.8
      vertex 111.766 66.3394 5.8
      vertex 113.986 65.2718 5.8
    endloop
  endfacet
  facet normal 0 0 1
    outer loop
      vertex 114.258 64.2575 5.8
      vertex 112.525 62.5251 5.8
      vertex 112.869 62.2233 5.8
    endloop
  endfacet
  facet normal -0 0 1
    outer loop
      vertex 111.619 65.9059 5.8
      vertex 113.986 65.2718 5.8
      vertex 111.766 66.3394 5.8
    endloop
  endfacet
  facet normal 0 0 1
    outer loop
      vertex 114.167 64.3608 5.8
      vertex 112.223 62.8693 5.8
      vertex 112.525 62.5251 5.8
    endloop
  endfacet
  facet normal 0 0 1
    outer loop
      vertex 113.986 65.2718 5.8
      vertex 111.619 65.9059 5.8
      vertex 113.959 65.1371 5.8
    endloop
  endfacet
  facet normal 0 0 1
    outer loop
      vertex 114.091 64.475 5.8
      vertex 111.969 63.25 5.8
      vertex 112.223 62.8693 5.8
    endloop
  endfacet
  facet normal -0 0 1
    outer loop
      vertex 111.53 65.4568 5.8
      vertex 113.959 65.1371 5.8
      vertex 111.619 65.9059 5.8
    endloop
  endfacet
  facet normal 0 0 1
    outer loop
      vertex 114.03 64.5982 5.8
      vertex 111.766 63.6606 5.8
      vertex 111.969 63.25 5.8
    endloop
  endfacet
  facet normal 0 0 1
    outer loop
      vertex 113.959 65.1371 5.8
      vertex 111.53 65.4568 5.8
      vertex 113.95 65 5.8
    endloop
  endfacet
  facet normal 0 0 1
    outer loop
      vertex 113.986 64.7282 5.8
      vertex 111.619 64.0941 5.8
      vertex 111.766 63.6606 5.8
    endloop
  endfacet
  facet normal 0 0 1
    outer loop
      vertex 111.5 65 5.8
      vertex 113.95 65 5.8
      vertex 111.53 65.4568 5.8
    endloop
  endfacet
  facet normal 0 0 1
    outer loop
      vertex 113.959 64.8629 5.8
      vertex 111.53 64.5432 5.8
      vertex 111.619 64.0941 5.8
    endloop
  endfacet
  facet normal 0 0 1
    outer loop
      vertex 113.95 65 5.8
      vertex 111.5 65 5.8
      vertex 111.53 64.5432 5.8
    endloop
  endfacet
  facet normal -0.555305 0.831647 0
    outer loop
      vertex 113.25 68.0311 2.4
      vertex 112.869 67.7767 5.8
      vertex 113.25 68.0311 5.8
    endloop
  endfacet
  facet normal -0.555305 0.831647 0
    outer loop
      vertex 112.869 67.7767 5.8
      vertex 113.25 68.0311 2.4
      vertex 112.869 67.7767 2.4
    endloop
  endfacet
  facet normal -0.659494 0.75171 0
    outer loop
      vertex 112.869 67.7767 2.4
      vertex 112.525 67.4749 5.8
      vertex 112.869 67.7767 5.8
    endloop
  endfacet
  facet normal -0.659494 0.75171 0
    outer loop
      vertex 112.525 67.4749 5.8
      vertex 112.869 67.7767 2.4
      vertex 112.525 67.4749 2.4
    endloop
  endfacet
  facet normal -0.321668 0.946853 0
    outer loop
      vertex 114.094 68.3807 2.4
      vertex 113.661 68.2336 5.8
      vertex 114.094 68.3807 5.8
    endloop
  endfacet
  facet normal -0.321668 0.946853 0
    outer loop
      vertex 113.661 68.2336 5.8
      vertex 114.094 68.3807 2.4
      vertex 113.661 68.2336 2.4
    endloop
  endfacet
  facet normal 0.99785 -0.0655331 0
    outer loop
      vertex 118.47 64.5432 5.8
      vertex 118.5 65 2.4
      vertex 118.5 65 5.8
    endloop
  endfacet
  facet normal 0.99785 -0.0655331 0
    outer loop
      vertex 118.5 65 2.4
      vertex 118.47 64.5432 5.8
      vertex 118.47 64.5432 2.4
    endloop
  endfacet
  facet normal 0.321668 -0.946853 0
    outer loop
      vertex 115.906 61.6193 2.4
      vertex 116.339 61.7664 5.8
      vertex 115.906 61.6193 5.8
    endloop
  endfacet
  facet normal 0.321668 -0.946853 0
    outer loop
      vertex 116.339 61.7664 5.8
      vertex 115.906 61.6193 2.4
      vertex 116.339 61.7664 2.4
    endloop
  endfacet
  facet normal 0.751683 -0.659524 0
    outer loop
      vertex 117.475 62.5251 5.8
      vertex 117.777 62.8693 2.4
      vertex 117.777 62.8693 5.8
    endloop
  endfacet
  facet normal 0.751683 -0.659524 0
    outer loop
      vertex 117.777 62.8693 2.4
      vertex 117.475 62.5251 5.8
      vertex 117.475 62.5251 2.4
    endloop
  endfacet
  facet normal 0.555305 -0.831647 0
    outer loop
      vertex 116.75 61.9689 2.4
      vertex 117.131 62.2233 5.8
      vertex 116.75 61.9689 5.8
    endloop
  endfacet
  facet normal 0.555305 -0.831647 0
    outer loop
      vertex 117.131 62.2233 5.8
      vertex 116.75 61.9689 2.4
      vertex 117.131 62.2233 2.4
    endloop
  endfacet
  facet normal 0.831849 -0.555003 0
    outer loop
      vertex 117.777 62.8693 5.8
      vertex 118.031 63.25 2.4
      vertex 118.031 63.25 5.8
    endloop
  endfacet
  facet normal 0.831849 -0.555003 0
    outer loop
      vertex 118.031 63.25 2.4
      vertex 117.777 62.8693 5.8
      vertex 117.777 62.8693 2.4
    endloop
  endfacet
  facet normal 0.980924 -0.194394 0
    outer loop
      vertex 118.381 64.0941 5.8
      vertex 118.47 64.5432 2.4
      vertex 118.47 64.5432 5.8
    endloop
  endfacet
  facet normal 0.980924 -0.194394 0
    outer loop
      vertex 118.47 64.5432 2.4
      vertex 118.381 64.0941 5.8
      vertex 118.381 64.0941 2.4
    endloop
  endfacet
  facet normal -0.441968 -0.897031 0
    outer loop
      vertex 113.25 61.9689 2.4
      vertex 113.661 61.7664 5.8
      vertex 113.25 61.9689 5.8
    endloop
  endfacet
  facet normal -0.441968 -0.897031 -0
    outer loop
      vertex 113.661 61.7664 5.8
      vertex 113.25 61.9689 2.4
      vertex 113.661 61.7664 2.4
    endloop
  endfacet
  facet normal -0.0652871 -0.997867 0
    outer loop
      vertex 114.543 61.5299 2.4
      vertex 115 61.5 5.8
      vertex 114.543 61.5299 5.8
    endloop
  endfacet
  facet normal -0.0652871 -0.997867 -0
    outer loop
      vertex 115 61.5 5.8
      vertex 114.543 61.5299 2.4
      vertex 115 61.5 2.4
    endloop
  endfacet
  facet normal -0.831849 -0.555003 0
    outer loop
      vertex 112.223 62.8693 2.4
      vertex 111.969 63.25 5.8
      vertex 111.969 63.25 2.4
    endloop
  endfacet
  facet normal -0.831849 -0.555003 0
    outer loop
      vertex 111.969 63.25 5.8
      vertex 112.223 62.8693 2.4
      vertex 112.223 62.8693 5.8
    endloop
  endfacet
  facet normal -0.947032 -0.321139 0
    outer loop
      vertex 111.766 63.6606 2.4
      vertex 111.619 64.0941 5.8
      vertex 111.619 64.0941 2.4
    endloop
  endfacet
  facet normal -0.947032 -0.321139 0
    outer loop
      vertex 111.619 64.0941 5.8
      vertex 111.766 63.6606 2.4
      vertex 111.766 63.6606 5.8
    endloop
  endfacet
  facet normal -0.99785 -0.0655331 0
    outer loop
      vertex 111.53 64.5432 2.4
      vertex 111.5 65 5.8
      vertex 111.5 65 2.4
    endloop
  endfacet
  facet normal -0.99785 -0.0655331 0
    outer loop
      vertex 111.5 65 5.8
      vertex 111.53 64.5432 2.4
      vertex 111.53 64.5432 5.8
    endloop
  endfacet
  facet normal 0.441968 -0.897031 0
    outer loop
      vertex 116.339 61.7664 2.4
      vertex 116.75 61.9689 5.8
      vertex 116.339 61.7664 5.8
    endloop
  endfacet
  facet normal 0.441968 -0.897031 0
    outer loop
      vertex 116.75 61.9689 5.8
      vertex 116.339 61.7664 2.4
      vertex 116.75 61.9689 2.4
    endloop
  endfacet
  facet normal 0.659494 -0.75171 0
    outer loop
      vertex 117.131 62.2233 2.4
      vertex 117.475 62.5251 5.8
      vertex 117.131 62.2233 5.8
    endloop
  endfacet
  facet normal 0.659494 -0.75171 0
    outer loop
      vertex 117.475 62.5251 5.8
      vertex 117.131 62.2233 2.4
      vertex 117.475 62.5251 2.4
    endloop
  endfacet
  facet normal 0.896427 -0.443192 0
    outer loop
      vertex 118.031 63.25 5.8
      vertex 118.234 63.6606 2.4
      vertex 118.234 63.6606 5.8
    endloop
  endfacet
  facet normal 0.896427 -0.443192 0
    outer loop
      vertex 118.234 63.6606 2.4
      vertex 118.031 63.25 5.8
      vertex 118.031 63.25 2.4
    endloop
  endfacet
  facet normal -0.321668 -0.946853 0
    outer loop
      vertex 113.661 61.7664 2.4
      vertex 114.094 61.6193 5.8
      vertex 113.661 61.7664 5.8
    endloop
  endfacet
  facet normal -0.321668 -0.946853 -0
    outer loop
      vertex 114.094 61.6193 5.8
      vertex 113.661 61.7664 2.4
      vertex 114.094 61.6193 2.4
    endloop
  endfacet
  facet normal -0.751683 -0.659524 0
    outer loop
      vertex 112.525 62.5251 2.4
      vertex 112.223 62.8693 5.8
      vertex 112.223 62.8693 2.4
    endloop
  endfacet
  facet normal -0.751683 -0.659524 0
    outer loop
      vertex 112.223 62.8693 5.8
      vertex 112.525 62.5251 2.4
      vertex 112.525 62.5251 5.8
    endloop
  endfacet
  facet normal -0.896427 -0.443192 0
    outer loop
      vertex 111.969 63.25 2.4
      vertex 111.766 63.6606 5.8
      vertex 111.766 63.6606 2.4
    endloop
  endfacet
  facet normal -0.896427 -0.443192 0
    outer loop
      vertex 111.766 63.6606 5.8
      vertex 111.969 63.25 2.4
      vertex 111.969 63.25 5.8
    endloop
  endfacet
  facet normal 0.947032 -0.321139 0
    outer loop
      vertex 118.234 63.6606 5.8
      vertex 118.381 64.0941 2.4
      vertex 118.381 64.0941 5.8
    endloop
  endfacet
  facet normal 0.947032 -0.321139 0
    outer loop
      vertex 118.381 64.0941 2.4
      vertex 118.234 63.6606 5.8
      vertex 118.234 63.6606 2.4
    endloop
  endfacet
  facet normal 0.997865 0.0653156 0
    outer loop
      vertex 17.5 14 5.8
      vertex 17.4701 14.4568 2.4
      vertex 17.4701 14.4568 5.8
    endloop
  endfacet
  facet normal 0.997865 0.0653156 0
    outer loop
      vertex 17.4701 14.4568 2.4
      vertex 17.5 14 5.8
      vertex 17.5 14 2.4
    endloop
  endfacet
  facet normal -0.0653156 0.997865 0
    outer loop
      vertex 14 17.5 2.4
      vertex 13.5432 17.4701 5.8
      vertex 14 17.5 5.8
    endloop
  endfacet
  facet normal -0.0653156 0.997865 0
    outer loop
      vertex 13.5432 17.4701 5.8
      vertex 14 17.5 2.4
      vertex 13.5432 17.4701 2.4
    endloop
  endfacet
  facet normal 0.659278 0.7519 -0
    outer loop
      vertex 16.4749 16.4749 2.4
      vertex 16.1307 16.7767 5.8
      vertex 16.4749 16.4749 5.8
    endloop
  endfacet
  facet normal 0.659278 0.7519 0
    outer loop
      vertex 16.1307 16.7767 5.8
      vertex 16.4749 16.4749 2.4
      vertex 16.1307 16.7767 2.4
    endloop
  endfacet
  facet normal -0.7519 0.659278 0
    outer loop
      vertex 11.2233 16.1307 2.4
      vertex 11.5251 16.4749 5.8
      vertex 11.5251 16.4749 2.4
    endloop
  endfacet
  facet normal -0.7519 0.659278 0
    outer loop
      vertex 11.5251 16.4749 5.8
      vertex 11.2233 16.1307 2.4
      vertex 11.2233 16.1307 5.8
    endloop
  endfacet
  facet normal -0.442314 0.89686 0
    outer loop
      vertex 12.6606 17.2336 2.4
      vertex 12.25 17.0311 5.8
      vertex 12.6606 17.2336 5.8
    endloop
  endfacet
  facet normal -0.442314 0.89686 0
    outer loop
      vertex 12.25 17.0311 5.8
      vertex 12.6606 17.2336 2.4
      vertex 12.25 17.0311 2.4
    endloop
  endfacet
  facet normal 0.831445 -0.555607 0
    outer loop
      vertex 16.7767 11.8693 5.8
      vertex 17.0311 12.25 2.4
      vertex 17.0311 12.25 5.8
    endloop
  endfacet
  facet normal 0.831445 -0.555607 0
    outer loop
      vertex 17.0311 12.25 2.4
      vertex 16.7767 11.8693 5.8
      vertex 16.7767 11.8693 2.4
    endloop
  endfacet
  facet normal -0.89686 -0.442314 0
    outer loop
      vertex 10.9689 12.25 2.4
      vertex 10.7664 12.6606 5.8
      vertex 10.7664 12.6606 2.4
    endloop
  endfacet
  facet normal -0.89686 -0.442314 0
    outer loop
      vertex 10.7664 12.6606 5.8
      vertex 10.9689 12.25 2.4
      vertex 10.9689 12.25 5.8
    endloop
  endfacet
  facet normal 0.89686 0.442314 0
    outer loop
      vertex 17.2336 15.3394 5.8
      vertex 17.0311 15.75 2.4
      vertex 17.0311 15.75 5.8
    endloop
  endfacet
  facet normal 0.89686 0.442314 0
    outer loop
      vertex 17.0311 15.75 2.4
      vertex 17.2336 15.3394 5.8
      vertex 17.2336 15.3394 2.4
    endloop
  endfacet
  facet normal 0.980757 0.195234 0
    outer loop
      vertex 17.4701 14.4568 5.8
      vertex 17.3807 14.9059 2.4
      vertex 17.3807 14.9059 5.8
    endloop
  endfacet
  facet normal 0.980757 0.195234 0
    outer loop
      vertex 17.3807 14.9059 2.4
      vertex 17.4701 14.4568 5.8
      vertex 17.4701 14.4568 2.4
    endloop
  endfacet
  facet normal 0.321335 0.946966 -0
    outer loop
      vertex 15.3394 17.2336 2.4
      vertex 14.9059 17.3807 5.8
      vertex 15.3394 17.2336 5.8
    endloop
  endfacet
  facet normal 0.321335 0.946966 0
    outer loop
      vertex 14.9059 17.3807 5.8
      vertex 15.3394 17.2336 2.4
      vertex 14.9059 17.3807 2.4
    endloop
  endfacet
  facet normal 0.555607 0.831445 -0
    outer loop
      vertex 16.1307 16.7767 2.4
      vertex 15.75 17.0311 5.8
      vertex 16.1307 16.7767 5.8
    endloop
  endfacet
  facet normal 0.555607 0.831445 0
    outer loop
      vertex 15.75 17.0311 5.8
      vertex 16.1307 16.7767 2.4
      vertex 15.75 17.0311 2.4
    endloop
  endfacet
  facet normal -0.946966 0.321335 0
    outer loop
      vertex 10.6193 14.9059 2.4
      vertex 10.7664 15.3394 5.8
      vertex 10.7664 15.3394 2.4
    endloop
  endfacet
  facet normal -0.946966 0.321335 0
    outer loop
      vertex 10.7664 15.3394 5.8
      vertex 10.6193 14.9059 2.4
      vertex 10.6193 14.9059 5.8
    endloop
  endfacet
  facet normal -0.831445 0.555607 0
    outer loop
      vertex 10.9689 15.75 2.4
      vertex 11.2233 16.1307 5.8
      vertex 11.2233 16.1307 2.4
    endloop
  endfacet
  facet normal -0.831445 0.555607 0
    outer loop
      vertex 11.2233 16.1307 5.8
      vertex 10.9689 15.75 2.4
      vertex 10.9689 15.75 5.8
    endloop
  endfacet
  facet normal -0.980757 0.195234 0
    outer loop
      vertex 10.5299 14.4568 2.4
      vertex 10.6193 14.9059 5.8
      vertex 10.6193 14.9059 2.4
    endloop
  endfacet
  facet normal -0.980757 0.195234 0
    outer loop
      vertex 10.6193 14.9059 5.8
      vertex 10.5299 14.4568 2.4
      vertex 10.5299 14.4568 5.8
    endloop
  endfacet
  facet normal -0.195234 0.980757 0
    outer loop
      vertex 13.5432 17.4701 2.4
      vertex 13.0941 17.3807 5.8
      vertex 13.5432 17.4701 5.8
    endloop
  endfacet
  facet normal -0.195234 0.980757 0
    outer loop
      vertex 13.0941 17.3807 5.8
      vertex 13.5432 17.4701 2.4
      vertex 13.0941 17.3807 2.4
    endloop
  endfacet
  facet normal 0.195234 -0.980757 0
    outer loop
      vertex 14.4568 10.5299 2.4
      vertex 14.9059 10.6193 5.8
      vertex 14.4568 10.5299 5.8
    endloop
  endfacet
  facet normal 0.195234 -0.980757 0
    outer loop
      vertex 14.9059 10.6193 5.8
      vertex 14.4568 10.5299 2.4
      vertex 14.9059 10.6193 2.4
    endloop
  endfacet
  facet normal -0.321335 -0.946966 0
    outer loop
      vertex 12.6606 10.7664 2.4
      vertex 13.0941 10.6193 5.8
      vertex 12.6606 10.7664 5.8
    endloop
  endfacet
  facet normal -0.321335 -0.946966 -0
    outer loop
      vertex 13.0941 10.6193 5.8
      vertex 12.6606 10.7664 2.4
      vertex 13.0941 10.6193 2.4
    endloop
  endfacet
  facet normal -0.555607 -0.831445 0
    outer loop
      vertex 11.8693 11.2233 2.4
      vertex 12.25 10.9689 5.8
      vertex 11.8693 11.2233 5.8
    endloop
  endfacet
  facet normal -0.555607 -0.831445 -0
    outer loop
      vertex 12.25 10.9689 5.8
      vertex 11.8693 11.2233 2.4
      vertex 12.25 10.9689 2.4
    endloop
  endfacet
  facet normal -0.195234 -0.980757 0
    outer loop
      vertex 13.0941 10.6193 2.4
      vertex 13.5432 10.5299 5.8
      vertex 13.0941 10.6193 5.8
    endloop
  endfacet
  facet normal -0.195234 -0.980757 -0
    outer loop
      vertex 13.5432 10.5299 5.8
      vertex 13.0941 10.6193 2.4
      vertex 13.5432 10.5299 2.4
    endloop
  endfacet
  facet normal -0.980757 -0.195234 0
    outer loop
      vertex 10.6193 13.0941 2.4
      vertex 10.5299 13.5432 5.8
      vertex 10.5299 13.5432 2.4
    endloop
  endfacet
  facet normal -0.980757 -0.195234 0
    outer loop
      vertex 10.5299 13.5432 5.8
      vertex 10.6193 13.0941 2.4
      vertex 10.6193 13.0941 5.8
    endloop
  endfacet
  facet normal 0.946966 0.321335 0
    outer loop
      vertex 17.3807 14.9059 5.8
      vertex 17.2336 15.3394 2.4
      vertex 17.2336 15.3394 5.8
    endloop
  endfacet
  facet normal 0.946966 0.321335 0
    outer loop
      vertex 17.2336 15.3394 2.4
      vertex 17.3807 14.9059 5.8
      vertex 17.3807 14.9059 2.4
    endloop
  endfacet
  facet normal 0.7519 0.659278 0
    outer loop
      vertex 16.7767 16.1307 5.8
      vertex 16.4749 16.4749 2.4
      vertex 16.4749 16.4749 5.8
    endloop
  endfacet
  facet normal 0.7519 0.659278 0
    outer loop
      vertex 16.4749 16.4749 2.4
      vertex 16.7767 16.1307 5.8
      vertex 16.7767 16.1307 2.4
    endloop
  endfacet
  facet normal 0.831445 0.555607 0
    outer loop
      vertex 17.0311 15.75 5.8
      vertex 16.7767 16.1307 2.4
      vertex 16.7767 16.1307 5.8
    endloop
  endfacet
  facet normal 0.831445 0.555607 0
    outer loop
      vertex 16.7767 16.1307 2.4
      vertex 17.0311 15.75 5.8
      vertex 17.0311 15.75 2.4
    endloop
  endfacet
  facet normal 0.195234 0.980757 -0
    outer loop
      vertex 14.9059 17.3807 2.4
      vertex 14.4568 17.4701 5.8
      vertex 14.9059 17.3807 5.8
    endloop
  endfacet
  facet normal 0.195234 0.980757 0
    outer loop
      vertex 14.4568 17.4701 5.8
      vertex 14.9059 17.3807 2.4
      vertex 14.4568 17.4701 2.4
    endloop
  endfacet
  facet normal 0.0653156 0.997865 -0
    outer loop
      vertex 14.4568 17.4701 2.4
      vertex 14 17.5 5.8
      vertex 14.4568 17.4701 5.8
    endloop
  endfacet
  facet normal 0.0653156 0.997865 0
    outer loop
      vertex 14 17.5 5.8
      vertex 14.4568 17.4701 2.4
      vertex 14 17.5 2.4
    endloop
  endfacet
  facet normal 0.442314 0.89686 -0
    outer loop
      vertex 15.75 17.0311 2.4
      vertex 15.3394 17.2336 5.8
      vertex 15.75 17.0311 5.8
    endloop
  endfacet
  facet normal 0.442314 0.89686 0
    outer loop
      vertex 15.3394 17.2336 5.8
      vertex 15.75 17.0311 2.4
      vertex 15.3394 17.2336 2.4
    endloop
  endfacet
  facet normal -0.89686 0.442314 0
    outer loop
      vertex 10.7664 15.3394 2.4
      vertex 10.9689 15.75 5.8
      vertex 10.9689 15.75 2.4
    endloop
  endfacet
  facet normal -0.89686 0.442314 0
    outer loop
      vertex 10.9689 15.75 5.8
      vertex 10.7664 15.3394 2.4
      vertex 10.7664 15.3394 5.8
    endloop
  endfacet
  facet normal -0.997865 0.0653156 0
    outer loop
      vertex 10.5 14 2.4
      vertex 10.5299 14.4568 5.8
      vertex 10.5299 14.4568 2.4
    endloop
  endfacet
  facet normal -0.997865 0.0653156 0
    outer loop
      vertex 10.5299 14.4568 5.8
      vertex 10.5 14 2.4
      vertex 10.5 14 5.8
    endloop
  endfacet
  facet normal 0 0 1
    outer loop
      vertex 15.05 14 5.8
      vertex 17.5 14 5.8
      vertex 17.4701 14.4568 5.8
    endloop
  endfacet
  facet normal 0 0 1
    outer loop
      vertex 15.041 14.1371 5.8
      vertex 17.4701 14.4568 5.8
      vertex 17.3807 14.9059 5.8
    endloop
  endfacet
  facet normal 0 0 1
    outer loop
      vertex 17.5 14 5.8
      vertex 15.05 14 5.8
      vertex 17.4701 13.5432 5.8
    endloop
  endfacet
  facet normal 0 0 1
    outer loop
      vertex 15.0142 14.2718 5.8
      vertex 17.3807 14.9059 5.8
      vertex 17.2336 15.3394 5.8
    endloop
  endfacet
  facet normal -0 0 1
    outer loop
      vertex 15.041 13.8629 5.8
      vertex 17.4701 13.5432 5.8
      vertex 15.05 14 5.8
    endloop
  endfacet
  facet normal 0 0 1
    outer loop
      vertex 14.9701 14.4018 5.8
      vertex 17.2336 15.3394 5.8
      vertex 17.0311 15.75 5.8
    endloop
  endfacet
  facet normal 0 0 1
    outer loop
      vertex 17.4701 13.5432 5.8
      vertex 15.041 13.8629 5.8
      vertex 17.3807 13.0941 5.8
    endloop
  endfacet
  facet normal 0 0 1
    outer loop
      vertex 14.9093 14.525 5.8
      vertex 17.0311 15.75 5.8
      vertex 16.7767 16.1307 5.8
    endloop
  endfacet
  facet normal -0 0 1
    outer loop
      vertex 15.0142 13.7282 5.8
      vertex 17.3807 13.0941 5.8
      vertex 15.041 13.8629 5.8
    endloop
  endfacet
  facet normal 0 0 1
    outer loop
      vertex 14.833 14.6392 5.8
      vertex 16.7767 16.1307 5.8
      vertex 16.4749 16.4749 5.8
    endloop
  endfacet
  facet normal 0 0 1
    outer loop
      vertex 17.3807 13.0941 5.8
      vertex 15.0142 13.7282 5.8
      vertex 17.2336 12.6606 5.8
    endloop
  endfacet
  facet normal 0 0 1
    outer loop
      vertex 14.7425 14.7425 5.8
      vertex 16.4749 16.4749 5.8
      vertex 16.1307 16.7767 5.8
    endloop
  endfacet
  facet normal -0 0 1
    outer loop
      vertex 14.9701 13.5982 5.8
      vertex 17.2336 12.6606 5.8
      vertex 15.0142 13.7282 5.8
    endloop
  endfacet
  facet normal 0 0 1
    outer loop
      vertex 14.6392 14.833 5.8
      vertex 16.1307 16.7767 5.8
      vertex 15.75 17.0311 5.8
    endloop
  endfacet
  facet normal 0 0 1
    outer loop
      vertex 17.2336 12.6606 5.8
      vertex 14.9701 13.5982 5.8
      vertex 17.0311 12.25 5.8
    endloop
  endfacet
  facet normal 0 0 1
    outer loop
      vertex 14.525 14.9093 5.8
      vertex 15.75 17.0311 5.8
      vertex 15.3394 17.2336 5.8
    endloop
  endfacet
  facet normal -0 0 1
    outer loop
      vertex 14.9093 13.475 5.8
      vertex 17.0311 12.25 5.8
      vertex 14.9701 13.5982 5.8
    endloop
  endfacet
  facet normal 0 0 1
    outer loop
      vertex 17.0311 12.25 5.8
      vertex 14.9093 13.475 5.8
      vertex 16.7767 11.8693 5.8
    endloop
  endfacet
  facet normal 0 0 1
    outer loop
      vertex 17.4701 14.4568 5.8
      vertex 15.041 14.1371 5.8
      vertex 15.05 14 5.8
    endloop
  endfacet
  facet normal 0 0 1
    outer loop
      vertex 17.3807 14.9059 5.8
      vertex 15.0142 14.2718 5.8
      vertex 15.041 14.1371 5.8
    endloop
  endfacet
  facet normal 0 0 1
    outer loop
      vertex 17.2336 15.3394 5.8
      vertex 14.9701 14.4018 5.8
      vertex 15.0142 14.2718 5.8
    endloop
  endfacet
  facet normal 0 0 1
    outer loop
      vertex 17.0311 15.75 5.8
      vertex 14.9093 14.525 5.8
      vertex 14.9701 14.4018 5.8
    endloop
  endfacet
  facet normal 0 0 1
    outer loop
      vertex 14.4018 14.9701 5.8
      vertex 15.3394 17.2336 5.8
      vertex 14.9059 17.3807 5.8
    endloop
  endfacet
  facet normal 0 0 1
    outer loop
      vertex 16.7767 16.1307 5.8
      vertex 14.833 14.6392 5.8
      vertex 14.9093 14.525 5.8
    endloop
  endfacet
  facet normal 0 0 1
    outer loop
      vertex 16.4749 16.4749 5.8
      vertex 14.7425 14.7425 5.8
      vertex 14.833 14.6392 5.8
    endloop
  endfacet
  facet normal 0 0 1
    outer loop
      vertex 16.1307 16.7767 5.8
      vertex 14.6392 14.833 5.8
      vertex 14.7425 14.7425 5.8
    endloop
  endfacet
  facet normal 0 0 1
    outer loop
      vertex 15.75 17.0311 5.8
      vertex 14.525 14.9093 5.8
      vertex 14.6392 14.833 5.8
    endloop
  endfacet
  facet normal 0 0 1
    outer loop
      vertex 14.2718 15.0142 5.8
      vertex 14.9059 17.3807 5.8
      vertex 14.4568 17.4701 5.8
    endloop
  endfacet
  facet normal 0 0 1
    outer loop
      vertex 15.3394 17.2336 5.8
      vertex 14.4018 14.9701 5.8
      vertex 14.525 14.9093 5.8
    endloop
  endfacet
  facet normal 0 0 1
    outer loop
      vertex 14.9059 17.3807 5.8
      vertex 14.2718 15.0142 5.8
      vertex 14.4018 14.9701 5.8
    endloop
  endfacet
  facet normal 0 0 1
    outer loop
      vertex 14.4568 17.4701 5.8
      vertex 14.1371 15.041 5.8
      vertex 14.2718 15.0142 5.8
    endloop
  endfacet
  facet normal 0 0 1
    outer loop
      vertex 14 17.5 5.8
      vertex 14.1371 15.041 5.8
      vertex 14.4568 17.4701 5.8
    endloop
  endfacet
  facet normal 0 0 1
    outer loop
      vertex 14 17.5 5.8
      vertex 14 15.05 5.8
      vertex 14.1371 15.041 5.8
    endloop
  endfacet
  facet normal 0 0 1
    outer loop
      vertex 14 17.5 5.8
      vertex 13.8629 15.041 5.8
      vertex 14 15.05 5.8
    endloop
  endfacet
  facet normal -0 0 1
    outer loop
      vertex 13.5432 17.4701 5.8
      vertex 13.8629 15.041 5.8
      vertex 14 17.5 5.8
    endloop
  endfacet
  facet normal 0 0 1
    outer loop
      vertex 13.8629 15.041 5.8
      vertex 13.5432 17.4701 5.8
      vertex 13.7282 15.0142 5.8
    endloop
  endfacet
  facet normal -0 0 1
    outer loop
      vertex 13.0941 17.3807 5.8
      vertex 13.7282 15.0142 5.8
      vertex 13.5432 17.4701 5.8
    endloop
  endfacet
  facet normal 0 0 1
    outer loop
      vertex 13.7282 15.0142 5.8
      vertex 13.0941 17.3807 5.8
      vertex 13.5982 14.9701 5.8
    endloop
  endfacet
  facet normal -0 0 1
    outer loop
      vertex 12.6606 17.2336 5.8
      vertex 13.5982 14.9701 5.8
      vertex 13.0941 17.3807 5.8
    endloop
  endfacet
  facet normal 0 0 1
    outer loop
      vertex 13.5982 14.9701 5.8
      vertex 12.6606 17.2336 5.8
      vertex 13.475 14.9093 5.8
    endloop
  endfacet
  facet normal -0 0 1
    outer loop
      vertex 12.25 17.0311 5.8
      vertex 13.475 14.9093 5.8
      vertex 12.6606 17.2336 5.8
    endloop
  endfacet
  facet normal 0 0 1
    outer loop
      vertex 13.475 14.9093 5.8
      vertex 12.25 17.0311 5.8
      vertex 13.3608 14.833 5.8
    endloop
  endfacet
  facet normal -0 0 1
    outer loop
      vertex 11.8693 16.7767 5.8
      vertex 13.3608 14.833 5.8
      vertex 12.25 17.0311 5.8
    endloop
  endfacet
  facet normal 0 0 1
    outer loop
      vertex 13.3608 14.833 5.8
      vertex 11.8693 16.7767 5.8
      vertex 13.2575 14.7425 5.8
    endloop
  endfacet
  facet normal -0 0 1
    outer loop
      vertex 11.5251 16.4749 5.8
      vertex 13.2575 14.7425 5.8
      vertex 11.8693 16.7767 5.8
    endloop
  endfacet
  facet normal 0 0 1
    outer loop
      vertex 13.2575 14.7425 5.8
      vertex 11.5251 16.4749 5.8
      vertex 13.167 14.6392 5.8
    endloop
  endfacet
  facet normal -0 0 1
    outer loop
      vertex 11.2233 16.1307 5.8
      vertex 13.167 14.6392 5.8
      vertex 11.5251 16.4749 5.8
    endloop
  endfacet
  facet normal 0 0 1
    outer loop
      vertex 13.167 14.6392 5.8
      vertex 11.2233 16.1307 5.8
      vertex 13.0907 14.525 5.8
    endloop
  endfacet
  facet normal -0 0 1
    outer loop
      vertex 14.833 13.3608 5.8
      vertex 16.7767 11.8693 5.8
      vertex 14.9093 13.475 5.8
    endloop
  endfacet
  facet normal 0 0 1
    outer loop
      vertex 16.7767 11.8693 5.8
      vertex 14.833 13.3608 5.8
      vertex 16.4749 11.5251 5.8
    endloop
  endfacet
  facet normal -0 0 1
    outer loop
      vertex 14.7425 13.2575 5.8
      vertex 16.4749 11.5251 5.8
      vertex 14.833 13.3608 5.8
    endloop
  endfacet
  facet normal 0 0 1
    outer loop
      vertex 16.4749 11.5251 5.8
      vertex 14.7425 13.2575 5.8
      vertex 16.1307 11.2233 5.8
    endloop
  endfacet
  facet normal -0 0 1
    outer loop
      vertex 14.6392 13.167 5.8
      vertex 16.1307 11.2233 5.8
      vertex 14.7425 13.2575 5.8
    endloop
  endfacet
  facet normal 0 0 1
    outer loop
      vertex 16.1307 11.2233 5.8
      vertex 14.6392 13.167 5.8
      vertex 15.75 10.9689 5.8
    endloop
  endfacet
  facet normal -0 0 1
    outer loop
      vertex 14.525 13.0907 5.8
      vertex 15.75 10.9689 5.8
      vertex 14.6392 13.167 5.8
    endloop
  endfacet
  facet normal 0 0 1
    outer loop
      vertex 15.75 10.9689 5.8
      vertex 14.525 13.0907 5.8
      vertex 15.3394 10.7664 5.8
    endloop
  endfacet
  facet normal -0 0 1
    outer loop
      vertex 14.4018 13.0299 5.8
      vertex 15.3394 10.7664 5.8
      vertex 14.525 13.0907 5.8
    endloop
  endfacet
  facet normal 0 0 1
    outer loop
      vertex 15.3394 10.7664 5.8
      vertex 14.4018 13.0299 5.8
      vertex 14.9059 10.6193 5.8
    endloop
  endfacet
  facet normal -0 0 1
    outer loop
      vertex 14.2718 12.9858 5.8
      vertex 14.9059 10.6193 5.8
      vertex 14.4018 13.0299 5.8
    endloop
  endfacet
  facet normal 0 0 1
    outer loop
      vertex 14.9059 10.6193 5.8
      vertex 14.2718 12.9858 5.8
      vertex 14.4568 10.5299 5.8
    endloop
  endfacet
  facet normal -0 0 1
    outer loop
      vertex 14.1371 12.959 5.8
      vertex 14.4568 10.5299 5.8
      vertex 14.2718 12.9858 5.8
    endloop
  endfacet
  facet normal -0 0 1
    outer loop
      vertex 14 12.95 5.8
      vertex 14.4568 10.5299 5.8
      vertex 14.1371 12.959 5.8
    endloop
  endfacet
  facet normal 0 0 1
    outer loop
      vertex 14 12.95 5.8
      vertex 14 10.5 5.8
      vertex 14.4568 10.5299 5.8
    endloop
  endfacet
  facet normal 0 0 1
    outer loop
      vertex 13.8629 12.959 5.8
      vertex 14 10.5 5.8
      vertex 14 12.95 5.8
    endloop
  endfacet
  facet normal 0 0 1
    outer loop
      vertex 13.5432 10.5299 5.8
      vertex 13.8629 12.959 5.8
      vertex 13.7282 12.9858 5.8
    endloop
  endfacet
  facet normal 0 0 1
    outer loop
      vertex 13.0941 10.6193 5.8
      vertex 13.7282 12.9858 5.8
      vertex 13.5982 13.0299 5.8
    endloop
  endfacet
  facet normal 0 0 1
    outer loop
      vertex 13.8629 12.959 5.8
      vertex 13.5432 10.5299 5.8
      vertex 14 10.5 5.8
    endloop
  endfacet
  facet normal 0 0 1
    outer loop
      vertex 12.6606 10.7664 5.8
      vertex 13.5982 13.0299 5.8
      vertex 13.475 13.0907 5.8
    endloop
  endfacet
  facet normal 0 0 1
    outer loop
      vertex 12.25 10.9689 5.8
      vertex 13.475 13.0907 5.8
      vertex 13.3608 13.167 5.8
    endloop
  endfacet
  facet normal 0 0 1
    outer loop
      vertex 11.8693 11.2233 5.8
      vertex 13.3608 13.167 5.8
      vertex 13.2575 13.2575 5.8
    endloop
  endfacet
  facet normal 0 0 1
    outer loop
      vertex 11.5251 11.5251 5.8
      vertex 13.2575 13.2575 5.8
      vertex 13.167 13.3608 5.8
    endloop
  endfacet
  facet normal 0 0 1
    outer loop
      vertex 13.7282 12.9858 5.8
      vertex 13.0941 10.6193 5.8
      vertex 13.5432 10.5299 5.8
    endloop
  endfacet
  facet normal 0 0 1
    outer loop
      vertex 11.2233 11.8693 5.8
      vertex 13.167 13.3608 5.8
      vertex 13.0907 13.475 5.8
    endloop
  endfacet
  facet normal 0 0 1
    outer loop
      vertex 10.9689 12.25 5.8
      vertex 13.0907 13.475 5.8
      vertex 13.0299 13.5982 5.8
    endloop
  endfacet
  facet normal 0 0 1
    outer loop
      vertex 10.7664 12.6606 5.8
      vertex 13.0299 13.5982 5.8
      vertex 12.9858 13.7282 5.8
    endloop
  endfacet
  facet normal 0 0 1
    outer loop
      vertex 10.6193 13.0941 5.8
      vertex 12.9858 13.7282 5.8
      vertex 12.959 13.8629 5.8
    endloop
  endfacet
  facet normal 0 0 1
    outer loop
      vertex 10.5299 13.5432 5.8
      vertex 12.959 13.8629 5.8
      vertex 12.95 14 5.8
    endloop
  endfacet
  facet normal -0 0 1
    outer loop
      vertex 10.9689 15.75 5.8
      vertex 13.0907 14.525 5.8
      vertex 11.2233 16.1307 5.8
    endloop
  endfacet
  facet normal 0 0 1
    outer loop
      vertex 13.5982 13.0299 5.8
      vertex 12.6606 10.7664 5.8
      vertex 13.0941 10.6193 5.8
    endloop
  endfacet
  facet normal 0 0 1
    outer loop
      vertex 13.0907 14.525 5.8
      vertex 10.9689 15.75 5.8
      vertex 13.0299 14.4018 5.8
    endloop
  endfacet
  facet normal 0 0 1
    outer loop
      vertex 13.475 13.0907 5.8
      vertex 12.25 10.9689 5.8
      vertex 12.6606 10.7664 5.8
    endloop
  endfacet
  facet normal -0 0 1
    outer loop
      vertex 10.7664 15.3394 5.8
      vertex 13.0299 14.4018 5.8
      vertex 10.9689 15.75 5.8
    endloop
  endfacet
  facet normal 0 0 1
    outer loop
      vertex 13.3608 13.167 5.8
      vertex 11.8693 11.2233 5.8
      vertex 12.25 10.9689 5.8
    endloop
  endfacet
  facet normal 0 0 1
    outer loop
      vertex 13.0299 14.4018 5.8
      vertex 10.7664 15.3394 5.8
      vertex 12.9858 14.2718 5.8
    endloop
  endfacet
  facet normal 0 0 1
    outer loop
      vertex 13.2575 13.2575 5.8
      vertex 11.5251 11.5251 5.8
      vertex 11.8693 11.2233 5.8
    endloop
  endfacet
  facet normal -0 0 1
    outer loop
      vertex 10.6193 14.9059 5.8
      vertex 12.9858 14.2718 5.8
      vertex 10.7664 15.3394 5.8
    endloop
  endfacet
  facet normal 0 0 1
    outer loop
      vertex 13.167 13.3608 5.8
      vertex 11.2233 11.8693 5.8
      vertex 11.5251 11.5251 5.8
    endloop
  endfacet
  facet normal 0 0 1
    outer loop
      vertex 12.9858 14.2718 5.8
      vertex 10.6193 14.9059 5.8
      vertex 12.959 14.1371 5.8
    endloop
  endfacet
  facet normal 0 0 1
    outer loop
      vertex 13.0907 13.475 5.8
      vertex 10.9689 12.25 5.8
      vertex 11.2233 11.8693 5.8
    endloop
  endfacet
  facet normal -0 0 1
    outer loop
      vertex 10.5299 14.4568 5.8
      vertex 12.959 14.1371 5.8
      vertex 10.6193 14.9059 5.8
    endloop
  endfacet
  facet normal 0 0 1
    outer loop
      vertex 13.0299 13.5982 5.8
      vertex 10.7664 12.6606 5.8
      vertex 10.9689 12.25 5.8
    endloop
  endfacet
  facet normal 0 0 1
    outer loop
      vertex 12.959 14.1371 5.8
      vertex 10.5299 14.4568 5.8
      vertex 12.95 14 5.8
    endloop
  endfacet
  facet normal 0 0 1
    outer loop
      vertex 12.9858 13.7282 5.8
      vertex 10.6193 13.0941 5.8
      vertex 10.7664 12.6606 5.8
    endloop
  endfacet
  facet normal 0 0 1
    outer loop
      vertex 10.5 14 5.8
      vertex 12.95 14 5.8
      vertex 10.5299 14.4568 5.8
    endloop
  endfacet
  facet normal 0 0 1
    outer loop
      vertex 12.959 13.8629 5.8
      vertex 10.5299 13.5432 5.8
      vertex 10.6193 13.0941 5.8
    endloop
  endfacet
  facet normal 0 0 1
    outer loop
      vertex 12.95 14 5.8
      vertex 10.5 14 5.8
      vertex 10.5299 13.5432 5.8
    endloop
  endfacet
  facet normal -0.555607 0.831445 0
    outer loop
      vertex 12.25 17.0311 2.4
      vertex 11.8693 16.7767 5.8
      vertex 12.25 17.0311 5.8
    endloop
  endfacet
  facet normal -0.555607 0.831445 0
    outer loop
      vertex 11.8693 16.7767 5.8
      vertex 12.25 17.0311 2.4
      vertex 11.8693 16.7767 2.4
    endloop
  endfacet
  facet normal -0.659278 0.7519 0
    outer loop
      vertex 11.8693 16.7767 2.4
      vertex 11.5251 16.4749 5.8
      vertex 11.8693 16.7767 5.8
    endloop
  endfacet
  facet normal -0.659278 0.7519 0
    outer loop
      vertex 11.5251 16.4749 5.8
      vertex 11.8693 16.7767 2.4
      vertex 11.5251 16.4749 2.4
    endloop
  endfacet
  facet normal -0.321335 0.946966 0
    outer loop
      vertex 13.0941 17.3807 2.4
      vertex 12.6606 17.2336 5.8
      vertex 13.0941 17.3807 5.8
    endloop
  endfacet
  facet normal -0.321335 0.946966 0
    outer loop
      vertex 12.6606 17.2336 5.8
      vertex 13.0941 17.3807 2.4
      vertex 12.6606 17.2336 2.4
    endloop
  endfacet
  facet normal 0.321335 -0.946966 0
    outer loop
      vertex 14.9059 10.6193 2.4
      vertex 15.3394 10.7664 5.8
      vertex 14.9059 10.6193 5.8
    endloop
  endfacet
  facet normal 0.321335 -0.946966 0
    outer loop
      vertex 15.3394 10.7664 5.8
      vertex 14.9059 10.6193 2.4
      vertex 15.3394 10.7664 2.4
    endloop
  endfacet
  facet normal 0.7519 -0.659278 0
    outer loop
      vertex 16.4749 11.5251 5.8
      vertex 16.7767 11.8693 2.4
      vertex 16.7767 11.8693 5.8
    endloop
  endfacet
  facet normal 0.7519 -0.659278 0
    outer loop
      vertex 16.7767 11.8693 2.4
      vertex 16.4749 11.5251 5.8
      vertex 16.4749 11.5251 2.4
    endloop
  endfacet
  facet normal 0.555607 -0.831445 0
    outer loop
      vertex 15.75 10.9689 2.4
      vertex 16.1307 11.2233 5.8
      vertex 15.75 10.9689 5.8
    endloop
  endfacet
  facet normal 0.555607 -0.831445 0
    outer loop
      vertex 16.1307 11.2233 5.8
      vertex 15.75 10.9689 2.4
      vertex 16.1307 11.2233 2.4
    endloop
  endfacet
  facet normal 0.980757 -0.195234 0
    outer loop
      vertex 17.3807 13.0941 5.8
      vertex 17.4701 13.5432 2.4
      vertex 17.4701 13.5432 5.8
    endloop
  endfacet
  facet normal 0.980757 -0.195234 0
    outer loop
      vertex 17.4701 13.5432 2.4
      vertex 17.3807 13.0941 5.8
      vertex 17.3807 13.0941 2.4
    endloop
  endfacet
  facet normal -0.442314 -0.89686 0
    outer loop
      vertex 12.25 10.9689 2.4
      vertex 12.6606 10.7664 5.8
      vertex 12.25 10.9689 5.8
    endloop
  endfacet
  facet normal -0.442314 -0.89686 -0
    outer loop
      vertex 12.6606 10.7664 5.8
      vertex 12.25 10.9689 2.4
      vertex 12.6606 10.7664 2.4
    endloop
  endfacet
  facet normal -0.0653156 -0.997865 0
    outer loop
      vertex 13.5432 10.5299 2.4
      vertex 14 10.5 5.8
      vertex 13.5432 10.5299 5.8
    endloop
  endfacet
  facet normal -0.0653156 -0.997865 -0
    outer loop
      vertex 14 10.5 5.8
      vertex 13.5432 10.5299 2.4
      vertex 14 10.5 2.4
    endloop
  endfacet
  facet normal -0.831445 -0.555607 0
    outer loop
      vertex 11.2233 11.8693 2.4
      vertex 10.9689 12.25 5.8
      vertex 10.9689 12.25 2.4
    endloop
  endfacet
  facet normal -0.831445 -0.555607 0
    outer loop
      vertex 10.9689 12.25 5.8
      vertex 11.2233 11.8693 2.4
      vertex 11.2233 11.8693 5.8
    endloop
  endfacet
  facet normal -0.659278 -0.7519 0
    outer loop
      vertex 11.5251 11.5251 2.4
      vertex 11.8693 11.2233 5.8
      vertex 11.5251 11.5251 5.8
    endloop
  endfacet
  facet normal -0.659278 -0.7519 -0
    outer loop
      vertex 11.8693 11.2233 5.8
      vertex 11.5251 11.5251 2.4
      vertex 11.8693 11.2233 2.4
    endloop
  endfacet
  facet normal -0.946966 -0.321335 0
    outer loop
      vertex 10.7664 12.6606 2.4
      vertex 10.6193 13.0941 5.8
      vertex 10.6193 13.0941 2.4
    endloop
  endfacet
  facet normal -0.946966 -0.321335 0
    outer loop
      vertex 10.6193 13.0941 5.8
      vertex 10.7664 12.6606 2.4
      vertex 10.7664 12.6606 5.8
    endloop
  endfacet
  facet normal -0.997865 -0.0653156 0
    outer loop
      vertex 10.5299 13.5432 2.4
      vertex 10.5 14 5.8
      vertex 10.5 14 2.4
    endloop
  endfacet
  facet normal -0.997865 -0.0653156 0
    outer loop
      vertex 10.5 14 5.8
      vertex 10.5299 13.5432 2.4
      vertex 10.5299 13.5432 5.8
    endloop
  endfacet
  facet normal 0.442314 -0.89686 0
    outer loop
      vertex 15.3394 10.7664 2.4
      vertex 15.75 10.9689 5.8
      vertex 15.3394 10.7664 5.8
    endloop
  endfacet
  facet normal 0.442314 -0.89686 0
    outer loop
      vertex 15.75 10.9689 5.8
      vertex 15.3394 10.7664 2.4
      vertex 15.75 10.9689 2.4
    endloop
  endfacet
  facet normal 0.659278 -0.7519 0
    outer loop
      vertex 16.1307 11.2233 2.4
      vertex 16.4749 11.5251 5.8
      vertex 16.1307 11.2233 5.8
    endloop
  endfacet
  facet normal 0.659278 -0.7519 0
    outer loop
      vertex 16.4749 11.5251 5.8
      vertex 16.1307 11.2233 2.4
      vertex 16.4749 11.5251 2.4
    endloop
  endfacet
  facet normal 0.89686 -0.442314 0
    outer loop
      vertex 17.0311 12.25 5.8
      vertex 17.2336 12.6606 2.4
      vertex 17.2336 12.6606 5.8
    endloop
  endfacet
  facet normal 0.89686 -0.442314 0
    outer loop
      vertex 17.2336 12.6606 2.4
      vertex 17.0311 12.25 5.8
      vertex 17.0311 12.25 2.4
    endloop
  endfacet
  facet normal 0.997865 -0.0653156 0
    outer loop
      vertex 17.4701 13.5432 5.8
      vertex 17.5 14 2.4
      vertex 17.5 14 5.8
    endloop
  endfacet
  facet normal 0.997865 -0.0653156 0
    outer loop
      vertex 17.5 14 2.4
      vertex 17.4701 13.5432 5.8
      vertex 17.4701 13.5432 2.4
    endloop
  endfacet
  facet normal 0.0653156 -0.997865 0
    outer loop
      vertex 14 10.5 2.4
      vertex 14.4568 10.5299 5.8
      vertex 14 10.5 5.8
    endloop
  endfacet
  facet normal 0.0653156 -0.997865 0
    outer loop
      vertex 14.4568 10.5299 5.8
      vertex 14 10.5 2.4
      vertex 14.4568 10.5299 2.4
    endloop
  endfacet
  facet normal -0.7519 -0.659278 0
    outer loop
      vertex 11.5251 11.5251 2.4
      vertex 11.2233 11.8693 5.8
      vertex 11.2233 11.8693 2.4
    endloop
  endfacet
  facet normal -0.7519 -0.659278 0
    outer loop
      vertex 11.2233 11.8693 5.8
      vertex 11.5251 11.5251 2.4
      vertex 11.5251 11.5251 5.8
    endloop
  endfacet
  facet normal 0.946966 -0.321335 0
    outer loop
      vertex 17.2336 12.6606 5.8
      vertex 17.3807 13.0941 2.4
      vertex 17.3807 13.0941 5.8
    endloop
  endfacet
  facet normal 0.946966 -0.321335 0
    outer loop
      vertex 17.3807 13.0941 2.4
      vertex 17.2336 12.6606 5.8
      vertex 17.2336 12.6606 2.4
    endloop
  endfacet
  facet normal 0.99785 0.0655331 0
    outer loop
      vertex 139.5 14 5.8
      vertex 139.47 14.4568 2.4
      vertex 139.47 14.4568 5.8
    endloop
  endfacet
  facet normal 0.99785 0.0655331 0
    outer loop
      vertex 139.47 14.4568 2.4
      vertex 139.5 14 5.8
      vertex 139.5 14 2.4
    endloop
  endfacet
  facet normal -0.0652871 0.997867 0
    outer loop
      vertex 136 17.5 2.4
      vertex 135.543 17.4701 5.8
      vertex 136 17.5 5.8
    endloop
  endfacet
  facet normal -0.0652871 0.997867 0
    outer loop
      vertex 135.543 17.4701 5.8
      vertex 136 17.5 2.4
      vertex 135.543 17.4701 2.4
    endloop
  endfacet
  facet normal 0.659494 0.75171 -0
    outer loop
      vertex 138.475 16.4749 2.4
      vertex 138.131 16.7767 5.8
      vertex 138.475 16.4749 5.8
    endloop
  endfacet
  facet normal 0.659494 0.75171 0
    outer loop
      vertex 138.131 16.7767 5.8
      vertex 138.475 16.4749 2.4
      vertex 138.131 16.7767 2.4
    endloop
  endfacet
  facet normal -0.751683 0.659524 0
    outer loop
      vertex 133.223 16.1307 2.4
      vertex 133.525 16.4749 5.8
      vertex 133.525 16.4749 2.4
    endloop
  endfacet
  facet normal -0.751683 0.659524 0
    outer loop
      vertex 133.525 16.4749 5.8
      vertex 133.223 16.1307 2.4
      vertex 133.223 16.1307 5.8
    endloop
  endfacet
  facet normal -0.441968 0.897031 0
    outer loop
      vertex 134.661 17.2336 2.4
      vertex 134.25 17.0311 5.8
      vertex 134.661 17.2336 5.8
    endloop
  endfacet
  facet normal -0.441968 0.897031 0
    outer loop
      vertex 134.25 17.0311 5.8
      vertex 134.661 17.2336 2.4
      vertex 134.25 17.0311 2.4
    endloop
  endfacet
  facet normal 0.831849 -0.555003 0
    outer loop
      vertex 138.777 11.8693 5.8
      vertex 139.031 12.25 2.4
      vertex 139.031 12.25 5.8
    endloop
  endfacet
  facet normal 0.831849 -0.555003 0
    outer loop
      vertex 139.031 12.25 2.4
      vertex 138.777 11.8693 5.8
      vertex 138.777 11.8693 2.4
    endloop
  endfacet
  facet normal -0.659494 -0.75171 0
    outer loop
      vertex 133.525 11.5251 2.4
      vertex 133.869 11.2233 5.8
      vertex 133.525 11.5251 5.8
    endloop
  endfacet
  facet normal -0.659494 -0.75171 -0
    outer loop
      vertex 133.869 11.2233 5.8
      vertex 133.525 11.5251 2.4
      vertex 133.869 11.2233 2.4
    endloop
  endfacet
  facet normal 0.947032 0.321139 0
    outer loop
      vertex 139.381 14.9059 5.8
      vertex 139.234 15.3394 2.4
      vertex 139.234 15.3394 5.8
    endloop
  endfacet
  facet normal 0.947032 0.321139 0
    outer loop
      vertex 139.234 15.3394 2.4
      vertex 139.381 14.9059 5.8
      vertex 139.381 14.9059 2.4
    endloop
  endfacet
  facet normal 0.980924 0.194394 0
    outer loop
      vertex 139.47 14.4568 5.8
      vertex 139.381 14.9059 2.4
      vertex 139.381 14.9059 5.8
    endloop
  endfacet
  facet normal 0.980924 0.194394 0
    outer loop
      vertex 139.381 14.9059 2.4
      vertex 139.47 14.4568 5.8
      vertex 139.47 14.4568 2.4
    endloop
  endfacet
  facet normal 0.321668 0.946853 -0
    outer loop
      vertex 137.339 17.2336 2.4
      vertex 136.906 17.3807 5.8
      vertex 137.339 17.2336 5.8
    endloop
  endfacet
  facet normal 0.321668 0.946853 0
    outer loop
      vertex 136.906 17.3807 5.8
      vertex 137.339 17.2336 2.4
      vertex 136.906 17.3807 2.4
    endloop
  endfacet
  facet normal 0.0652871 0.997867 -0
    outer loop
      vertex 136.457 17.4701 2.4
      vertex 136 17.5 5.8
      vertex 136.457 17.4701 5.8
    endloop
  endfacet
  facet normal 0.0652871 0.997867 0
    outer loop
      vertex 136 17.5 5.8
      vertex 136.457 17.4701 2.4
      vertex 136 17.5 2.4
    endloop
  endfacet
  facet normal 0.555305 0.831647 -0
    outer loop
      vertex 138.131 16.7767 2.4
      vertex 137.75 17.0311 5.8
      vertex 138.131 16.7767 5.8
    endloop
  endfacet
  facet normal 0.555305 0.831647 0
    outer loop
      vertex 137.75 17.0311 5.8
      vertex 138.131 16.7767 2.4
      vertex 137.75 17.0311 2.4
    endloop
  endfacet
  facet normal -0.896427 0.443192 0
    outer loop
      vertex 132.766 15.3394 2.4
      vertex 132.969 15.75 5.8
      vertex 132.969 15.75 2.4
    endloop
  endfacet
  facet normal -0.896427 0.443192 0
    outer loop
      vertex 132.969 15.75 5.8
      vertex 132.766 15.3394 2.4
      vertex 132.766 15.3394 5.8
    endloop
  endfacet
  facet normal -0.831849 0.555003 0
    outer loop
      vertex 132.969 15.75 2.4
      vertex 133.223 16.1307 5.8
      vertex 133.223 16.1307 2.4
    endloop
  endfacet
  facet normal -0.831849 0.555003 0
    outer loop
      vertex 133.223 16.1307 5.8
      vertex 132.969 15.75 2.4
      vertex 132.969 15.75 5.8
    endloop
  endfacet
  facet normal -0.980924 0.194394 0
    outer loop
      vertex 132.53 14.4568 2.4
      vertex 132.619 14.9059 5.8
      vertex 132.619 14.9059 2.4
    endloop
  endfacet
  facet normal -0.980924 0.194394 0
    outer loop
      vertex 132.619 14.9059 5.8
      vertex 132.53 14.4568 2.4
      vertex 132.53 14.4568 5.8
    endloop
  endfacet
  facet normal -0.99785 -0.0655331 0
    outer loop
      vertex 132.53 13.5432 2.4
      vertex 132.5 14 5.8
      vertex 132.5 14 2.4
    endloop
  endfacet
  facet normal -0.99785 -0.0655331 0
    outer loop
      vertex 132.5 14 5.8
      vertex 132.53 13.5432 2.4
      vertex 132.53 13.5432 5.8
    endloop
  endfacet
  facet normal -0.659494 0.75171 0
    outer loop
      vertex 133.869 16.7767 2.4
      vertex 133.525 16.4749 5.8
      vertex 133.869 16.7767 5.8
    endloop
  endfacet
  facet normal -0.659494 0.75171 0
    outer loop
      vertex 133.525 16.4749 5.8
      vertex 133.869 16.7767 2.4
      vertex 133.525 16.4749 2.4
    endloop
  endfacet
  facet normal -0.195276 0.980748 0
    outer loop
      vertex 135.543 17.4701 2.4
      vertex 135.094 17.3807 5.8
      vertex 135.543 17.4701 5.8
    endloop
  endfacet
  facet normal -0.195276 0.980748 0
    outer loop
      vertex 135.094 17.3807 5.8
      vertex 135.543 17.4701 2.4
      vertex 135.094 17.3807 2.4
    endloop
  endfacet
  facet normal 0.321668 -0.946853 0
    outer loop
      vertex 136.906 10.6193 2.4
      vertex 137.339 10.7664 5.8
      vertex 136.906 10.6193 5.8
    endloop
  endfacet
  facet normal 0.321668 -0.946853 0
    outer loop
      vertex 137.339 10.7664 5.8
      vertex 136.906 10.6193 2.4
      vertex 137.339 10.7664 2.4
    endloop
  endfacet
  facet normal 0.195276 -0.980748 0
    outer loop
      vertex 136.457 10.5299 2.4
      vertex 136.906 10.6193 5.8
      vertex 136.457 10.5299 5.8
    endloop
  endfacet
  facet normal 0.195276 -0.980748 0
    outer loop
      vertex 136.906 10.6193 5.8
      vertex 136.457 10.5299 2.4
      vertex 136.906 10.6193 2.4
    endloop
  endfacet
  facet normal 0.99785 -0.0655331 0
    outer loop
      vertex 139.47 13.5432 5.8
      vertex 139.5 14 2.4
      vertex 139.5 14 5.8
    endloop
  endfacet
  facet normal 0.99785 -0.0655331 0
    outer loop
      vertex 139.5 14 2.4
      vertex 139.47 13.5432 5.8
      vertex 139.47 13.5432 2.4
    endloop
  endfacet
  facet normal -0.555305 -0.831647 0
    outer loop
      vertex 133.869 11.2233 2.4
      vertex 134.25 10.9689 5.8
      vertex 133.869 11.2233 5.8
    endloop
  endfacet
  facet normal -0.555305 -0.831647 -0
    outer loop
      vertex 134.25 10.9689 5.8
      vertex 133.869 11.2233 2.4
      vertex 134.25 10.9689 2.4
    endloop
  endfacet
  facet normal -0.195276 -0.980748 0
    outer loop
      vertex 135.094 10.6193 2.4
      vertex 135.543 10.5299 5.8
      vertex 135.094 10.6193 5.8
    endloop
  endfacet
  facet normal -0.195276 -0.980748 -0
    outer loop
      vertex 135.543 10.5299 5.8
      vertex 135.094 10.6193 2.4
      vertex 135.543 10.5299 2.4
    endloop
  endfacet
  facet normal -0.980924 -0.194394 0
    outer loop
      vertex 132.619 13.0941 2.4
      vertex 132.53 13.5432 5.8
      vertex 132.53 13.5432 2.4
    endloop
  endfacet
  facet normal -0.980924 -0.194394 0
    outer loop
      vertex 132.53 13.5432 5.8
      vertex 132.619 13.0941 2.4
      vertex 132.619 13.0941 5.8
    endloop
  endfacet
  facet normal 0.896427 0.443192 0
    outer loop
      vertex 139.234 15.3394 5.8
      vertex 139.031 15.75 2.4
      vertex 139.031 15.75 5.8
    endloop
  endfacet
  facet normal 0.896427 0.443192 0
    outer loop
      vertex 139.031 15.75 2.4
      vertex 139.234 15.3394 5.8
      vertex 139.234 15.3394 2.4
    endloop
  endfacet
  facet normal 0.831849 0.555003 0
    outer loop
      vertex 139.031 15.75 5.8
      vertex 138.777 16.1307 2.4
      vertex 138.777 16.1307 5.8
    endloop
  endfacet
  facet normal 0.831849 0.555003 0
    outer loop
      vertex 138.777 16.1307 2.4
      vertex 139.031 15.75 5.8
      vertex 139.031 15.75 2.4
    endloop
  endfacet
  facet normal 0.751683 0.659524 0
    outer loop
      vertex 138.777 16.1307 5.8
      vertex 138.475 16.4749 2.4
      vertex 138.475 16.4749 5.8
    endloop
  endfacet
  facet normal 0.751683 0.659524 0
    outer loop
      vertex 138.475 16.4749 2.4
      vertex 138.777 16.1307 5.8
      vertex 138.777 16.1307 2.4
    endloop
  endfacet
  facet normal -0.947032 0.321139 0
    outer loop
      vertex 132.619 14.9059 2.4
      vertex 132.766 15.3394 5.8
      vertex 132.766 15.3394 2.4
    endloop
  endfacet
  facet normal -0.947032 0.321139 0
    outer loop
      vertex 132.766 15.3394 5.8
      vertex 132.619 14.9059 2.4
      vertex 132.619 14.9059 5.8
    endloop
  endfacet
  facet normal -0.99785 0.0655331 0
    outer loop
      vertex 132.5 14 2.4
      vertex 132.53 14.4568 5.8
      vertex 132.53 14.4568 2.4
    endloop
  endfacet
  facet normal -0.99785 0.0655331 0
    outer loop
      vertex 132.53 14.4568 5.8
      vertex 132.5 14 2.4
      vertex 132.5 14 5.8
    endloop
  endfacet
  facet normal -0.555305 0.831647 0
    outer loop
      vertex 134.25 17.0311 2.4
      vertex 133.869 16.7767 5.8
      vertex 134.25 17.0311 5.8
    endloop
  endfacet
  facet normal -0.555305 0.831647 0
    outer loop
      vertex 133.869 16.7767 5.8
      vertex 134.25 17.0311 2.4
      vertex 133.869 16.7767 2.4
    endloop
  endfacet
  facet normal -0.321668 0.946853 0
    outer loop
      vertex 135.094 17.3807 2.4
      vertex 134.661 17.2336 5.8
      vertex 135.094 17.3807 5.8
    endloop
  endfacet
  facet normal -0.321668 0.946853 0
    outer loop
      vertex 134.661 17.2336 5.8
      vertex 135.094 17.3807 2.4
      vertex 134.661 17.2336 2.4
    endloop
  endfacet
  facet normal 0.555305 -0.831647 0
    outer loop
      vertex 137.75 10.9689 2.4
      vertex 138.131 11.2233 5.8
      vertex 137.75 10.9689 5.8
    endloop
  endfacet
  facet normal 0.555305 -0.831647 0
    outer loop
      vertex 138.131 11.2233 5.8
      vertex 137.75 10.9689 2.4
      vertex 138.131 11.2233 2.4
    endloop
  endfacet
  facet normal 0.751683 -0.659524 0
    outer loop
      vertex 138.475 11.5251 5.8
      vertex 138.777 11.8693 2.4
      vertex 138.777 11.8693 5.8
    endloop
  endfacet
  facet normal 0.751683 -0.659524 0
    outer loop
      vertex 138.777 11.8693 2.4
      vertex 138.475 11.5251 5.8
      vertex 138.475 11.5251 2.4
    endloop
  endfacet
  facet normal 0.980924 -0.194394 0
    outer loop
      vertex 139.381 13.0941 5.8
      vertex 139.47 13.5432 2.4
      vertex 139.47 13.5432 5.8
    endloop
  endfacet
  facet normal 0.980924 -0.194394 0
    outer loop
      vertex 139.47 13.5432 2.4
      vertex 139.381 13.0941 5.8
      vertex 139.381 13.0941 2.4
    endloop
  endfacet
  facet normal -0.0652871 -0.997867 0
    outer loop
      vertex 135.543 10.5299 2.4
      vertex 136 10.5 5.8
      vertex 135.543 10.5299 5.8
    endloop
  endfacet
  facet normal -0.0652871 -0.997867 -0
    outer loop
      vertex 136 10.5 5.8
      vertex 135.543 10.5299 2.4
      vertex 136 10.5 2.4
    endloop
  endfacet
  facet normal -0.441968 -0.897031 0
    outer loop
      vertex 134.25 10.9689 2.4
      vertex 134.661 10.7664 5.8
      vertex 134.25 10.9689 5.8
    endloop
  endfacet
  facet normal -0.441968 -0.897031 -0
    outer loop
      vertex 134.661 10.7664 5.8
      vertex 134.25 10.9689 2.4
      vertex 134.661 10.7664 2.4
    endloop
  endfacet
  facet normal 0.0652871 -0.997867 0
    outer loop
      vertex 136 10.5 2.4
      vertex 136.457 10.5299 5.8
      vertex 136 10.5 5.8
    endloop
  endfacet
  facet normal 0.0652871 -0.997867 0
    outer loop
      vertex 136.457 10.5299 5.8
      vertex 136 10.5 2.4
      vertex 136.457 10.5299 2.4
    endloop
  endfacet
  facet normal -0.831849 -0.555003 0
    outer loop
      vertex 133.223 11.8693 2.4
      vertex 132.969 12.25 5.8
      vertex 132.969 12.25 2.4
    endloop
  endfacet
  facet normal -0.831849 -0.555003 0
    outer loop
      vertex 132.969 12.25 5.8
      vertex 133.223 11.8693 2.4
      vertex 133.223 11.8693 5.8
    endloop
  endfacet
  facet normal -0.947032 -0.321139 0
    outer loop
      vertex 132.766 12.6606 2.4
      vertex 132.619 13.0941 5.8
      vertex 132.619 13.0941 2.4
    endloop
  endfacet
  facet normal -0.947032 -0.321139 0
    outer loop
      vertex 132.619 13.0941 5.8
      vertex 132.766 12.6606 2.4
      vertex 132.766 12.6606 5.8
    endloop
  endfacet
  facet normal 0.195276 0.980748 -0
    outer loop
      vertex 136.906 17.3807 2.4
      vertex 136.457 17.4701 5.8
      vertex 136.906 17.3807 5.8
    endloop
  endfacet
  facet normal 0.195276 0.980748 0
    outer loop
      vertex 136.457 17.4701 5.8
      vertex 136.906 17.3807 2.4
      vertex 136.457 17.4701 2.4
    endloop
  endfacet
  facet normal 0.441968 0.897031 -0
    outer loop
      vertex 137.75 17.0311 2.4
      vertex 137.339 17.2336 5.8
      vertex 137.75 17.0311 5.8
    endloop
  endfacet
  facet normal 0.441968 0.897031 0
    outer loop
      vertex 137.339 17.2336 5.8
      vertex 137.75 17.0311 2.4
      vertex 137.339 17.2336 2.4
    endloop
  endfacet
  facet normal 0 0 1
    outer loop
      vertex 137.05 14 5.8
      vertex 139.5 14 5.8
      vertex 139.47 14.4568 5.8
    endloop
  endfacet
  facet normal 0 0 1
    outer loop
      vertex 137.041 14.1371 5.8
      vertex 139.47 14.4568 5.8
      vertex 139.381 14.9059 5.8
    endloop
  endfacet
  facet normal 0 0 1
    outer loop
      vertex 139.5 14 5.8
      vertex 137.05 14 5.8
      vertex 139.47 13.5432 5.8
    endloop
  endfacet
  facet normal 0 0 1
    outer loop
      vertex 137.014 14.2718 5.8
      vertex 139.381 14.9059 5.8
      vertex 139.234 15.3394 5.8
    endloop
  endfacet
  facet normal -0 0 1
    outer loop
      vertex 137.041 13.8629 5.8
      vertex 139.47 13.5432 5.8
      vertex 137.05 14 5.8
    endloop
  endfacet
  facet normal 0 0 1
    outer loop
      vertex 136.97 14.4018 5.8
      vertex 139.234 15.3394 5.8
      vertex 139.031 15.75 5.8
    endloop
  endfacet
  facet normal 0 0 1
    outer loop
      vertex 139.47 13.5432 5.8
      vertex 137.041 13.8629 5.8
      vertex 139.381 13.0941 5.8
    endloop
  endfacet
  facet normal 0 0 1
    outer loop
      vertex 136.909 14.525 5.8
      vertex 139.031 15.75 5.8
      vertex 138.777 16.1307 5.8
    endloop
  endfacet
  facet normal -0 0 1
    outer loop
      vertex 137.014 13.7282 5.8
      vertex 139.381 13.0941 5.8
      vertex 137.041 13.8629 5.8
    endloop
  endfacet
  facet normal 0 0 1
    outer loop
      vertex 136.833 14.6392 5.8
      vertex 138.777 16.1307 5.8
      vertex 138.475 16.4749 5.8
    endloop
  endfacet
  facet normal 0 0 1
    outer loop
      vertex 139.381 13.0941 5.8
      vertex 137.014 13.7282 5.8
      vertex 139.234 12.6606 5.8
    endloop
  endfacet
  facet normal 0 0 1
    outer loop
      vertex 136.742 14.7425 5.8
      vertex 138.475 16.4749 5.8
      vertex 138.131 16.7767 5.8
    endloop
  endfacet
  facet normal -0 0 1
    outer loop
      vertex 136.97 13.5982 5.8
      vertex 139.234 12.6606 5.8
      vertex 137.014 13.7282 5.8
    endloop
  endfacet
  facet normal 0 0 1
    outer loop
      vertex 136.639 14.833 5.8
      vertex 138.131 16.7767 5.8
      vertex 137.75 17.0311 5.8
    endloop
  endfacet
  facet normal 0 0 1
    outer loop
      vertex 139.234 12.6606 5.8
      vertex 136.97 13.5982 5.8
      vertex 139.031 12.25 5.8
    endloop
  endfacet
  facet normal 0 0 1
    outer loop
      vertex 136.525 14.9093 5.8
      vertex 137.75 17.0311 5.8
      vertex 137.339 17.2336 5.8
    endloop
  endfacet
  facet normal -0 0 1
    outer loop
      vertex 136.909 13.475 5.8
      vertex 139.031 12.25 5.8
      vertex 136.97 13.5982 5.8
    endloop
  endfacet
  facet normal 0 0 1
    outer loop
      vertex 139.031 12.25 5.8
      vertex 136.909 13.475 5.8
      vertex 138.777 11.8693 5.8
    endloop
  endfacet
  facet normal 0 0 1
    outer loop
      vertex 139.47 14.4568 5.8
      vertex 137.041 14.1371 5.8
      vertex 137.05 14 5.8
    endloop
  endfacet
  facet normal 0 0 1
    outer loop
      vertex 139.381 14.9059 5.8
      vertex 137.014 14.2718 5.8
      vertex 137.041 14.1371 5.8
    endloop
  endfacet
  facet normal 0 0 1
    outer loop
      vertex 139.234 15.3394 5.8
      vertex 136.97 14.4018 5.8
      vertex 137.014 14.2718 5.8
    endloop
  endfacet
  facet normal 0 0 1
    outer loop
      vertex 139.031 15.75 5.8
      vertex 136.909 14.525 5.8
      vertex 136.97 14.4018 5.8
    endloop
  endfacet
  facet normal 0 0 1
    outer loop
      vertex 136.402 14.9701 5.8
      vertex 137.339 17.2336 5.8
      vertex 136.906 17.3807 5.8
    endloop
  endfacet
  facet normal 0 0 1
    outer loop
      vertex 138.777 16.1307 5.8
      vertex 136.833 14.6392 5.8
      vertex 136.909 14.525 5.8
    endloop
  endfacet
  facet normal 0 0 1
    outer loop
      vertex 138.475 16.4749 5.8
      vertex 136.742 14.7425 5.8
      vertex 136.833 14.6392 5.8
    endloop
  endfacet
  facet normal 0 0 1
    outer loop
      vertex 138.131 16.7767 5.8
      vertex 136.639 14.833 5.8
      vertex 136.742 14.7425 5.8
    endloop
  endfacet
  facet normal 0 0 1
    outer loop
      vertex 137.75 17.0311 5.8
      vertex 136.525 14.9093 5.8
      vertex 136.639 14.833 5.8
    endloop
  endfacet
  facet normal 0 0 1
    outer loop
      vertex 136.272 15.0142 5.8
      vertex 136.906 17.3807 5.8
      vertex 136.457 17.4701 5.8
    endloop
  endfacet
  facet normal 0 0 1
    outer loop
      vertex 137.339 17.2336 5.8
      vertex 136.402 14.9701 5.8
      vertex 136.525 14.9093 5.8
    endloop
  endfacet
  facet normal 0 0 1
    outer loop
      vertex 136.906 17.3807 5.8
      vertex 136.272 15.0142 5.8
      vertex 136.402 14.9701 5.8
    endloop
  endfacet
  facet normal 0 0 1
    outer loop
      vertex 136.457 17.4701 5.8
      vertex 136.137 15.041 5.8
      vertex 136.272 15.0142 5.8
    endloop
  endfacet
  facet normal 0 0 1
    outer loop
      vertex 136 17.5 5.8
      vertex 136.137 15.041 5.8
      vertex 136.457 17.4701 5.8
    endloop
  endfacet
  facet normal 0 0 1
    outer loop
      vertex 136 17.5 5.8
      vertex 136 15.05 5.8
      vertex 136.137 15.041 5.8
    endloop
  endfacet
  facet normal 0 0 1
    outer loop
      vertex 136 17.5 5.8
      vertex 135.863 15.041 5.8
      vertex 136 15.05 5.8
    endloop
  endfacet
  facet normal -0 0 1
    outer loop
      vertex 135.543 17.4701 5.8
      vertex 135.863 15.041 5.8
      vertex 136 17.5 5.8
    endloop
  endfacet
  facet normal 0 0 1
    outer loop
      vertex 135.863 15.041 5.8
      vertex 135.543 17.4701 5.8
      vertex 135.728 15.0142 5.8
    endloop
  endfacet
  facet normal -0 0 1
    outer loop
      vertex 135.094 17.3807 5.8
      vertex 135.728 15.0142 5.8
      vertex 135.543 17.4701 5.8
    endloop
  endfacet
  facet normal 0 0 1
    outer loop
      vertex 135.728 15.0142 5.8
      vertex 135.094 17.3807 5.8
      vertex 135.598 14.9701 5.8
    endloop
  endfacet
  facet normal -0 0 1
    outer loop
      vertex 134.661 17.2336 5.8
      vertex 135.598 14.9701 5.8
      vertex 135.094 17.3807 5.8
    endloop
  endfacet
  facet normal 0 0 1
    outer loop
      vertex 135.598 14.9701 5.8
      vertex 134.661 17.2336 5.8
      vertex 135.475 14.9093 5.8
    endloop
  endfacet
  facet normal -0 0 1
    outer loop
      vertex 134.25 17.0311 5.8
      vertex 135.475 14.9093 5.8
      vertex 134.661 17.2336 5.8
    endloop
  endfacet
  facet normal 0 0 1
    outer loop
      vertex 135.475 14.9093 5.8
      vertex 134.25 17.0311 5.8
      vertex 135.361 14.833 5.8
    endloop
  endfacet
  facet normal -0 0 1
    outer loop
      vertex 133.869 16.7767 5.8
      vertex 135.361 14.833 5.8
      vertex 134.25 17.0311 5.8
    endloop
  endfacet
  facet normal 0 0 1
    outer loop
      vertex 135.361 14.833 5.8
      vertex 133.869 16.7767 5.8
      vertex 135.258 14.7425 5.8
    endloop
  endfacet
  facet normal -0 0 1
    outer loop
      vertex 133.525 16.4749 5.8
      vertex 135.258 14.7425 5.8
      vertex 133.869 16.7767 5.8
    endloop
  endfacet
  facet normal 0 0 1
    outer loop
      vertex 135.258 14.7425 5.8
      vertex 133.525 16.4749 5.8
      vertex 135.167 14.6392 5.8
    endloop
  endfacet
  facet normal -0 0 1
    outer loop
      vertex 133.223 16.1307 5.8
      vertex 135.167 14.6392 5.8
      vertex 133.525 16.4749 5.8
    endloop
  endfacet
  facet normal 0 0 1
    outer loop
      vertex 135.167 14.6392 5.8
      vertex 133.223 16.1307 5.8
      vertex 135.091 14.525 5.8
    endloop
  endfacet
  facet normal -0 0 1
    outer loop
      vertex 136.833 13.3608 5.8
      vertex 138.777 11.8693 5.8
      vertex 136.909 13.475 5.8
    endloop
  endfacet
  facet normal 0 0 1
    outer loop
      vertex 138.777 11.8693 5.8
      vertex 136.833 13.3608 5.8
      vertex 138.475 11.5251 5.8
    endloop
  endfacet
  facet normal -0 0 1
    outer loop
      vertex 136.742 13.2575 5.8
      vertex 138.475 11.5251 5.8
      vertex 136.833 13.3608 5.8
    endloop
  endfacet
  facet normal 0 0 1
    outer loop
      vertex 138.475 11.5251 5.8
      vertex 136.742 13.2575 5.8
      vertex 138.131 11.2233 5.8
    endloop
  endfacet
  facet normal -0 0 1
    outer loop
      vertex 136.639 13.167 5.8
      vertex 138.131 11.2233 5.8
      vertex 136.742 13.2575 5.8
    endloop
  endfacet
  facet normal 0 0 1
    outer loop
      vertex 138.131 11.2233 5.8
      vertex 136.639 13.167 5.8
      vertex 137.75 10.9689 5.8
    endloop
  endfacet
  facet normal -0 0 1
    outer loop
      vertex 136.525 13.0907 5.8
      vertex 137.75 10.9689 5.8
      vertex 136.639 13.167 5.8
    endloop
  endfacet
  facet normal 0 0 1
    outer loop
      vertex 137.75 10.9689 5.8
      vertex 136.525 13.0907 5.8
      vertex 137.339 10.7664 5.8
    endloop
  endfacet
  facet normal -0 0 1
    outer loop
      vertex 136.402 13.0299 5.8
      vertex 137.339 10.7664 5.8
      vertex 136.525 13.0907 5.8
    endloop
  endfacet
  facet normal 0 0 1
    outer loop
      vertex 137.339 10.7664 5.8
      vertex 136.402 13.0299 5.8
      vertex 136.906 10.6193 5.8
    endloop
  endfacet
  facet normal -0 0 1
    outer loop
      vertex 136.272 12.9858 5.8
      vertex 136.906 10.6193 5.8
      vertex 136.402 13.0299 5.8
    endloop
  endfacet
  facet normal 0 0 1
    outer loop
      vertex 136.906 10.6193 5.8
      vertex 136.272 12.9858 5.8
      vertex 136.457 10.5299 5.8
    endloop
  endfacet
  facet normal -0 0 1
    outer loop
      vertex 136.137 12.959 5.8
      vertex 136.457 10.5299 5.8
      vertex 136.272 12.9858 5.8
    endloop
  endfacet
  facet normal -0 0 1
    outer loop
      vertex 136 12.95 5.8
      vertex 136.457 10.5299 5.8
      vertex 136.137 12.959 5.8
    endloop
  endfacet
  facet normal 0 0 1
    outer loop
      vertex 136 12.95 5.8
      vertex 136 10.5 5.8
      vertex 136.457 10.5299 5.8
    endloop
  endfacet
  facet normal 0 0 1
    outer loop
      vertex 135.863 12.959 5.8
      vertex 136 10.5 5.8
      vertex 136 12.95 5.8
    endloop
  endfacet
  facet normal 0 0 1
    outer loop
      vertex 135.543 10.5299 5.8
      vertex 135.863 12.959 5.8
      vertex 135.728 12.9858 5.8
    endloop
  endfacet
  facet normal 0 0 1
    outer loop
      vertex 135.094 10.6193 5.8
      vertex 135.728 12.9858 5.8
      vertex 135.598 13.0299 5.8
    endloop
  endfacet
  facet normal 0 0 1
    outer loop
      vertex 135.863 12.959 5.8
      vertex 135.543 10.5299 5.8
      vertex 136 10.5 5.8
    endloop
  endfacet
  facet normal 0 0 1
    outer loop
      vertex 134.661 10.7664 5.8
      vertex 135.598 13.0299 5.8
      vertex 135.475 13.0907 5.8
    endloop
  endfacet
  facet normal 0 0 1
    outer loop
      vertex 134.25 10.9689 5.8
      vertex 135.475 13.0907 5.8
      vertex 135.361 13.167 5.8
    endloop
  endfacet
  facet normal 0 0 1
    outer loop
      vertex 133.869 11.2233 5.8
      vertex 135.361 13.167 5.8
      vertex 135.258 13.2575 5.8
    endloop
  endfacet
  facet normal 0 0 1
    outer loop
      vertex 133.525 11.5251 5.8
      vertex 135.258 13.2575 5.8
      vertex 135.167 13.3608 5.8
    endloop
  endfacet
  facet normal 0 0 1
    outer loop
      vertex 135.728 12.9858 5.8
      vertex 135.094 10.6193 5.8
      vertex 135.543 10.5299 5.8
    endloop
  endfacet
  facet normal 0 0 1
    outer loop
      vertex 133.223 11.8693 5.8
      vertex 135.167 13.3608 5.8
      vertex 135.091 13.475 5.8
    endloop
  endfacet
  facet normal 0 0 1
    outer loop
      vertex 132.969 12.25 5.8
      vertex 135.091 13.475 5.8
      vertex 135.03 13.5982 5.8
    endloop
  endfacet
  facet normal 0 0 1
    outer loop
      vertex 132.766 12.6606 5.8
      vertex 135.03 13.5982 5.8
      vertex 134.986 13.7282 5.8
    endloop
  endfacet
  facet normal 0 0 1
    outer loop
      vertex 132.619 13.0941 5.8
      vertex 134.986 13.7282 5.8
      vertex 134.959 13.8629 5.8
    endloop
  endfacet
  facet normal 0 0 1
    outer loop
      vertex 132.53 13.5432 5.8
      vertex 134.959 13.8629 5.8
      vertex 134.95 14 5.8
    endloop
  endfacet
  facet normal -0 0 1
    outer loop
      vertex 132.969 15.75 5.8
      vertex 135.091 14.525 5.8
      vertex 133.223 16.1307 5.8
    endloop
  endfacet
  facet normal 0 0 1
    outer loop
      vertex 135.598 13.0299 5.8
      vertex 134.661 10.7664 5.8
      vertex 135.094 10.6193 5.8
    endloop
  endfacet
  facet normal 0 0 1
    outer loop
      vertex 135.091 14.525 5.8
      vertex 132.969 15.75 5.8
      vertex 135.03 14.4018 5.8
    endloop
  endfacet
  facet normal 0 0 1
    outer loop
      vertex 135.475 13.0907 5.8
      vertex 134.25 10.9689 5.8
      vertex 134.661 10.7664 5.8
    endloop
  endfacet
  facet normal -0 0 1
    outer loop
      vertex 132.766 15.3394 5.8
      vertex 135.03 14.4018 5.8
      vertex 132.969 15.75 5.8
    endloop
  endfacet
  facet normal 0 0 1
    outer loop
      vertex 135.361 13.167 5.8
      vertex 133.869 11.2233 5.8
      vertex 134.25 10.9689 5.8
    endloop
  endfacet
  facet normal 0 0 1
    outer loop
      vertex 135.03 14.4018 5.8
      vertex 132.766 15.3394 5.8
      vertex 134.986 14.2718 5.8
    endloop
  endfacet
  facet normal 0 0 1
    outer loop
      vertex 135.258 13.2575 5.8
      vertex 133.525 11.5251 5.8
      vertex 133.869 11.2233 5.8
    endloop
  endfacet
  facet normal -0 0 1
    outer loop
      vertex 132.619 14.9059 5.8
      vertex 134.986 14.2718 5.8
      vertex 132.766 15.3394 5.8
    endloop
  endfacet
  facet normal 0 0 1
    outer loop
      vertex 135.167 13.3608 5.8
      vertex 133.223 11.8693 5.8
      vertex 133.525 11.5251 5.8
    endloop
  endfacet
  facet normal 0 0 1
    outer loop
      vertex 134.986 14.2718 5.8
      vertex 132.619 14.9059 5.8
      vertex 134.959 14.1371 5.8
    endloop
  endfacet
  facet normal 0 0 1
    outer loop
      vertex 135.091 13.475 5.8
      vertex 132.969 12.25 5.8
      vertex 133.223 11.8693 5.8
    endloop
  endfacet
  facet normal -0 0 1
    outer loop
      vertex 132.53 14.4568 5.8
      vertex 134.959 14.1371 5.8
      vertex 132.619 14.9059 5.8
    endloop
  endfacet
  facet normal 0 0 1
    outer loop
      vertex 135.03 13.5982 5.8
      vertex 132.766 12.6606 5.8
      vertex 132.969 12.25 5.8
    endloop
  endfacet
  facet normal 0 0 1
    outer loop
      vertex 134.959 14.1371 5.8
      vertex 132.53 14.4568 5.8
      vertex 134.95 14 5.8
    endloop
  endfacet
  facet normal 0 0 1
    outer loop
      vertex 134.986 13.7282 5.8
      vertex 132.619 13.0941 5.8
      vertex 132.766 12.6606 5.8
    endloop
  endfacet
  facet normal 0 0 1
    outer loop
      vertex 132.5 14 5.8
      vertex 134.95 14 5.8
      vertex 132.53 14.4568 5.8
    endloop
  endfacet
  facet normal 0 0 1
    outer loop
      vertex 134.959 13.8629 5.8
      vertex 132.53 13.5432 5.8
      vertex 132.619 13.0941 5.8
    endloop
  endfacet
  facet normal 0 0 1
    outer loop
      vertex 134.95 14 5.8
      vertex 132.5 14 5.8
      vertex 132.53 13.5432 5.8
    endloop
  endfacet
  facet normal 0.441968 -0.897031 0
    outer loop
      vertex 137.339 10.7664 2.4
      vertex 137.75 10.9689 5.8
      vertex 137.339 10.7664 5.8
    endloop
  endfacet
  facet normal 0.441968 -0.897031 0
    outer loop
      vertex 137.75 10.9689 5.8
      vertex 137.339 10.7664 2.4
      vertex 137.75 10.9689 2.4
    endloop
  endfacet
  facet normal 0.659494 -0.75171 0
    outer loop
      vertex 138.131 11.2233 2.4
      vertex 138.475 11.5251 5.8
      vertex 138.131 11.2233 5.8
    endloop
  endfacet
  facet normal 0.659494 -0.75171 0
    outer loop
      vertex 138.475 11.5251 5.8
      vertex 138.131 11.2233 2.4
      vertex 138.475 11.5251 2.4
    endloop
  endfacet
  facet normal 0.896427 -0.443192 0
    outer loop
      vertex 139.031 12.25 5.8
      vertex 139.234 12.6606 2.4
      vertex 139.234 12.6606 5.8
    endloop
  endfacet
  facet normal 0.896427 -0.443192 0
    outer loop
      vertex 139.234 12.6606 2.4
      vertex 139.031 12.25 5.8
      vertex 139.031 12.25 2.4
    endloop
  endfacet
  facet normal -0.321668 -0.946853 0
    outer loop
      vertex 134.661 10.7664 2.4
      vertex 135.094 10.6193 5.8
      vertex 134.661 10.7664 5.8
    endloop
  endfacet
  facet normal -0.321668 -0.946853 -0
    outer loop
      vertex 135.094 10.6193 5.8
      vertex 134.661 10.7664 2.4
      vertex 135.094 10.6193 2.4
    endloop
  endfacet
  facet normal -0.751683 -0.659524 0
    outer loop
      vertex 133.525 11.5251 2.4
      vertex 133.223 11.8693 5.8
      vertex 133.223 11.8693 2.4
    endloop
  endfacet
  facet normal -0.751683 -0.659524 0
    outer loop
      vertex 133.223 11.8693 5.8
      vertex 133.525 11.5251 2.4
      vertex 133.525 11.5251 5.8
    endloop
  endfacet
  facet normal -0.896427 -0.443192 0
    outer loop
      vertex 132.969 12.25 2.4
      vertex 132.766 12.6606 5.8
      vertex 132.766 12.6606 2.4
    endloop
  endfacet
  facet normal -0.896427 -0.443192 0
    outer loop
      vertex 132.766 12.6606 5.8
      vertex 132.969 12.25 2.4
      vertex 132.969 12.25 5.8
    endloop
  endfacet
  facet normal 0.947032 -0.321139 0
    outer loop
      vertex 139.234 12.6606 5.8
      vertex 139.381 13.0941 2.4
      vertex 139.381 13.0941 5.8
    endloop
  endfacet
  facet normal 0.947032 -0.321139 0
    outer loop
      vertex 139.381 13.0941 2.4
      vertex 139.234 12.6606 5.8
      vertex 139.234 12.6606 2.4
    endloop
  endfacet
  facet normal 0.997859 0.0654003 0
    outer loop
      vertex 9.7 5.5 9
      vertex 9.66407 6.04821 2.4
      vertex 9.66407 6.04821 9
    endloop
  endfacet
  facet normal 0.997859 0.0654003 0
    outer loop
      vertex 9.66407 6.04821 2.4
      vertex 9.7 5.5 9
      vertex 9.7 5.5 2.4
    endloop
  endfacet
  facet normal -0.0654003 0.997859 0
    outer loop
      vertex 5.5 9.7 2.4
      vertex 4.95179 9.66407 9
      vertex 5.5 9.7 9
    endloop
  endfacet
  facet normal -0.0654003 0.997859 0
    outer loop
      vertex 4.95179 9.66407 9
      vertex 5.5 9.7 2.4
      vertex 4.95179 9.66407 2.4
    endloop
  endfacet
  facet normal 0.659341 0.751844 -0
    outer loop
      vertex 8.46985 8.46985 2.4
      vertex 8.0568 8.83208 9
      vertex 8.46985 8.46985 9
    endloop
  endfacet
  facet normal 0.659341 0.751844 0
    outer loop
      vertex 8.0568 8.83208 9
      vertex 8.46985 8.46985 2.4
      vertex 8.0568 8.83208 2.4
    endloop
  endfacet
  facet normal 0.896878 0.442278 0
    outer loop
      vertex 9.38029 7.10727 9
      vertex 9.13731 7.6 2.4
      vertex 9.13731 7.6 9
    endloop
  endfacet
  facet normal 0.896878 0.442278 0
    outer loop
      vertex 9.13731 7.6 2.4
      vertex 9.38029 7.10727 9
      vertex 9.38029 7.10727 2.4
    endloop
  endfacet
  facet normal 0.831465 0.555578 0
    outer loop
      vertex 9.13731 7.6 9
      vertex 8.83208 8.0568 2.4
      vertex 8.83208 8.0568 9
    endloop
  endfacet
  facet normal 0.831465 0.555578 0
    outer loop
      vertex 8.83208 8.0568 2.4
      vertex 9.13731 7.6 9
      vertex 9.13731 7.6 2.4
    endloop
  endfacet
  facet normal 0.321449 0.946927 -0
    outer loop
      vertex 7.10727 9.38029 2.4
      vertex 6.58704 9.55689 9
      vertex 7.10727 9.38029 9
    endloop
  endfacet
  facet normal 0.321449 0.946927 0
    outer loop
      vertex 6.58704 9.55689 9
      vertex 7.10727 9.38029 2.4
      vertex 6.58704 9.55689 2.4
    endloop
  endfacet
  facet normal 0.19509 0.980785 -0
    outer loop
      vertex 6.58704 9.55689 2.4
      vertex 6.04821 9.66407 9
      vertex 6.58704 9.55689 9
    endloop
  endfacet
  facet normal 0.19509 0.980785 0
    outer loop
      vertex 6.04821 9.66407 9
      vertex 6.58704 9.55689 2.4
      vertex 6.04821 9.66407 2.4
    endloop
  endfacet
  facet normal 0.555578 0.831465 -0
    outer loop
      vertex 8.0568 8.83208 2.4
      vertex 7.6 9.13731 9
      vertex 8.0568 8.83208 9
    endloop
  endfacet
  facet normal 0.555578 0.831465 0
    outer loop
      vertex 7.6 9.13731 9
      vertex 8.0568 8.83208 2.4
      vertex 7.6 9.13731 2.4
    endloop
  endfacet
  facet normal -0.195122 0.980779 0
    outer loop
      vertex 4.95179 9.66407 2.4
      vertex 4.79999 9.63387 9
      vertex 4.95179 9.66407 9
    endloop
  endfacet
  facet normal -0.195122 0.980779 0
    outer loop
      vertex 4.79999 9.63387 9
      vertex 4.95179 9.66407 2.4
      vertex 4.79999 9.63387 2.4
    endloop
  endfacet
  facet normal 0.946927 0.321449 0
    outer loop
      vertex 9.55689 6.58704 9
      vertex 9.38029 7.10727 2.4
      vertex 9.38029 7.10727 9
    endloop
  endfacet
  facet normal 0.946927 0.321449 0
    outer loop
      vertex 9.38029 7.10727 2.4
      vertex 9.55689 6.58704 9
      vertex 9.55689 6.58704 2.4
    endloop
  endfacet
  facet normal 0.980785 0.19509 0
    outer loop
      vertex 9.66407 6.04821 9
      vertex 9.55689 6.58704 2.4
      vertex 9.55689 6.58704 9
    endloop
  endfacet
  facet normal 0.980785 0.19509 0
    outer loop
      vertex 9.55689 6.58704 2.4
      vertex 9.66407 6.04821 9
      vertex 9.66407 6.04821 2.4
    endloop
  endfacet
  facet normal 0.751844 0.659341 0
    outer loop
      vertex 8.83208 8.0568 9
      vertex 8.46985 8.46985 2.4
      vertex 8.46985 8.46985 9
    endloop
  endfacet
  facet normal 0.751844 0.659341 0
    outer loop
      vertex 8.46985 8.46985 2.4
      vertex 8.83208 8.0568 9
      vertex 8.83208 8.0568 2.4
    endloop
  endfacet
  facet normal 0.0654003 0.997859 -0
    outer loop
      vertex 6.04821 9.66407 2.4
      vertex 5.5 9.7 9
      vertex 6.04821 9.66407 9
    endloop
  endfacet
  facet normal 0.0654003 0.997859 0
    outer loop
      vertex 5.5 9.7 9
      vertex 6.04821 9.66407 2.4
      vertex 5.5 9.7 2.4
    endloop
  endfacet
  facet normal 0.442278 0.896878 -0
    outer loop
      vertex 7.6 9.13731 2.4
      vertex 7.10727 9.38029 9
      vertex 7.6 9.13731 9
    endloop
  endfacet
  facet normal 0.442278 0.896878 0
    outer loop
      vertex 7.10727 9.38029 9
      vertex 7.6 9.13731 2.4
      vertex 7.10727 9.38029 2.4
    endloop
  endfacet
  facet normal 0.980779 -0.195122 0
    outer loop
      vertex 9.63387 4.79999 9
      vertex 9.66407 4.95179 2.4
      vertex 9.66407 4.95179 9
    endloop
  endfacet
  facet normal 0.980779 -0.195122 0
    outer loop
      vertex 9.66407 4.95179 2.4
      vertex 9.63387 4.79999 9
      vertex 9.63387 4.79999 2.4
    endloop
  endfacet
  facet normal 0.997859 -0.0654003 0
    outer loop
      vertex 9.66407 4.95179 9
      vertex 9.7 5.5 2.4
      vertex 9.7 5.5 9
    endloop
  endfacet
  facet normal 0.997859 -0.0654003 0
    outer loop
      vertex 9.7 5.5 2.4
      vertex 9.66407 4.95179 9
      vertex 9.66407 4.95179 2.4
    endloop
  endfacet
  facet normal 0.997851 0.0655271 0
    outer loop
      vertex 148.7 5.5 9
      vertex 148.664 6.04821 2.4
      vertex 148.664 6.04821 9
    endloop
  endfacet
  facet normal 0.997851 0.0655271 0
    outer loop
      vertex 148.664 6.04821 2.4
      vertex 148.7 5.5 9
      vertex 148.7 5.5 2.4
    endloop
  endfacet
  facet normal -0.0654252 0.997857 0
    outer loop
      vertex 144.5 9.7 2.4
      vertex 143.952 9.66407 9
      vertex 144.5 9.7 9
    endloop
  endfacet
  facet normal -0.0654252 0.997857 0
    outer loop
      vertex 143.952 9.66407 9
      vertex 144.5 9.7 2.4
      vertex 143.952 9.66407 2.4
    endloop
  endfacet
  facet normal 0.659386 0.751805 -0
    outer loop
      vertex 147.47 8.46985 2.4
      vertex 147.057 8.83208 9
      vertex 147.47 8.46985 9
    endloop
  endfacet
  facet normal 0.659386 0.751805 0
    outer loop
      vertex 147.057 8.83208 9
      vertex 147.47 8.46985 2.4
      vertex 147.057 8.83208 2.4
    endloop
  endfacet
  facet normal -0.752052 0.659104 0
    outer loop
      vertex 141.168 8.0568 2.4
      vertex 141.53 8.46985 9
      vertex 141.53 8.46985 2.4
    endloop
  endfacet
  facet normal -0.752052 0.659104 0
    outer loop
      vertex 141.53 8.46985 9
      vertex 141.168 8.0568 2.4
      vertex 141.168 8.0568 9
    endloop
  endfacet
  facet normal -0.442083 0.896974 0
    outer loop
      vertex 142.893 9.38029 2.4
      vertex 142.4 9.13731 9
      vertex 142.893 9.38029 9
    endloop
  endfacet
  facet normal -0.442083 0.896974 0
    outer loop
      vertex 142.4 9.13731 9
      vertex 142.893 9.38029 2.4
      vertex 142.4 9.13731 2.4
    endloop
  endfacet
  facet normal 0.896864 0.442307 0
    outer loop
      vertex 148.38 7.10727 9
      vertex 148.137 7.6 2.4
      vertex 148.137 7.6 9
    endloop
  endfacet
  facet normal 0.896864 0.442307 0
    outer loop
      vertex 148.137 7.6 2.4
      vertex 148.38 7.10727 9
      vertex 148.38 7.10727 2.4
    endloop
  endfacet
  facet normal 0.831658 0.555288 0
    outer loop
      vertex 148.137 7.6 9
      vertex 147.832 8.0568 2.4
      vertex 147.832 8.0568 9
    endloop
  endfacet
  facet normal 0.831658 0.555288 0
    outer loop
      vertex 147.832 8.0568 2.4
      vertex 148.137 7.6 9
      vertex 148.137 7.6 2.4
    endloop
  endfacet
  facet normal 0.321576 0.946884 -0
    outer loop
      vertex 146.107 9.38029 2.4
      vertex 145.587 9.55689 9
      vertex 146.107 9.38029 9
    endloop
  endfacet
  facet normal 0.321576 0.946884 0
    outer loop
      vertex 145.587 9.55689 9
      vertex 146.107 9.38029 2.4
      vertex 145.587 9.55689 2.4
    endloop
  endfacet
  facet normal 0.195031 0.980797 -0
    outer loop
      vertex 145.587 9.55689 2.4
      vertex 145.048 9.66407 9
      vertex 145.587 9.55689 9
    endloop
  endfacet
  facet normal 0.195031 0.980797 0
    outer loop
      vertex 145.048 9.66407 9
      vertex 145.587 9.55689 2.4
      vertex 145.048 9.66407 2.4
    endloop
  endfacet
  facet normal 0.442083 0.896974 -0
    outer loop
      vertex 146.6 9.13731 2.4
      vertex 146.107 9.38029 9
      vertex 146.6 9.13731 9
    endloop
  endfacet
  facet normal 0.442083 0.896974 0
    outer loop
      vertex 146.107 9.38029 9
      vertex 146.6 9.13731 2.4
      vertex 146.107 9.38029 2.4
    endloop
  endfacet
  facet normal -0.946705 0.322101 0
    outer loop
      vertex 140.443 6.58704 2.4
      vertex 140.62 7.10727 9
      vertex 140.62 7.10727 2.4
    endloop
  endfacet
  facet normal -0.946705 0.322101 0
    outer loop
      vertex 140.62 7.10727 9
      vertex 140.443 6.58704 2.4
      vertex 140.443 6.58704 9
    endloop
  endfacet
  facet normal -0.896864 0.442307 0
    outer loop
      vertex 140.62 7.10727 2.4
      vertex 140.863 7.6 9
      vertex 140.863 7.6 2.4
    endloop
  endfacet
  facet normal -0.896864 0.442307 0
    outer loop
      vertex 140.863 7.6 9
      vertex 140.62 7.10727 2.4
      vertex 140.62 7.10727 9
    endloop
  endfacet
  facet normal -0.980848 0.194775 0
    outer loop
      vertex 140.336 6.04821 2.4
      vertex 140.443 6.58704 9
      vertex 140.443 6.58704 2.4
    endloop
  endfacet
  facet normal -0.980848 0.194775 0
    outer loop
      vertex 140.443 6.58704 9
      vertex 140.336 6.04821 2.4
      vertex 140.336 6.04821 9
    endloop
  endfacet
  facet normal -0.55541 0.831577 0
    outer loop
      vertex 142.4 9.13731 2.4
      vertex 141.943 8.83208 9
      vertex 142.4 9.13731 9
    endloop
  endfacet
  facet normal -0.55541 0.831577 0
    outer loop
      vertex 141.943 8.83208 9
      vertex 142.4 9.13731 2.4
      vertex 141.943 8.83208 2.4
    endloop
  endfacet
  facet normal -0.321576 0.946884 0
    outer loop
      vertex 143.413 9.55689 2.4
      vertex 142.893 9.38029 9
      vertex 143.413 9.55689 9
    endloop
  endfacet
  facet normal -0.321576 0.946884 0
    outer loop
      vertex 142.893 9.38029 9
      vertex 143.413 9.55689 2.4
      vertex 142.893 9.38029 2.4
    endloop
  endfacet
  facet normal 0.946705 0.322101 0
    outer loop
      vertex 148.557 6.58704 9
      vertex 148.38 7.10727 2.4
      vertex 148.38 7.10727 9
    endloop
  endfacet
  facet normal 0.946705 0.322101 0
    outer loop
      vertex 148.38 7.10727 2.4
      vertex 148.557 6.58704 9
      vertex 148.557 6.58704 2.4
    endloop
  endfacet
  facet normal 0.980848 0.194775 0
    outer loop
      vertex 148.664 6.04821 9
      vertex 148.557 6.58704 2.4
      vertex 148.557 6.58704 9
    endloop
  endfacet
  facet normal 0.980848 0.194775 0
    outer loop
      vertex 148.557 6.58704 2.4
      vertex 148.664 6.04821 9
      vertex 148.664 6.04821 2.4
    endloop
  endfacet
  facet normal 0.752052 0.659104 0
    outer loop
      vertex 147.832 8.0568 9
      vertex 147.47 8.46985 2.4
      vertex 147.47 8.46985 9
    endloop
  endfacet
  facet normal 0.752052 0.659104 0
    outer loop
      vertex 147.47 8.46985 2.4
      vertex 147.832 8.0568 9
      vertex 147.832 8.0568 2.4
    endloop
  endfacet
  facet normal 0.0654252 0.997857 -0
    outer loop
      vertex 145.048 9.66407 2.4
      vertex 144.5 9.7 9
      vertex 145.048 9.66407 9
    endloop
  endfacet
  facet normal 0.0654252 0.997857 0
    outer loop
      vertex 144.5 9.7 9
      vertex 145.048 9.66407 2.4
      vertex 144.5 9.7 2.4
    endloop
  endfacet
  facet normal 0.55541 0.831577 -0
    outer loop
      vertex 147.057 8.83208 2.4
      vertex 146.6 9.13731 9
      vertex 147.057 8.83208 9
    endloop
  endfacet
  facet normal 0.55541 0.831577 0
    outer loop
      vertex 146.6 9.13731 9
      vertex 147.057 8.83208 2.4
      vertex 146.6 9.13731 2.4
    endloop
  endfacet
  facet normal -0.831658 0.555288 0
    outer loop
      vertex 140.863 7.6 2.4
      vertex 141.168 8.0568 9
      vertex 141.168 8.0568 2.4
    endloop
  endfacet
  facet normal -0.831658 0.555288 0
    outer loop
      vertex 141.168 8.0568 9
      vertex 140.863 7.6 2.4
      vertex 140.863 7.6 9
    endloop
  endfacet
  facet normal -0.997851 0.0655271 0
    outer loop
      vertex 140.3 5.5 2.4
      vertex 140.336 6.04821 9
      vertex 140.336 6.04821 2.4
    endloop
  endfacet
  facet normal -0.997851 0.0655271 0
    outer loop
      vertex 140.336 6.04821 9
      vertex 140.3 5.5 2.4
      vertex 140.3 5.5 9
    endloop
  endfacet
  facet normal -0.195031 0.980797 0
    outer loop
      vertex 143.952 9.66407 2.4
      vertex 143.413 9.55689 9
      vertex 143.952 9.66407 9
    endloop
  endfacet
  facet normal -0.195031 0.980797 0
    outer loop
      vertex 143.413 9.55689 9
      vertex 143.952 9.66407 2.4
      vertex 143.413 9.55689 2.4
    endloop
  endfacet
  facet normal 0.997937 -0.0642011 0
    outer loop
      vertex 148.677 5.14249 9
      vertex 148.7 5.5 2.4
      vertex 148.7 5.5 9
    endloop
  endfacet
  facet normal 0.997937 -0.0642011 0
    outer loop
      vertex 148.7 5.5 2.4
      vertex 148.677 5.14249 9
      vertex 148.677 5.14249 2.4
    endloop
  endfacet
  facet normal -0.997851 -0.0655271 0
    outer loop
      vertex 140.336 4.95179 2.4
      vertex 140.3 5.5 9
      vertex 140.3 5.5 2.4
    endloop
  endfacet
  facet normal -0.997851 -0.0655271 0
    outer loop
      vertex 140.3 5.5 9
      vertex 140.336 4.95179 2.4
      vertex 140.336 4.95179 9
    endloop
  endfacet
  facet normal -0.659386 0.751805 0
    outer loop
      vertex 141.943 8.83208 2.4
      vertex 141.53 8.46985 9
      vertex 141.943 8.83208 9
    endloop
  endfacet
  facet normal -0.659386 0.751805 0
    outer loop
      vertex 141.53 8.46985 9
      vertex 141.943 8.83208 2.4
      vertex 141.53 8.46985 2.4
    endloop
  endfacet
  facet normal -0.981026 -0.193879 0
    outer loop
      vertex 140.366 4.79999 2.4
      vertex 140.336 4.95179 9
      vertex 140.336 4.95179 2.4
    endloop
  endfacet
  facet normal -0.981026 -0.193879 0
    outer loop
      vertex 140.336 4.95179 9
      vertex 140.366 4.79999 2.4
      vertex 140.366 4.79999 9
    endloop
  endfacet
  facet normal 0.997859 0.0654015 0
    outer loop
      vertex 9.7 94.5 9
      vertex 9.66407 95.0482 2.4
      vertex 9.66407 95.0482 9
    endloop
  endfacet
  facet normal 0.997859 0.0654015 0
    outer loop
      vertex 9.66407 95.0482 2.4
      vertex 9.7 94.5 9
      vertex 9.7 94.5 2.4
    endloop
  endfacet
  facet normal -0.065313 0.997865 0
    outer loop
      vertex 5.5 98.7 2.4
      vertex 5.14249 98.6766 9
      vertex 5.5 98.7 9
    endloop
  endfacet
  facet normal -0.065313 0.997865 0
    outer loop
      vertex 5.14249 98.6766 9
      vertex 5.5 98.7 2.4
      vertex 5.14249 98.6766 2.4
    endloop
  endfacet
  facet normal 0.0653459 -0.997863 0
    outer loop
      vertex 5.5 90.3 2.4
      vertex 6.04821 90.3359 9
      vertex 5.5 90.3 9
    endloop
  endfacet
  facet normal 0.0653459 -0.997863 0
    outer loop
      vertex 6.04821 90.3359 9
      vertex 5.5 90.3 2.4
      vertex 6.04821 90.3359 2.4
    endloop
  endfacet
  facet normal 0.659413 0.751781 -0
    outer loop
      vertex 8.46985 97.4698 2.4
      vertex 8.0568 97.8321 9
      vertex 8.46985 97.4698 9
    endloop
  endfacet
  facet normal 0.659413 0.751781 0
    outer loop
      vertex 8.0568 97.8321 9
      vertex 8.46985 97.4698 2.4
      vertex 8.0568 97.8321 2.4
    endloop
  endfacet
  facet normal 0.896868 0.442299 0
    outer loop
      vertex 9.38029 96.1073 9
      vertex 9.13731 96.6 2.4
      vertex 9.13731 96.6 9
    endloop
  endfacet
  facet normal 0.896868 0.442299 0
    outer loop
      vertex 9.13731 96.6 2.4
      vertex 9.38029 96.1073 9
      vertex 9.38029 96.1073 2.4
    endloop
  endfacet
  facet normal 0.831465 0.555578 0
    outer loop
      vertex 9.13731 96.6 9
      vertex 8.83208 97.0568 2.4
      vertex 8.83208 97.0568 9
    endloop
  endfacet
  facet normal 0.831465 0.555578 0
    outer loop
      vertex 8.83208 97.0568 2.4
      vertex 9.13731 96.6 9
      vertex 9.13731 96.6 2.4
    endloop
  endfacet
  facet normal 0.321449 0.946927 -0
    outer loop
      vertex 7.10727 98.3803 2.4
      vertex 6.58704 98.5569 9
      vertex 7.10727 98.3803 9
    endloop
  endfacet
  facet normal 0.321449 0.946927 0
    outer loop
      vertex 6.58704 98.5569 9
      vertex 7.10727 98.3803 2.4
      vertex 6.58704 98.5569 2.4
    endloop
  endfacet
  facet normal 0.195125 0.980778 -0
    outer loop
      vertex 6.58704 98.5569 2.4
      vertex 6.04821 98.6641 9
      vertex 6.58704 98.5569 9
    endloop
  endfacet
  facet normal 0.195125 0.980778 0
    outer loop
      vertex 6.04821 98.6641 9
      vertex 6.58704 98.5569 2.4
      vertex 6.04821 98.6641 2.4
    endloop
  endfacet
  facet normal 0.442307 0.896864 -0
    outer loop
      vertex 7.6 98.1373 2.4
      vertex 7.10727 98.3803 9
      vertex 7.6 98.1373 9
    endloop
  endfacet
  facet normal 0.442307 0.896864 0
    outer loop
      vertex 7.10727 98.3803 9
      vertex 7.6 98.1373 2.4
      vertex 7.10727 98.3803 2.4
    endloop
  endfacet
  facet normal 0.195125 -0.980778 0
    outer loop
      vertex 6.04821 90.3359 2.4
      vertex 6.58704 90.4431 9
      vertex 6.04821 90.3359 9
    endloop
  endfacet
  facet normal 0.195125 -0.980778 0
    outer loop
      vertex 6.58704 90.4431 9
      vertex 6.04821 90.3359 2.4
      vertex 6.58704 90.4431 2.4
    endloop
  endfacet
  facet normal 0.442307 -0.896864 0
    outer loop
      vertex 7.10727 90.6197 2.4
      vertex 7.6 90.8627 9
      vertex 7.10727 90.6197 9
    endloop
  endfacet
  facet normal 0.442307 -0.896864 0
    outer loop
      vertex 7.6 90.8627 9
      vertex 7.10727 90.6197 2.4
      vertex 7.6 90.8627 2.4
    endloop
  endfacet
  facet normal 0.94694 0.32141 0
    outer loop
      vertex 9.55689 95.587 9
      vertex 9.38029 96.1073 2.4
      vertex 9.38029 96.1073 9
    endloop
  endfacet
  facet normal 0.94694 0.32141 0
    outer loop
      vertex 9.38029 96.1073 2.4
      vertex 9.55689 95.587 9
      vertex 9.55689 95.587 2.4
    endloop
  endfacet
  facet normal 0.980783 0.195101 0
    outer loop
      vertex 9.66407 95.0482 9
      vertex 9.55689 95.587 2.4
      vertex 9.55689 95.587 9
    endloop
  endfacet
  facet normal 0.980783 0.195101 0
    outer loop
      vertex 9.55689 95.587 2.4
      vertex 9.66407 95.0482 9
      vertex 9.66407 95.0482 2.4
    endloop
  endfacet
  facet normal 0.751805 0.659386 0
    outer loop
      vertex 8.83208 97.0568 9
      vertex 8.46985 97.4698 2.4
      vertex 8.46985 97.4698 9
    endloop
  endfacet
  facet normal 0.751805 0.659386 0
    outer loop
      vertex 8.46985 97.4698 2.4
      vertex 8.83208 97.0568 9
      vertex 8.83208 97.0568 2.4
    endloop
  endfacet
  facet normal 0.0653459 0.997863 -0
    outer loop
      vertex 6.04821 98.6641 2.4
      vertex 5.5 98.7 9
      vertex 6.04821 98.6641 9
    endloop
  endfacet
  facet normal 0.0653459 0.997863 0
    outer loop
      vertex 5.5 98.7 9
      vertex 6.04821 98.6641 2.4
      vertex 5.5 98.7 2.4
    endloop
  endfacet
  facet normal 0.55554 0.83149 -0
    outer loop
      vertex 8.0568 97.8321 2.4
      vertex 7.6 98.1373 9
      vertex 8.0568 97.8321 9
    endloop
  endfacet
  facet normal 0.55554 0.83149 0
    outer loop
      vertex 7.6 98.1373 9
      vertex 8.0568 97.8321 2.4
      vertex 7.6 98.1373 2.4
    endloop
  endfacet
  facet normal 0.94694 -0.32141 0
    outer loop
      vertex 9.38029 92.8927 9
      vertex 9.55689 93.413 2.4
      vertex 9.55689 93.413 9
    endloop
  endfacet
  facet normal 0.94694 -0.32141 0
    outer loop
      vertex 9.55689 93.413 2.4
      vertex 9.38029 92.8927 9
      vertex 9.38029 92.8927 2.4
    endloop
  endfacet
  facet normal 0.980783 -0.195101 0
    outer loop
      vertex 9.55689 93.413 9
      vertex 9.66407 93.9518 2.4
      vertex 9.66407 93.9518 9
    endloop
  endfacet
  facet normal 0.980783 -0.195101 0
    outer loop
      vertex 9.66407 93.9518 2.4
      vertex 9.55689 93.413 9
      vertex 9.55689 93.413 2.4
    endloop
  endfacet
  facet normal 0.55554 -0.83149 0
    outer loop
      vertex 7.6 90.8627 2.4
      vertex 8.0568 91.1679 9
      vertex 7.6 90.8627 9
    endloop
  endfacet
  facet normal 0.55554 -0.83149 0
    outer loop
      vertex 8.0568 91.1679 9
      vertex 7.6 90.8627 2.4
      vertex 8.0568 91.1679 2.4
    endloop
  endfacet
  facet normal 0.831465 -0.555578 0
    outer loop
      vertex 8.83208 91.9432 9
      vertex 9.13731 92.4 2.4
      vertex 9.13731 92.4 9
    endloop
  endfacet
  facet normal 0.831465 -0.555578 0
    outer loop
      vertex 9.13731 92.4 2.4
      vertex 8.83208 91.9432 9
      vertex 8.83208 91.9432 2.4
    endloop
  endfacet
  facet normal 0.997859 -0.0654015 0
    outer loop
      vertex 9.66407 93.9518 9
      vertex 9.7 94.5 2.4
      vertex 9.7 94.5 9
    endloop
  endfacet
  facet normal 0.997859 -0.0654015 0
    outer loop
      vertex 9.7 94.5 2.4
      vertex 9.66407 93.9518 9
      vertex 9.66407 93.9518 2.4
    endloop
  endfacet
  facet normal 0.659413 -0.751781 0
    outer loop
      vertex 8.0568 91.1679 2.4
      vertex 8.46985 91.5302 9
      vertex 8.0568 91.1679 9
    endloop
  endfacet
  facet normal 0.659413 -0.751781 0
    outer loop
      vertex 8.46985 91.5302 9
      vertex 8.0568 91.1679 2.4
      vertex 8.46985 91.5302 2.4
    endloop
  endfacet
  facet normal 0.321449 -0.946927 0
    outer loop
      vertex 6.58704 90.4431 2.4
      vertex 7.10727 90.6197 9
      vertex 6.58704 90.4431 9
    endloop
  endfacet
  facet normal 0.321449 -0.946927 0
    outer loop
      vertex 7.10727 90.6197 9
      vertex 6.58704 90.4431 2.4
      vertex 7.10727 90.6197 2.4
    endloop
  endfacet
  facet normal 0.896868 -0.442299 0
    outer loop
      vertex 9.13731 92.4 9
      vertex 9.38029 92.8927 2.4
      vertex 9.38029 92.8927 9
    endloop
  endfacet
  facet normal 0.896868 -0.442299 0
    outer loop
      vertex 9.38029 92.8927 2.4
      vertex 9.13731 92.4 9
      vertex 9.13731 92.4 2.4
    endloop
  endfacet
  facet normal -0.0653459 -0.997863 0
    outer loop
      vertex 4.95179 90.3359 2.4
      vertex 5.5 90.3 9
      vertex 4.95179 90.3359 9
    endloop
  endfacet
  facet normal -0.0653459 -0.997863 -0
    outer loop
      vertex 5.5 90.3 9
      vertex 4.95179 90.3359 2.4
      vertex 5.5 90.3 2.4
    endloop
  endfacet
  facet normal -0.195122 -0.980779 0
    outer loop
      vertex 4.79999 90.3661 2.4
      vertex 4.95179 90.3359 9
      vertex 4.79999 90.3661 9
    endloop
  endfacet
  facet normal -0.195122 -0.980779 -0
    outer loop
      vertex 4.95179 90.3359 9
      vertex 4.79999 90.3661 2.4
      vertex 4.95179 90.3359 2.4
    endloop
  endfacet
  facet normal 0.751805 -0.659386 0
    outer loop
      vertex 8.46985 91.5302 9
      vertex 8.83208 91.9432 2.4
      vertex 8.83208 91.9432 9
    endloop
  endfacet
  facet normal 0.751805 -0.659386 0
    outer loop
      vertex 8.83208 91.9432 2.4
      vertex 8.46985 91.5302 9
      vertex 8.46985 91.5302 2.4
    endloop
  endfacet
  facet normal 0.896853 0.442329 0
    outer loop
      vertex 148.38 96.1073 9
      vertex 148.137 96.6 2.4
      vertex 148.137 96.6 9
    endloop
  endfacet
  facet normal 0.896853 0.442329 0
    outer loop
      vertex 148.137 96.6 2.4
      vertex 148.38 96.1073 9
      vertex 148.38 96.1073 2.4
    endloop
  endfacet
  facet normal -0.980846 0.194786 0
    outer loop
      vertex 140.336 95.0482 2.4
      vertex 140.443 95.587 9
      vertex 140.443 95.587 2.4
    endloop
  endfacet
  facet normal -0.980846 0.194786 0
    outer loop
      vertex 140.443 95.587 9
      vertex 140.336 95.0482 2.4
      vertex 140.336 95.0482 9
    endloop
  endfacet
  facet normal 0.831658 0.555288 0
    outer loop
      vertex 148.137 96.6 9
      vertex 147.832 97.0568 2.4
      vertex 147.832 97.0568 9
    endloop
  endfacet
  facet normal 0.831658 0.555288 0
    outer loop
      vertex 147.832 97.0568 2.4
      vertex 148.137 96.6 9
      vertex 148.137 96.6 2.4
    endloop
  endfacet
  facet normal 0.321576 0.946884 -0
    outer loop
      vertex 146.107 98.3803 2.4
      vertex 145.587 98.5569 9
      vertex 146.107 98.3803 9
    endloop
  endfacet
  facet normal 0.321576 0.946884 0
    outer loop
      vertex 145.587 98.5569 9
      vertex 146.107 98.3803 2.4
      vertex 145.587 98.5569 2.4
    endloop
  endfacet
  facet normal -0.442112 0.89696 0
    outer loop
      vertex 142.893 98.3803 2.4
      vertex 142.4 98.1373 9
      vertex 142.893 98.3803 9
    endloop
  endfacet
  facet normal -0.442112 0.89696 0
    outer loop
      vertex 142.4 98.1373 9
      vertex 142.893 98.3803 2.4
      vertex 142.4 98.1373 2.4
    endloop
  endfacet
  facet normal -0.946718 0.322063 0
    outer loop
      vertex 140.443 95.587 2.4
      vertex 140.62 96.1073 9
      vertex 140.62 96.1073 2.4
    endloop
  endfacet
  facet normal -0.946718 0.322063 0
    outer loop
      vertex 140.62 96.1073 9
      vertex 140.443 95.587 2.4
      vertex 140.443 95.587 9
    endloop
  endfacet
  facet normal 0.980846 -0.194786 0
    outer loop
      vertex 148.557 93.413 9
      vertex 148.664 93.9518 2.4
      vertex 148.664 93.9518 9
    endloop
  endfacet
  facet normal 0.980846 -0.194786 0
    outer loop
      vertex 148.664 93.9518 2.4
      vertex 148.557 93.413 9
      vertex 148.557 93.413 2.4
    endloop
  endfacet
  facet normal 0.0653708 0.997861 -0
    outer loop
      vertex 145.048 98.6641 2.4
      vertex 144.5 98.7 9
      vertex 145.048 98.6641 9
    endloop
  endfacet
  facet normal 0.0653708 0.997861 0
    outer loop
      vertex 144.5 98.7 9
      vertex 145.048 98.6641 2.4
      vertex 144.5 98.7 2.4
    endloop
  endfacet
  facet normal 0.442112 0.89696 -0
    outer loop
      vertex 146.6 98.1373 2.4
      vertex 146.107 98.3803 9
      vertex 146.6 98.1373 9
    endloop
  endfacet
  facet normal 0.442112 0.89696 0
    outer loop
      vertex 146.107 98.3803 9
      vertex 146.6 98.1373 2.4
      vertex 146.107 98.3803 2.4
    endloop
  endfacet
  facet normal -0.997851 0.0655283 0
    outer loop
      vertex 140.3 94.5 2.4
      vertex 140.336 95.0482 9
      vertex 140.336 95.0482 2.4
    endloop
  endfacet
  facet normal -0.997851 0.0655283 0
    outer loop
      vertex 140.336 95.0482 9
      vertex 140.3 94.5 2.4
      vertex 140.3 94.5 9
    endloop
  endfacet
  facet normal -0.831658 0.555288 0
    outer loop
      vertex 140.863 96.6 2.4
      vertex 141.168 97.0568 9
      vertex 141.168 97.0568 2.4
    endloop
  endfacet
  facet normal -0.831658 0.555288 0
    outer loop
      vertex 141.168 97.0568 9
      vertex 140.863 96.6 2.4
      vertex 140.863 96.6 9
    endloop
  endfacet
  facet normal -0.555372 0.831602 0
    outer loop
      vertex 142.4 98.1373 2.4
      vertex 141.943 97.8321 9
      vertex 142.4 98.1373 9
    endloop
  endfacet
  facet normal -0.555372 0.831602 0
    outer loop
      vertex 141.943 97.8321 9
      vertex 142.4 98.1373 2.4
      vertex 141.943 97.8321 2.4
    endloop
  endfacet
  facet normal -0.321576 0.946884 0
    outer loop
      vertex 143.413 98.5569 2.4
      vertex 142.893 98.3803 9
      vertex 143.413 98.5569 9
    endloop
  endfacet
  facet normal -0.321576 0.946884 0
    outer loop
      vertex 142.893 98.3803 9
      vertex 143.413 98.5569 2.4
      vertex 142.893 98.3803 2.4
    endloop
  endfacet
  facet normal 0.997851 -0.0655283 0
    outer loop
      vertex 148.664 93.9518 9
      vertex 148.7 94.5 2.4
      vertex 148.7 94.5 9
    endloop
  endfacet
  facet normal 0.997851 -0.0655283 0
    outer loop
      vertex 148.7 94.5 2.4
      vertex 148.664 93.9518 9
      vertex 148.664 93.9518 2.4
    endloop
  endfacet
  facet normal 0.946718 -0.322063 0
    outer loop
      vertex 148.38 92.8927 9
      vertex 148.557 93.413 2.4
      vertex 148.557 93.413 9
    endloop
  endfacet
  facet normal 0.946718 -0.322063 0
    outer loop
      vertex 148.557 93.413 2.4
      vertex 148.38 92.8927 9
      vertex 148.38 92.8927 2.4
    endloop
  endfacet
  facet normal -0.555372 -0.831602 0
    outer loop
      vertex 141.943 91.1679 2.4
      vertex 142.4 90.8627 9
      vertex 141.943 91.1679 9
    endloop
  endfacet
  facet normal -0.555372 -0.831602 -0
    outer loop
      vertex 142.4 90.8627 9
      vertex 141.943 91.1679 2.4
      vertex 142.4 90.8627 2.4
    endloop
  endfacet
  facet normal -0.831658 -0.555288 0
    outer loop
      vertex 141.168 91.9432 2.4
      vertex 140.863 92.4 9
      vertex 140.863 92.4 2.4
    endloop
  endfacet
  facet normal -0.831658 -0.555288 0
    outer loop
      vertex 140.863 92.4 9
      vertex 141.168 91.9432 2.4
      vertex 141.168 91.9432 9
    endloop
  endfacet
  facet normal 0.555372 -0.831602 0
    outer loop
      vertex 146.6 90.8627 2.4
      vertex 147.057 91.1679 9
      vertex 146.6 90.8627 9
    endloop
  endfacet
  facet normal 0.555372 -0.831602 0
    outer loop
      vertex 147.057 91.1679 9
      vertex 146.6 90.8627 2.4
      vertex 147.057 91.1679 2.4
    endloop
  endfacet
  facet normal 0.980846 0.194786 0
    outer loop
      vertex 148.664 95.0482 9
      vertex 148.557 95.587 2.4
      vertex 148.557 95.587 9
    endloop
  endfacet
  facet normal 0.980846 0.194786 0
    outer loop
      vertex 148.557 95.587 2.4
      vertex 148.664 95.0482 9
      vertex 148.664 95.0482 2.4
    endloop
  endfacet
  facet normal 0.946718 0.322063 0
    outer loop
      vertex 148.557 95.587 9
      vertex 148.38 96.1073 2.4
      vertex 148.38 96.1073 9
    endloop
  endfacet
  facet normal 0.946718 0.322063 0
    outer loop
      vertex 148.38 96.1073 2.4
      vertex 148.557 95.587 9
      vertex 148.557 95.587 2.4
    endloop
  endfacet
  facet normal 0.659458 0.751742 -0
    outer loop
      vertex 147.47 97.4698 2.4
      vertex 147.057 97.8321 9
      vertex 147.47 97.4698 9
    endloop
  endfacet
  facet normal 0.659458 0.751742 0
    outer loop
      vertex 147.057 97.8321 9
      vertex 147.47 97.4698 2.4
      vertex 147.057 97.8321 2.4
    endloop
  endfacet
  facet normal 0.752012 0.659149 0
    outer loop
      vertex 147.832 97.0568 9
      vertex 147.47 97.4698 2.4
      vertex 147.47 97.4698 9
    endloop
  endfacet
  facet normal 0.752012 0.659149 0
    outer loop
      vertex 147.47 97.4698 2.4
      vertex 147.832 97.0568 9
      vertex 147.832 97.0568 2.4
    endloop
  endfacet
  facet normal -0.0653708 0.997861 0
    outer loop
      vertex 144.5 98.7 2.4
      vertex 143.952 98.6641 9
      vertex 144.5 98.7 9
    endloop
  endfacet
  facet normal -0.0653708 0.997861 0
    outer loop
      vertex 143.952 98.6641 9
      vertex 144.5 98.7 2.4
      vertex 143.952 98.6641 2.4
    endloop
  endfacet
  facet normal 0.195066 0.98079 -0
    outer loop
      vertex 145.587 98.5569 2.4
      vertex 145.048 98.6641 9
      vertex 145.587 98.5569 9
    endloop
  endfacet
  facet normal 0.195066 0.98079 0
    outer loop
      vertex 145.048 98.6641 9
      vertex 145.587 98.5569 2.4
      vertex 145.048 98.6641 2.4
    endloop
  endfacet
  facet normal 0.555372 0.831602 -0
    outer loop
      vertex 147.057 97.8321 2.4
      vertex 146.6 98.1373 9
      vertex 147.057 97.8321 9
    endloop
  endfacet
  facet normal 0.555372 0.831602 0
    outer loop
      vertex 146.6 98.1373 9
      vertex 147.057 97.8321 2.4
      vertex 146.6 98.1373 2.4
    endloop
  endfacet
  facet normal -0 0 1
    outer loop
      vertex 146.79 94.5609 9
      vertex 148.7 94.5 9
      vertex 148.664 95.0482 9
    endloop
  endfacet
  facet normal 0 0 1
    outer loop
      vertex 146.728 95.034 9
      vertex 148.664 95.0482 9
      vertex 148.557 95.587 9
    endloop
  endfacet
  facet normal 0 0 1
    outer loop
      vertex 148.7 94.5 9
      vertex 146.79 94.5609 9
      vertex 146.794 94.5 9
    endloop
  endfacet
  facet normal 0 0 1
    outer loop
      vertex 146.639 95.3202 9
      vertex 148.557 95.587 9
      vertex 148.38 96.1073 9
    endloop
  endfacet
  facet normal 0 0 1
    outer loop
      vertex 146.79 94.4391 9
      vertex 148.7 94.5 9
      vertex 146.794 94.5 9
    endloop
  endfacet
  facet normal 0 0 1
    outer loop
      vertex 146.593 95.4328 9
      vertex 148.38 96.1073 9
      vertex 148.137 96.6 9
    endloop
  endfacet
  facet normal 0 0 1
    outer loop
      vertex 148.7 94.5 9
      vertex 146.79 94.4391 9
      vertex 148.664 93.9518 9
    endloop
  endfacet
  facet normal 0 0 1
    outer loop
      vertex 146.354 95.846 9
      vertex 148.137 96.6 9
      vertex 147.832 97.0568 9
    endloop
  endfacet
  facet normal -0 0 1
    outer loop
      vertex 146.775 94.2005 9
      vertex 148.664 93.9518 9
      vertex 146.79 94.4391 9
    endloop
  endfacet
  facet normal 0 0 1
    outer loop
      vertex 146.163 96.0765 9
      vertex 147.832 97.0568 9
      vertex 147.47 97.4698 9
    endloop
  endfacet
  facet normal -0 0 1
    outer loop
      vertex 146.728 93.966 9
      vertex 148.664 93.9518 9
      vertex 146.775 94.2005 9
    endloop
  endfacet
  facet normal 0 0 1
    outer loop
      vertex 146.077 96.1627 9
      vertex 147.47 97.4698 9
      vertex 147.057 97.8321 9
    endloop
  endfacet
  facet normal 0 0 1
    outer loop
      vertex 148.664 93.9518 9
      vertex 146.728 93.966 9
      vertex 148.557 93.413 9
    endloop
  endfacet
  facet normal -0 0 1
    outer loop
      vertex 146.639 93.6798 9
      vertex 148.557 93.413 9
      vertex 146.716 93.9062 9
    endloop
  endfacet
  facet normal -0 0 1
    outer loop
      vertex 146.716 93.9062 9
      vertex 148.557 93.413 9
      vertex 146.728 93.966 9
    endloop
  endfacet
  facet normal 0 0 1
    outer loop
      vertex 148.664 95.0482 9
      vertex 146.775 94.7995 9
      vertex 146.79 94.5609 9
    endloop
  endfacet
  facet normal 0 0 1
    outer loop
      vertex 148.664 95.0482 9
      vertex 146.728 95.034 9
      vertex 146.775 94.7995 9
    endloop
  endfacet
  facet normal 0 0 1
    outer loop
      vertex 148.557 95.587 9
      vertex 146.716 95.0938 9
      vertex 146.728 95.034 9
    endloop
  endfacet
  facet normal 0 0 1
    outer loop
      vertex 148.557 95.587 9
      vertex 146.639 95.3202 9
      vertex 146.716 95.0938 9
    endloop
  endfacet
  facet normal 0 0 1
    outer loop
      vertex 148.38 96.1073 9
      vertex 146.62 95.378 9
      vertex 146.639 95.3202 9
    endloop
  endfacet
  facet normal 0 0 1
    outer loop
      vertex 145.846 96.3542 9
      vertex 147.057 97.8321 9
      vertex 146.6 98.1373 9
    endloop
  endfacet
  facet normal 0 0 1
    outer loop
      vertex 148.38 96.1073 9
      vertex 146.593 95.4328 9
      vertex 146.62 95.378 9
    endloop
  endfacet
  facet normal 0 0 1
    outer loop
      vertex 148.137 96.6 9
      vertex 146.487 95.6472 9
      vertex 146.593 95.4328 9
    endloop
  endfacet
  facet normal 0 0 1
    outer loop
      vertex 148.137 96.6 9
      vertex 146.354 95.846 9
      vertex 146.487 95.6472 9
    endloop
  endfacet
  facet normal 0 0 1
    outer loop
      vertex 147.832 97.0568 9
      vertex 146.32 95.8968 9
      vertex 146.354 95.846 9
    endloop
  endfacet
  facet normal 0 0 1
    outer loop
      vertex 147.832 97.0568 9
      vertex 146.163 96.0765 9
      vertex 146.32 95.8968 9
    endloop
  endfacet
  facet normal 0 0 1
    outer loop
      vertex 147.47 97.4698 9
      vertex 146.122 96.1224 9
      vertex 146.163 96.0765 9
    endloop
  endfacet
  facet normal 0 0 1
    outer loop
      vertex 145.433 96.5928 9
      vertex 146.6 98.1373 9
      vertex 146.107 98.3803 9
    endloop
  endfacet
  facet normal 0 0 1
    outer loop
      vertex 147.47 97.4698 9
      vertex 146.077 96.1627 9
      vertex 146.122 96.1224 9
    endloop
  endfacet
  facet normal 0 0 1
    outer loop
      vertex 147.057 97.8321 9
      vertex 145.897 96.3203 9
      vertex 146.077 96.1627 9
    endloop
  endfacet
  facet normal 0 0 1
    outer loop
      vertex 147.057 97.8321 9
      vertex 145.846 96.3542 9
      vertex 145.897 96.3203 9
    endloop
  endfacet
  facet normal 0 0 1
    outer loop
      vertex 146.6 98.1373 9
      vertex 145.647 96.487 9
      vertex 145.846 96.3542 9
    endloop
  endfacet
  facet normal 0 0 1
    outer loop
      vertex 145.32 96.6394 9
      vertex 146.107 98.3803 9
      vertex 145.587 98.5569 9
    endloop
  endfacet
  facet normal 0 0 1
    outer loop
      vertex 146.6 98.1373 9
      vertex 145.433 96.5928 9
      vertex 145.647 96.487 9
    endloop
  endfacet
  facet normal 0 0 1
    outer loop
      vertex 146.107 98.3803 9
      vertex 145.378 96.6198 9
      vertex 145.433 96.5928 9
    endloop
  endfacet
  facet normal 0 0 1
    outer loop
      vertex 146.107 98.3803 9
      vertex 145.32 96.6394 9
      vertex 145.378 96.6198 9
    endloop
  endfacet
  facet normal 0 0 1
    outer loop
      vertex 145.587 98.5569 9
      vertex 145.094 96.7163 9
      vertex 145.32 96.6394 9
    endloop
  endfacet
  facet normal 0 0 1
    outer loop
      vertex 145.034 96.7282 9
      vertex 145.587 98.5569 9
      vertex 145.048 98.6641 9
    endloop
  endfacet
  facet normal 0 0 1
    outer loop
      vertex 145.587 98.5569 9
      vertex 145.034 96.7282 9
      vertex 145.094 96.7163 9
    endloop
  endfacet
  facet normal 0 0 1
    outer loop
      vertex 145.048 98.6641 9
      vertex 144.799 96.7748 9
      vertex 145.034 96.7282 9
    endloop
  endfacet
  facet normal 0 0 1
    outer loop
      vertex 145.048 98.6641 9
      vertex 144.561 96.7905 9
      vertex 144.799 96.7748 9
    endloop
  endfacet
  facet normal 0 0 1
    outer loop
      vertex 144.5 98.7 9
      vertex 144.561 96.7905 9
      vertex 145.048 98.6641 9
    endloop
  endfacet
  facet normal 0 0 1
    outer loop
      vertex 144.5 98.7 9
      vertex 144.5 96.7944 9
      vertex 144.561 96.7905 9
    endloop
  endfacet
  facet normal 0 0 1
    outer loop
      vertex 144.5 98.7 9
      vertex 144.439 96.7905 9
      vertex 144.5 96.7944 9
    endloop
  endfacet
  facet normal -0 0 1
    outer loop
      vertex 143.952 98.6641 9
      vertex 144.439 96.7905 9
      vertex 144.5 98.7 9
    endloop
  endfacet
  facet normal 0 0 1
    outer loop
      vertex 144.439 96.7905 9
      vertex 143.952 98.6641 9
      vertex 144.201 96.7748 9
    endloop
  endfacet
  facet normal 0 0 1
    outer loop
      vertex 144.201 96.7748 9
      vertex 143.952 98.6641 9
      vertex 143.966 96.7282 9
    endloop
  endfacet
  facet normal -0 0 1
    outer loop
      vertex 143.413 98.5569 9
      vertex 143.966 96.7282 9
      vertex 143.952 98.6641 9
    endloop
  endfacet
  facet normal 0 0 1
    outer loop
      vertex 143.966 96.7282 9
      vertex 143.413 98.5569 9
      vertex 143.906 96.7163 9
    endloop
  endfacet
  facet normal 0 0 1
    outer loop
      vertex 143.906 96.7163 9
      vertex 143.413 98.5569 9
      vertex 143.68 96.6394 9
    endloop
  endfacet
  facet normal -0 0 1
    outer loop
      vertex 142.893 98.3803 9
      vertex 143.68 96.6394 9
      vertex 143.413 98.5569 9
    endloop
  endfacet
  facet normal 0 0 1
    outer loop
      vertex 143.68 96.6394 9
      vertex 142.893 98.3803 9
      vertex 143.622 96.6198 9
    endloop
  endfacet
  facet normal 0 0 1
    outer loop
      vertex 143.622 96.6198 9
      vertex 142.893 98.3803 9
      vertex 143.567 96.5928 9
    endloop
  endfacet
  facet normal -0 0 1
    outer loop
      vertex 142.4 98.1373 9
      vertex 143.567 96.5928 9
      vertex 142.893 98.3803 9
    endloop
  endfacet
  facet normal 0 0 1
    outer loop
      vertex 143.567 96.5928 9
      vertex 142.4 98.1373 9
      vertex 143.353 96.487 9
    endloop
  endfacet
  facet normal 0 0 1
    outer loop
      vertex 143.353 96.487 9
      vertex 142.4 98.1373 9
      vertex 143.154 96.3542 9
    endloop
  endfacet
  facet normal -0 0 1
    outer loop
      vertex 141.943 97.8321 9
      vertex 143.154 96.3542 9
      vertex 142.4 98.1373 9
    endloop
  endfacet
  facet normal 0 0 1
    outer loop
      vertex 143.154 96.3542 9
      vertex 141.943 97.8321 9
      vertex 143.103 96.3203 9
    endloop
  endfacet
  facet normal 0 0 1
    outer loop
      vertex 143.103 96.3203 9
      vertex 141.943 97.8321 9
      vertex 142.923 96.1627 9
    endloop
  endfacet
  facet normal -0 0 1
    outer loop
      vertex 141.53 97.4698 9
      vertex 142.923 96.1627 9
      vertex 141.943 97.8321 9
    endloop
  endfacet
  facet normal 0 0 1
    outer loop
      vertex 142.923 96.1627 9
      vertex 141.53 97.4698 9
      vertex 142.878 96.1224 9
    endloop
  endfacet
  facet normal 0 0 1
    outer loop
      vertex 142.878 96.1224 9
      vertex 141.53 97.4698 9
      vertex 142.837 96.0765 9
    endloop
  endfacet
  facet normal -0 0 1
    outer loop
      vertex 141.168 97.0568 9
      vertex 142.837 96.0765 9
      vertex 141.53 97.4698 9
    endloop
  endfacet
  facet normal 0 0 1
    outer loop
      vertex 142.837 96.0765 9
      vertex 141.168 97.0568 9
      vertex 142.68 95.8968 9
    endloop
  endfacet
  facet normal 0 0 1
    outer loop
      vertex 142.68 95.8968 9
      vertex 141.168 97.0568 9
      vertex 142.646 95.846 9
    endloop
  endfacet
  facet normal -0 0 1
    outer loop
      vertex 140.863 96.6 9
      vertex 142.646 95.846 9
      vertex 141.168 97.0568 9
    endloop
  endfacet
  facet normal 0 0 1
    outer loop
      vertex 142.646 95.846 9
      vertex 140.863 96.6 9
      vertex 142.513 95.6472 9
    endloop
  endfacet
  facet normal 0 0 1
    outer loop
      vertex 142.513 95.6472 9
      vertex 140.863 96.6 9
      vertex 142.407 95.4328 9
    endloop
  endfacet
  facet normal -0 0 1
    outer loop
      vertex 140.62 96.1073 9
      vertex 142.407 95.4328 9
      vertex 140.863 96.6 9
    endloop
  endfacet
  facet normal 0 0 1
    outer loop
      vertex 142.407 95.4328 9
      vertex 140.62 96.1073 9
      vertex 142.38 95.378 9
    endloop
  endfacet
  facet normal 0 0 1
    outer loop
      vertex 142.38 95.378 9
      vertex 140.62 96.1073 9
      vertex 142.361 95.3202 9
    endloop
  endfacet
  facet normal -0 0 1
    outer loop
      vertex 140.443 95.587 9
      vertex 142.361 95.3202 9
      vertex 140.62 96.1073 9
    endloop
  endfacet
  facet normal 0 0 1
    outer loop
      vertex 148.557 93.413 9
      vertex 146.639 93.6798 9
      vertex 148.38 92.8927 9
    endloop
  endfacet
  facet normal -0 0 1
    outer loop
      vertex 146.62 93.622 9
      vertex 148.38 92.8927 9
      vertex 146.639 93.6798 9
    endloop
  endfacet
  facet normal -0 0 1
    outer loop
      vertex 146.593 93.5672 9
      vertex 148.38 92.8927 9
      vertex 146.62 93.622 9
    endloop
  endfacet
  facet normal 0 0 1
    outer loop
      vertex 148.38 92.8927 9
      vertex 146.593 93.5672 9
      vertex 148.137 92.4 9
    endloop
  endfacet
  facet normal -0 0 1
    outer loop
      vertex 146.487 93.3528 9
      vertex 148.137 92.4 9
      vertex 146.593 93.5672 9
    endloop
  endfacet
  facet normal -0 0 1
    outer loop
      vertex 146.354 93.154 9
      vertex 148.137 92.4 9
      vertex 146.487 93.3528 9
    endloop
  endfacet
  facet normal 0 0 1
    outer loop
      vertex 148.137 92.4 9
      vertex 146.354 93.154 9
      vertex 147.832 91.9432 9
    endloop
  endfacet
  facet normal -0 0 1
    outer loop
      vertex 146.32 93.1032 9
      vertex 147.832 91.9432 9
      vertex 146.354 93.154 9
    endloop
  endfacet
  facet normal -0 0 1
    outer loop
      vertex 146.163 92.9235 9
      vertex 147.832 91.9432 9
      vertex 146.32 93.1032 9
    endloop
  endfacet
  facet normal 0 0 1
    outer loop
      vertex 147.832 91.9432 9
      vertex 146.163 92.9235 9
      vertex 147.47 91.5302 9
    endloop
  endfacet
  facet normal -0 0 1
    outer loop
      vertex 146.122 92.8776 9
      vertex 147.47 91.5302 9
      vertex 146.163 92.9235 9
    endloop
  endfacet
  facet normal -0 0 1
    outer loop
      vertex 146.077 92.8373 9
      vertex 147.47 91.5302 9
      vertex 146.122 92.8776 9
    endloop
  endfacet
  facet normal 0 0 1
    outer loop
      vertex 147.47 91.5302 9
      vertex 146.077 92.8373 9
      vertex 147.057 91.1679 9
    endloop
  endfacet
  facet normal -0 0 1
    outer loop
      vertex 145.897 92.6797 9
      vertex 147.057 91.1679 9
      vertex 146.077 92.8373 9
    endloop
  endfacet
  facet normal -0 0 1
    outer loop
      vertex 145.846 92.6458 9
      vertex 147.057 91.1679 9
      vertex 145.897 92.6797 9
    endloop
  endfacet
  facet normal 0 0 1
    outer loop
      vertex 147.057 91.1679 9
      vertex 145.846 92.6458 9
      vertex 146.6 90.8627 9
    endloop
  endfacet
  facet normal -0 0 1
    outer loop
      vertex 145.647 92.513 9
      vertex 146.6 90.8627 9
      vertex 145.846 92.6458 9
    endloop
  endfacet
  facet normal -0 0 1
    outer loop
      vertex 145.433 92.4072 9
      vertex 146.6 90.8627 9
      vertex 145.647 92.513 9
    endloop
  endfacet
  facet normal 0 0 1
    outer loop
      vertex 146.6 90.8627 9
      vertex 145.433 92.4072 9
      vertex 146.107 90.6197 9
    endloop
  endfacet
  facet normal -0 0 1
    outer loop
      vertex 145.378 92.3802 9
      vertex 146.107 90.6197 9
      vertex 145.433 92.4072 9
    endloop
  endfacet
  facet normal -0 0 1
    outer loop
      vertex 145.32 92.3606 9
      vertex 146.107 90.6197 9
      vertex 145.378 92.3802 9
    endloop
  endfacet
  facet normal 0 0 1
    outer loop
      vertex 146.107 90.6197 9
      vertex 145.32 92.3606 9
      vertex 145.587 90.4431 9
    endloop
  endfacet
  facet normal -0 0 1
    outer loop
      vertex 145.094 92.2837 9
      vertex 145.587 90.4431 9
      vertex 145.32 92.3606 9
    endloop
  endfacet
  facet normal -0 0 1
    outer loop
      vertex 145.034 92.2718 9
      vertex 145.587 90.4431 9
      vertex 145.094 92.2837 9
    endloop
  endfacet
  facet normal 0 0 1
    outer loop
      vertex 145.587 90.4431 9
      vertex 145.034 92.2718 9
      vertex 145.048 90.3359 9
    endloop
  endfacet
  facet normal -0 0 1
    outer loop
      vertex 144.799 92.2252 9
      vertex 145.048 90.3359 9
      vertex 145.034 92.2718 9
    endloop
  endfacet
  facet normal -0 0 1
    outer loop
      vertex 144.561 92.2095 9
      vertex 145.048 90.3359 9
      vertex 144.799 92.2252 9
    endloop
  endfacet
  facet normal 0 0 1
    outer loop
      vertex 144.5 90.3 9
      vertex 144.561 92.2095 9
      vertex 144.5 92.2056 9
    endloop
  endfacet
  facet normal 0 0 1
    outer loop
      vertex 144.561 92.2095 9
      vertex 144.5 90.3 9
      vertex 145.048 90.3359 9
    endloop
  endfacet
  facet normal 0 0 1
    outer loop
      vertex 144.439 92.2095 9
      vertex 144.5 90.3 9
      vertex 144.5 92.2056 9
    endloop
  endfacet
  facet normal 0 0 1
    outer loop
      vertex 143.952 90.3359 9
      vertex 144.439 92.2095 9
      vertex 144.201 92.2252 9
    endloop
  endfacet
  facet normal 0 0 1
    outer loop
      vertex 143.952 90.3359 9
      vertex 144.201 92.2252 9
      vertex 143.966 92.2718 9
    endloop
  endfacet
  facet normal 0 0 1
    outer loop
      vertex 144.439 92.2095 9
      vertex 143.952 90.3359 9
      vertex 144.5 90.3 9
    endloop
  endfacet
  facet normal 0 0 1
    outer loop
      vertex 143.413 90.4431 9
      vertex 143.966 92.2718 9
      vertex 143.906 92.2837 9
    endloop
  endfacet
  facet normal 0 0 1
    outer loop
      vertex 143.413 90.4431 9
      vertex 143.906 92.2837 9
      vertex 143.68 92.3606 9
    endloop
  endfacet
  facet normal 0 0 1
    outer loop
      vertex 142.893 90.6197 9
      vertex 143.68 92.3606 9
      vertex 143.622 92.3802 9
    endloop
  endfacet
  facet normal 0 0 1
    outer loop
      vertex 142.893 90.6197 9
      vertex 143.622 92.3802 9
      vertex 143.567 92.4072 9
    endloop
  endfacet
  facet normal 0 0 1
    outer loop
      vertex 143.966 92.2718 9
      vertex 143.413 90.4431 9
      vertex 143.952 90.3359 9
    endloop
  endfacet
  facet normal 0 0 1
    outer loop
      vertex 142.4 90.8627 9
      vertex 143.567 92.4072 9
      vertex 143.353 92.513 9
    endloop
  endfacet
  facet normal 0 0 1
    outer loop
      vertex 142.4 90.8627 9
      vertex 143.353 92.513 9
      vertex 143.154 92.6458 9
    endloop
  endfacet
  facet normal 0 0 1
    outer loop
      vertex 141.943 91.1679 9
      vertex 143.154 92.6458 9
      vertex 143.103 92.6797 9
    endloop
  endfacet
  facet normal 0 0 1
    outer loop
      vertex 141.943 91.1679 9
      vertex 143.103 92.6797 9
      vertex 142.923 92.8373 9
    endloop
  endfacet
  facet normal 0 0 1
    outer loop
      vertex 143.68 92.3606 9
      vertex 142.893 90.6197 9
      vertex 143.413 90.4431 9
    endloop
  endfacet
  facet normal 0 0 1
    outer loop
      vertex 141.53 91.5302 9
      vertex 142.923 92.8373 9
      vertex 142.878 92.8776 9
    endloop
  endfacet
  facet normal 0 0 1
    outer loop
      vertex 141.53 91.5302 9
      vertex 142.878 92.8776 9
      vertex 142.837 92.9235 9
    endloop
  endfacet
  facet normal 0 0 1
    outer loop
      vertex 141.168 91.9432 9
      vertex 142.837 92.9235 9
      vertex 142.68 93.1032 9
    endloop
  endfacet
  facet normal 0 0 1
    outer loop
      vertex 141.168 91.9432 9
      vertex 142.68 93.1032 9
      vertex 142.646 93.154 9
    endloop
  endfacet
  facet normal 0 0 1
    outer loop
      vertex 140.863 92.4 9
      vertex 142.646 93.154 9
      vertex 142.513 93.3528 9
    endloop
  endfacet
  facet normal 0 0 1
    outer loop
      vertex 140.863 92.4 9
      vertex 142.513 93.3528 9
      vertex 142.407 93.5672 9
    endloop
  endfacet
  facet normal 0 0 1
    outer loop
      vertex 143.567 92.4072 9
      vertex 142.4 90.8627 9
      vertex 142.893 90.6197 9
    endloop
  endfacet
  facet normal 0 0 1
    outer loop
      vertex 140.62 92.8927 9
      vertex 142.407 93.5672 9
      vertex 142.38 93.622 9
    endloop
  endfacet
  facet normal 0 0 1
    outer loop
      vertex 140.62 92.8927 9
      vertex 142.38 93.622 9
      vertex 142.361 93.6798 9
    endloop
  endfacet
  facet normal 0 0 1
    outer loop
      vertex 140.443 93.413 9
      vertex 142.361 93.6798 9
      vertex 142.284 93.9062 9
    endloop
  endfacet
  facet normal 0 0 1
    outer loop
      vertex 140.443 93.413 9
      vertex 142.284 93.9062 9
      vertex 142.272 93.966 9
    endloop
  endfacet
  facet normal 0 0 1
    outer loop
      vertex 140.336 93.9518 9
      vertex 142.272 93.966 9
      vertex 142.225 94.2005 9
    endloop
  endfacet
  facet normal 0 0 1
    outer loop
      vertex 140.336 93.9518 9
      vertex 142.225 94.2005 9
      vertex 142.21 94.4391 9
    endloop
  endfacet
  facet normal -0 0 1
    outer loop
      vertex 140.3 94.5 9
      vertex 142.21 94.4391 9
      vertex 142.206 94.5 9
    endloop
  endfacet
  facet normal 0 0 1
    outer loop
      vertex 142.361 95.3202 9
      vertex 140.443 95.587 9
      vertex 142.284 95.0938 9
    endloop
  endfacet
  facet normal 0 0 1
    outer loop
      vertex 143.154 92.6458 9
      vertex 141.943 91.1679 9
      vertex 142.4 90.8627 9
    endloop
  endfacet
  facet normal 0 0 1
    outer loop
      vertex 142.284 95.0938 9
      vertex 140.443 95.587 9
      vertex 142.272 95.034 9
    endloop
  endfacet
  facet normal 0 0 1
    outer loop
      vertex 142.923 92.8373 9
      vertex 141.53 91.5302 9
      vertex 141.943 91.1679 9
    endloop
  endfacet
  facet normal -0 0 1
    outer loop
      vertex 140.336 95.0482 9
      vertex 142.272 95.034 9
      vertex 140.443 95.587 9
    endloop
  endfacet
  facet normal 0 0 1
    outer loop
      vertex 142.837 92.9235 9
      vertex 141.168 91.9432 9
      vertex 141.53 91.5302 9
    endloop
  endfacet
  facet normal 0 0 1
    outer loop
      vertex 142.272 95.034 9
      vertex 140.336 95.0482 9
      vertex 142.225 94.7995 9
    endloop
  endfacet
  facet normal 0 0 1
    outer loop
      vertex 142.646 93.154 9
      vertex 140.863 92.4 9
      vertex 141.168 91.9432 9
    endloop
  endfacet
  facet normal 0 0 1
    outer loop
      vertex 142.225 94.7995 9
      vertex 140.336 95.0482 9
      vertex 142.21 94.5609 9
    endloop
  endfacet
  facet normal 0 0 1
    outer loop
      vertex 142.407 93.5672 9
      vertex 140.62 92.8927 9
      vertex 140.863 92.4 9
    endloop
  endfacet
  facet normal 0 0 1
    outer loop
      vertex 140.3 94.5 9
      vertex 142.21 94.5609 9
      vertex 140.336 95.0482 9
    endloop
  endfacet
  facet normal 0 0 1
    outer loop
      vertex 142.361 93.6798 9
      vertex 140.443 93.413 9
      vertex 140.62 92.8927 9
    endloop
  endfacet
  facet normal 0 0 1
    outer loop
      vertex 142.21 94.5609 9
      vertex 140.3 94.5 9
      vertex 142.206 94.5 9
    endloop
  endfacet
  facet normal 0 0 1
    outer loop
      vertex 142.272 93.966 9
      vertex 140.336 93.9518 9
      vertex 140.443 93.413 9
    endloop
  endfacet
  facet normal 0 0 1
    outer loop
      vertex 142.21 94.4391 9
      vertex 140.3 94.5 9
      vertex 140.336 93.9518 9
    endloop
  endfacet
  facet normal -0.896853 0.442329 0
    outer loop
      vertex 140.62 96.1073 2.4
      vertex 140.863 96.6 9
      vertex 140.863 96.6 2.4
    endloop
  endfacet
  facet normal -0.896853 0.442329 0
    outer loop
      vertex 140.863 96.6 9
      vertex 140.62 96.1073 2.4
      vertex 140.62 96.1073 9
    endloop
  endfacet
  facet normal -0.195066 0.98079 0
    outer loop
      vertex 143.952 98.6641 2.4
      vertex 143.413 98.5569 9
      vertex 143.952 98.6641 9
    endloop
  endfacet
  facet normal -0.195066 0.98079 0
    outer loop
      vertex 143.413 98.5569 9
      vertex 143.952 98.6641 2.4
      vertex 143.413 98.5569 2.4
    endloop
  endfacet
  facet normal -0.659458 0.751742 0
    outer loop
      vertex 141.943 97.8321 2.4
      vertex 141.53 97.4698 9
      vertex 141.943 97.8321 9
    endloop
  endfacet
  facet normal -0.659458 0.751742 0
    outer loop
      vertex 141.53 97.4698 9
      vertex 141.943 97.8321 2.4
      vertex 141.53 97.4698 2.4
    endloop
  endfacet
  facet normal -0.752012 0.659149 0
    outer loop
      vertex 141.168 97.0568 2.4
      vertex 141.53 97.4698 9
      vertex 141.53 97.4698 2.4
    endloop
  endfacet
  facet normal -0.752012 0.659149 0
    outer loop
      vertex 141.53 97.4698 9
      vertex 141.168 97.0568 2.4
      vertex 141.168 97.0568 9
    endloop
  endfacet
  facet normal 0.997851 0.0655283 0
    outer loop
      vertex 148.7 94.5 9
      vertex 148.664 95.0482 2.4
      vertex 148.664 95.0482 9
    endloop
  endfacet
  facet normal 0.997851 0.0655283 0
    outer loop
      vertex 148.664 95.0482 2.4
      vertex 148.7 94.5 9
      vertex 148.7 94.5 2.4
    endloop
  endfacet
  facet normal 0.0653708 -0.997861 0
    outer loop
      vertex 144.5 90.3 2.4
      vertex 145.048 90.3359 9
      vertex 144.5 90.3 9
    endloop
  endfacet
  facet normal 0.0653708 -0.997861 0
    outer loop
      vertex 145.048 90.3359 9
      vertex 144.5 90.3 2.4
      vertex 145.048 90.3359 2.4
    endloop
  endfacet
  facet normal -0.896853 -0.442329 0
    outer loop
      vertex 140.863 92.4 2.4
      vertex 140.62 92.8927 9
      vertex 140.62 92.8927 2.4
    endloop
  endfacet
  facet normal -0.896853 -0.442329 0
    outer loop
      vertex 140.62 92.8927 9
      vertex 140.863 92.4 2.4
      vertex 140.863 92.4 9
    endloop
  endfacet
  facet normal -0.752012 -0.659149 0
    outer loop
      vertex 141.53 91.5302 2.4
      vertex 141.168 91.9432 9
      vertex 141.168 91.9432 2.4
    endloop
  endfacet
  facet normal -0.752012 -0.659149 0
    outer loop
      vertex 141.168 91.9432 9
      vertex 141.53 91.5302 2.4
      vertex 141.53 91.5302 9
    endloop
  endfacet
  facet normal 0.195066 -0.98079 0
    outer loop
      vertex 145.048 90.3359 2.4
      vertex 145.587 90.4431 9
      vertex 145.048 90.3359 9
    endloop
  endfacet
  facet normal 0.195066 -0.98079 0
    outer loop
      vertex 145.587 90.4431 9
      vertex 145.048 90.3359 2.4
      vertex 145.587 90.4431 2.4
    endloop
  endfacet
  facet normal -0.997851 -0.0655283 0
    outer loop
      vertex 140.336 93.9518 2.4
      vertex 140.3 94.5 9
      vertex 140.3 94.5 2.4
    endloop
  endfacet
  facet normal -0.997851 -0.0655283 0
    outer loop
      vertex 140.3 94.5 9
      vertex 140.336 93.9518 2.4
      vertex 140.336 93.9518 9
    endloop
  endfacet
  facet normal -0.321576 -0.946884 0
    outer loop
      vertex 142.893 90.6197 2.4
      vertex 143.413 90.4431 9
      vertex 142.893 90.6197 9
    endloop
  endfacet
  facet normal -0.321576 -0.946884 -0
    outer loop
      vertex 143.413 90.4431 9
      vertex 142.893 90.6197 2.4
      vertex 143.413 90.4431 2.4
    endloop
  endfacet
  facet normal -0.659458 -0.751742 0
    outer loop
      vertex 141.53 91.5302 2.4
      vertex 141.943 91.1679 9
      vertex 141.53 91.5302 9
    endloop
  endfacet
  facet normal -0.659458 -0.751742 -0
    outer loop
      vertex 141.943 91.1679 9
      vertex 141.53 91.5302 2.4
      vertex 141.943 91.1679 2.4
    endloop
  endfacet
  facet normal 0.442112 -0.89696 0
    outer loop
      vertex 146.107 90.6197 2.4
      vertex 146.6 90.8627 9
      vertex 146.107 90.6197 9
    endloop
  endfacet
  facet normal 0.442112 -0.89696 0
    outer loop
      vertex 146.6 90.8627 9
      vertex 146.107 90.6197 2.4
      vertex 146.6 90.8627 2.4
    endloop
  endfacet
  facet normal 0.321576 -0.946884 0
    outer loop
      vertex 145.587 90.4431 2.4
      vertex 146.107 90.6197 9
      vertex 145.587 90.4431 9
    endloop
  endfacet
  facet normal 0.321576 -0.946884 0
    outer loop
      vertex 146.107 90.6197 9
      vertex 145.587 90.4431 2.4
      vertex 146.107 90.6197 2.4
    endloop
  endfacet
  facet normal 0.659458 -0.751742 0
    outer loop
      vertex 147.057 91.1679 2.4
      vertex 147.47 91.5302 9
      vertex 147.057 91.1679 9
    endloop
  endfacet
  facet normal 0.659458 -0.751742 0
    outer loop
      vertex 147.47 91.5302 9
      vertex 147.057 91.1679 2.4
      vertex 147.47 91.5302 2.4
    endloop
  endfacet
  facet normal 0.896853 -0.442329 0
    outer loop
      vertex 148.137 92.4 9
      vertex 148.38 92.8927 2.4
      vertex 148.38 92.8927 9
    endloop
  endfacet
  facet normal 0.896853 -0.442329 0
    outer loop
      vertex 148.38 92.8927 2.4
      vertex 148.137 92.4 9
      vertex 148.137 92.4 2.4
    endloop
  endfacet
  facet normal 0.831658 -0.555288 0
    outer loop
      vertex 147.832 91.9432 9
      vertex 148.137 92.4 2.4
      vertex 148.137 92.4 9
    endloop
  endfacet
  facet normal 0.831658 -0.555288 0
    outer loop
      vertex 148.137 92.4 2.4
      vertex 147.832 91.9432 9
      vertex 147.832 91.9432 2.4
    endloop
  endfacet
  facet normal -0.946718 -0.322063 0
    outer loop
      vertex 140.62 92.8927 2.4
      vertex 140.443 93.413 9
      vertex 140.443 93.413 2.4
    endloop
  endfacet
  facet normal -0.946718 -0.322063 0
    outer loop
      vertex 140.443 93.413 9
      vertex 140.62 92.8927 2.4
      vertex 140.62 92.8927 9
    endloop
  endfacet
  facet normal -0.980846 -0.194786 0
    outer loop
      vertex 140.443 93.413 2.4
      vertex 140.336 93.9518 9
      vertex 140.336 93.9518 2.4
    endloop
  endfacet
  facet normal -0.980846 -0.194786 0
    outer loop
      vertex 140.336 93.9518 9
      vertex 140.443 93.413 2.4
      vertex 140.443 93.413 9
    endloop
  endfacet
  facet normal 0.752012 -0.659149 0
    outer loop
      vertex 147.47 91.5302 9
      vertex 147.832 91.9432 2.4
      vertex 147.832 91.9432 9
    endloop
  endfacet
  facet normal 0.752012 -0.659149 0
    outer loop
      vertex 147.832 91.9432 2.4
      vertex 147.47 91.5302 9
      vertex 147.47 91.5302 2.4
    endloop
  endfacet
  facet normal -0.442112 -0.89696 0
    outer loop
      vertex 142.4 90.8627 2.4
      vertex 142.893 90.6197 9
      vertex 142.4 90.8627 9
    endloop
  endfacet
  facet normal -0.442112 -0.89696 -0
    outer loop
      vertex 142.893 90.6197 9
      vertex 142.4 90.8627 2.4
      vertex 142.893 90.6197 2.4
    endloop
  endfacet
  facet normal -0.195066 -0.98079 0
    outer loop
      vertex 143.413 90.4431 2.4
      vertex 143.952 90.3359 9
      vertex 143.413 90.4431 9
    endloop
  endfacet
  facet normal -0.195066 -0.98079 -0
    outer loop
      vertex 143.952 90.3359 9
      vertex 143.413 90.4431 2.4
      vertex 143.952 90.3359 2.4
    endloop
  endfacet
  facet normal -0.0653708 -0.997861 0
    outer loop
      vertex 143.952 90.3359 2.4
      vertex 144.5 90.3 9
      vertex 143.952 90.3359 9
    endloop
  endfacet
  facet normal -0.0653708 -0.997861 -0
    outer loop
      vertex 144.5 90.3 9
      vertex 143.952 90.3359 2.4
      vertex 144.5 90.3 2.4
    endloop
  endfacet
  facet normal -0.55554 -0.83149 0
    outer loop
      vertex 14.525 86.9093 2.3
      vertex 14.6392 86.833 5.8
      vertex 14.525 86.9093 5.8
    endloop
  endfacet
  facet normal -0.55554 -0.83149 -0
    outer loop
      vertex 14.6392 86.833 5.8
      vertex 14.525 86.9093 2.3
      vertex 14.6392 86.833 2.3
    endloop
  endfacet
  facet normal 0.980776 -0.195136 0
    outer loop
      vertex 12.959 86.1371 5.8
      vertex 12.9858 86.2718 2.3
      vertex 12.9858 86.2718 5.8
    endloop
  endfacet
  facet normal 0.980776 -0.195136 0
    outer loop
      vertex 12.9858 86.2718 2.3
      vertex 12.959 86.1371 5.8
      vertex 12.959 86.1371 2.3
    endloop
  endfacet
  facet normal -0.980776 0.195136 0
    outer loop
      vertex 15.0142 85.7282 2.3
      vertex 15.041 85.8629 5.8
      vertex 15.041 85.8629 2.3
    endloop
  endfacet
  facet normal -0.980776 0.195136 0
    outer loop
      vertex 15.041 85.8629 5.8
      vertex 15.0142 85.7282 2.3
      vertex 15.0142 85.7282 5.8
    endloop
  endfacet
  facet normal 0.195136 0.980776 -0
    outer loop
      vertex 13.8629 84.959 2.3
      vertex 13.7282 84.9858 5.8
      vertex 13.8629 84.959 5.8
    endloop
  endfacet
  facet normal 0.195136 0.980776 0
    outer loop
      vertex 13.7282 84.9858 5.8
      vertex 13.8629 84.959 2.3
      vertex 13.7282 84.9858 2.3
    endloop
  endfacet
  facet normal 0.442549 -0.896744 0
    outer loop
      vertex 13.475 86.9093 2.3
      vertex 13.5982 86.9701 5.8
      vertex 13.475 86.9093 5.8
    endloop
  endfacet
  facet normal 0.442549 -0.896744 0
    outer loop
      vertex 13.5982 86.9701 5.8
      vertex 13.475 86.9093 2.3
      vertex 13.5982 86.9701 2.3
    endloop
  endfacet
  facet normal 0.946995 -0.32125 0
    outer loop
      vertex 12.9858 86.2718 5.8
      vertex 13.0299 86.4018 2.3
      vertex 13.0299 86.4018 5.8
    endloop
  endfacet
  facet normal 0.946995 -0.32125 0
    outer loop
      vertex 13.0299 86.4018 2.3
      vertex 12.9858 86.2718 5.8
      vertex 12.9858 86.2718 2.3
    endloop
  endfacet
  facet normal 0.83149 0.55554 0
    outer loop
      vertex 13.167 85.3608 5.8
      vertex 13.0907 85.475 2.3
      vertex 13.0907 85.475 5.8
    endloop
  endfacet
  facet normal 0.83149 0.55554 0
    outer loop
      vertex 13.0907 85.475 2.3
      vertex 13.167 85.3608 5.8
      vertex 13.167 85.3608 2.3
    endloop
  endfacet
  facet normal -0.946995 -0.32125 0
    outer loop
      vertex 15.0142 86.2718 2.3
      vertex 14.9701 86.4018 5.8
      vertex 14.9701 86.4018 2.3
    endloop
  endfacet
  facet normal -0.946995 -0.32125 0
    outer loop
      vertex 14.9701 86.4018 5.8
      vertex 15.0142 86.2718 2.3
      vertex 15.0142 86.2718 5.8
    endloop
  endfacet
  facet normal -0.83149 -0.55554 0
    outer loop
      vertex 14.9093 86.525 2.3
      vertex 14.833 86.6392 5.8
      vertex 14.833 86.6392 2.3
    endloop
  endfacet
  facet normal -0.83149 -0.55554 0
    outer loop
      vertex 14.833 86.6392 5.8
      vertex 14.9093 86.525 2.3
      vertex 14.9093 86.525 5.8
    endloop
  endfacet
  facet normal -0.752171 -0.658968 0
    outer loop
      vertex 14.833 86.6392 2.3
      vertex 14.7425 86.7425 5.8
      vertex 14.7425 86.7425 2.3
    endloop
  endfacet
  facet normal -0.752171 -0.658968 0
    outer loop
      vertex 14.7425 86.7425 5.8
      vertex 14.833 86.6392 2.3
      vertex 14.833 86.6392 5.8
    endloop
  endfacet
  facet normal -0.442549 -0.896744 0
    outer loop
      vertex 14.4018 86.9701 2.3
      vertex 14.525 86.9093 5.8
      vertex 14.4018 86.9701 5.8
    endloop
  endfacet
  facet normal -0.442549 -0.896744 -0
    outer loop
      vertex 14.525 86.9093 5.8
      vertex 14.4018 86.9701 2.3
      vertex 14.525 86.9093 2.3
    endloop
  endfacet
  facet normal -0.195136 -0.980776 0
    outer loop
      vertex 14.1371 87.041 2.3
      vertex 14.2718 87.0142 5.8
      vertex 14.1371 87.041 5.8
    endloop
  endfacet
  facet normal -0.195136 -0.980776 -0
    outer loop
      vertex 14.2718 87.0142 5.8
      vertex 14.1371 87.041 2.3
      vertex 14.2718 87.0142 2.3
    endloop
  endfacet
  facet normal 0 0 1
    outer loop
      vertex 15.041 86.1371 2.3
      vertex 15.041 85.8629 2.3
      vertex 15.05 86 2.3
    endloop
  endfacet
  facet normal 0 0 1
    outer loop
      vertex 15.0142 86.2718 2.3
      vertex 15.041 85.8629 2.3
      vertex 15.041 86.1371 2.3
    endloop
  endfacet
  facet normal 0 0 1
    outer loop
      vertex 15.0142 86.2718 2.3
      vertex 15.0142 85.7282 2.3
      vertex 15.041 85.8629 2.3
    endloop
  endfacet
  facet normal 0 0 1
    outer loop
      vertex 14.9701 86.4018 2.3
      vertex 15.0142 85.7282 2.3
      vertex 15.0142 86.2718 2.3
    endloop
  endfacet
  facet normal 0 0 1
    outer loop
      vertex 14.9701 86.4018 2.3
      vertex 14.9701 85.5982 2.3
      vertex 15.0142 85.7282 2.3
    endloop
  endfacet
  facet normal 0 0 1
    outer loop
      vertex 14.9093 86.525 2.3
      vertex 14.9701 85.5982 2.3
      vertex 14.9701 86.4018 2.3
    endloop
  endfacet
  facet normal 0 0 1
    outer loop
      vertex 14.9093 86.525 2.3
      vertex 14.9093 85.475 2.3
      vertex 14.9701 85.5982 2.3
    endloop
  endfacet
  facet normal 0 0 1
    outer loop
      vertex 14.833 86.6392 2.3
      vertex 14.9093 85.475 2.3
      vertex 14.9093 86.525 2.3
    endloop
  endfacet
  facet normal 0 0 1
    outer loop
      vertex 14.833 86.6392 2.3
      vertex 14.833 85.3608 2.3
      vertex 14.9093 85.475 2.3
    endloop
  endfacet
  facet normal 0 0 1
    outer loop
      vertex 14.7425 86.7425 2.3
      vertex 14.833 85.3608 2.3
      vertex 14.833 86.6392 2.3
    endloop
  endfacet
  facet normal 0 0 1
    outer loop
      vertex 14.7425 86.7425 2.3
      vertex 14.7425 85.2575 2.3
      vertex 14.833 85.3608 2.3
    endloop
  endfacet
  facet normal 0 0 1
    outer loop
      vertex 14.6392 86.833 2.3
      vertex 14.7425 85.2575 2.3
      vertex 14.7425 86.7425 2.3
    endloop
  endfacet
  facet normal 0 0 1
    outer loop
      vertex 14.6392 86.833 2.3
      vertex 14.6392 85.167 2.3
      vertex 14.7425 85.2575 2.3
    endloop
  endfacet
  facet normal 0 0 1
    outer loop
      vertex 14.525 86.9093 2.3
      vertex 14.6392 85.167 2.3
      vertex 14.6392 86.833 2.3
    endloop
  endfacet
  facet normal 0 0 1
    outer loop
      vertex 14.525 86.9093 2.3
      vertex 14.525 85.0907 2.3
      vertex 14.6392 85.167 2.3
    endloop
  endfacet
  facet normal 0 0 1
    outer loop
      vertex 14.4018 86.9701 2.3
      vertex 14.525 85.0907 2.3
      vertex 14.525 86.9093 2.3
    endloop
  endfacet
  facet normal 0 0 1
    outer loop
      vertex 14.4018 86.9701 2.3
      vertex 14.4018 85.0299 2.3
      vertex 14.525 85.0907 2.3
    endloop
  endfacet
  facet normal 0 0 1
    outer loop
      vertex 14.2718 87.0142 2.3
      vertex 14.4018 85.0299 2.3
      vertex 14.4018 86.9701 2.3
    endloop
  endfacet
  facet normal 0 0 1
    outer loop
      vertex 14.2718 87.0142 2.3
      vertex 14.2718 84.9858 2.3
      vertex 14.4018 85.0299 2.3
    endloop
  endfacet
  facet normal 0 0 1
    outer loop
      vertex 14.1371 87.041 2.3
      vertex 14.2718 84.9858 2.3
      vertex 14.2718 87.0142 2.3
    endloop
  endfacet
  facet normal 0 0 1
    outer loop
      vertex 14.1371 87.041 2.3
      vertex 14.1371 84.959 2.3
      vertex 14.2718 84.9858 2.3
    endloop
  endfacet
  facet normal 0 0 1
    outer loop
      vertex 14 87.05 2.3
      vertex 14.1371 84.959 2.3
      vertex 14.1371 87.041 2.3
    endloop
  endfacet
  facet normal 0 0 1
    outer loop
      vertex 14 87.05 2.3
      vertex 14 84.95 2.3
      vertex 14.1371 84.959 2.3
    endloop
  endfacet
  facet normal -0 0 1
    outer loop
      vertex 13.8629 87.041 2.3
      vertex 14 84.95 2.3
      vertex 14 87.05 2.3
    endloop
  endfacet
  facet normal 0 0 1
    outer loop
      vertex 13.8629 87.041 2.3
      vertex 13.8629 84.959 2.3
      vertex 14 84.95 2.3
    endloop
  endfacet
  facet normal -0 0 1
    outer loop
      vertex 13.7282 87.0142 2.3
      vertex 13.8629 84.959 2.3
      vertex 13.8629 87.041 2.3
    endloop
  endfacet
  facet normal 0 0 1
    outer loop
      vertex 13.7282 87.0142 2.3
      vertex 13.7282 84.9858 2.3
      vertex 13.8629 84.959 2.3
    endloop
  endfacet
  facet normal -0 0 1
    outer loop
      vertex 13.5982 86.9701 2.3
      vertex 13.7282 84.9858 2.3
      vertex 13.7282 87.0142 2.3
    endloop
  endfacet
  facet normal 0 0 1
    outer loop
      vertex 13.5982 86.9701 2.3
      vertex 13.5982 85.0299 2.3
      vertex 13.7282 84.9858 2.3
    endloop
  endfacet
  facet normal -0 0 1
    outer loop
      vertex 13.475 86.9093 2.3
      vertex 13.5982 85.0299 2.3
      vertex 13.5982 86.9701 2.3
    endloop
  endfacet
  facet normal 0 0 1
    outer loop
      vertex 13.475 86.9093 2.3
      vertex 13.475 85.0907 2.3
      vertex 13.5982 85.0299 2.3
    endloop
  endfacet
  facet normal -0 0 1
    outer loop
      vertex 13.3608 86.833 2.3
      vertex 13.475 85.0907 2.3
      vertex 13.475 86.9093 2.3
    endloop
  endfacet
  facet normal 0 0 1
    outer loop
      vertex 13.3608 86.833 2.3
      vertex 13.3608 85.167 2.3
      vertex 13.475 85.0907 2.3
    endloop
  endfacet
  facet normal -0 0 1
    outer loop
      vertex 13.2575 86.7425 2.3
      vertex 13.3608 85.167 2.3
      vertex 13.3608 86.833 2.3
    endloop
  endfacet
  facet normal 0 0 1
    outer loop
      vertex 13.2575 86.7425 2.3
      vertex 13.2575 85.2575 2.3
      vertex 13.3608 85.167 2.3
    endloop
  endfacet
  facet normal -0 0 1
    outer loop
      vertex 13.167 86.6392 2.3
      vertex 13.2575 85.2575 2.3
      vertex 13.2575 86.7425 2.3
    endloop
  endfacet
  facet normal 0 0 1
    outer loop
      vertex 13.167 86.6392 2.3
      vertex 13.167 85.3608 2.3
      vertex 13.2575 85.2575 2.3
    endloop
  endfacet
  facet normal -0 0 1
    outer loop
      vertex 13.0907 86.525 2.3
      vertex 13.167 85.3608 2.3
      vertex 13.167 86.6392 2.3
    endloop
  endfacet
  facet normal 0 0 1
    outer loop
      vertex 13.0907 86.525 2.3
      vertex 13.0907 85.475 2.3
      vertex 13.167 85.3608 2.3
    endloop
  endfacet
  facet normal -0 0 1
    outer loop
      vertex 13.0299 86.4018 2.3
      vertex 13.0907 85.475 2.3
      vertex 13.0907 86.525 2.3
    endloop
  endfacet
  facet normal 0 0 1
    outer loop
      vertex 13.0299 86.4018 2.3
      vertex 13.0299 85.5982 2.3
      vertex 13.0907 85.475 2.3
    endloop
  endfacet
  facet normal -0 0 1
    outer loop
      vertex 12.9858 86.2718 2.3
      vertex 13.0299 85.5982 2.3
      vertex 13.0299 86.4018 2.3
    endloop
  endfacet
  facet normal 0 0 1
    outer loop
      vertex 12.9858 86.2718 2.3
      vertex 12.9858 85.7282 2.3
      vertex 13.0299 85.5982 2.3
    endloop
  endfacet
  facet normal -0 0 1
    outer loop
      vertex 12.959 86.1371 2.3
      vertex 12.9858 85.7282 2.3
      vertex 12.9858 86.2718 2.3
    endloop
  endfacet
  facet normal 0 0 1
    outer loop
      vertex 12.959 86.1371 2.3
      vertex 12.959 85.8629 2.3
      vertex 12.9858 85.7282 2.3
    endloop
  endfacet
  facet normal 0 -0 1
    outer loop
      vertex 12.959 85.8629 2.3
      vertex 12.959 86.1371 2.3
      vertex 12.95 86 2.3
    endloop
  endfacet
  facet normal 0.997852 0.0655045 0
    outer loop
      vertex 12.959 85.8629 5.8
      vertex 12.95 86 2.3
      vertex 12.95 86 5.8
    endloop
  endfacet
  facet normal 0.997852 0.0655045 0
    outer loop
      vertex 12.95 86 2.3
      vertex 12.959 85.8629 5.8
      vertex 12.959 85.8629 2.3
    endloop
  endfacet
  facet normal 0.83149 -0.55554 0
    outer loop
      vertex 13.0907 86.525 5.8
      vertex 13.167 86.6392 2.3
      vertex 13.167 86.6392 5.8
    endloop
  endfacet
  facet normal 0.83149 -0.55554 0
    outer loop
      vertex 13.167 86.6392 2.3
      vertex 13.0907 86.525 5.8
      vertex 13.0907 86.525 2.3
    endloop
  endfacet
  facet normal 0.55554 -0.83149 0
    outer loop
      vertex 13.3608 86.833 2.3
      vertex 13.475 86.9093 5.8
      vertex 13.3608 86.833 5.8
    endloop
  endfacet
  facet normal 0.55554 -0.83149 0
    outer loop
      vertex 13.475 86.9093 5.8
      vertex 13.3608 86.833 2.3
      vertex 13.475 86.9093 2.3
    endloop
  endfacet
  facet normal 0.195136 -0.980776 0
    outer loop
      vertex 13.7282 87.0142 2.3
      vertex 13.8629 87.041 5.8
      vertex 13.7282 87.0142 5.8
    endloop
  endfacet
  facet normal 0.195136 -0.980776 0
    outer loop
      vertex 13.8629 87.041 5.8
      vertex 13.7282 87.0142 2.3
      vertex 13.8629 87.041 2.3
    endloop
  endfacet
  facet normal 0.658968 -0.752171 0
    outer loop
      vertex 13.2575 86.7425 2.3
      vertex 13.3608 86.833 5.8
      vertex 13.2575 86.7425 5.8
    endloop
  endfacet
  facet normal 0.658968 -0.752171 0
    outer loop
      vertex 13.3608 86.833 5.8
      vertex 13.2575 86.7425 2.3
      vertex 13.3608 86.833 2.3
    endloop
  endfacet
  facet normal -0.195136 0.980776 0
    outer loop
      vertex 14.2718 84.9858 2.3
      vertex 14.1371 84.959 5.8
      vertex 14.2718 84.9858 5.8
    endloop
  endfacet
  facet normal -0.195136 0.980776 0
    outer loop
      vertex 14.1371 84.959 5.8
      vertex 14.2718 84.9858 2.3
      vertex 14.1371 84.959 2.3
    endloop
  endfacet
  facet normal -0.32125 0.946995 0
    outer loop
      vertex 14.4018 85.0299 2.3
      vertex 14.2718 84.9858 5.8
      vertex 14.4018 85.0299 5.8
    endloop
  endfacet
  facet normal -0.32125 0.946995 0
    outer loop
      vertex 14.2718 84.9858 5.8
      vertex 14.4018 85.0299 2.3
      vertex 14.2718 84.9858 2.3
    endloop
  endfacet
  facet normal -0.752171 0.658968 0
    outer loop
      vertex 14.7425 85.2575 2.3
      vertex 14.833 85.3608 5.8
      vertex 14.833 85.3608 2.3
    endloop
  endfacet
  facet normal -0.752171 0.658968 0
    outer loop
      vertex 14.833 85.3608 5.8
      vertex 14.7425 85.2575 2.3
      vertex 14.7425 85.2575 5.8
    endloop
  endfacet
  facet normal -0.55554 0.83149 0
    outer loop
      vertex 14.6392 85.167 2.3
      vertex 14.525 85.0907 5.8
      vertex 14.6392 85.167 5.8
    endloop
  endfacet
  facet normal -0.55554 0.83149 0
    outer loop
      vertex 14.525 85.0907 5.8
      vertex 14.6392 85.167 2.3
      vertex 14.525 85.0907 2.3
    endloop
  endfacet
  facet normal -0.0655045 0.997852 0
    outer loop
      vertex 14.1371 84.959 2.3
      vertex 14 84.95 5.8
      vertex 14.1371 84.959 5.8
    endloop
  endfacet
  facet normal -0.0655045 0.997852 0
    outer loop
      vertex 14 84.95 5.8
      vertex 14.1371 84.959 2.3
      vertex 14 84.95 2.3
    endloop
  endfacet
  facet normal 0.442549 0.896744 -0
    outer loop
      vertex 13.5982 85.0299 2.3
      vertex 13.475 85.0907 5.8
      vertex 13.5982 85.0299 5.8
    endloop
  endfacet
  facet normal 0.442549 0.896744 0
    outer loop
      vertex 13.475 85.0907 5.8
      vertex 13.5982 85.0299 2.3
      vertex 13.475 85.0907 2.3
    endloop
  endfacet
  facet normal 0.55554 0.83149 -0
    outer loop
      vertex 13.475 85.0907 2.3
      vertex 13.3608 85.167 5.8
      vertex 13.475 85.0907 5.8
    endloop
  endfacet
  facet normal 0.55554 0.83149 0
    outer loop
      vertex 13.3608 85.167 5.8
      vertex 13.475 85.0907 2.3
      vertex 13.3608 85.167 2.3
    endloop
  endfacet
  facet normal 0.980776 0.195136 0
    outer loop
      vertex 12.9858 85.7282 5.8
      vertex 12.959 85.8629 2.3
      vertex 12.959 85.8629 5.8
    endloop
  endfacet
  facet normal 0.980776 0.195136 0
    outer loop
      vertex 12.959 85.8629 2.3
      vertex 12.9858 85.7282 5.8
      vertex 12.9858 85.7282 2.3
    endloop
  endfacet
  facet normal -0.980776 -0.195136 0
    outer loop
      vertex 15.041 86.1371 2.3
      vertex 15.0142 86.2718 5.8
      vertex 15.0142 86.2718 2.3
    endloop
  endfacet
  facet normal -0.980776 -0.195136 0
    outer loop
      vertex 15.0142 86.2718 5.8
      vertex 15.041 86.1371 2.3
      vertex 15.041 86.1371 5.8
    endloop
  endfacet
  facet normal -0.896744 -0.442549 0
    outer loop
      vertex 14.9701 86.4018 2.3
      vertex 14.9093 86.525 5.8
      vertex 14.9093 86.525 2.3
    endloop
  endfacet
  facet normal -0.896744 -0.442549 0
    outer loop
      vertex 14.9093 86.525 5.8
      vertex 14.9701 86.4018 2.3
      vertex 14.9701 86.4018 5.8
    endloop
  endfacet
  facet normal -0.658968 -0.752171 0
    outer loop
      vertex 14.6392 86.833 2.3
      vertex 14.7425 86.7425 5.8
      vertex 14.6392 86.833 5.8
    endloop
  endfacet
  facet normal -0.658968 -0.752171 -0
    outer loop
      vertex 14.7425 86.7425 5.8
      vertex 14.6392 86.833 2.3
      vertex 14.7425 86.7425 2.3
    endloop
  endfacet
  facet normal 0.0655045 -0.997852 0
    outer loop
      vertex 13.8629 87.041 2.3
      vertex 14 87.05 5.8
      vertex 13.8629 87.041 5.8
    endloop
  endfacet
  facet normal 0.0655045 -0.997852 0
    outer loop
      vertex 14 87.05 5.8
      vertex 13.8629 87.041 2.3
      vertex 14 87.05 2.3
    endloop
  endfacet
  facet normal -0.32125 -0.946995 0
    outer loop
      vertex 14.2718 87.0142 2.3
      vertex 14.4018 86.9701 5.8
      vertex 14.2718 87.0142 5.8
    endloop
  endfacet
  facet normal -0.32125 -0.946995 -0
    outer loop
      vertex 14.4018 86.9701 5.8
      vertex 14.2718 87.0142 2.3
      vertex 14.4018 86.9701 2.3
    endloop
  endfacet
  facet normal 0.752171 -0.658968 0
    outer loop
      vertex 13.167 86.6392 5.8
      vertex 13.2575 86.7425 2.3
      vertex 13.2575 86.7425 5.8
    endloop
  endfacet
  facet normal 0.752171 -0.658968 0
    outer loop
      vertex 13.2575 86.7425 2.3
      vertex 13.167 86.6392 5.8
      vertex 13.167 86.6392 2.3
    endloop
  endfacet
  facet normal -0.997852 -0.0655045 0
    outer loop
      vertex 15.05 86 2.3
      vertex 15.041 86.1371 5.8
      vertex 15.041 86.1371 2.3
    endloop
  endfacet
  facet normal -0.997852 -0.0655045 0
    outer loop
      vertex 15.041 86.1371 5.8
      vertex 15.05 86 2.3
      vertex 15.05 86 5.8
    endloop
  endfacet
  facet normal -0.83149 0.55554 0
    outer loop
      vertex 14.833 85.3608 2.3
      vertex 14.9093 85.475 5.8
      vertex 14.9093 85.475 2.3
    endloop
  endfacet
  facet normal -0.83149 0.55554 0
    outer loop
      vertex 14.9093 85.475 5.8
      vertex 14.833 85.3608 2.3
      vertex 14.833 85.3608 5.8
    endloop
  endfacet
  facet normal -0.658968 0.752171 0
    outer loop
      vertex 14.7425 85.2575 2.3
      vertex 14.6392 85.167 5.8
      vertex 14.7425 85.2575 5.8
    endloop
  endfacet
  facet normal -0.658968 0.752171 0
    outer loop
      vertex 14.6392 85.167 5.8
      vertex 14.7425 85.2575 2.3
      vertex 14.6392 85.167 2.3
    endloop
  endfacet
  facet normal 0.0655045 0.997852 -0
    outer loop
      vertex 14 84.95 2.3
      vertex 13.8629 84.959 5.8
      vertex 14 84.95 5.8
    endloop
  endfacet
  facet normal 0.0655045 0.997852 0
    outer loop
      vertex 13.8629 84.959 5.8
      vertex 14 84.95 2.3
      vertex 13.8629 84.959 2.3
    endloop
  endfacet
  facet normal 0.32125 0.946995 -0
    outer loop
      vertex 13.7282 84.9858 2.3
      vertex 13.5982 85.0299 5.8
      vertex 13.7282 84.9858 5.8
    endloop
  endfacet
  facet normal 0.32125 0.946995 0
    outer loop
      vertex 13.5982 85.0299 5.8
      vertex 13.7282 84.9858 2.3
      vertex 13.5982 85.0299 2.3
    endloop
  endfacet
  facet normal 0.946995 0.32125 0
    outer loop
      vertex 13.0299 85.5982 5.8
      vertex 12.9858 85.7282 2.3
      vertex 12.9858 85.7282 5.8
    endloop
  endfacet
  facet normal 0.946995 0.32125 0
    outer loop
      vertex 12.9858 85.7282 2.3
      vertex 13.0299 85.5982 5.8
      vertex 13.0299 85.5982 2.3
    endloop
  endfacet
  facet normal 0.896744 0.442549 0
    outer loop
      vertex 13.0907 85.475 5.8
      vertex 13.0299 85.5982 2.3
      vertex 13.0299 85.5982 5.8
    endloop
  endfacet
  facet normal 0.896744 0.442549 0
    outer loop
      vertex 13.0299 85.5982 2.3
      vertex 13.0907 85.475 5.8
      vertex 13.0907 85.475 2.3
    endloop
  endfacet
  facet normal 0.752171 0.658968 0
    outer loop
      vertex 13.2575 85.2575 5.8
      vertex 13.167 85.3608 2.3
      vertex 13.167 85.3608 5.8
    endloop
  endfacet
  facet normal 0.752171 0.658968 0
    outer loop
      vertex 13.167 85.3608 2.3
      vertex 13.2575 85.2575 5.8
      vertex 13.2575 85.2575 2.3
    endloop
  endfacet
  facet normal 0.658968 0.752171 -0
    outer loop
      vertex 13.3608 85.167 2.3
      vertex 13.2575 85.2575 5.8
      vertex 13.3608 85.167 5.8
    endloop
  endfacet
  facet normal 0.658968 0.752171 0
    outer loop
      vertex 13.2575 85.2575 5.8
      vertex 13.3608 85.167 2.3
      vertex 13.2575 85.2575 2.3
    endloop
  endfacet
  facet normal -0.0655045 -0.997852 0
    outer loop
      vertex 14 87.05 2.3
      vertex 14.1371 87.041 5.8
      vertex 14 87.05 5.8
    endloop
  endfacet
  facet normal -0.0655045 -0.997852 -0
    outer loop
      vertex 14.1371 87.041 5.8
      vertex 14 87.05 2.3
      vertex 14.1371 87.041 2.3
    endloop
  endfacet
  facet normal 0.997852 -0.0655045 0
    outer loop
      vertex 12.95 86 5.8
      vertex 12.959 86.1371 2.3
      vertex 12.959 86.1371 5.8
    endloop
  endfacet
  facet normal 0.997852 -0.0655045 0
    outer loop
      vertex 12.959 86.1371 2.3
      vertex 12.95 86 5.8
      vertex 12.95 86 2.3
    endloop
  endfacet
  facet normal 0.896744 -0.442549 0
    outer loop
      vertex 13.0299 86.4018 5.8
      vertex 13.0907 86.525 2.3
      vertex 13.0907 86.525 5.8
    endloop
  endfacet
  facet normal 0.896744 -0.442549 0
    outer loop
      vertex 13.0907 86.525 2.3
      vertex 13.0299 86.4018 5.8
      vertex 13.0299 86.4018 2.3
    endloop
  endfacet
  facet normal 0.32125 -0.946995 0
    outer loop
      vertex 13.5982 86.9701 2.3
      vertex 13.7282 87.0142 5.8
      vertex 13.5982 86.9701 5.8
    endloop
  endfacet
  facet normal 0.32125 -0.946995 0
    outer loop
      vertex 13.7282 87.0142 5.8
      vertex 13.5982 86.9701 2.3
      vertex 13.7282 87.0142 2.3
    endloop
  endfacet
  facet normal -0.997852 0.0655045 0
    outer loop
      vertex 15.041 85.8629 2.3
      vertex 15.05 86 5.8
      vertex 15.05 86 2.3
    endloop
  endfacet
  facet normal -0.997852 0.0655045 0
    outer loop
      vertex 15.05 86 5.8
      vertex 15.041 85.8629 2.3
      vertex 15.041 85.8629 5.8
    endloop
  endfacet
  facet normal -0.442549 0.896744 0
    outer loop
      vertex 14.525 85.0907 2.3
      vertex 14.4018 85.0299 5.8
      vertex 14.525 85.0907 5.8
    endloop
  endfacet
  facet normal -0.442549 0.896744 0
    outer loop
      vertex 14.4018 85.0299 5.8
      vertex 14.525 85.0907 2.3
      vertex 14.4018 85.0299 2.3
    endloop
  endfacet
  facet normal -0.946995 0.32125 0
    outer loop
      vertex 14.9701 85.5982 2.3
      vertex 15.0142 85.7282 5.8
      vertex 15.0142 85.7282 2.3
    endloop
  endfacet
  facet normal -0.946995 0.32125 0
    outer loop
      vertex 15.0142 85.7282 5.8
      vertex 14.9701 85.5982 2.3
      vertex 14.9701 85.5982 5.8
    endloop
  endfacet
  facet normal -0.896744 0.442549 0
    outer loop
      vertex 14.9093 85.475 2.3
      vertex 14.9701 85.5982 5.8
      vertex 14.9701 85.5982 2.3
    endloop
  endfacet
  facet normal -0.896744 0.442549 0
    outer loop
      vertex 14.9701 85.5982 5.8
      vertex 14.9093 85.475 2.3
      vertex 14.9093 85.475 5.8
    endloop
  endfacet
  facet normal -0.997852 -0.0655045 0
    outer loop
      vertex 116.05 65 2.3
      vertex 116.041 65.1371 5.8
      vertex 116.041 65.1371 2.3
    endloop
  endfacet
  facet normal -0.997852 -0.0655045 0
    outer loop
      vertex 116.041 65.1371 5.8
      vertex 116.05 65 2.3
      vertex 116.05 65 5.8
    endloop
  endfacet
  facet normal 0.997852 0.0655045 0
    outer loop
      vertex 113.959 64.8629 5.8
      vertex 113.95 65 2.3
      vertex 113.95 65 5.8
    endloop
  endfacet
  facet normal 0.997852 0.0655045 0
    outer loop
      vertex 113.95 65 2.3
      vertex 113.959 64.8629 5.8
      vertex 113.959 64.8629 2.3
    endloop
  endfacet
  facet normal 0.0655521 -0.997849 0
    outer loop
      vertex 114.863 66.041 2.3
      vertex 115 66.05 5.8
      vertex 114.863 66.041 5.8
    endloop
  endfacet
  facet normal 0.0655521 -0.997849 0
    outer loop
      vertex 115 66.05 5.8
      vertex 114.863 66.041 2.3
      vertex 115 66.05 2.3
    endloop
  endfacet
  facet normal -0.660052 -0.75122 0
    outer loop
      vertex 115.639 65.833 2.3
      vertex 115.742 65.7425 5.8
      vertex 115.639 65.833 5.8
    endloop
  endfacet
  facet normal -0.660052 -0.75122 -0
    outer loop
      vertex 115.742 65.7425 5.8
      vertex 115.639 65.833 2.3
      vertex 115.742 65.7425 2.3
    endloop
  endfacet
  facet normal 0.750368 -0.661021 0
    outer loop
      vertex 114.167 65.6392 5.8
      vertex 114.258 65.7425 2.3
      vertex 114.258 65.7425 5.8
    endloop
  endfacet
  facet normal 0.750368 -0.661021 0
    outer loop
      vertex 114.258 65.7425 2.3
      vertex 114.167 65.6392 5.8
      vertex 114.167 65.6392 2.3
    endloop
  endfacet
  facet normal 0.443128 -0.896459 0
    outer loop
      vertex 114.475 65.9093 2.3
      vertex 114.598 65.9701 5.8
      vertex 114.475 65.9093 5.8
    endloop
  endfacet
  facet normal 0.443128 -0.896459 0
    outer loop
      vertex 114.598 65.9701 5.8
      vertex 114.475 65.9093 2.3
      vertex 114.598 65.9701 2.3
    endloop
  endfacet
  facet normal 0.896166 0.443719 0
    outer loop
      vertex 114.091 64.475 5.8
      vertex 114.03 64.5982 2.3
      vertex 114.03 64.5982 5.8
    endloop
  endfacet
  facet normal 0.896166 0.443719 0
    outer loop
      vertex 114.03 64.5982 2.3
      vertex 114.091 64.475 5.8
      vertex 114.091 64.475 2.3
    endloop
  endfacet
  facet normal -0.896166 -0.443719 0
    outer loop
      vertex 115.97 65.4018 2.3
      vertex 115.909 65.525 5.8
      vertex 115.909 65.525 2.3
    endloop
  endfacet
  facet normal -0.896166 -0.443719 0
    outer loop
      vertex 115.909 65.525 5.8
      vertex 115.97 65.4018 2.3
      vertex 115.97 65.4018 5.8
    endloop
  endfacet
  facet normal -0.980497 -0.196536 0
    outer loop
      vertex 116.041 65.1371 2.3
      vertex 116.014 65.2718 5.8
      vertex 116.014 65.2718 2.3
    endloop
  endfacet
  facet normal -0.980497 -0.196536 0
    outer loop
      vertex 116.014 65.2718 5.8
      vertex 116.041 65.1371 2.3
      vertex 116.041 65.1371 5.8
    endloop
  endfacet
  facet normal -0.832499 -0.554027 0
    outer loop
      vertex 115.909 65.525 2.3
      vertex 115.833 65.6392 5.8
      vertex 115.833 65.6392 2.3
    endloop
  endfacet
  facet normal -0.832499 -0.554027 0
    outer loop
      vertex 115.833 65.6392 5.8
      vertex 115.909 65.525 2.3
      vertex 115.909 65.525 5.8
    endloop
  endfacet
  facet normal -0.32125 -0.946995 0
    outer loop
      vertex 115.272 66.0142 2.3
      vertex 115.402 65.9701 5.8
      vertex 115.272 66.0142 5.8
    endloop
  endfacet
  facet normal -0.32125 -0.946995 -0
    outer loop
      vertex 115.402 65.9701 5.8
      vertex 115.272 66.0142 2.3
      vertex 115.402 65.9701 2.3
    endloop
  endfacet
  facet normal -0.194719 -0.980859 0
    outer loop
      vertex 115.137 66.041 2.3
      vertex 115.272 66.0142 5.8
      vertex 115.137 66.041 5.8
    endloop
  endfacet
  facet normal -0.194719 -0.980859 -0
    outer loop
      vertex 115.272 66.0142 5.8
      vertex 115.137 66.041 2.3
      vertex 115.272 66.0142 2.3
    endloop
  endfacet
  facet normal -0.556213 -0.83104 0
    outer loop
      vertex 115.525 65.9093 2.3
      vertex 115.639 65.833 5.8
      vertex 115.525 65.9093 5.8
    endloop
  endfacet
  facet normal -0.556213 -0.83104 -0
    outer loop
      vertex 115.639 65.833 5.8
      vertex 115.525 65.9093 2.3
      vertex 115.639 65.833 2.3
    endloop
  endfacet
  facet normal 0.947216 -0.320596 0
    outer loop
      vertex 113.986 65.2718 5.8
      vertex 114.03 65.4018 2.3
      vertex 114.03 65.4018 5.8
    endloop
  endfacet
  facet normal 0.947216 -0.320596 0
    outer loop
      vertex 114.03 65.4018 2.3
      vertex 113.986 65.2718 5.8
      vertex 113.986 65.2718 2.3
    endloop
  endfacet
  facet normal 0.832499 -0.554027 0
    outer loop
      vertex 114.091 65.525 5.8
      vertex 114.167 65.6392 2.3
      vertex 114.167 65.6392 5.8
    endloop
  endfacet
  facet normal 0.832499 -0.554027 0
    outer loop
      vertex 114.167 65.6392 2.3
      vertex 114.091 65.525 5.8
      vertex 114.091 65.525 2.3
    endloop
  endfacet
  facet normal 0.980497 -0.196536 0
    outer loop
      vertex 113.959 65.1371 5.8
      vertex 113.986 65.2718 2.3
      vertex 113.986 65.2718 5.8
    endloop
  endfacet
  facet normal 0.980497 -0.196536 0
    outer loop
      vertex 113.986 65.2718 2.3
      vertex 113.959 65.1371 5.8
      vertex 113.959 65.1371 2.3
    endloop
  endfacet
  facet normal 0.556213 -0.83104 0
    outer loop
      vertex 114.361 65.833 2.3
      vertex 114.475 65.9093 5.8
      vertex 114.361 65.833 5.8
    endloop
  endfacet
  facet normal 0.556213 -0.83104 0
    outer loop
      vertex 114.475 65.9093 5.8
      vertex 114.361 65.833 2.3
      vertex 114.475 65.9093 2.3
    endloop
  endfacet
  facet normal 0.194719 -0.980859 0
    outer loop
      vertex 114.728 66.0142 2.3
      vertex 114.863 66.041 5.8
      vertex 114.728 66.0142 5.8
    endloop
  endfacet
  facet normal 0.194719 -0.980859 0
    outer loop
      vertex 114.863 66.041 5.8
      vertex 114.728 66.0142 2.3
      vertex 114.863 66.041 2.3
    endloop
  endfacet
  facet normal -0.947216 0.320596 0
    outer loop
      vertex 115.97 64.5982 2.3
      vertex 116.014 64.7282 5.8
      vertex 116.014 64.7282 2.3
    endloop
  endfacet
  facet normal -0.947216 0.320596 0
    outer loop
      vertex 116.014 64.7282 5.8
      vertex 115.97 64.5982 2.3
      vertex 115.97 64.5982 5.8
    endloop
  endfacet
  facet normal -0.443128 0.896459 0
    outer loop
      vertex 115.525 64.0907 2.3
      vertex 115.402 64.0299 5.8
      vertex 115.525 64.0907 5.8
    endloop
  endfacet
  facet normal -0.443128 0.896459 0
    outer loop
      vertex 115.402 64.0299 5.8
      vertex 115.525 64.0907 2.3
      vertex 115.402 64.0299 2.3
    endloop
  endfacet
  facet normal -0.194719 0.980859 0
    outer loop
      vertex 115.272 63.9858 2.3
      vertex 115.137 63.959 5.8
      vertex 115.272 63.9858 5.8
    endloop
  endfacet
  facet normal -0.194719 0.980859 0
    outer loop
      vertex 115.137 63.959 5.8
      vertex 115.272 63.9858 2.3
      vertex 115.137 63.959 2.3
    endloop
  endfacet
  facet normal -0.556213 0.83104 0
    outer loop
      vertex 115.639 64.167 2.3
      vertex 115.525 64.0907 5.8
      vertex 115.639 64.167 5.8
    endloop
  endfacet
  facet normal -0.556213 0.83104 0
    outer loop
      vertex 115.525 64.0907 5.8
      vertex 115.639 64.167 2.3
      vertex 115.525 64.0907 2.3
    endloop
  endfacet
  facet normal -0.832499 0.554027 0
    outer loop
      vertex 115.833 64.3608 2.3
      vertex 115.909 64.475 5.8
      vertex 115.909 64.475 2.3
    endloop
  endfacet
  facet normal -0.832499 0.554027 0
    outer loop
      vertex 115.909 64.475 5.8
      vertex 115.833 64.3608 2.3
      vertex 115.833 64.3608 5.8
    endloop
  endfacet
  facet normal -0.980497 0.196536 0
    outer loop
      vertex 116.014 64.7282 2.3
      vertex 116.041 64.8629 5.8
      vertex 116.041 64.8629 2.3
    endloop
  endfacet
  facet normal -0.980497 0.196536 0
    outer loop
      vertex 116.041 64.8629 5.8
      vertex 116.014 64.7282 2.3
      vertex 116.014 64.7282 5.8
    endloop
  endfacet
  facet normal 0.32125 0.946995 -0
    outer loop
      vertex 114.728 63.9858 2.3
      vertex 114.598 64.0299 5.8
      vertex 114.728 63.9858 5.8
    endloop
  endfacet
  facet normal 0.32125 0.946995 0
    outer loop
      vertex 114.598 64.0299 5.8
      vertex 114.728 63.9858 2.3
      vertex 114.598 64.0299 2.3
    endloop
  endfacet
  facet normal 0.556213 0.83104 -0
    outer loop
      vertex 114.475 64.0907 2.3
      vertex 114.361 64.167 5.8
      vertex 114.475 64.0907 5.8
    endloop
  endfacet
  facet normal 0.556213 0.83104 0
    outer loop
      vertex 114.361 64.167 5.8
      vertex 114.475 64.0907 2.3
      vertex 114.361 64.167 2.3
    endloop
  endfacet
  facet normal 0.194719 0.980859 -0
    outer loop
      vertex 114.863 63.959 2.3
      vertex 114.728 63.9858 5.8
      vertex 114.863 63.959 5.8
    endloop
  endfacet
  facet normal 0.194719 0.980859 0
    outer loop
      vertex 114.728 63.9858 5.8
      vertex 114.863 63.959 2.3
      vertex 114.728 63.9858 2.3
    endloop
  endfacet
  facet normal 0.832499 0.554027 0
    outer loop
      vertex 114.167 64.3608 5.8
      vertex 114.091 64.475 2.3
      vertex 114.091 64.475 5.8
    endloop
  endfacet
  facet normal 0.832499 0.554027 0
    outer loop
      vertex 114.091 64.475 2.3
      vertex 114.167 64.3608 5.8
      vertex 114.167 64.3608 2.3
    endloop
  endfacet
  facet normal 0.980497 0.196536 0
    outer loop
      vertex 113.986 64.7282 5.8
      vertex 113.959 64.8629 2.3
      vertex 113.959 64.8629 5.8
    endloop
  endfacet
  facet normal 0.980497 0.196536 0
    outer loop
      vertex 113.959 64.8629 2.3
      vertex 113.986 64.7282 5.8
      vertex 113.986 64.7282 2.3
    endloop
  endfacet
  facet normal -0.947216 -0.320596 0
    outer loop
      vertex 116.014 65.2718 2.3
      vertex 115.97 65.4018 5.8
      vertex 115.97 65.4018 2.3
    endloop
  endfacet
  facet normal -0.947216 -0.320596 0
    outer loop
      vertex 115.97 65.4018 5.8
      vertex 116.014 65.2718 2.3
      vertex 116.014 65.2718 5.8
    endloop
  endfacet
  facet normal -0.750368 -0.661021 0
    outer loop
      vertex 115.833 65.6392 2.3
      vertex 115.742 65.7425 5.8
      vertex 115.742 65.7425 2.3
    endloop
  endfacet
  facet normal -0.750368 -0.661021 0
    outer loop
      vertex 115.742 65.7425 5.8
      vertex 115.833 65.6392 2.3
      vertex 115.833 65.6392 5.8
    endloop
  endfacet
  facet normal -0.0655521 -0.997849 0
    outer loop
      vertex 115 66.05 2.3
      vertex 115.137 66.041 5.8
      vertex 115 66.05 5.8
    endloop
  endfacet
  facet normal -0.0655521 -0.997849 -0
    outer loop
      vertex 115.137 66.041 5.8
      vertex 115 66.05 2.3
      vertex 115.137 66.041 2.3
    endloop
  endfacet
  facet normal -0.443128 -0.896459 0
    outer loop
      vertex 115.402 65.9701 2.3
      vertex 115.525 65.9093 5.8
      vertex 115.402 65.9701 5.8
    endloop
  endfacet
  facet normal -0.443128 -0.896459 -0
    outer loop
      vertex 115.525 65.9093 5.8
      vertex 115.402 65.9701 2.3
      vertex 115.525 65.9093 2.3
    endloop
  endfacet
  facet normal 0 0 1
    outer loop
      vertex 116.041 65.1371 2.3
      vertex 116.041 64.8629 2.3
      vertex 116.05 65 2.3
    endloop
  endfacet
  facet normal 0 0 1
    outer loop
      vertex 116.014 65.2718 2.3
      vertex 116.041 64.8629 2.3
      vertex 116.041 65.1371 2.3
    endloop
  endfacet
  facet normal 0 0 1
    outer loop
      vertex 116.014 65.2718 2.3
      vertex 116.014 64.7282 2.3
      vertex 116.041 64.8629 2.3
    endloop
  endfacet
  facet normal 0 0 1
    outer loop
      vertex 115.97 65.4018 2.3
      vertex 116.014 64.7282 2.3
      vertex 116.014 65.2718 2.3
    endloop
  endfacet
  facet normal 0 0 1
    outer loop
      vertex 115.97 65.4018 2.3
      vertex 115.97 64.5982 2.3
      vertex 116.014 64.7282 2.3
    endloop
  endfacet
  facet normal 0 0 1
    outer loop
      vertex 115.909 65.525 2.3
      vertex 115.97 64.5982 2.3
      vertex 115.97 65.4018 2.3
    endloop
  endfacet
  facet normal 0 0 1
    outer loop
      vertex 115.909 65.525 2.3
      vertex 115.909 64.475 2.3
      vertex 115.97 64.5982 2.3
    endloop
  endfacet
  facet normal 0 0 1
    outer loop
      vertex 115.833 65.6392 2.3
      vertex 115.909 64.475 2.3
      vertex 115.909 65.525 2.3
    endloop
  endfacet
  facet normal 0 0 1
    outer loop
      vertex 115.833 65.6392 2.3
      vertex 115.833 64.3608 2.3
      vertex 115.909 64.475 2.3
    endloop
  endfacet
  facet normal 0 0 1
    outer loop
      vertex 115.742 65.7425 2.3
      vertex 115.833 64.3608 2.3
      vertex 115.833 65.6392 2.3
    endloop
  endfacet
  facet normal 0 0 1
    outer loop
      vertex 115.742 65.7425 2.3
      vertex 115.742 64.2575 2.3
      vertex 115.833 64.3608 2.3
    endloop
  endfacet
  facet normal 0 0 1
    outer loop
      vertex 115.639 65.833 2.3
      vertex 115.742 64.2575 2.3
      vertex 115.742 65.7425 2.3
    endloop
  endfacet
  facet normal 0 0 1
    outer loop
      vertex 115.639 65.833 2.3
      vertex 115.639 64.167 2.3
      vertex 115.742 64.2575 2.3
    endloop
  endfacet
  facet normal 0 0 1
    outer loop
      vertex 115.525 65.9093 2.3
      vertex 115.639 64.167 2.3
      vertex 115.639 65.833 2.3
    endloop
  endfacet
  facet normal 0 0 1
    outer loop
      vertex 115.525 65.9093 2.3
      vertex 115.525 64.0907 2.3
      vertex 115.639 64.167 2.3
    endloop
  endfacet
  facet normal 0 0 1
    outer loop
      vertex 115.402 65.9701 2.3
      vertex 115.525 64.0907 2.3
      vertex 115.525 65.9093 2.3
    endloop
  endfacet
  facet normal 0 0 1
    outer loop
      vertex 115.402 65.9701 2.3
      vertex 115.402 64.0299 2.3
      vertex 115.525 64.0907 2.3
    endloop
  endfacet
  facet normal 0 0 1
    outer loop
      vertex 115.272 66.0142 2.3
      vertex 115.402 64.0299 2.3
      vertex 115.402 65.9701 2.3
    endloop
  endfacet
  facet normal 0 0 1
    outer loop
      vertex 115.272 66.0142 2.3
      vertex 115.272 63.9858 2.3
      vertex 115.402 64.0299 2.3
    endloop
  endfacet
  facet normal 0 0 1
    outer loop
      vertex 115.137 66.041 2.3
      vertex 115.272 63.9858 2.3
      vertex 115.272 66.0142 2.3
    endloop
  endfacet
  facet normal 0 0 1
    outer loop
      vertex 115.137 66.041 2.3
      vertex 115.137 63.959 2.3
      vertex 115.272 63.9858 2.3
    endloop
  endfacet
  facet normal 0 0 1
    outer loop
      vertex 115 66.05 2.3
      vertex 115.137 63.959 2.3
      vertex 115.137 66.041 2.3
    endloop
  endfacet
  facet normal 0 0 1
    outer loop
      vertex 115 66.05 2.3
      vertex 115 63.95 2.3
      vertex 115.137 63.959 2.3
    endloop
  endfacet
  facet normal -0 0 1
    outer loop
      vertex 114.863 66.041 2.3
      vertex 115 63.95 2.3
      vertex 115 66.05 2.3
    endloop
  endfacet
  facet normal 0 0 1
    outer loop
      vertex 114.863 66.041 2.3
      vertex 114.863 63.959 2.3
      vertex 115 63.95 2.3
    endloop
  endfacet
  facet normal -0 0 1
    outer loop
      vertex 114.728 66.0142 2.3
      vertex 114.863 63.959 2.3
      vertex 114.863 66.041 2.3
    endloop
  endfacet
  facet normal 0 0 1
    outer loop
      vertex 114.728 66.0142 2.3
      vertex 114.728 63.9858 2.3
      vertex 114.863 63.959 2.3
    endloop
  endfacet
  facet normal -0 0 1
    outer loop
      vertex 114.598 65.9701 2.3
      vertex 114.728 63.9858 2.3
      vertex 114.728 66.0142 2.3
    endloop
  endfacet
  facet normal 0 0 1
    outer loop
      vertex 114.598 65.9701 2.3
      vertex 114.598 64.0299 2.3
      vertex 114.728 63.9858 2.3
    endloop
  endfacet
  facet normal -0 0 1
    outer loop
      vertex 114.475 65.9093 2.3
      vertex 114.598 64.0299 2.3
      vertex 114.598 65.9701 2.3
    endloop
  endfacet
  facet normal 0 0 1
    outer loop
      vertex 114.475 65.9093 2.3
      vertex 114.475 64.0907 2.3
      vertex 114.598 64.0299 2.3
    endloop
  endfacet
  facet normal -0 0 1
    outer loop
      vertex 114.361 65.833 2.3
      vertex 114.475 64.0907 2.3
      vertex 114.475 65.9093 2.3
    endloop
  endfacet
  facet normal 0 0 1
    outer loop
      vertex 114.361 65.833 2.3
      vertex 114.361 64.167 2.3
      vertex 114.475 64.0907 2.3
    endloop
  endfacet
  facet normal -0 0 1
    outer loop
      vertex 114.258 65.7425 2.3
      vertex 114.361 64.167 2.3
      vertex 114.361 65.833 2.3
    endloop
  endfacet
  facet normal 0 0 1
    outer loop
      vertex 114.258 65.7425 2.3
      vertex 114.258 64.2575 2.3
      vertex 114.361 64.167 2.3
    endloop
  endfacet
  facet normal -0 0 1
    outer loop
      vertex 114.167 65.6392 2.3
      vertex 114.258 64.2575 2.3
      vertex 114.258 65.7425 2.3
    endloop
  endfacet
  facet normal 0 0 1
    outer loop
      vertex 114.167 65.6392 2.3
      vertex 114.167 64.3608 2.3
      vertex 114.258 64.2575 2.3
    endloop
  endfacet
  facet normal -0 0 1
    outer loop
      vertex 114.091 65.525 2.3
      vertex 114.167 64.3608 2.3
      vertex 114.167 65.6392 2.3
    endloop
  endfacet
  facet normal 0 0 1
    outer loop
      vertex 114.091 65.525 2.3
      vertex 114.091 64.475 2.3
      vertex 114.167 64.3608 2.3
    endloop
  endfacet
  facet normal -0 0 1
    outer loop
      vertex 114.03 65.4018 2.3
      vertex 114.091 64.475 2.3
      vertex 114.091 65.525 2.3
    endloop
  endfacet
  facet normal 0 0 1
    outer loop
      vertex 114.03 65.4018 2.3
      vertex 114.03 64.5982 2.3
      vertex 114.091 64.475 2.3
    endloop
  endfacet
  facet normal -0 0 1
    outer loop
      vertex 113.986 65.2718 2.3
      vertex 114.03 64.5982 2.3
      vertex 114.03 65.4018 2.3
    endloop
  endfacet
  facet normal 0 0 1
    outer loop
      vertex 113.986 65.2718 2.3
      vertex 113.986 64.7282 2.3
      vertex 114.03 64.5982 2.3
    endloop
  endfacet
  facet normal -0 0 1
    outer loop
      vertex 113.959 65.1371 2.3
      vertex 113.986 64.7282 2.3
      vertex 113.986 65.2718 2.3
    endloop
  endfacet
  facet normal 0 0 1
    outer loop
      vertex 113.959 65.1371 2.3
      vertex 113.959 64.8629 2.3
      vertex 113.986 64.7282 2.3
    endloop
  endfacet
  facet normal 0 -0 1
    outer loop
      vertex 113.959 64.8629 2.3
      vertex 113.959 65.1371 2.3
      vertex 113.95 65 2.3
    endloop
  endfacet
  facet normal 0.896166 -0.443719 0
    outer loop
      vertex 114.03 65.4018 5.8
      vertex 114.091 65.525 2.3
      vertex 114.091 65.525 5.8
    endloop
  endfacet
  facet normal 0.896166 -0.443719 0
    outer loop
      vertex 114.091 65.525 2.3
      vertex 114.03 65.4018 5.8
      vertex 114.03 65.4018 2.3
    endloop
  endfacet
  facet normal 0.997852 -0.0655045 0
    outer loop
      vertex 113.95 65 5.8
      vertex 113.959 65.1371 2.3
      vertex 113.959 65.1371 5.8
    endloop
  endfacet
  facet normal 0.997852 -0.0655045 0
    outer loop
      vertex 113.959 65.1371 2.3
      vertex 113.95 65 5.8
      vertex 113.95 65 2.3
    endloop
  endfacet
  facet normal 0.660052 -0.75122 0
    outer loop
      vertex 114.258 65.7425 2.3
      vertex 114.361 65.833 5.8
      vertex 114.258 65.7425 5.8
    endloop
  endfacet
  facet normal 0.660052 -0.75122 0
    outer loop
      vertex 114.361 65.833 5.8
      vertex 114.258 65.7425 2.3
      vertex 114.361 65.833 2.3
    endloop
  endfacet
  facet normal 0.32125 -0.946995 0
    outer loop
      vertex 114.598 65.9701 2.3
      vertex 114.728 66.0142 5.8
      vertex 114.598 65.9701 5.8
    endloop
  endfacet
  facet normal 0.32125 -0.946995 0
    outer loop
      vertex 114.728 66.0142 5.8
      vertex 114.598 65.9701 2.3
      vertex 114.728 66.0142 2.3
    endloop
  endfacet
  facet normal -0.997852 0.0655045 0
    outer loop
      vertex 116.041 64.8629 2.3
      vertex 116.05 65 5.8
      vertex 116.05 65 2.3
    endloop
  endfacet
  facet normal -0.997852 0.0655045 0
    outer loop
      vertex 116.05 65 5.8
      vertex 116.041 64.8629 2.3
      vertex 116.041 64.8629 5.8
    endloop
  endfacet
  facet normal -0.32125 0.946995 0
    outer loop
      vertex 115.402 64.0299 2.3
      vertex 115.272 63.9858 5.8
      vertex 115.402 64.0299 5.8
    endloop
  endfacet
  facet normal -0.32125 0.946995 0
    outer loop
      vertex 115.272 63.9858 5.8
      vertex 115.402 64.0299 2.3
      vertex 115.272 63.9858 2.3
    endloop
  endfacet
  facet normal -0.660052 0.75122 0
    outer loop
      vertex 115.742 64.2575 2.3
      vertex 115.639 64.167 5.8
      vertex 115.742 64.2575 5.8
    endloop
  endfacet
  facet normal -0.660052 0.75122 0
    outer loop
      vertex 115.639 64.167 5.8
      vertex 115.742 64.2575 2.3
      vertex 115.639 64.167 2.3
    endloop
  endfacet
  facet normal -0.896166 0.443719 0
    outer loop
      vertex 115.909 64.475 2.3
      vertex 115.97 64.5982 5.8
      vertex 115.97 64.5982 2.3
    endloop
  endfacet
  facet normal -0.896166 0.443719 0
    outer loop
      vertex 115.97 64.5982 5.8
      vertex 115.909 64.475 2.3
      vertex 115.909 64.475 5.8
    endloop
  endfacet
  facet normal 0.443128 0.896459 -0
    outer loop
      vertex 114.598 64.0299 2.3
      vertex 114.475 64.0907 5.8
      vertex 114.598 64.0299 5.8
    endloop
  endfacet
  facet normal 0.443128 0.896459 0
    outer loop
      vertex 114.475 64.0907 5.8
      vertex 114.598 64.0299 2.3
      vertex 114.475 64.0907 2.3
    endloop
  endfacet
  facet normal 0.0655521 0.997849 -0
    outer loop
      vertex 115 63.95 2.3
      vertex 114.863 63.959 5.8
      vertex 115 63.95 5.8
    endloop
  endfacet
  facet normal 0.0655521 0.997849 0
    outer loop
      vertex 114.863 63.959 5.8
      vertex 115 63.95 2.3
      vertex 114.863 63.959 2.3
    endloop
  endfacet
  facet normal 0.750368 0.661021 0
    outer loop
      vertex 114.258 64.2575 5.8
      vertex 114.167 64.3608 2.3
      vertex 114.167 64.3608 5.8
    endloop
  endfacet
  facet normal 0.750368 0.661021 0
    outer loop
      vertex 114.167 64.3608 2.3
      vertex 114.258 64.2575 5.8
      vertex 114.258 64.2575 2.3
    endloop
  endfacet
  facet normal 0.947216 0.320596 0
    outer loop
      vertex 114.03 64.5982 5.8
      vertex 113.986 64.7282 2.3
      vertex 113.986 64.7282 5.8
    endloop
  endfacet
  facet normal 0.947216 0.320596 0
    outer loop
      vertex 113.986 64.7282 2.3
      vertex 114.03 64.5982 5.8
      vertex 114.03 64.5982 2.3
    endloop
  endfacet
  facet normal -0.750368 0.661021 0
    outer loop
      vertex 115.742 64.2575 2.3
      vertex 115.833 64.3608 5.8
      vertex 115.833 64.3608 2.3
    endloop
  endfacet
  facet normal -0.750368 0.661021 0
    outer loop
      vertex 115.833 64.3608 5.8
      vertex 115.742 64.2575 2.3
      vertex 115.742 64.2575 5.8
    endloop
  endfacet
  facet normal -0.0655521 0.997849 0
    outer loop
      vertex 115.137 63.959 2.3
      vertex 115 63.95 5.8
      vertex 115.137 63.959 5.8
    endloop
  endfacet
  facet normal -0.0655521 0.997849 0
    outer loop
      vertex 115 63.95 5.8
      vertex 115.137 63.959 2.3
      vertex 115 63.95 2.3
    endloop
  endfacet
  facet normal 0.660052 0.75122 -0
    outer loop
      vertex 114.361 64.167 2.3
      vertex 114.258 64.2575 5.8
      vertex 114.361 64.167 5.8
    endloop
  endfacet
  facet normal 0.660052 0.75122 0
    outer loop
      vertex 114.258 64.2575 5.8
      vertex 114.361 64.167 2.3
      vertex 114.258 64.2575 2.3
    endloop
  endfacet
  facet normal -0.997852 -0.0655045 0
    outer loop
      vertex 15.05 14 2.3
      vertex 15.041 14.1371 5.8
      vertex 15.041 14.1371 2.3
    endloop
  endfacet
  facet normal -0.997852 -0.0655045 0
    outer loop
      vertex 15.041 14.1371 5.8
      vertex 15.05 14 2.3
      vertex 15.05 14 5.8
    endloop
  endfacet
  facet normal 0.0655045 -0.997852 0
    outer loop
      vertex 13.8629 15.041 2.3
      vertex 14 15.05 5.8
      vertex 13.8629 15.041 5.8
    endloop
  endfacet
  facet normal 0.0655045 -0.997852 0
    outer loop
      vertex 14 15.05 5.8
      vertex 13.8629 15.041 2.3
      vertex 14 15.05 2.3
    endloop
  endfacet
  facet normal -0.658968 -0.752171 0
    outer loop
      vertex 14.6392 14.833 2.3
      vertex 14.7425 14.7425 5.8
      vertex 14.6392 14.833 5.8
    endloop
  endfacet
  facet normal -0.658968 -0.752171 -0
    outer loop
      vertex 14.7425 14.7425 5.8
      vertex 14.6392 14.833 2.3
      vertex 14.7425 14.7425 2.3
    endloop
  endfacet
  facet normal 0.752171 -0.658968 0
    outer loop
      vertex 13.167 14.6392 5.8
      vertex 13.2575 14.7425 2.3
      vertex 13.2575 14.7425 5.8
    endloop
  endfacet
  facet normal 0.752171 -0.658968 0
    outer loop
      vertex 13.2575 14.7425 2.3
      vertex 13.167 14.6392 5.8
      vertex 13.167 14.6392 2.3
    endloop
  endfacet
  facet normal 0.442549 -0.896744 0
    outer loop
      vertex 13.475 14.9093 2.3
      vertex 13.5982 14.9701 5.8
      vertex 13.475 14.9093 5.8
    endloop
  endfacet
  facet normal 0.442549 -0.896744 0
    outer loop
      vertex 13.5982 14.9701 5.8
      vertex 13.475 14.9093 2.3
      vertex 13.5982 14.9701 2.3
    endloop
  endfacet
  facet normal -0.896744 -0.442549 0
    outer loop
      vertex 14.9701 14.4018 2.3
      vertex 14.9093 14.525 5.8
      vertex 14.9093 14.525 2.3
    endloop
  endfacet
  facet normal -0.896744 -0.442549 0
    outer loop
      vertex 14.9093 14.525 5.8
      vertex 14.9701 14.4018 2.3
      vertex 14.9701 14.4018 5.8
    endloop
  endfacet
  facet normal -0.980776 -0.195136 0
    outer loop
      vertex 15.041 14.1371 2.3
      vertex 15.0142 14.2718 5.8
      vertex 15.0142 14.2718 2.3
    endloop
  endfacet
  facet normal -0.980776 -0.195136 0
    outer loop
      vertex 15.0142 14.2718 5.8
      vertex 15.041 14.1371 2.3
      vertex 15.041 14.1371 5.8
    endloop
  endfacet
  facet normal -0.83149 -0.55554 0
    outer loop
      vertex 14.9093 14.525 2.3
      vertex 14.833 14.6392 5.8
      vertex 14.833 14.6392 2.3
    endloop
  endfacet
  facet normal -0.83149 -0.55554 0
    outer loop
      vertex 14.833 14.6392 5.8
      vertex 14.9093 14.525 2.3
      vertex 14.9093 14.525 5.8
    endloop
  endfacet
  facet normal -0.32125 -0.946995 0
    outer loop
      vertex 14.2718 15.0142 2.3
      vertex 14.4018 14.9701 5.8
      vertex 14.2718 15.0142 5.8
    endloop
  endfacet
  facet normal -0.32125 -0.946995 -0
    outer loop
      vertex 14.4018 14.9701 5.8
      vertex 14.2718 15.0142 2.3
      vertex 14.4018 14.9701 2.3
    endloop
  endfacet
  facet normal -0.195136 -0.980776 0
    outer loop
      vertex 14.1371 15.041 2.3
      vertex 14.2718 15.0142 5.8
      vertex 14.1371 15.041 5.8
    endloop
  endfacet
  facet normal -0.195136 -0.980776 -0
    outer loop
      vertex 14.2718 15.0142 5.8
      vertex 14.1371 15.041 2.3
      vertex 14.2718 15.0142 2.3
    endloop
  endfacet
  facet normal -0.55554 -0.83149 0
    outer loop
      vertex 14.525 14.9093 2.3
      vertex 14.6392 14.833 5.8
      vertex 14.525 14.9093 5.8
    endloop
  endfacet
  facet normal -0.55554 -0.83149 -0
    outer loop
      vertex 14.6392 14.833 5.8
      vertex 14.525 14.9093 2.3
      vertex 14.6392 14.833 2.3
    endloop
  endfacet
  facet normal 0.946995 -0.32125 0
    outer loop
      vertex 12.9858 14.2718 5.8
      vertex 13.0299 14.4018 2.3
      vertex 13.0299 14.4018 5.8
    endloop
  endfacet
  facet normal 0.946995 -0.32125 0
    outer loop
      vertex 13.0299 14.4018 2.3
      vertex 12.9858 14.2718 5.8
      vertex 12.9858 14.2718 2.3
    endloop
  endfacet
  facet normal 0.83149 -0.55554 0
    outer loop
      vertex 13.0907 14.525 5.8
      vertex 13.167 14.6392 2.3
      vertex 13.167 14.6392 5.8
    endloop
  endfacet
  facet normal 0.83149 -0.55554 0
    outer loop
      vertex 13.167 14.6392 2.3
      vertex 13.0907 14.525 5.8
      vertex 13.0907 14.525 2.3
    endloop
  endfacet
  facet normal 0.980776 -0.195136 0
    outer loop
      vertex 12.959 14.1371 5.8
      vertex 12.9858 14.2718 2.3
      vertex 12.9858 14.2718 5.8
    endloop
  endfacet
  facet normal 0.980776 -0.195136 0
    outer loop
      vertex 12.9858 14.2718 2.3
      vertex 12.959 14.1371 5.8
      vertex 12.959 14.1371 2.3
    endloop
  endfacet
  facet normal 0.55554 -0.83149 0
    outer loop
      vertex 13.3608 14.833 2.3
      vertex 13.475 14.9093 5.8
      vertex 13.3608 14.833 5.8
    endloop
  endfacet
  facet normal 0.55554 -0.83149 0
    outer loop
      vertex 13.475 14.9093 5.8
      vertex 13.3608 14.833 2.3
      vertex 13.475 14.9093 2.3
    endloop
  endfacet
  facet normal 0.195136 -0.980776 0
    outer loop
      vertex 13.7282 15.0142 2.3
      vertex 13.8629 15.041 5.8
      vertex 13.7282 15.0142 5.8
    endloop
  endfacet
  facet normal 0.195136 -0.980776 0
    outer loop
      vertex 13.8629 15.041 5.8
      vertex 13.7282 15.0142 2.3
      vertex 13.8629 15.041 2.3
    endloop
  endfacet
  facet normal -0.195136 0.980776 0
    outer loop
      vertex 14.2718 12.9858 2.3
      vertex 14.1371 12.959 5.8
      vertex 14.2718 12.9858 5.8
    endloop
  endfacet
  facet normal -0.195136 0.980776 0
    outer loop
      vertex 14.1371 12.959 5.8
      vertex 14.2718 12.9858 2.3
      vertex 14.1371 12.959 2.3
    endloop
  endfacet
  facet normal -0.55554 0.83149 0
    outer loop
      vertex 14.6392 13.167 2.3
      vertex 14.525 13.0907 5.8
      vertex 14.6392 13.167 5.8
    endloop
  endfacet
  facet normal -0.55554 0.83149 0
    outer loop
      vertex 14.525 13.0907 5.8
      vertex 14.6392 13.167 2.3
      vertex 14.525 13.0907 2.3
    endloop
  endfacet
  facet normal -0.83149 0.55554 0
    outer loop
      vertex 14.833 13.3608 2.3
      vertex 14.9093 13.475 5.8
      vertex 14.9093 13.475 2.3
    endloop
  endfacet
  facet normal -0.83149 0.55554 0
    outer loop
      vertex 14.9093 13.475 5.8
      vertex 14.833 13.3608 2.3
      vertex 14.833 13.3608 5.8
    endloop
  endfacet
  facet normal -0.980776 0.195136 0
    outer loop
      vertex 15.0142 13.7282 2.3
      vertex 15.041 13.8629 5.8
      vertex 15.041 13.8629 2.3
    endloop
  endfacet
  facet normal -0.980776 0.195136 0
    outer loop
      vertex 15.041 13.8629 5.8
      vertex 15.0142 13.7282 2.3
      vertex 15.0142 13.7282 5.8
    endloop
  endfacet
  facet normal 0.55554 0.83149 -0
    outer loop
      vertex 13.475 13.0907 2.3
      vertex 13.3608 13.167 5.8
      vertex 13.475 13.0907 5.8
    endloop
  endfacet
  facet normal 0.55554 0.83149 0
    outer loop
      vertex 13.3608 13.167 5.8
      vertex 13.475 13.0907 2.3
      vertex 13.3608 13.167 2.3
    endloop
  endfacet
  facet normal 0.195136 0.980776 -0
    outer loop
      vertex 13.8629 12.959 2.3
      vertex 13.7282 12.9858 5.8
      vertex 13.8629 12.959 5.8
    endloop
  endfacet
  facet normal 0.195136 0.980776 0
    outer loop
      vertex 13.7282 12.9858 5.8
      vertex 13.8629 12.959 2.3
      vertex 13.7282 12.9858 2.3
    endloop
  endfacet
  facet normal 0.83149 0.55554 0
    outer loop
      vertex 13.167 13.3608 5.8
      vertex 13.0907 13.475 2.3
      vertex 13.0907 13.475 5.8
    endloop
  endfacet
  facet normal 0.83149 0.55554 0
    outer loop
      vertex 13.0907 13.475 2.3
      vertex 13.167 13.3608 5.8
      vertex 13.167 13.3608 2.3
    endloop
  endfacet
  facet normal 0.980776 0.195136 0
    outer loop
      vertex 12.9858 13.7282 5.8
      vertex 12.959 13.8629 2.3
      vertex 12.959 13.8629 5.8
    endloop
  endfacet
  facet normal 0.980776 0.195136 0
    outer loop
      vertex 12.959 13.8629 2.3
      vertex 12.9858 13.7282 5.8
      vertex 12.9858 13.7282 2.3
    endloop
  endfacet
  facet normal -0.946995 -0.32125 0
    outer loop
      vertex 15.0142 14.2718 2.3
      vertex 14.9701 14.4018 5.8
      vertex 14.9701 14.4018 2.3
    endloop
  endfacet
  facet normal -0.946995 -0.32125 0
    outer loop
      vertex 14.9701 14.4018 5.8
      vertex 15.0142 14.2718 2.3
      vertex 15.0142 14.2718 5.8
    endloop
  endfacet
  facet normal -0.752171 -0.658968 0
    outer loop
      vertex 14.833 14.6392 2.3
      vertex 14.7425 14.7425 5.8
      vertex 14.7425 14.7425 2.3
    endloop
  endfacet
  facet normal -0.752171 -0.658968 0
    outer loop
      vertex 14.7425 14.7425 5.8
      vertex 14.833 14.6392 2.3
      vertex 14.833 14.6392 5.8
    endloop
  endfacet
  facet normal -0.0655045 -0.997852 0
    outer loop
      vertex 14 15.05 2.3
      vertex 14.1371 15.041 5.8
      vertex 14 15.05 5.8
    endloop
  endfacet
  facet normal -0.0655045 -0.997852 -0
    outer loop
      vertex 14.1371 15.041 5.8
      vertex 14 15.05 2.3
      vertex 14.1371 15.041 2.3
    endloop
  endfacet
  facet normal -0.442549 -0.896744 0
    outer loop
      vertex 14.4018 14.9701 2.3
      vertex 14.525 14.9093 5.8
      vertex 14.4018 14.9701 5.8
    endloop
  endfacet
  facet normal -0.442549 -0.896744 -0
    outer loop
      vertex 14.525 14.9093 5.8
      vertex 14.4018 14.9701 2.3
      vertex 14.525 14.9093 2.3
    endloop
  endfacet
  facet normal 0 0 1
    outer loop
      vertex 15.041 14.1371 2.3
      vertex 15.041 13.8629 2.3
      vertex 15.05 14 2.3
    endloop
  endfacet
  facet normal 0 0 1
    outer loop
      vertex 15.0142 14.2718 2.3
      vertex 15.041 13.8629 2.3
      vertex 15.041 14.1371 2.3
    endloop
  endfacet
  facet normal 0 0 1
    outer loop
      vertex 15.0142 14.2718 2.3
      vertex 15.0142 13.7282 2.3
      vertex 15.041 13.8629 2.3
    endloop
  endfacet
  facet normal 0 0 1
    outer loop
      vertex 14.9701 14.4018 2.3
      vertex 15.0142 13.7282 2.3
      vertex 15.0142 14.2718 2.3
    endloop
  endfacet
  facet normal 0 0 1
    outer loop
      vertex 14.9701 14.4018 2.3
      vertex 14.9701 13.5982 2.3
      vertex 15.0142 13.7282 2.3
    endloop
  endfacet
  facet normal 0 0 1
    outer loop
      vertex 14.9093 14.525 2.3
      vertex 14.9701 13.5982 2.3
      vertex 14.9701 14.4018 2.3
    endloop
  endfacet
  facet normal 0 0 1
    outer loop
      vertex 14.9093 14.525 2.3
      vertex 14.9093 13.475 2.3
      vertex 14.9701 13.5982 2.3
    endloop
  endfacet
  facet normal 0 0 1
    outer loop
      vertex 14.833 14.6392 2.3
      vertex 14.9093 13.475 2.3
      vertex 14.9093 14.525 2.3
    endloop
  endfacet
  facet normal 0 0 1
    outer loop
      vertex 14.833 14.6392 2.3
      vertex 14.833 13.3608 2.3
      vertex 14.9093 13.475 2.3
    endloop
  endfacet
  facet normal 0 0 1
    outer loop
      vertex 14.7425 14.7425 2.3
      vertex 14.833 13.3608 2.3
      vertex 14.833 14.6392 2.3
    endloop
  endfacet
  facet normal 0 0 1
    outer loop
      vertex 14.7425 14.7425 2.3
      vertex 14.7425 13.2575 2.3
      vertex 14.833 13.3608 2.3
    endloop
  endfacet
  facet normal 0 0 1
    outer loop
      vertex 14.6392 14.833 2.3
      vertex 14.7425 13.2575 2.3
      vertex 14.7425 14.7425 2.3
    endloop
  endfacet
  facet normal 0 0 1
    outer loop
      vertex 14.6392 14.833 2.3
      vertex 14.6392 13.167 2.3
      vertex 14.7425 13.2575 2.3
    endloop
  endfacet
  facet normal 0 0 1
    outer loop
      vertex 14.525 14.9093 2.3
      vertex 14.6392 13.167 2.3
      vertex 14.6392 14.833 2.3
    endloop
  endfacet
  facet normal 0 0 1
    outer loop
      vertex 14.525 14.9093 2.3
      vertex 14.525 13.0907 2.3
      vertex 14.6392 13.167 2.3
    endloop
  endfacet
  facet normal 0 0 1
    outer loop
      vertex 14.4018 14.9701 2.3
      vertex 14.525 13.0907 2.3
      vertex 14.525 14.9093 2.3
    endloop
  endfacet
  facet normal 0 0 1
    outer loop
      vertex 14.4018 14.9701 2.3
      vertex 14.4018 13.0299 2.3
      vertex 14.525 13.0907 2.3
    endloop
  endfacet
  facet normal 0 0 1
    outer loop
      vertex 14.2718 15.0142 2.3
      vertex 14.4018 13.0299 2.3
      vertex 14.4018 14.9701 2.3
    endloop
  endfacet
  facet normal 0 0 1
    outer loop
      vertex 14.2718 15.0142 2.3
      vertex 14.2718 12.9858 2.3
      vertex 14.4018 13.0299 2.3
    endloop
  endfacet
  facet normal 0 0 1
    outer loop
      vertex 14.1371 15.041 2.3
      vertex 14.2718 12.9858 2.3
      vertex 14.2718 15.0142 2.3
    endloop
  endfacet
  facet normal 0 0 1
    outer loop
      vertex 14.1371 15.041 2.3
      vertex 14.1371 12.959 2.3
      vertex 14.2718 12.9858 2.3
    endloop
  endfacet
  facet normal 0 0 1
    outer loop
      vertex 14 15.05 2.3
      vertex 14.1371 12.959 2.3
      vertex 14.1371 15.041 2.3
    endloop
  endfacet
  facet normal 0 0 1
    outer loop
      vertex 14 15.05 2.3
      vertex 14 12.95 2.3
      vertex 14.1371 12.959 2.3
    endloop
  endfacet
  facet normal -0 0 1
    outer loop
      vertex 13.8629 15.041 2.3
      vertex 14 12.95 2.3
      vertex 14 15.05 2.3
    endloop
  endfacet
  facet normal 0 0 1
    outer loop
      vertex 13.8629 15.041 2.3
      vertex 13.8629 12.959 2.3
      vertex 14 12.95 2.3
    endloop
  endfacet
  facet normal -0 0 1
    outer loop
      vertex 13.7282 15.0142 2.3
      vertex 13.8629 12.959 2.3
      vertex 13.8629 15.041 2.3
    endloop
  endfacet
  facet normal 0 0 1
    outer loop
      vertex 13.7282 15.0142 2.3
      vertex 13.7282 12.9858 2.3
      vertex 13.8629 12.959 2.3
    endloop
  endfacet
  facet normal -0 0 1
    outer loop
      vertex 13.5982 14.9701 2.3
      vertex 13.7282 12.9858 2.3
      vertex 13.7282 15.0142 2.3
    endloop
  endfacet
  facet normal 0 0 1
    outer loop
      vertex 13.5982 14.9701 2.3
      vertex 13.5982 13.0299 2.3
      vertex 13.7282 12.9858 2.3
    endloop
  endfacet
  facet normal -0 0 1
    outer loop
      vertex 13.475 14.9093 2.3
      vertex 13.5982 13.0299 2.3
      vertex 13.5982 14.9701 2.3
    endloop
  endfacet
  facet normal 0 0 1
    outer loop
      vertex 13.475 14.9093 2.3
      vertex 13.475 13.0907 2.3
      vertex 13.5982 13.0299 2.3
    endloop
  endfacet
  facet normal -0 0 1
    outer loop
      vertex 13.3608 14.833 2.3
      vertex 13.475 13.0907 2.3
      vertex 13.475 14.9093 2.3
    endloop
  endfacet
  facet normal 0 0 1
    outer loop
      vertex 13.3608 14.833 2.3
      vertex 13.3608 13.167 2.3
      vertex 13.475 13.0907 2.3
    endloop
  endfacet
  facet normal -0 0 1
    outer loop
      vertex 13.2575 14.7425 2.3
      vertex 13.3608 13.167 2.3
      vertex 13.3608 14.833 2.3
    endloop
  endfacet
  facet normal 0 0 1
    outer loop
      vertex 13.2575 14.7425 2.3
      vertex 13.2575 13.2575 2.3
      vertex 13.3608 13.167 2.3
    endloop
  endfacet
  facet normal -0 0 1
    outer loop
      vertex 13.167 14.6392 2.3
      vertex 13.2575 13.2575 2.3
      vertex 13.2575 14.7425 2.3
    endloop
  endfacet
  facet normal 0 0 1
    outer loop
      vertex 13.167 14.6392 2.3
      vertex 13.167 13.3608 2.3
      vertex 13.2575 13.2575 2.3
    endloop
  endfacet
  facet normal -0 0 1
    outer loop
      vertex 13.0907 14.525 2.3
      vertex 13.167 13.3608 2.3
      vertex 13.167 14.6392 2.3
    endloop
  endfacet
  facet normal 0 0 1
    outer loop
      vertex 13.0907 14.525 2.3
      vertex 13.0907 13.475 2.3
      vertex 13.167 13.3608 2.3
    endloop
  endfacet
  facet normal -0 0 1
    outer loop
      vertex 13.0299 14.4018 2.3
      vertex 13.0907 13.475 2.3
      vertex 13.0907 14.525 2.3
    endloop
  endfacet
  facet normal 0 0 1
    outer loop
      vertex 13.0299 14.4018 2.3
      vertex 13.0299 13.5982 2.3
      vertex 13.0907 13.475 2.3
    endloop
  endfacet
  facet normal -0 0 1
    outer loop
      vertex 12.9858 14.2718 2.3
      vertex 13.0299 13.5982 2.3
      vertex 13.0299 14.4018 2.3
    endloop
  endfacet
  facet normal 0 0 1
    outer loop
      vertex 12.9858 14.2718 2.3
      vertex 12.9858 13.7282 2.3
      vertex 13.0299 13.5982 2.3
    endloop
  endfacet
  facet normal -0 0 1
    outer loop
      vertex 12.959 14.1371 2.3
      vertex 12.9858 13.7282 2.3
      vertex 12.9858 14.2718 2.3
    endloop
  endfacet
  facet normal 0 0 1
    outer loop
      vertex 12.959 14.1371 2.3
      vertex 12.959 13.8629 2.3
      vertex 12.9858 13.7282 2.3
    endloop
  endfacet
  facet normal 0 -0 1
    outer loop
      vertex 12.959 13.8629 2.3
      vertex 12.959 14.1371 2.3
      vertex 12.95 14 2.3
    endloop
  endfacet
  facet normal 0.896744 -0.442549 0
    outer loop
      vertex 13.0299 14.4018 5.8
      vertex 13.0907 14.525 2.3
      vertex 13.0907 14.525 5.8
    endloop
  endfacet
  facet normal 0.896744 -0.442549 0
    outer loop
      vertex 13.0907 14.525 2.3
      vertex 13.0299 14.4018 5.8
      vertex 13.0299 14.4018 2.3
    endloop
  endfacet
  facet normal 0.997852 -0.0655045 0
    outer loop
      vertex 12.95 14 5.8
      vertex 12.959 14.1371 2.3
      vertex 12.959 14.1371 5.8
    endloop
  endfacet
  facet normal 0.997852 -0.0655045 0
    outer loop
      vertex 12.959 14.1371 2.3
      vertex 12.95 14 5.8
      vertex 12.95 14 2.3
    endloop
  endfacet
  facet normal 0.658968 -0.752171 0
    outer loop
      vertex 13.2575 14.7425 2.3
      vertex 13.3608 14.833 5.8
      vertex 13.2575 14.7425 5.8
    endloop
  endfacet
  facet normal 0.658968 -0.752171 0
    outer loop
      vertex 13.3608 14.833 5.8
      vertex 13.2575 14.7425 2.3
      vertex 13.3608 14.833 2.3
    endloop
  endfacet
  facet normal 0.32125 -0.946995 0
    outer loop
      vertex 13.5982 14.9701 2.3
      vertex 13.7282 15.0142 5.8
      vertex 13.5982 14.9701 5.8
    endloop
  endfacet
  facet normal 0.32125 -0.946995 0
    outer loop
      vertex 13.7282 15.0142 5.8
      vertex 13.5982 14.9701 2.3
      vertex 13.7282 15.0142 2.3
    endloop
  endfacet
  facet normal -0.997852 0.0655045 0
    outer loop
      vertex 15.041 13.8629 2.3
      vertex 15.05 14 5.8
      vertex 15.05 14 2.3
    endloop
  endfacet
  facet normal -0.997852 0.0655045 0
    outer loop
      vertex 15.05 14 5.8
      vertex 15.041 13.8629 2.3
      vertex 15.041 13.8629 5.8
    endloop
  endfacet
  facet normal -0.32125 0.946995 0
    outer loop
      vertex 14.4018 13.0299 2.3
      vertex 14.2718 12.9858 5.8
      vertex 14.4018 13.0299 5.8
    endloop
  endfacet
  facet normal -0.32125 0.946995 0
    outer loop
      vertex 14.2718 12.9858 5.8
      vertex 14.4018 13.0299 2.3
      vertex 14.2718 12.9858 2.3
    endloop
  endfacet
  facet normal -0.658968 0.752171 0
    outer loop
      vertex 14.7425 13.2575 2.3
      vertex 14.6392 13.167 5.8
      vertex 14.7425 13.2575 5.8
    endloop
  endfacet
  facet normal -0.658968 0.752171 0
    outer loop
      vertex 14.6392 13.167 5.8
      vertex 14.7425 13.2575 2.3
      vertex 14.6392 13.167 2.3
    endloop
  endfacet
  facet normal -0.896744 0.442549 0
    outer loop
      vertex 14.9093 13.475 2.3
      vertex 14.9701 13.5982 5.8
      vertex 14.9701 13.5982 2.3
    endloop
  endfacet
  facet normal -0.896744 0.442549 0
    outer loop
      vertex 14.9701 13.5982 5.8
      vertex 14.9093 13.475 2.3
      vertex 14.9093 13.475 5.8
    endloop
  endfacet
  facet normal 0.442549 0.896744 -0
    outer loop
      vertex 13.5982 13.0299 2.3
      vertex 13.475 13.0907 5.8
      vertex 13.5982 13.0299 5.8
    endloop
  endfacet
  facet normal 0.442549 0.896744 0
    outer loop
      vertex 13.475 13.0907 5.8
      vertex 13.5982 13.0299 2.3
      vertex 13.475 13.0907 2.3
    endloop
  endfacet
  facet normal 0.0655045 0.997852 -0
    outer loop
      vertex 14 12.95 2.3
      vertex 13.8629 12.959 5.8
      vertex 14 12.95 5.8
    endloop
  endfacet
  facet normal 0.0655045 0.997852 0
    outer loop
      vertex 13.8629 12.959 5.8
      vertex 14 12.95 2.3
      vertex 13.8629 12.959 2.3
    endloop
  endfacet
  facet normal 0.752171 0.658968 0
    outer loop
      vertex 13.2575 13.2575 5.8
      vertex 13.167 13.3608 2.3
      vertex 13.167 13.3608 5.8
    endloop
  endfacet
  facet normal 0.752171 0.658968 0
    outer loop
      vertex 13.167 13.3608 2.3
      vertex 13.2575 13.2575 5.8
      vertex 13.2575 13.2575 2.3
    endloop
  endfacet
  facet normal 0.946995 0.32125 0
    outer loop
      vertex 13.0299 13.5982 5.8
      vertex 12.9858 13.7282 2.3
      vertex 12.9858 13.7282 5.8
    endloop
  endfacet
  facet normal 0.946995 0.32125 0
    outer loop
      vertex 12.9858 13.7282 2.3
      vertex 13.0299 13.5982 5.8
      vertex 13.0299 13.5982 2.3
    endloop
  endfacet
  facet normal 0.997852 0.0655045 0
    outer loop
      vertex 12.959 13.8629 5.8
      vertex 12.95 14 2.3
      vertex 12.95 14 5.8
    endloop
  endfacet
  facet normal 0.997852 0.0655045 0
    outer loop
      vertex 12.95 14 2.3
      vertex 12.959 13.8629 5.8
      vertex 12.959 13.8629 2.3
    endloop
  endfacet
  facet normal -0.442549 0.896744 0
    outer loop
      vertex 14.525 13.0907 2.3
      vertex 14.4018 13.0299 5.8
      vertex 14.525 13.0907 5.8
    endloop
  endfacet
  facet normal -0.442549 0.896744 0
    outer loop
      vertex 14.4018 13.0299 5.8
      vertex 14.525 13.0907 2.3
      vertex 14.4018 13.0299 2.3
    endloop
  endfacet
  facet normal -0.752171 0.658968 0
    outer loop
      vertex 14.7425 13.2575 2.3
      vertex 14.833 13.3608 5.8
      vertex 14.833 13.3608 2.3
    endloop
  endfacet
  facet normal -0.752171 0.658968 0
    outer loop
      vertex 14.833 13.3608 5.8
      vertex 14.7425 13.2575 2.3
      vertex 14.7425 13.2575 5.8
    endloop
  endfacet
  facet normal -0.946995 0.32125 0
    outer loop
      vertex 14.9701 13.5982 2.3
      vertex 15.0142 13.7282 5.8
      vertex 15.0142 13.7282 2.3
    endloop
  endfacet
  facet normal -0.946995 0.32125 0
    outer loop
      vertex 15.0142 13.7282 5.8
      vertex 14.9701 13.5982 2.3
      vertex 14.9701 13.5982 5.8
    endloop
  endfacet
  facet normal 0.32125 0.946995 -0
    outer loop
      vertex 13.7282 12.9858 2.3
      vertex 13.5982 13.0299 5.8
      vertex 13.7282 12.9858 5.8
    endloop
  endfacet
  facet normal 0.32125 0.946995 0
    outer loop
      vertex 13.5982 13.0299 5.8
      vertex 13.7282 12.9858 2.3
      vertex 13.5982 13.0299 2.3
    endloop
  endfacet
  facet normal -0.0655045 0.997852 0
    outer loop
      vertex 14.1371 12.959 2.3
      vertex 14 12.95 5.8
      vertex 14.1371 12.959 5.8
    endloop
  endfacet
  facet normal -0.0655045 0.997852 0
    outer loop
      vertex 14 12.95 5.8
      vertex 14.1371 12.959 2.3
      vertex 14 12.95 2.3
    endloop
  endfacet
  facet normal 0.658968 0.752171 -0
    outer loop
      vertex 13.3608 13.167 2.3
      vertex 13.2575 13.2575 5.8
      vertex 13.3608 13.167 5.8
    endloop
  endfacet
  facet normal 0.658968 0.752171 0
    outer loop
      vertex 13.2575 13.2575 5.8
      vertex 13.3608 13.167 2.3
      vertex 13.2575 13.2575 2.3
    endloop
  endfacet
  facet normal 0.896744 0.442549 0
    outer loop
      vertex 13.0907 13.475 5.8
      vertex 13.0299 13.5982 2.3
      vertex 13.0299 13.5982 5.8
    endloop
  endfacet
  facet normal 0.896744 0.442549 0
    outer loop
      vertex 13.0299 13.5982 2.3
      vertex 13.0907 13.475 5.8
      vertex 13.0907 13.475 2.3
    endloop
  endfacet
  facet normal -0.556213 -0.83104 0
    outer loop
      vertex 136.525 14.9093 2.3
      vertex 136.639 14.833 5.8
      vertex 136.525 14.9093 5.8
    endloop
  endfacet
  facet normal -0.556213 -0.83104 -0
    outer loop
      vertex 136.639 14.833 5.8
      vertex 136.525 14.9093 2.3
      vertex 136.639 14.833 2.3
    endloop
  endfacet
  facet normal 0.980497 -0.196536 0
    outer loop
      vertex 134.959 14.1371 5.8
      vertex 134.986 14.2718 2.3
      vertex 134.986 14.2718 5.8
    endloop
  endfacet
  facet normal 0.980497 -0.196536 0
    outer loop
      vertex 134.986 14.2718 2.3
      vertex 134.959 14.1371 5.8
      vertex 134.959 14.1371 2.3
    endloop
  endfacet
  facet normal -0.980497 0.196536 0
    outer loop
      vertex 137.014 13.7282 2.3
      vertex 137.041 13.8629 5.8
      vertex 137.041 13.8629 2.3
    endloop
  endfacet
  facet normal -0.980497 0.196536 0
    outer loop
      vertex 137.041 13.8629 5.8
      vertex 137.014 13.7282 2.3
      vertex 137.014 13.7282 5.8
    endloop
  endfacet
  facet normal 0.194719 0.980859 -0
    outer loop
      vertex 135.863 12.959 2.3
      vertex 135.728 12.9858 5.8
      vertex 135.863 12.959 5.8
    endloop
  endfacet
  facet normal 0.194719 0.980859 0
    outer loop
      vertex 135.728 12.9858 5.8
      vertex 135.863 12.959 2.3
      vertex 135.728 12.9858 2.3
    endloop
  endfacet
  facet normal 0.443128 -0.896459 0
    outer loop
      vertex 135.475 14.9093 2.3
      vertex 135.598 14.9701 5.8
      vertex 135.475 14.9093 5.8
    endloop
  endfacet
  facet normal 0.443128 -0.896459 0
    outer loop
      vertex 135.598 14.9701 5.8
      vertex 135.475 14.9093 2.3
      vertex 135.598 14.9701 2.3
    endloop
  endfacet
  facet normal 0.947216 -0.320596 0
    outer loop
      vertex 134.986 14.2718 5.8
      vertex 135.03 14.4018 2.3
      vertex 135.03 14.4018 5.8
    endloop
  endfacet
  facet normal 0.947216 -0.320596 0
    outer loop
      vertex 135.03 14.4018 2.3
      vertex 134.986 14.2718 5.8
      vertex 134.986 14.2718 2.3
    endloop
  endfacet
  facet normal -0.997852 0.0655045 0
    outer loop
      vertex 137.041 13.8629 2.3
      vertex 137.05 14 5.8
      vertex 137.05 14 2.3
    endloop
  endfacet
  facet normal -0.997852 0.0655045 0
    outer loop
      vertex 137.05 14 5.8
      vertex 137.041 13.8629 2.3
      vertex 137.041 13.8629 5.8
    endloop
  endfacet
  facet normal 0.896166 0.443719 0
    outer loop
      vertex 135.091 13.475 5.8
      vertex 135.03 13.5982 2.3
      vertex 135.03 13.5982 5.8
    endloop
  endfacet
  facet normal 0.896166 0.443719 0
    outer loop
      vertex 135.03 13.5982 2.3
      vertex 135.091 13.475 5.8
      vertex 135.091 13.475 2.3
    endloop
  endfacet
  facet normal 0.32125 0.946995 -0
    outer loop
      vertex 135.728 12.9858 2.3
      vertex 135.598 13.0299 5.8
      vertex 135.728 12.9858 5.8
    endloop
  endfacet
  facet normal 0.32125 0.946995 0
    outer loop
      vertex 135.598 13.0299 5.8
      vertex 135.728 12.9858 2.3
      vertex 135.598 13.0299 2.3
    endloop
  endfacet
  facet normal -0.896166 -0.443719 0
    outer loop
      vertex 136.97 14.4018 2.3
      vertex 136.909 14.525 5.8
      vertex 136.909 14.525 2.3
    endloop
  endfacet
  facet normal -0.896166 -0.443719 0
    outer loop
      vertex 136.909 14.525 5.8
      vertex 136.97 14.4018 2.3
      vertex 136.97 14.4018 5.8
    endloop
  endfacet
  facet normal -0.980497 -0.196536 0
    outer loop
      vertex 137.041 14.1371 2.3
      vertex 137.014 14.2718 5.8
      vertex 137.014 14.2718 2.3
    endloop
  endfacet
  facet normal -0.980497 -0.196536 0
    outer loop
      vertex 137.014 14.2718 5.8
      vertex 137.041 14.1371 2.3
      vertex 137.041 14.1371 5.8
    endloop
  endfacet
  facet normal -0.832499 -0.554027 0
    outer loop
      vertex 136.909 14.525 2.3
      vertex 136.833 14.6392 5.8
      vertex 136.833 14.6392 2.3
    endloop
  endfacet
  facet normal -0.832499 -0.554027 0
    outer loop
      vertex 136.833 14.6392 5.8
      vertex 136.909 14.525 2.3
      vertex 136.909 14.525 5.8
    endloop
  endfacet
  facet normal -0.32125 -0.946995 0
    outer loop
      vertex 136.272 15.0142 2.3
      vertex 136.402 14.9701 5.8
      vertex 136.272 15.0142 5.8
    endloop
  endfacet
  facet normal -0.32125 -0.946995 -0
    outer loop
      vertex 136.402 14.9701 5.8
      vertex 136.272 15.0142 2.3
      vertex 136.402 14.9701 2.3
    endloop
  endfacet
  facet normal -0.194719 -0.980859 0
    outer loop
      vertex 136.137 15.041 2.3
      vertex 136.272 15.0142 5.8
      vertex 136.137 15.041 5.8
    endloop
  endfacet
  facet normal -0.194719 -0.980859 -0
    outer loop
      vertex 136.272 15.0142 5.8
      vertex 136.137 15.041 2.3
      vertex 136.272 15.0142 2.3
    endloop
  endfacet
  facet normal 0 0 1
    outer loop
      vertex 137.041 14.1371 2.3
      vertex 137.041 13.8629 2.3
      vertex 137.05 14 2.3
    endloop
  endfacet
  facet normal 0 0 1
    outer loop
      vertex 137.014 14.2718 2.3
      vertex 137.041 13.8629 2.3
      vertex 137.041 14.1371 2.3
    endloop
  endfacet
  facet normal 0 0 1
    outer loop
      vertex 137.014 14.2718 2.3
      vertex 137.014 13.7282 2.3
      vertex 137.041 13.8629 2.3
    endloop
  endfacet
  facet normal 0 0 1
    outer loop
      vertex 136.97 14.4018 2.3
      vertex 137.014 13.7282 2.3
      vertex 137.014 14.2718 2.3
    endloop
  endfacet
  facet normal 0 0 1
    outer loop
      vertex 136.97 14.4018 2.3
      vertex 136.97 13.5982 2.3
      vertex 137.014 13.7282 2.3
    endloop
  endfacet
  facet normal 0 0 1
    outer loop
      vertex 136.909 14.525 2.3
      vertex 136.97 13.5982 2.3
      vertex 136.97 14.4018 2.3
    endloop
  endfacet
  facet normal 0 0 1
    outer loop
      vertex 136.909 14.525 2.3
      vertex 136.909 13.475 2.3
      vertex 136.97 13.5982 2.3
    endloop
  endfacet
  facet normal 0 0 1
    outer loop
      vertex 136.833 14.6392 2.3
      vertex 136.909 13.475 2.3
      vertex 136.909 14.525 2.3
    endloop
  endfacet
  facet normal 0 0 1
    outer loop
      vertex 136.833 14.6392 2.3
      vertex 136.833 13.3608 2.3
      vertex 136.909 13.475 2.3
    endloop
  endfacet
  facet normal 0 0 1
    outer loop
      vertex 136.742 14.7425 2.3
      vertex 136.833 13.3608 2.3
      vertex 136.833 14.6392 2.3
    endloop
  endfacet
  facet normal 0 0 1
    outer loop
      vertex 136.742 14.7425 2.3
      vertex 136.742 13.2575 2.3
      vertex 136.833 13.3608 2.3
    endloop
  endfacet
  facet normal 0 0 1
    outer loop
      vertex 136.639 14.833 2.3
      vertex 136.742 13.2575 2.3
      vertex 136.742 14.7425 2.3
    endloop
  endfacet
  facet normal 0 0 1
    outer loop
      vertex 136.639 14.833 2.3
      vertex 136.639 13.167 2.3
      vertex 136.742 13.2575 2.3
    endloop
  endfacet
  facet normal 0 0 1
    outer loop
      vertex 136.525 14.9093 2.3
      vertex 136.639 13.167 2.3
      vertex 136.639 14.833 2.3
    endloop
  endfacet
  facet normal 0 0 1
    outer loop
      vertex 136.525 14.9093 2.3
      vertex 136.525 13.0907 2.3
      vertex 136.639 13.167 2.3
    endloop
  endfacet
  facet normal 0 0 1
    outer loop
      vertex 136.402 14.9701 2.3
      vertex 136.525 13.0907 2.3
      vertex 136.525 14.9093 2.3
    endloop
  endfacet
  facet normal 0 0 1
    outer loop
      vertex 136.402 14.9701 2.3
      vertex 136.402 13.0299 2.3
      vertex 136.525 13.0907 2.3
    endloop
  endfacet
  facet normal 0 0 1
    outer loop
      vertex 136.272 15.0142 2.3
      vertex 136.402 13.0299 2.3
      vertex 136.402 14.9701 2.3
    endloop
  endfacet
  facet normal 0 0 1
    outer loop
      vertex 136.272 15.0142 2.3
      vertex 136.272 12.9858 2.3
      vertex 136.402 13.0299 2.3
    endloop
  endfacet
  facet normal 0 0 1
    outer loop
      vertex 136.137 15.041 2.3
      vertex 136.272 12.9858 2.3
      vertex 136.272 15.0142 2.3
    endloop
  endfacet
  facet normal 0 0 1
    outer loop
      vertex 136.137 15.041 2.3
      vertex 136.137 12.959 2.3
      vertex 136.272 12.9858 2.3
    endloop
  endfacet
  facet normal 0 0 1
    outer loop
      vertex 136 15.05 2.3
      vertex 136.137 12.959 2.3
      vertex 136.137 15.041 2.3
    endloop
  endfacet
  facet normal 0 0 1
    outer loop
      vertex 136 15.05 2.3
      vertex 136 12.95 2.3
      vertex 136.137 12.959 2.3
    endloop
  endfacet
  facet normal -0 0 1
    outer loop
      vertex 135.863 15.041 2.3
      vertex 136 12.95 2.3
      vertex 136 15.05 2.3
    endloop
  endfacet
  facet normal 0 0 1
    outer loop
      vertex 135.863 15.041 2.3
      vertex 135.863 12.959 2.3
      vertex 136 12.95 2.3
    endloop
  endfacet
  facet normal -0 0 1
    outer loop
      vertex 135.728 15.0142 2.3
      vertex 135.863 12.959 2.3
      vertex 135.863 15.041 2.3
    endloop
  endfacet
  facet normal 0 0 1
    outer loop
      vertex 135.728 15.0142 2.3
      vertex 135.728 12.9858 2.3
      vertex 135.863 12.959 2.3
    endloop
  endfacet
  facet normal -0 0 1
    outer loop
      vertex 135.598 14.9701 2.3
      vertex 135.728 12.9858 2.3
      vertex 135.728 15.0142 2.3
    endloop
  endfacet
  facet normal 0 0 1
    outer loop
      vertex 135.598 14.9701 2.3
      vertex 135.598 13.0299 2.3
      vertex 135.728 12.9858 2.3
    endloop
  endfacet
  facet normal -0 0 1
    outer loop
      vertex 135.475 14.9093 2.3
      vertex 135.598 13.0299 2.3
      vertex 135.598 14.9701 2.3
    endloop
  endfacet
  facet normal 0 0 1
    outer loop
      vertex 135.475 14.9093 2.3
      vertex 135.475 13.0907 2.3
      vertex 135.598 13.0299 2.3
    endloop
  endfacet
  facet normal -0 0 1
    outer loop
      vertex 135.361 14.833 2.3
      vertex 135.475 13.0907 2.3
      vertex 135.475 14.9093 2.3
    endloop
  endfacet
  facet normal 0 0 1
    outer loop
      vertex 135.361 14.833 2.3
      vertex 135.361 13.167 2.3
      vertex 135.475 13.0907 2.3
    endloop
  endfacet
  facet normal -0 0 1
    outer loop
      vertex 135.258 14.7425 2.3
      vertex 135.361 13.167 2.3
      vertex 135.361 14.833 2.3
    endloop
  endfacet
  facet normal 0 0 1
    outer loop
      vertex 135.258 14.7425 2.3
      vertex 135.258 13.2575 2.3
      vertex 135.361 13.167 2.3
    endloop
  endfacet
  facet normal -0 0 1
    outer loop
      vertex 135.167 14.6392 2.3
      vertex 135.258 13.2575 2.3
      vertex 135.258 14.7425 2.3
    endloop
  endfacet
  facet normal 0 0 1
    outer loop
      vertex 135.167 14.6392 2.3
      vertex 135.167 13.3608 2.3
      vertex 135.258 13.2575 2.3
    endloop
  endfacet
  facet normal -0 0 1
    outer loop
      vertex 135.091 14.525 2.3
      vertex 135.167 13.3608 2.3
      vertex 135.167 14.6392 2.3
    endloop
  endfacet
  facet normal 0 0 1
    outer loop
      vertex 135.091 14.525 2.3
      vertex 135.091 13.475 2.3
      vertex 135.167 13.3608 2.3
    endloop
  endfacet
  facet normal -0 0 1
    outer loop
      vertex 135.03 14.4018 2.3
      vertex 135.091 13.475 2.3
      vertex 135.091 14.525 2.3
    endloop
  endfacet
  facet normal 0 0 1
    outer loop
      vertex 135.03 14.4018 2.3
      vertex 135.03 13.5982 2.3
      vertex 135.091 13.475 2.3
    endloop
  endfacet
  facet normal -0 0 1
    outer loop
      vertex 134.986 14.2718 2.3
      vertex 135.03 13.5982 2.3
      vertex 135.03 14.4018 2.3
    endloop
  endfacet
  facet normal 0 0 1
    outer loop
      vertex 134.986 14.2718 2.3
      vertex 134.986 13.7282 2.3
      vertex 135.03 13.5982 2.3
    endloop
  endfacet
  facet normal -0 0 1
    outer loop
      vertex 134.959 14.1371 2.3
      vertex 134.986 13.7282 2.3
      vertex 134.986 14.2718 2.3
    endloop
  endfacet
  facet normal 0 0 1
    outer loop
      vertex 134.959 14.1371 2.3
      vertex 134.959 13.8629 2.3
      vertex 134.986 13.7282 2.3
    endloop
  endfacet
  facet normal 0 -0 1
    outer loop
      vertex 134.959 13.8629 2.3
      vertex 134.959 14.1371 2.3
      vertex 134.95 14 2.3
    endloop
  endfacet
  facet normal 0.832499 -0.554027 0
    outer loop
      vertex 135.091 14.525 5.8
      vertex 135.167 14.6392 2.3
      vertex 135.167 14.6392 5.8
    endloop
  endfacet
  facet normal 0.832499 -0.554027 0
    outer loop
      vertex 135.167 14.6392 2.3
      vertex 135.091 14.525 5.8
      vertex 135.091 14.525 2.3
    endloop
  endfacet
  facet normal 0.556213 -0.83104 0
    outer loop
      vertex 135.361 14.833 2.3
      vertex 135.475 14.9093 5.8
      vertex 135.361 14.833 5.8
    endloop
  endfacet
  facet normal 0.556213 -0.83104 0
    outer loop
      vertex 135.475 14.9093 5.8
      vertex 135.361 14.833 2.3
      vertex 135.475 14.9093 2.3
    endloop
  endfacet
  facet normal 0.194719 -0.980859 0
    outer loop
      vertex 135.728 15.0142 2.3
      vertex 135.863 15.041 5.8
      vertex 135.728 15.0142 5.8
    endloop
  endfacet
  facet normal 0.194719 -0.980859 0
    outer loop
      vertex 135.863 15.041 5.8
      vertex 135.728 15.0142 2.3
      vertex 135.863 15.041 2.3
    endloop
  endfacet
  facet normal -0.194719 0.980859 0
    outer loop
      vertex 136.272 12.9858 2.3
      vertex 136.137 12.959 5.8
      vertex 136.272 12.9858 5.8
    endloop
  endfacet
  facet normal -0.194719 0.980859 0
    outer loop
      vertex 136.137 12.959 5.8
      vertex 136.272 12.9858 2.3
      vertex 136.137 12.959 2.3
    endloop
  endfacet
  facet normal -0.947216 0.320596 0
    outer loop
      vertex 136.97 13.5982 2.3
      vertex 137.014 13.7282 5.8
      vertex 137.014 13.7282 2.3
    endloop
  endfacet
  facet normal -0.947216 0.320596 0
    outer loop
      vertex 137.014 13.7282 5.8
      vertex 136.97 13.5982 2.3
      vertex 136.97 13.5982 5.8
    endloop
  endfacet
  facet normal -0.556213 0.83104 0
    outer loop
      vertex 136.639 13.167 2.3
      vertex 136.525 13.0907 5.8
      vertex 136.639 13.167 5.8
    endloop
  endfacet
  facet normal -0.556213 0.83104 0
    outer loop
      vertex 136.525 13.0907 5.8
      vertex 136.639 13.167 2.3
      vertex 136.525 13.0907 2.3
    endloop
  endfacet
  facet normal 0.0655521 0.997849 -0
    outer loop
      vertex 136 12.95 2.3
      vertex 135.863 12.959 5.8
      vertex 136 12.95 5.8
    endloop
  endfacet
  facet normal 0.0655521 0.997849 0
    outer loop
      vertex 135.863 12.959 5.8
      vertex 136 12.95 2.3
      vertex 135.863 12.959 2.3
    endloop
  endfacet
  facet normal 0.556213 0.83104 -0
    outer loop
      vertex 135.475 13.0907 2.3
      vertex 135.361 13.167 5.8
      vertex 135.475 13.0907 5.8
    endloop
  endfacet
  facet normal 0.556213 0.83104 0
    outer loop
      vertex 135.361 13.167 5.8
      vertex 135.475 13.0907 2.3
      vertex 135.361 13.167 2.3
    endloop
  endfacet
  facet normal 0.832499 0.554027 0
    outer loop
      vertex 135.167 13.3608 5.8
      vertex 135.091 13.475 2.3
      vertex 135.091 13.475 5.8
    endloop
  endfacet
  facet normal 0.832499 0.554027 0
    outer loop
      vertex 135.091 13.475 2.3
      vertex 135.167 13.3608 5.8
      vertex 135.167 13.3608 2.3
    endloop
  endfacet
  facet normal 0.980497 0.196536 0
    outer loop
      vertex 134.986 13.7282 5.8
      vertex 134.959 13.8629 2.3
      vertex 134.959 13.8629 5.8
    endloop
  endfacet
  facet normal 0.980497 0.196536 0
    outer loop
      vertex 134.959 13.8629 2.3
      vertex 134.986 13.7282 5.8
      vertex 134.986 13.7282 2.3
    endloop
  endfacet
  facet normal -0.947216 -0.320596 0
    outer loop
      vertex 137.014 14.2718 2.3
      vertex 136.97 14.4018 5.8
      vertex 136.97 14.4018 2.3
    endloop
  endfacet
  facet normal -0.947216 -0.320596 0
    outer loop
      vertex 136.97 14.4018 5.8
      vertex 137.014 14.2718 2.3
      vertex 137.014 14.2718 5.8
    endloop
  endfacet
  facet normal -0.750368 -0.661021 0
    outer loop
      vertex 136.833 14.6392 2.3
      vertex 136.742 14.7425 5.8
      vertex 136.742 14.7425 2.3
    endloop
  endfacet
  facet normal -0.750368 -0.661021 0
    outer loop
      vertex 136.742 14.7425 5.8
      vertex 136.833 14.6392 2.3
      vertex 136.833 14.6392 5.8
    endloop
  endfacet
  facet normal -0.660052 -0.75122 0
    outer loop
      vertex 136.639 14.833 2.3
      vertex 136.742 14.7425 5.8
      vertex 136.639 14.833 5.8
    endloop
  endfacet
  facet normal -0.660052 -0.75122 -0
    outer loop
      vertex 136.742 14.7425 5.8
      vertex 136.639 14.833 2.3
      vertex 136.742 14.7425 2.3
    endloop
  endfacet
  facet normal 0.0655521 -0.997849 0
    outer loop
      vertex 135.863 15.041 2.3
      vertex 136 15.05 5.8
      vertex 135.863 15.041 5.8
    endloop
  endfacet
  facet normal 0.0655521 -0.997849 0
    outer loop
      vertex 136 15.05 5.8
      vertex 135.863 15.041 2.3
      vertex 136 15.05 2.3
    endloop
  endfacet
  facet normal -0.443128 -0.896459 0
    outer loop
      vertex 136.402 14.9701 2.3
      vertex 136.525 14.9093 5.8
      vertex 136.402 14.9701 5.8
    endloop
  endfacet
  facet normal -0.443128 -0.896459 -0
    outer loop
      vertex 136.525 14.9093 5.8
      vertex 136.402 14.9701 2.3
      vertex 136.525 14.9093 2.3
    endloop
  endfacet
  facet normal 0.997852 0.0655045 0
    outer loop
      vertex 134.959 13.8629 5.8
      vertex 134.95 14 2.3
      vertex 134.95 14 5.8
    endloop
  endfacet
  facet normal 0.997852 0.0655045 0
    outer loop
      vertex 134.95 14 2.3
      vertex 134.959 13.8629 5.8
      vertex 134.959 13.8629 2.3
    endloop
  endfacet
  facet normal 0.896166 -0.443719 0
    outer loop
      vertex 135.03 14.4018 5.8
      vertex 135.091 14.525 2.3
      vertex 135.091 14.525 5.8
    endloop
  endfacet
  facet normal 0.896166 -0.443719 0
    outer loop
      vertex 135.091 14.525 2.3
      vertex 135.03 14.4018 5.8
      vertex 135.03 14.4018 2.3
    endloop
  endfacet
  facet normal 0.32125 -0.946995 0
    outer loop
      vertex 135.598 14.9701 2.3
      vertex 135.728 15.0142 5.8
      vertex 135.598 14.9701 5.8
    endloop
  endfacet
  facet normal 0.32125 -0.946995 0
    outer loop
      vertex 135.728 15.0142 5.8
      vertex 135.598 14.9701 2.3
      vertex 135.728 15.0142 2.3
    endloop
  endfacet
  facet normal 0.660052 -0.75122 0
    outer loop
      vertex 135.258 14.7425 2.3
      vertex 135.361 14.833 5.8
      vertex 135.258 14.7425 5.8
    endloop
  endfacet
  facet normal 0.660052 -0.75122 0
    outer loop
      vertex 135.361 14.833 5.8
      vertex 135.258 14.7425 2.3
      vertex 135.361 14.833 2.3
    endloop
  endfacet
  facet normal 0.750368 -0.661021 0
    outer loop
      vertex 135.167 14.6392 5.8
      vertex 135.258 14.7425 2.3
      vertex 135.258 14.7425 5.8
    endloop
  endfacet
  facet normal 0.750368 -0.661021 0
    outer loop
      vertex 135.258 14.7425 2.3
      vertex 135.167 14.6392 5.8
      vertex 135.167 14.6392 2.3
    endloop
  endfacet
  facet normal -0.997852 -0.0655045 0
    outer loop
      vertex 137.05 14 2.3
      vertex 137.041 14.1371 5.8
      vertex 137.041 14.1371 2.3
    endloop
  endfacet
  facet normal -0.997852 -0.0655045 0
    outer loop
      vertex 137.041 14.1371 5.8
      vertex 137.05 14 2.3
      vertex 137.05 14 5.8
    endloop
  endfacet
  facet normal -0.832499 0.554027 0
    outer loop
      vertex 136.833 13.3608 2.3
      vertex 136.909 13.475 5.8
      vertex 136.909 13.475 2.3
    endloop
  endfacet
  facet normal -0.832499 0.554027 0
    outer loop
      vertex 136.909 13.475 5.8
      vertex 136.833 13.3608 2.3
      vertex 136.833 13.3608 5.8
    endloop
  endfacet
  facet normal -0.896166 0.443719 0
    outer loop
      vertex 136.909 13.475 2.3
      vertex 136.97 13.5982 5.8
      vertex 136.97 13.5982 2.3
    endloop
  endfacet
  facet normal -0.896166 0.443719 0
    outer loop
      vertex 136.97 13.5982 5.8
      vertex 136.909 13.475 2.3
      vertex 136.909 13.475 5.8
    endloop
  endfacet
  facet normal -0.32125 0.946995 0
    outer loop
      vertex 136.402 13.0299 2.3
      vertex 136.272 12.9858 5.8
      vertex 136.402 13.0299 5.8
    endloop
  endfacet
  facet normal -0.32125 0.946995 0
    outer loop
      vertex 136.272 12.9858 5.8
      vertex 136.402 13.0299 2.3
      vertex 136.272 12.9858 2.3
    endloop
  endfacet
  facet normal -0.660052 0.75122 0
    outer loop
      vertex 136.742 13.2575 2.3
      vertex 136.639 13.167 5.8
      vertex 136.742 13.2575 5.8
    endloop
  endfacet
  facet normal -0.660052 0.75122 0
    outer loop
      vertex 136.639 13.167 5.8
      vertex 136.742 13.2575 2.3
      vertex 136.639 13.167 2.3
    endloop
  endfacet
  facet normal -0.0655521 0.997849 0
    outer loop
      vertex 136.137 12.959 2.3
      vertex 136 12.95 5.8
      vertex 136.137 12.959 5.8
    endloop
  endfacet
  facet normal -0.0655521 0.997849 0
    outer loop
      vertex 136 12.95 5.8
      vertex 136.137 12.959 2.3
      vertex 136 12.95 2.3
    endloop
  endfacet
  facet normal 0.443128 0.896459 -0
    outer loop
      vertex 135.598 13.0299 2.3
      vertex 135.475 13.0907 5.8
      vertex 135.598 13.0299 5.8
    endloop
  endfacet
  facet normal 0.443128 0.896459 0
    outer loop
      vertex 135.475 13.0907 5.8
      vertex 135.598 13.0299 2.3
      vertex 135.475 13.0907 2.3
    endloop
  endfacet
  facet normal 0.947216 0.320596 0
    outer loop
      vertex 135.03 13.5982 5.8
      vertex 134.986 13.7282 2.3
      vertex 134.986 13.7282 5.8
    endloop
  endfacet
  facet normal 0.947216 0.320596 0
    outer loop
      vertex 134.986 13.7282 2.3
      vertex 135.03 13.5982 5.8
      vertex 135.03 13.5982 2.3
    endloop
  endfacet
  facet normal 0.750368 0.661021 0
    outer loop
      vertex 135.258 13.2575 5.8
      vertex 135.167 13.3608 2.3
      vertex 135.167 13.3608 5.8
    endloop
  endfacet
  facet normal 0.750368 0.661021 0
    outer loop
      vertex 135.167 13.3608 2.3
      vertex 135.258 13.2575 5.8
      vertex 135.258 13.2575 2.3
    endloop
  endfacet
  facet normal -0.0655521 -0.997849 0
    outer loop
      vertex 136 15.05 2.3
      vertex 136.137 15.041 5.8
      vertex 136 15.05 5.8
    endloop
  endfacet
  facet normal -0.0655521 -0.997849 -0
    outer loop
      vertex 136.137 15.041 5.8
      vertex 136 15.05 2.3
      vertex 136.137 15.041 2.3
    endloop
  endfacet
  facet normal 0.997852 -0.0655045 0
    outer loop
      vertex 134.95 14 5.8
      vertex 134.959 14.1371 2.3
      vertex 134.959 14.1371 5.8
    endloop
  endfacet
  facet normal 0.997852 -0.0655045 0
    outer loop
      vertex 134.959 14.1371 2.3
      vertex 134.95 14 5.8
      vertex 134.95 14 2.3
    endloop
  endfacet
  facet normal -0.443128 0.896459 0
    outer loop
      vertex 136.525 13.0907 2.3
      vertex 136.402 13.0299 5.8
      vertex 136.525 13.0907 5.8
    endloop
  endfacet
  facet normal -0.443128 0.896459 0
    outer loop
      vertex 136.402 13.0299 5.8
      vertex 136.525 13.0907 2.3
      vertex 136.402 13.0299 2.3
    endloop
  endfacet
  facet normal -0.750368 0.661021 0
    outer loop
      vertex 136.742 13.2575 2.3
      vertex 136.833 13.3608 5.8
      vertex 136.833 13.3608 2.3
    endloop
  endfacet
  facet normal -0.750368 0.661021 0
    outer loop
      vertex 136.833 13.3608 5.8
      vertex 136.742 13.2575 2.3
      vertex 136.742 13.2575 5.8
    endloop
  endfacet
  facet normal 0.660052 0.75122 -0
    outer loop
      vertex 135.361 13.167 2.3
      vertex 135.258 13.2575 5.8
      vertex 135.361 13.167 5.8
    endloop
  endfacet
  facet normal 0.660052 0.75122 0
    outer loop
      vertex 135.258 13.2575 5.8
      vertex 135.361 13.167 2.3
      vertex 135.258 13.2575 2.3
    endloop
  endfacet
  facet normal -0.997858 -0.0654196 0
    outer loop
      vertex 7.6 5.5 3.7
      vertex 7.58203 5.7741 8.3
      vertex 7.58203 5.7741 3.7
    endloop
  endfacet
  facet normal -0.997858 -0.0654196 0
    outer loop
      vertex 7.58203 5.7741 8.3
      vertex 7.6 5.5 3.7
      vertex 7.6 5.5 8.3
    endloop
  endfacet
  facet normal 0.0654172 -0.997858 0
    outer loop
      vertex 5.22589 7.58203 3.7
      vertex 5.5 7.6 8.3
      vertex 5.22589 7.58203 8.3
    endloop
  endfacet
  facet normal 0.0654172 -0.997858 0
    outer loop
      vertex 5.5 7.6 8.3
      vertex 5.22589 7.58203 3.7
      vertex 5.5 7.6 3.7
    endloop
  endfacet
  facet normal -0.65936 -0.751827 0
    outer loop
      vertex 6.7784 7.16604 3.7
      vertex 6.98492 6.98492 8.3
      vertex 6.7784 7.16604 8.3
    endloop
  endfacet
  facet normal -0.65936 -0.751827 -0
    outer loop
      vertex 6.98492 6.98492 8.3
      vertex 6.7784 7.16604 3.7
      vertex 6.98492 6.98492 3.7
    endloop
  endfacet
  facet normal 0.751827 -0.65936 0
    outer loop
      vertex 3.83396 6.7784 8.3
      vertex 4.01508 6.98492 3.7
      vertex 4.01508 6.98492 8.3
    endloop
  endfacet
  facet normal 0.751827 -0.65936 0
    outer loop
      vertex 4.01508 6.98492 3.7
      vertex 3.83396 6.7784 8.3
      vertex 3.83396 6.7784 3.7
    endloop
  endfacet
  facet normal 0.442314 -0.89686 0
    outer loop
      vertex 4.45 7.31865 3.7
      vertex 4.69636 7.44015 8.3
      vertex 4.45 7.31865 8.3
    endloop
  endfacet
  facet normal 0.442314 -0.89686 0
    outer loop
      vertex 4.69636 7.44015 8.3
      vertex 4.45 7.31865 3.7
      vertex 4.69636 7.44015 3.7
    endloop
  endfacet
  facet normal -0.896867 -0.4423 0
    outer loop
      vertex 7.44015 6.30363 3.7
      vertex 7.31865 6.55 8.3
      vertex 7.31865 6.55 3.7
    endloop
  endfacet
  facet normal -0.896867 -0.4423 0
    outer loop
      vertex 7.31865 6.55 8.3
      vertex 7.44015 6.30363 3.7
      vertex 7.44015 6.30363 8.3
    endloop
  endfacet
  facet normal -0.831473 -0.555565 0
    outer loop
      vertex 7.31865 6.55 3.7
      vertex 7.16604 6.7784 8.3
      vertex 7.16604 6.7784 3.7
    endloop
  endfacet
  facet normal -0.831473 -0.555565 0
    outer loop
      vertex 7.16604 6.7784 8.3
      vertex 7.31865 6.55 3.7
      vertex 7.31865 6.55 8.3
    endloop
  endfacet
  facet normal -0.321422 -0.946936 0
    outer loop
      vertex 6.04352 7.52844 3.7
      vertex 6.30363 7.44015 8.3
      vertex 6.04352 7.52844 8.3
    endloop
  endfacet
  facet normal -0.321422 -0.946936 -0
    outer loop
      vertex 6.30363 7.44015 8.3
      vertex 6.04352 7.52844 3.7
      vertex 6.30363 7.44015 3.7
    endloop
  endfacet
  facet normal -0.195087 -0.980786 0
    outer loop
      vertex 5.7741 7.58203 3.7
      vertex 6.04352 7.52844 8.3
      vertex 5.7741 7.58203 8.3
    endloop
  endfacet
  facet normal -0.195087 -0.980786 -0
    outer loop
      vertex 6.04352 7.52844 8.3
      vertex 5.7741 7.58203 3.7
      vertex 6.04352 7.52844 3.7
    endloop
  endfacet
  facet normal -0.555565 -0.831473 0
    outer loop
      vertex 6.55 7.31865 3.7
      vertex 6.7784 7.16604 8.3
      vertex 6.55 7.31865 8.3
    endloop
  endfacet
  facet normal -0.555565 -0.831473 -0
    outer loop
      vertex 6.7784 7.16604 8.3
      vertex 6.55 7.31865 3.7
      vertex 6.7784 7.16604 3.7
    endloop
  endfacet
  facet normal 0.946936 -0.321422 0
    outer loop
      vertex 3.47156 6.04352 8.3
      vertex 3.55985 6.30363 3.7
      vertex 3.55985 6.30363 8.3
    endloop
  endfacet
  facet normal 0.946936 -0.321422 0
    outer loop
      vertex 3.55985 6.30363 3.7
      vertex 3.47156 6.04352 8.3
      vertex 3.47156 6.04352 3.7
    endloop
  endfacet
  facet normal 0.831473 -0.555565 0
    outer loop
      vertex 3.68135 6.55 8.3
      vertex 3.83396 6.7784 3.7
      vertex 3.83396 6.7784 8.3
    endloop
  endfacet
  facet normal 0.831473 -0.555565 0
    outer loop
      vertex 3.83396 6.7784 3.7
      vertex 3.68135 6.55 8.3
      vertex 3.68135 6.55 3.7
    endloop
  endfacet
  facet normal 0.980779 -0.195122 0
    outer loop
      vertex 3.41796 5.7741 8.3
      vertex 3.47156 6.04352 3.7
      vertex 3.47156 6.04352 8.3
    endloop
  endfacet
  facet normal 0.980779 -0.195122 0
    outer loop
      vertex 3.47156 6.04352 3.7
      vertex 3.41796 5.7741 8.3
      vertex 3.41796 5.7741 3.7
    endloop
  endfacet
  facet normal 0.555565 -0.831473 0
    outer loop
      vertex 4.2216 7.16604 3.7
      vertex 4.45 7.31865 8.3
      vertex 4.2216 7.16604 8.3
    endloop
  endfacet
  facet normal 0.555565 -0.831473 0
    outer loop
      vertex 4.45 7.31865 8.3
      vertex 4.2216 7.16604 3.7
      vertex 4.45 7.31865 3.7
    endloop
  endfacet
  facet normal 0.321411 -0.94694 0
    outer loop
      vertex 4.69636 7.44015 3.7
      vertex 4.95648 7.52844 8.3
      vertex 4.69636 7.44015 8.3
    endloop
  endfacet
  facet normal 0.321411 -0.94694 0
    outer loop
      vertex 4.95648 7.52844 8.3
      vertex 4.69636 7.44015 3.7
      vertex 4.95648 7.52844 3.7
    endloop
  endfacet
  facet normal -0.94694 0.321411 0
    outer loop
      vertex 7.44015 4.69636 3.7
      vertex 7.52844 4.95648 8.3
      vertex 7.52844 4.95648 3.7
    endloop
  endfacet
  facet normal -0.94694 0.321411 0
    outer loop
      vertex 7.52844 4.95648 8.3
      vertex 7.44015 4.69636 3.7
      vertex 7.44015 4.69636 8.3
    endloop
  endfacet
  facet normal -0.555565 0.831473 0
    outer loop
      vertex 6.7784 3.83396 3.7
      vertex 6.55 3.68135 8.3
      vertex 6.7784 3.83396 8.3
    endloop
  endfacet
  facet normal -0.555565 0.831473 0
    outer loop
      vertex 6.55 3.68135 8.3
      vertex 6.7784 3.83396 3.7
      vertex 6.55 3.68135 3.7
    endloop
  endfacet
  facet normal -0.831473 0.555565 0
    outer loop
      vertex 7.16604 4.2216 3.7
      vertex 7.31865 4.45 8.3
      vertex 7.31865 4.45 3.7
    endloop
  endfacet
  facet normal -0.831473 0.555565 0
    outer loop
      vertex 7.31865 4.45 8.3
      vertex 7.16604 4.2216 3.7
      vertex 7.16604 4.2216 8.3
    endloop
  endfacet
  facet normal -0.980785 0.195094 0
    outer loop
      vertex 7.52844 4.95648 3.7
      vertex 7.58203 5.22589 8.3
      vertex 7.58203 5.22589 3.7
    endloop
  endfacet
  facet normal -0.980785 0.195094 0
    outer loop
      vertex 7.58203 5.22589 8.3
      vertex 7.52844 4.95648 3.7
      vertex 7.52844 4.95648 8.3
    endloop
  endfacet
  facet normal 0.321411 0.94694 -0
    outer loop
      vertex 4.95648 3.47156 3.7
      vertex 4.69636 3.55985 8.3
      vertex 4.95648 3.47156 8.3
    endloop
  endfacet
  facet normal 0.321411 0.94694 0
    outer loop
      vertex 4.69636 3.55985 8.3
      vertex 4.95648 3.47156 3.7
      vertex 4.69636 3.55985 3.7
    endloop
  endfacet
  facet normal 0.555565 0.831473 -0
    outer loop
      vertex 4.45 3.68135 3.7
      vertex 4.2216 3.83396 8.3
      vertex 4.45 3.68135 8.3
    endloop
  endfacet
  facet normal 0.555565 0.831473 0
    outer loop
      vertex 4.2216 3.83396 8.3
      vertex 4.45 3.68135 3.7
      vertex 4.2216 3.83396 3.7
    endloop
  endfacet
  facet normal 0.195129 0.980778 -0
    outer loop
      vertex 5.22589 3.41796 3.7
      vertex 4.95648 3.47156 8.3
      vertex 5.22589 3.41796 8.3
    endloop
  endfacet
  facet normal 0.195129 0.980778 0
    outer loop
      vertex 4.95648 3.47156 8.3
      vertex 5.22589 3.41796 3.7
      vertex 4.95648 3.47156 3.7
    endloop
  endfacet
  facet normal 0.831473 0.555565 0
    outer loop
      vertex 3.83396 4.2216 8.3
      vertex 3.68135 4.45 3.7
      vertex 3.68135 4.45 8.3
    endloop
  endfacet
  facet normal 0.831473 0.555565 0
    outer loop
      vertex 3.68135 4.45 3.7
      vertex 3.83396 4.2216 8.3
      vertex 3.83396 4.2216 3.7
    endloop
  endfacet
  facet normal -0.946936 -0.321422 0
    outer loop
      vertex 7.52844 6.04352 3.7
      vertex 7.44015 6.30363 8.3
      vertex 7.44015 6.30363 3.7
    endloop
  endfacet
  facet normal -0.946936 -0.321422 0
    outer loop
      vertex 7.44015 6.30363 8.3
      vertex 7.52844 6.04352 3.7
      vertex 7.52844 6.04352 8.3
    endloop
  endfacet
  facet normal -0.980786 -0.195087 0
    outer loop
      vertex 7.58203 5.7741 3.7
      vertex 7.52844 6.04352 8.3
      vertex 7.52844 6.04352 3.7
    endloop
  endfacet
  facet normal -0.980786 -0.195087 0
    outer loop
      vertex 7.52844 6.04352 8.3
      vertex 7.58203 5.7741 3.7
      vertex 7.58203 5.7741 8.3
    endloop
  endfacet
  facet normal -0.751827 -0.65936 0
    outer loop
      vertex 7.16604 6.7784 3.7
      vertex 6.98492 6.98492 8.3
      vertex 6.98492 6.98492 3.7
    endloop
  endfacet
  facet normal -0.751827 -0.65936 0
    outer loop
      vertex 6.98492 6.98492 8.3
      vertex 7.16604 6.7784 3.7
      vertex 7.16604 6.7784 8.3
    endloop
  endfacet
  facet normal -0.0654196 -0.997858 0
    outer loop
      vertex 5.5 7.6 3.7
      vertex 5.7741 7.58203 8.3
      vertex 5.5 7.6 8.3
    endloop
  endfacet
  facet normal -0.0654196 -0.997858 -0
    outer loop
      vertex 5.7741 7.58203 8.3
      vertex 5.5 7.6 3.7
      vertex 5.7741 7.58203 3.7
    endloop
  endfacet
  facet normal -0.4423 -0.896867 0
    outer loop
      vertex 6.30363 7.44015 3.7
      vertex 6.55 7.31865 8.3
      vertex 6.30363 7.44015 8.3
    endloop
  endfacet
  facet normal -0.4423 -0.896867 -0
    outer loop
      vertex 6.55 7.31865 8.3
      vertex 6.30363 7.44015 3.7
      vertex 6.55 7.31865 3.7
    endloop
  endfacet
  facet normal 0 0 1
    outer loop
      vertex 7.58203 5.7741 3.7
      vertex 7.58203 5.22589 3.7
      vertex 7.6 5.5 3.7
    endloop
  endfacet
  facet normal 0 0 1
    outer loop
      vertex 7.52844 6.04352 3.7
      vertex 7.58203 5.22589 3.7
      vertex 7.58203 5.7741 3.7
    endloop
  endfacet
  facet normal 0 0 1
    outer loop
      vertex 7.52844 6.04352 3.7
      vertex 7.52844 4.95648 3.7
      vertex 7.58203 5.22589 3.7
    endloop
  endfacet
  facet normal 0 0 1
    outer loop
      vertex 7.44015 6.30363 3.7
      vertex 7.52844 4.95648 3.7
      vertex 7.52844 6.04352 3.7
    endloop
  endfacet
  facet normal 0 0 1
    outer loop
      vertex 7.44015 6.30363 3.7
      vertex 7.44015 4.69636 3.7
      vertex 7.52844 4.95648 3.7
    endloop
  endfacet
  facet normal 0 0 1
    outer loop
      vertex 7.31865 6.55 3.7
      vertex 7.44015 4.69636 3.7
      vertex 7.44015 6.30363 3.7
    endloop
  endfacet
  facet normal 0 0 1
    outer loop
      vertex 7.31865 6.55 3.7
      vertex 7.31865 4.45 3.7
      vertex 7.44015 4.69636 3.7
    endloop
  endfacet
  facet normal 0 0 1
    outer loop
      vertex 7.16604 6.7784 3.7
      vertex 7.31865 4.45 3.7
      vertex 7.31865 6.55 3.7
    endloop
  endfacet
  facet normal 0 0 1
    outer loop
      vertex 7.16604 6.7784 3.7
      vertex 7.16604 4.2216 3.7
      vertex 7.31865 4.45 3.7
    endloop
  endfacet
  facet normal 0 0 1
    outer loop
      vertex 6.98492 6.98492 3.7
      vertex 7.16604 4.2216 3.7
      vertex 7.16604 6.7784 3.7
    endloop
  endfacet
  facet normal 0 0 1
    outer loop
      vertex 6.98492 6.98492 3.7
      vertex 6.98492 4.01508 3.7
      vertex 7.16604 4.2216 3.7
    endloop
  endfacet
  facet normal 0 0 1
    outer loop
      vertex 6.7784 7.16604 3.7
      vertex 6.98492 4.01508 3.7
      vertex 6.98492 6.98492 3.7
    endloop
  endfacet
  facet normal 0 0 1
    outer loop
      vertex 6.7784 7.16604 3.7
      vertex 6.7784 3.83396 3.7
      vertex 6.98492 4.01508 3.7
    endloop
  endfacet
  facet normal 0 0 1
    outer loop
      vertex 6.55 7.31865 3.7
      vertex 6.7784 3.83396 3.7
      vertex 6.7784 7.16604 3.7
    endloop
  endfacet
  facet normal 0 0 1
    outer loop
      vertex 6.55 7.31865 3.7
      vertex 6.55 3.68135 3.7
      vertex 6.7784 3.83396 3.7
    endloop
  endfacet
  facet normal 0 0 1
    outer loop
      vertex 6.30363 7.44015 3.7
      vertex 6.55 3.68135 3.7
      vertex 6.55 7.31865 3.7
    endloop
  endfacet
  facet normal 0 0 1
    outer loop
      vertex 6.30363 7.44015 3.7
      vertex 6.30363 3.55985 3.7
      vertex 6.55 3.68135 3.7
    endloop
  endfacet
  facet normal 0 0 1
    outer loop
      vertex 6.04352 7.52844 3.7
      vertex 6.30363 3.55985 3.7
      vertex 6.30363 7.44015 3.7
    endloop
  endfacet
  facet normal 0 0 1
    outer loop
      vertex 6.04352 7.52844 3.7
      vertex 6.04352 3.47156 3.7
      vertex 6.30363 3.55985 3.7
    endloop
  endfacet
  facet normal 0 0 1
    outer loop
      vertex 5.7741 7.58203 3.7
      vertex 6.04352 3.47156 3.7
      vertex 6.04352 7.52844 3.7
    endloop
  endfacet
  facet normal 0 0 1
    outer loop
      vertex 5.7741 7.58203 3.7
      vertex 5.7741 3.41796 3.7
      vertex 6.04352 3.47156 3.7
    endloop
  endfacet
  facet normal 0 0 1
    outer loop
      vertex 5.5 7.6 3.7
      vertex 5.7741 3.41796 3.7
      vertex 5.7741 7.58203 3.7
    endloop
  endfacet
  facet normal 0 0 1
    outer loop
      vertex 5.5 7.6 3.7
      vertex 5.5 3.4 3.7
      vertex 5.7741 3.41796 3.7
    endloop
  endfacet
  facet normal -0 0 1
    outer loop
      vertex 5.22589 7.58203 3.7
      vertex 5.5 3.4 3.7
      vertex 5.5 7.6 3.7
    endloop
  endfacet
  facet normal 0 0 1
    outer loop
      vertex 5.22589 7.58203 3.7
      vertex 5.22589 3.41796 3.7
      vertex 5.5 3.4 3.7
    endloop
  endfacet
  facet normal -0 0 1
    outer loop
      vertex 4.95648 7.52844 3.7
      vertex 5.22589 3.41796 3.7
      vertex 5.22589 7.58203 3.7
    endloop
  endfacet
  facet normal 0 0 1
    outer loop
      vertex 4.95648 7.52844 3.7
      vertex 4.95648 3.47156 3.7
      vertex 5.22589 3.41796 3.7
    endloop
  endfacet
  facet normal -0 0 1
    outer loop
      vertex 4.69636 7.44015 3.7
      vertex 4.95648 3.47156 3.7
      vertex 4.95648 7.52844 3.7
    endloop
  endfacet
  facet normal 0 0 1
    outer loop
      vertex 4.69636 7.44015 3.7
      vertex 4.69636 3.55985 3.7
      vertex 4.95648 3.47156 3.7
    endloop
  endfacet
  facet normal -0 0 1
    outer loop
      vertex 4.45 7.31865 3.7
      vertex 4.69636 3.55985 3.7
      vertex 4.69636 7.44015 3.7
    endloop
  endfacet
  facet normal 0 0 1
    outer loop
      vertex 4.45 7.31865 3.7
      vertex 4.45 3.68135 3.7
      vertex 4.69636 3.55985 3.7
    endloop
  endfacet
  facet normal -0 0 1
    outer loop
      vertex 4.2216 7.16604 3.7
      vertex 4.45 3.68135 3.7
      vertex 4.45 7.31865 3.7
    endloop
  endfacet
  facet normal 0 0 1
    outer loop
      vertex 4.2216 7.16604 3.7
      vertex 4.2216 3.83396 3.7
      vertex 4.45 3.68135 3.7
    endloop
  endfacet
  facet normal -0 0 1
    outer loop
      vertex 4.01508 6.98492 3.7
      vertex 4.2216 3.83396 3.7
      vertex 4.2216 7.16604 3.7
    endloop
  endfacet
  facet normal 0 0 1
    outer loop
      vertex 4.01508 6.98492 3.7
      vertex 4.01508 4.01508 3.7
      vertex 4.2216 3.83396 3.7
    endloop
  endfacet
  facet normal -0 0 1
    outer loop
      vertex 3.83396 6.7784 3.7
      vertex 4.01508 4.01508 3.7
      vertex 4.01508 6.98492 3.7
    endloop
  endfacet
  facet normal 0 0 1
    outer loop
      vertex 3.83396 6.7784 3.7
      vertex 3.83396 4.2216 3.7
      vertex 4.01508 4.01508 3.7
    endloop
  endfacet
  facet normal -0 0 1
    outer loop
      vertex 3.68135 6.55 3.7
      vertex 3.83396 4.2216 3.7
      vertex 3.83396 6.7784 3.7
    endloop
  endfacet
  facet normal 0 0 1
    outer loop
      vertex 3.68135 6.55 3.7
      vertex 3.68135 4.45 3.7
      vertex 3.83396 4.2216 3.7
    endloop
  endfacet
  facet normal -0 0 1
    outer loop
      vertex 3.55985 6.30363 3.7
      vertex 3.68135 4.45 3.7
      vertex 3.68135 6.55 3.7
    endloop
  endfacet
  facet normal 0 0 1
    outer loop
      vertex 3.55985 6.30363 3.7
      vertex 3.55985 4.69636 3.7
      vertex 3.68135 4.45 3.7
    endloop
  endfacet
  facet normal -0 0 1
    outer loop
      vertex 3.47156 6.04352 3.7
      vertex 3.55985 4.69636 3.7
      vertex 3.55985 6.30363 3.7
    endloop
  endfacet
  facet normal 0 0 1
    outer loop
      vertex 3.47156 6.04352 3.7
      vertex 3.47156 4.95648 3.7
      vertex 3.55985 4.69636 3.7
    endloop
  endfacet
  facet normal -0 0 1
    outer loop
      vertex 3.41796 5.7741 3.7
      vertex 3.47156 4.95648 3.7
      vertex 3.47156 6.04352 3.7
    endloop
  endfacet
  facet normal 0 0 1
    outer loop
      vertex 3.41796 5.7741 3.7
      vertex 3.41796 5.22589 3.7
      vertex 3.47156 4.95648 3.7
    endloop
  endfacet
  facet normal 0 -0 1
    outer loop
      vertex 3.41796 5.22589 3.7
      vertex 3.41796 5.7741 3.7
      vertex 3.4 5.5 3.7
    endloop
  endfacet
  facet normal 0.896867 -0.4423 0
    outer loop
      vertex 3.55985 6.30363 8.3
      vertex 3.68135 6.55 3.7
      vertex 3.68135 6.55 8.3
    endloop
  endfacet
  facet normal 0.896867 -0.4423 0
    outer loop
      vertex 3.68135 6.55 3.7
      vertex 3.55985 6.30363 8.3
      vertex 3.55985 6.30363 3.7
    endloop
  endfacet
  facet normal 0.99786 -0.0653833 0
    outer loop
      vertex 3.4 5.5 8.3
      vertex 3.41796 5.7741 3.7
      vertex 3.41796 5.7741 8.3
    endloop
  endfacet
  facet normal 0.99786 -0.0653833 0
    outer loop
      vertex 3.41796 5.7741 3.7
      vertex 3.4 5.5 8.3
      vertex 3.4 5.5 3.7
    endloop
  endfacet
  facet normal 0.65936 -0.751827 0
    outer loop
      vertex 4.01508 6.98492 3.7
      vertex 4.2216 7.16604 8.3
      vertex 4.01508 6.98492 8.3
    endloop
  endfacet
  facet normal 0.65936 -0.751827 0
    outer loop
      vertex 4.2216 7.16604 8.3
      vertex 4.01508 6.98492 3.7
      vertex 4.2216 7.16604 3.7
    endloop
  endfacet
  facet normal 0.195094 -0.980785 0
    outer loop
      vertex 4.95648 7.52844 3.7
      vertex 5.22589 7.58203 8.3
      vertex 4.95648 7.52844 8.3
    endloop
  endfacet
  facet normal 0.195094 -0.980785 0
    outer loop
      vertex 5.22589 7.58203 8.3
      vertex 4.95648 7.52844 3.7
      vertex 5.22589 7.58203 3.7
    endloop
  endfacet
  facet normal -0.997858 0.0654172 0
    outer loop
      vertex 7.58203 5.22589 3.7
      vertex 7.6 5.5 8.3
      vertex 7.6 5.5 3.7
    endloop
  endfacet
  facet normal -0.997858 0.0654172 0
    outer loop
      vertex 7.6 5.5 8.3
      vertex 7.58203 5.22589 3.7
      vertex 7.58203 5.22589 8.3
    endloop
  endfacet
  facet normal -0.195122 0.980779 0
    outer loop
      vertex 6.04352 3.47156 3.7
      vertex 5.7741 3.41796 8.3
      vertex 6.04352 3.47156 8.3
    endloop
  endfacet
  facet normal -0.195122 0.980779 0
    outer loop
      vertex 5.7741 3.41796 8.3
      vertex 6.04352 3.47156 3.7
      vertex 5.7741 3.41796 3.7
    endloop
  endfacet
  facet normal -0.4423 0.896867 0
    outer loop
      vertex 6.55 3.68135 3.7
      vertex 6.30363 3.55985 8.3
      vertex 6.55 3.68135 8.3
    endloop
  endfacet
  facet normal -0.4423 0.896867 0
    outer loop
      vertex 6.30363 3.55985 8.3
      vertex 6.55 3.68135 3.7
      vertex 6.30363 3.55985 3.7
    endloop
  endfacet
  facet normal -0.65936 0.751827 0
    outer loop
      vertex 6.98492 4.01508 3.7
      vertex 6.7784 3.83396 8.3
      vertex 6.98492 4.01508 8.3
    endloop
  endfacet
  facet normal -0.65936 0.751827 0
    outer loop
      vertex 6.7784 3.83396 8.3
      vertex 6.98492 4.01508 3.7
      vertex 6.7784 3.83396 3.7
    endloop
  endfacet
  facet normal -0.89686 0.442314 0
    outer loop
      vertex 7.31865 4.45 3.7
      vertex 7.44015 4.69636 8.3
      vertex 7.44015 4.69636 3.7
    endloop
  endfacet
  facet normal -0.89686 0.442314 0
    outer loop
      vertex 7.44015 4.69636 8.3
      vertex 7.31865 4.45 3.7
      vertex 7.31865 4.45 8.3
    endloop
  endfacet
  facet normal 0.442314 0.89686 -0
    outer loop
      vertex 4.69636 3.55985 3.7
      vertex 4.45 3.68135 8.3
      vertex 4.69636 3.55985 8.3
    endloop
  endfacet
  facet normal 0.442314 0.89686 0
    outer loop
      vertex 4.45 3.68135 8.3
      vertex 4.69636 3.55985 3.7
      vertex 4.45 3.68135 3.7
    endloop
  endfacet
  facet normal 0.065381 0.99786 -0
    outer loop
      vertex 5.5 3.4 3.7
      vertex 5.22589 3.41796 8.3
      vertex 5.5 3.4 8.3
    endloop
  endfacet
  facet normal 0.065381 0.99786 0
    outer loop
      vertex 5.22589 3.41796 8.3
      vertex 5.5 3.4 3.7
      vertex 5.22589 3.41796 3.7
    endloop
  endfacet
  facet normal 0.751827 0.65936 0
    outer loop
      vertex 4.01508 4.01508 8.3
      vertex 3.83396 4.2216 3.7
      vertex 3.83396 4.2216 8.3
    endloop
  endfacet
  facet normal 0.751827 0.65936 0
    outer loop
      vertex 3.83396 4.2216 3.7
      vertex 4.01508 4.01508 8.3
      vertex 4.01508 4.01508 3.7
    endloop
  endfacet
  facet normal 0.89686 0.442314 0
    outer loop
      vertex 3.68135 4.45 8.3
      vertex 3.55985 4.69636 3.7
      vertex 3.55985 4.69636 8.3
    endloop
  endfacet
  facet normal 0.89686 0.442314 0
    outer loop
      vertex 3.55985 4.69636 3.7
      vertex 3.68135 4.45 8.3
      vertex 3.68135 4.45 3.7
    endloop
  endfacet
  facet normal 0.980778 0.195129 0
    outer loop
      vertex 3.47156 4.95648 8.3
      vertex 3.41796 5.22589 3.7
      vertex 3.41796 5.22589 8.3
    endloop
  endfacet
  facet normal 0.980778 0.195129 0
    outer loop
      vertex 3.41796 5.22589 3.7
      vertex 3.47156 4.95648 8.3
      vertex 3.47156 4.95648 3.7
    endloop
  endfacet
  facet normal 0.99786 0.065381 0
    outer loop
      vertex 3.41796 5.22589 8.3
      vertex 3.4 5.5 3.7
      vertex 3.4 5.5 8.3
    endloop
  endfacet
  facet normal 0.99786 0.065381 0
    outer loop
      vertex 3.4 5.5 3.7
      vertex 3.41796 5.22589 8.3
      vertex 3.41796 5.22589 3.7
    endloop
  endfacet
  facet normal -0.321422 0.946936 0
    outer loop
      vertex 6.30363 3.55985 3.7
      vertex 6.04352 3.47156 8.3
      vertex 6.30363 3.55985 8.3
    endloop
  endfacet
  facet normal -0.321422 0.946936 0
    outer loop
      vertex 6.04352 3.47156 8.3
      vertex 6.30363 3.55985 3.7
      vertex 6.04352 3.47156 3.7
    endloop
  endfacet
  facet normal -0.751827 0.65936 0
    outer loop
      vertex 6.98492 4.01508 3.7
      vertex 7.16604 4.2216 8.3
      vertex 7.16604 4.2216 3.7
    endloop
  endfacet
  facet normal -0.751827 0.65936 0
    outer loop
      vertex 7.16604 4.2216 8.3
      vertex 6.98492 4.01508 3.7
      vertex 6.98492 4.01508 8.3
    endloop
  endfacet
  facet normal -0.0653833 0.99786 0
    outer loop
      vertex 5.7741 3.41796 3.7
      vertex 5.5 3.4 8.3
      vertex 5.7741 3.41796 8.3
    endloop
  endfacet
  facet normal -0.0653833 0.99786 0
    outer loop
      vertex 5.5 3.4 8.3
      vertex 5.7741 3.41796 3.7
      vertex 5.5 3.4 3.7
    endloop
  endfacet
  facet normal 0.65936 0.751827 -0
    outer loop
      vertex 4.2216 3.83396 3.7
      vertex 4.01508 4.01508 8.3
      vertex 4.2216 3.83396 8.3
    endloop
  endfacet
  facet normal 0.65936 0.751827 0
    outer loop
      vertex 4.01508 4.01508 8.3
      vertex 4.2216 3.83396 3.7
      vertex 4.01508 4.01508 3.7
    endloop
  endfacet
  facet normal 0.94694 0.321411 0
    outer loop
      vertex 3.55985 4.69636 8.3
      vertex 3.47156 4.95648 3.7
      vertex 3.47156 4.95648 8.3
    endloop
  endfacet
  facet normal 0.94694 0.321411 0
    outer loop
      vertex 3.47156 4.95648 3.7
      vertex 3.55985 4.69636 8.3
      vertex 3.55985 4.69636 3.7
    endloop
  endfacet
  facet normal -0.961602 -0.0630426 0.26711
    outer loop
      vertex 7.6 5.5 8.3
      vertex 7.79045 5.56091 9
      vertex 7.58203 5.7741 8.3
    endloop
  endfacet
  facet normal -0.961606 -0.0629914 0.267107
    outer loop
      vertex 7.79045 5.56091 9
      vertex 7.6 5.5 8.3
      vertex 7.79444 5.5 9
    endloop
  endfacet
  facet normal 0.635269 -0.724623 0.267122
    outer loop
      vertex 4.01508 6.98492 8.3
      vertex 3.92348 7.16266 9
      vertex 3.87758 7.12242 9
    endloop
  endfacet
  facet normal 0.635403 -0.724511 0.267111
    outer loop
      vertex 3.92348 7.16266 9
      vertex 4.01508 6.98492 8.3
      vertex 4.2216 7.16604 8.3
    endloop
  endfacet
  facet normal -0.635358 0.724545 0.267124
    outer loop
      vertex 6.98492 4.01508 8.3
      vertex 7.07652 3.83733 9
      vertex 7.12242 3.87758 9
    endloop
  endfacet
  facet normal -0.635401 0.724509 0.26712
    outer loop
      vertex 7.07652 3.83733 9
      vertex 6.98492 4.01508 8.3
      vertex 6.7784 3.83396 8.3
    endloop
  endfacet
  facet normal 0.961606 0.0629914 0.267107
    outer loop
      vertex 3.20955 5.43909 9
      vertex 3.4 5.5 8.3
      vertex 3.20556 5.5 9
    endloop
  endfacet
  facet normal 0.961605 0.0630054 0.267108
    outer loop
      vertex 3.4 5.5 8.3
      vertex 3.20955 5.43909 9
      vertex 3.41796 5.22589 8.3
    endloop
  endfacet
  facet normal -0.912543 -0.309706 0.267111
    outer loop
      vertex 7.44015 6.30363 8.3
      vertex 7.63941 6.32024 9
      vertex 7.61979 6.37805 9
    endloop
  endfacet
  facet normal -0.912531 -0.309743 0.267108
    outer loop
      vertex 7.63941 6.32024 9
      vertex 7.44015 6.30363 8.3
      vertex 7.52844 6.04352 8.3
    endloop
  endfacet
  facet normal -0.724511 0.635403 0.267111
    outer loop
      vertex 6.98492 4.01508 8.3
      vertex 7.16266 3.92348 9
      vertex 7.16604 4.2216 8.3
    endloop
  endfacet
  facet normal -0.724623 0.635269 0.267122
    outer loop
      vertex 7.16266 3.92348 9
      vertex 6.98492 4.01508 8.3
      vertex 7.12242 3.87758 9
    endloop
  endfacet
  facet normal -0.635396 0.724514 0.267118
    outer loop
      vertex 6.89677 3.67969 9
      vertex 7.07652 3.83733 9
      vertex 6.7784 3.83396 8.3
    endloop
  endfacet
  facet normal 0.309763 0.912522 0.267115
    outer loop
      vertex 4.90615 3.28374 9
      vertex 4.95648 3.47156 8.3
      vertex 4.67976 3.36059 9
    endloop
  endfacet
  facet normal 0.864292 0.426201 0.267117
    outer loop
      vertex 3.51295 4.35278 9
      vertex 3.68135 4.45 8.3
      vertex 3.40721 4.56721 9
    endloop
  endfacet
  facet normal 0.724545 -0.635358 0.267124
    outer loop
      vertex 3.83733 7.07652 9
      vertex 4.01508 6.98492 8.3
      vertex 3.87758 7.12242 9
    endloop
  endfacet
  facet normal 0.724509 -0.635401 0.26712
    outer loop
      vertex 4.01508 6.98492 8.3
      vertex 3.83733 7.07652 9
      vertex 3.83396 6.7784 8.3
    endloop
  endfacet
  facet normal 0.635397 -0.724516 0.267108
    outer loop
      vertex 4.2216 7.16604 8.3
      vertex 4.10323 7.3203 9
      vertex 3.92348 7.16266 9
    endloop
  endfacet
  facet normal -0.635403 -0.724511 0.267111
    outer loop
      vertex 6.98492 6.98492 8.3
      vertex 7.07652 7.16266 9
      vertex 6.7784 7.16604 8.3
    endloop
  endfacet
  facet normal -0.635269 -0.724623 0.267122
    outer loop
      vertex 7.07652 7.16266 9
      vertex 6.98492 6.98492 8.3
      vertex 7.12242 7.12242 9
    endloop
  endfacet
  facet normal -0.961601 -0.0629996 0.267123
    outer loop
      vertex 7.79045 5.56091 9
      vertex 7.77482 5.79948 9
      vertex 7.58203 5.7741 8.3
    endloop
  endfacet
  facet normal -0.961606 0.0629914 0.267107
    outer loop
      vertex 7.6 5.5 8.3
      vertex 7.79045 5.43909 9
      vertex 7.79444 5.5 9
    endloop
  endfacet
  facet normal -0.961602 0.0630403 0.26711
    outer loop
      vertex 7.79045 5.43909 9
      vertex 7.6 5.5 8.3
      vertex 7.58203 5.22589 8.3
    endloop
  endfacet
  facet normal -0.724516 0.635397 0.267108
    outer loop
      vertex 7.3203 4.10323 9
      vertex 7.16604 4.2216 8.3
      vertex 7.16266 3.92348 9
    endloop
  endfacet
  facet normal -0.945141 0.188029 0.267123
    outer loop
      vertex 7.72817 4.96602 9
      vertex 7.77482 5.20051 9
      vertex 7.58203 5.22589 8.3
    endloop
  endfacet
  facet normal -0.535309 0.801307 0.267117
    outer loop
      vertex 6.7784 3.83396 8.3
      vertex 6.84601 3.64578 9
      vertex 6.89677 3.67969 9
    endloop
  endfacet
  facet normal -0.535379 0.801262 0.267112
    outer loop
      vertex 6.84601 3.64578 9
      vertex 6.7784 3.83396 8.3
      vertex 6.55 3.68135 8.3
    endloop
  endfacet
  facet normal -0.0630077 0.961605 0.267108
    outer loop
      vertex 5.5 3.4 8.3
      vertex 5.56091 3.20955 9
      vertex 5.7741 3.41796 8.3
    endloop
  endfacet
  facet normal -0.0629914 0.961606 0.267107
    outer loop
      vertex 5.56091 3.20955 9
      vertex 5.5 3.4 8.3
      vertex 5.5 3.20556 9
    endloop
  endfacet
  facet normal -0.0629999 0.961605 0.26711
    outer loop
      vertex 5.79948 3.22518 9
      vertex 5.7741 3.41796 8.3
      vertex 5.56091 3.20955 9
    endloop
  endfacet
  facet normal 0.961605 0.0629972 0.26711
    outer loop
      vertex 3.22518 5.20051 9
      vertex 3.41796 5.22589 8.3
      vertex 3.20955 5.43909 9
    endloop
  endfacet
  facet normal 0.724509 0.635401 0.26712
    outer loop
      vertex 3.83733 3.92348 9
      vertex 4.01508 4.01508 8.3
      vertex 3.83396 4.2216 8.3
    endloop
  endfacet
  facet normal 0.724545 0.635358 0.267124
    outer loop
      vertex 4.01508 4.01508 8.3
      vertex 3.83733 3.92348 9
      vertex 3.87758 3.87758 9
    endloop
  endfacet
  facet normal 0.426285 0.864254 0.267106
    outer loop
      vertex 4.69636 3.55985 8.3
      vertex 4.56721 3.40721 9
      vertex 4.62195 3.38021 9
    endloop
  endfacet
  facet normal 0.426244 0.864275 0.267103
    outer loop
      vertex 4.56721 3.40721 9
      vertex 4.69636 3.55985 8.3
      vertex 4.45 3.68135 8.3
    endloop
  endfacet
  facet normal 0.0629914 0.961606 0.267107
    outer loop
      vertex 5.5 3.4 8.3
      vertex 5.43909 3.20955 9
      vertex 5.5 3.20556 9
    endloop
  endfacet
  facet normal 0.0630054 0.961605 0.267108
    outer loop
      vertex 5.43909 3.20955 9
      vertex 5.5 3.4 8.3
      vertex 5.22589 3.41796 8.3
    endloop
  endfacet
  facet normal 0.635396 0.724514 0.267118
    outer loop
      vertex 4.10323 3.67969 9
      vertex 4.2216 3.83396 8.3
      vertex 3.92348 3.83733 9
    endloop
  endfacet
  facet normal 0.961606 -0.0629914 0.267107
    outer loop
      vertex 3.4 5.5 8.3
      vertex 3.20955 5.56091 9
      vertex 3.20556 5.5 9
    endloop
  endfacet
  facet normal 0.961605 -0.0630077 0.267108
    outer loop
      vertex 3.20955 5.56091 9
      vertex 3.4 5.5 8.3
      vertex 3.41796 5.7741 8.3
    endloop
  endfacet
  facet normal 0.724514 -0.635396 0.267118
    outer loop
      vertex 3.83396 6.7784 8.3
      vertex 3.83733 7.07652 9
      vertex 3.67969 6.89677 9
    endloop
  endfacet
  facet normal 0.945146 -0.188021 0.26711
    outer loop
      vertex 3.41796 5.7741 8.3
      vertex 3.27183 6.03398 9
      vertex 3.22518 5.79948 9
    endloop
  endfacet
  facet normal 0.53542 -0.801236 0.267109
    outer loop
      vertex 4.2216 7.16604 8.3
      vertex 4.15399 7.35422 9
      vertex 4.10323 7.3203 9
    endloop
  endfacet
  facet normal 0.535379 -0.801262 0.267112
    outer loop
      vertex 4.15399 7.35422 9
      vertex 4.2216 7.16604 8.3
      vertex 4.45 7.31865 8.3
    endloop
  endfacet
  facet normal 0.0630403 -0.961602 0.26711
    outer loop
      vertex 5.5 7.6 8.3
      vertex 5.43909 7.79045 9
      vertex 5.22589 7.58203 8.3
    endloop
  endfacet
  facet normal 0.0629914 -0.961606 0.267107
    outer loop
      vertex 5.43909 7.79045 9
      vertex 5.5 7.6 8.3
      vertex 5.5 7.79444 9
    endloop
  endfacet
  facet normal 0.062997 -0.961601 0.267123
    outer loop
      vertex 5.22589 7.58203 8.3
      vertex 5.43909 7.79045 9
      vertex 5.20051 7.77482 9
    endloop
  endfacet
  facet normal -0.635397 -0.724516 0.267108
    outer loop
      vertex 7.07652 7.16266 9
      vertex 6.89677 7.3203 9
      vertex 6.7784 7.16604 8.3
    endloop
  endfacet
  facet normal -0.801252 -0.535391 0.267117
    outer loop
      vertex 7.48705 6.64722 9
      vertex 7.35422 6.84601 9
      vertex 7.31865 6.55 8.3
    endloop
  endfacet
  facet normal -0.309743 -0.912531 0.267108
    outer loop
      vertex 6.30363 7.44015 8.3
      vertex 6.32024 7.63941 9
      vertex 6.04352 7.52844 8.3
    endloop
  endfacet
  facet normal -0.309706 -0.912543 0.267111
    outer loop
      vertex 6.32024 7.63941 9
      vertex 6.30363 7.44015 8.3
      vertex 6.37805 7.61979 9
    endloop
  endfacet
  facet normal -0.945142 -0.188021 0.267123
    outer loop
      vertex 7.77482 5.79948 9
      vertex 7.72817 6.03398 9
      vertex 7.58203 5.7741 8.3
    endloop
  endfacet
  facet normal -0.912522 -0.309763 0.267115
    outer loop
      vertex 7.71626 6.09385 9
      vertex 7.63941 6.32024 9
      vertex 7.52844 6.04352 8.3
    endloop
  endfacet
  facet normal -0.864254 0.426285 0.267106
    outer loop
      vertex 7.44015 4.69636 8.3
      vertex 7.59279 4.56721 9
      vertex 7.61979 4.62195 9
    endloop
  endfacet
  facet normal -0.864275 0.426244 0.267103
    outer loop
      vertex 7.59279 4.56721 9
      vertex 7.44015 4.69636 8.3
      vertex 7.31865 4.45 8.3
    endloop
  endfacet
  facet normal -0.961601 0.062997 0.267123
    outer loop
      vertex 7.77482 5.20051 9
      vertex 7.79045 5.43909 9
      vertex 7.58203 5.22589 8.3
    endloop
  endfacet
  facet normal -0.309706 0.912543 0.267111
    outer loop
      vertex 6.30363 3.55985 8.3
      vertex 6.32024 3.36059 9
      vertex 6.37805 3.38021 9
    endloop
  endfacet
  facet normal -0.309743 0.912531 0.267108
    outer loop
      vertex 6.32024 3.36059 9
      vertex 6.30363 3.55985 8.3
      vertex 6.04352 3.47156 8.3
    endloop
  endfacet
  facet normal 0.912535 0.309733 0.267105
    outer loop
      vertex 3.36059 4.67976 9
      vertex 3.55985 4.69636 8.3
      vertex 3.47156 4.95648 8.3
    endloop
  endfacet
  facet normal 0.912544 0.309706 0.267107
    outer loop
      vertex 3.55985 4.69636 8.3
      vertex 3.36059 4.67976 9
      vertex 3.38021 4.62195 9
    endloop
  endfacet
  facet normal 0.864254 0.426285 0.267106
    outer loop
      vertex 3.40721 4.56721 9
      vertex 3.55985 4.69636 8.3
      vertex 3.38021 4.62195 9
    endloop
  endfacet
  facet normal 0.864275 0.426244 0.267103
    outer loop
      vertex 3.55985 4.69636 8.3
      vertex 3.40721 4.56721 9
      vertex 3.68135 4.45 8.3
    endloop
  endfacet
  facet normal 0.309733 0.912535 0.267105
    outer loop
      vertex 4.69636 3.55985 8.3
      vertex 4.67976 3.36059 9
      vertex 4.95648 3.47156 8.3
    endloop
  endfacet
  facet normal 0.309706 0.912544 0.267107
    outer loop
      vertex 4.67976 3.36059 9
      vertex 4.69636 3.55985 8.3
      vertex 4.62195 3.38021 9
    endloop
  endfacet
  facet normal 0.426201 0.864292 0.267117
    outer loop
      vertex 4.56721 3.40721 9
      vertex 4.45 3.68135 8.3
      vertex 4.35278 3.51295 9
    endloop
  endfacet
  facet normal 0.535379 0.801262 0.267112
    outer loop
      vertex 4.2216 3.83396 8.3
      vertex 4.15399 3.64578 9
      vertex 4.45 3.68135 8.3
    endloop
  endfacet
  facet normal 0.535309 0.801307 0.267117
    outer loop
      vertex 4.15399 3.64578 9
      vertex 4.2216 3.83396 8.3
      vertex 4.10323 3.67969 9
    endloop
  endfacet
  facet normal 0.864253 -0.426285 0.267112
    outer loop
      vertex 3.55985 6.30363 8.3
      vertex 3.40721 6.43279 9
      vertex 3.38021 6.37805 9
    endloop
  endfacet
  facet normal 0.864281 -0.426229 0.267108
    outer loop
      vertex 3.40721 6.43279 9
      vertex 3.55985 6.30363 8.3
      vertex 3.68135 6.55 8.3
    endloop
  endfacet
  facet normal 0.961605 -0.0629999 0.26711
    outer loop
      vertex 3.41796 5.7741 8.3
      vertex 3.22518 5.79948 9
      vertex 3.20955 5.56091 9
    endloop
  endfacet
  facet normal 0.309706 -0.912544 0.267107
    outer loop
      vertex 4.69636 7.44015 8.3
      vertex 4.67976 7.63941 9
      vertex 4.62195 7.61979 9
    endloop
  endfacet
  facet normal 0.309733 -0.912535 0.267105
    outer loop
      vertex 4.67976 7.63941 9
      vertex 4.69636 7.44015 8.3
      vertex 4.95648 7.52844 8.3
    endloop
  endfacet
  facet normal -0.535379 -0.801262 0.267112
    outer loop
      vertex 6.7784 7.16604 8.3
      vertex 6.84601 7.35422 9
      vertex 6.55 7.31865 8.3
    endloop
  endfacet
  facet normal -0.53542 -0.801236 0.267109
    outer loop
      vertex 6.84601 7.35422 9
      vertex 6.7784 7.16604 8.3
      vertex 6.89677 7.3203 9
    endloop
  endfacet
  facet normal -0.724623 -0.635269 0.267122
    outer loop
      vertex 6.98492 6.98492 8.3
      vertex 7.16266 7.07652 9
      vertex 7.12242 7.12242 9
    endloop
  endfacet
  facet normal -0.724511 -0.635403 0.267111
    outer loop
      vertex 7.16266 7.07652 9
      vertex 6.98492 6.98492 8.3
      vertex 7.16604 6.7784 8.3
    endloop
  endfacet
  facet normal -0.724516 -0.635397 0.267108
    outer loop
      vertex 7.16604 6.7784 8.3
      vertex 7.3203 6.89677 9
      vertex 7.16266 7.07652 9
    endloop
  endfacet
  facet normal -0.188021 -0.945142 0.267123
    outer loop
      vertex 6.03398 7.72817 9
      vertex 5.79948 7.77482 9
      vertex 5.7741 7.58203 8.3
    endloop
  endfacet
  facet normal -0.309763 -0.912522 0.267115
    outer loop
      vertex 6.32024 7.63941 9
      vertex 6.09385 7.71626 9
      vertex 6.04352 7.52844 8.3
    endloop
  endfacet
  facet normal -0.945145 -0.188019 0.267114
    outer loop
      vertex 7.52844 6.04352 8.3
      vertex 7.72817 6.03398 9
      vertex 7.71626 6.09385 9
    endloop
  endfacet
  facet normal -0.945149 -0.187998 0.267116
    outer loop
      vertex 7.72817 6.03398 9
      vertex 7.52844 6.04352 8.3
      vertex 7.58203 5.7741 8.3
    endloop
  endfacet
  facet normal -0.864292 0.426201 0.267117
    outer loop
      vertex 7.48705 4.35278 9
      vertex 7.59279 4.56721 9
      vertex 7.31865 4.45 8.3
    endloop
  endfacet
  facet normal -0.945147 0.188005 0.267115
    outer loop
      vertex 7.52844 4.95648 8.3
      vertex 7.72817 4.96602 9
      vertex 7.58203 5.22589 8.3
    endloop
  endfacet
  facet normal -0.945145 0.188019 0.267114
    outer loop
      vertex 7.72817 4.96602 9
      vertex 7.52844 4.95648 8.3
      vertex 7.71626 4.90615 9
    endloop
  endfacet
  facet normal -0.912522 0.309763 0.267115
    outer loop
      vertex 7.63941 4.67976 9
      vertex 7.71626 4.90615 9
      vertex 7.52844 4.95648 8.3
    endloop
  endfacet
  facet normal -0.426201 0.864292 0.267117
    outer loop
      vertex 6.64722 3.51295 9
      vertex 6.55 3.68135 8.3
      vertex 6.43279 3.40721 9
    endloop
  endfacet
  facet normal -0.535391 0.801252 0.267117
    outer loop
      vertex 6.64722 3.51295 9
      vertex 6.84601 3.64578 9
      vertex 6.55 3.68135 8.3
    endloop
  endfacet
  facet normal -0.188021 0.945146 0.26711
    outer loop
      vertex 5.79948 3.22518 9
      vertex 6.03398 3.27183 9
      vertex 5.7741 3.41796 8.3
    endloop
  endfacet
  facet normal 0.945144 0.188029 0.26711
    outer loop
      vertex 3.27183 4.96602 9
      vertex 3.41796 5.22589 8.3
      vertex 3.22518 5.20051 9
    endloop
  endfacet
  facet normal 0.801252 0.535391 0.267117
    outer loop
      vertex 3.64578 4.15399 9
      vertex 3.68135 4.45 8.3
      vertex 3.51295 4.35278 9
    endloop
  endfacet
  facet normal 0.188039 0.945141 0.267113
    outer loop
      vertex 4.95648 3.47156 8.3
      vertex 4.96602 3.27183 9
      vertex 5.22589 3.41796 8.3
    endloop
  endfacet
  facet normal 0.188019 0.945145 0.267114
    outer loop
      vertex 4.96602 3.27183 9
      vertex 4.95648 3.47156 8.3
      vertex 4.90615 3.28374 9
    endloop
  endfacet
  facet normal 0.535391 0.801252 0.267117
    outer loop
      vertex 4.35278 3.51295 9
      vertex 4.45 3.68135 8.3
      vertex 4.15399 3.64578 9
    endloop
  endfacet
  facet normal 0.635401 0.724509 0.26712
    outer loop
      vertex 4.01508 4.01508 8.3
      vertex 3.92348 3.83733 9
      vertex 4.2216 3.83396 8.3
    endloop
  endfacet
  facet normal 0.635358 0.724545 0.267124
    outer loop
      vertex 3.92348 3.83733 9
      vertex 4.01508 4.01508 8.3
      vertex 3.87758 3.87758 9
    endloop
  endfacet
  facet normal 0.864292 -0.426201 0.267117
    outer loop
      vertex 3.68135 6.55 8.3
      vertex 3.51295 6.64722 9
      vertex 3.40721 6.43279 9
    endloop
  endfacet
  facet normal 0.945145 -0.188019 0.267114
    outer loop
      vertex 3.27183 6.03398 9
      vertex 3.47156 6.04352 8.3
      vertex 3.28374 6.09385 9
    endloop
  endfacet
  facet normal 0.945142 -0.188032 0.267114
    outer loop
      vertex 3.47156 6.04352 8.3
      vertex 3.27183 6.03398 9
      vertex 3.41796 5.7741 8.3
    endloop
  endfacet
  facet normal 0.912522 -0.309763 0.267115
    outer loop
      vertex 3.47156 6.04352 8.3
      vertex 3.36059 6.32024 9
      vertex 3.28374 6.09385 9
    endloop
  endfacet
  facet normal 0.426201 -0.864292 0.267117
    outer loop
      vertex 4.45 7.31865 8.3
      vertex 4.56721 7.59279 9
      vertex 4.35278 7.48705 9
    endloop
  endfacet
  facet normal 0.535391 -0.801252 0.267117
    outer loop
      vertex 4.45 7.31865 8.3
      vertex 4.35278 7.48705 9
      vertex 4.15399 7.35422 9
    endloop
  endfacet
  facet normal 0.188029 -0.945141 0.267123
    outer loop
      vertex 5.22589 7.58203 8.3
      vertex 5.20051 7.77482 9
      vertex 4.96602 7.72817 9
    endloop
  endfacet
  facet normal -0.426285 -0.864253 0.267112
    outer loop
      vertex 6.30363 7.44015 8.3
      vertex 6.43279 7.59279 9
      vertex 6.37805 7.61979 9
    endloop
  endfacet
  facet normal -0.426229 -0.864281 0.267108
    outer loop
      vertex 6.43279 7.59279 9
      vertex 6.30363 7.44015 8.3
      vertex 6.55 7.31865 8.3
    endloop
  endfacet
  facet normal -0.864292 -0.426201 0.267117
    outer loop
      vertex 7.59279 6.43279 9
      vertex 7.48705 6.64722 9
      vertex 7.31865 6.55 8.3
    endloop
  endfacet
  facet normal -0.864281 -0.426229 0.267108
    outer loop
      vertex 7.44015 6.30363 8.3
      vertex 7.59279 6.43279 9
      vertex 7.31865 6.55 8.3
    endloop
  endfacet
  facet normal -0.864253 -0.426285 0.267112
    outer loop
      vertex 7.59279 6.43279 9
      vertex 7.44015 6.30363 8.3
      vertex 7.61979 6.37805 9
    endloop
  endfacet
  facet normal -0.187998 -0.945149 0.267116
    outer loop
      vertex 6.04352 7.52844 8.3
      vertex 6.03398 7.72817 9
      vertex 5.7741 7.58203 8.3
    endloop
  endfacet
  facet normal -0.188019 -0.945145 0.267114
    outer loop
      vertex 6.03398 7.72817 9
      vertex 6.04352 7.52844 8.3
      vertex 6.09385 7.71626 9
    endloop
  endfacet
  facet normal -0.801252 0.535391 0.267117
    outer loop
      vertex 7.35422 4.15399 9
      vertex 7.48705 4.35278 9
      vertex 7.31865 4.45 8.3
    endloop
  endfacet
  facet normal -0.801262 0.535379 0.267112
    outer loop
      vertex 7.16604 4.2216 8.3
      vertex 7.35422 4.15399 9
      vertex 7.31865 4.45 8.3
    endloop
  endfacet
  facet normal -0.801236 0.53542 0.267109
    outer loop
      vertex 7.35422 4.15399 9
      vertex 7.16604 4.2216 8.3
      vertex 7.3203 4.10323 9
    endloop
  endfacet
  facet normal -0.912535 0.309733 0.267105
    outer loop
      vertex 7.44015 4.69636 8.3
      vertex 7.63941 4.67976 9
      vertex 7.52844 4.95648 8.3
    endloop
  endfacet
  facet normal -0.912544 0.309706 0.267107
    outer loop
      vertex 7.63941 4.67976 9
      vertex 7.44015 4.69636 8.3
      vertex 7.61979 4.62195 9
    endloop
  endfacet
  facet normal -0.426229 0.864281 0.267108
    outer loop
      vertex 6.30363 3.55985 8.3
      vertex 6.43279 3.40721 9
      vertex 6.55 3.68135 8.3
    endloop
  endfacet
  facet normal -0.426285 0.864253 0.267112
    outer loop
      vertex 6.43279 3.40721 9
      vertex 6.30363 3.55985 8.3
      vertex 6.37805 3.38021 9
    endloop
  endfacet
  facet normal -0.309763 0.912522 0.267115
    outer loop
      vertex 6.09385 3.28374 9
      vertex 6.32024 3.36059 9
      vertex 6.04352 3.47156 8.3
    endloop
  endfacet
  facet normal -0.188019 0.945145 0.267114
    outer loop
      vertex 6.04352 3.47156 8.3
      vertex 6.03398 3.27183 9
      vertex 6.09385 3.28374 9
    endloop
  endfacet
  facet normal -0.188032 0.945142 0.267114
    outer loop
      vertex 6.03398 3.27183 9
      vertex 6.04352 3.47156 8.3
      vertex 5.7741 3.41796 8.3
    endloop
  endfacet
  facet normal 0.912522 0.309763 0.267115
    outer loop
      vertex 3.36059 4.67976 9
      vertex 3.47156 4.95648 8.3
      vertex 3.28374 4.90615 9
    endloop
  endfacet
  facet normal 0.945141 0.188039 0.267113
    outer loop
      vertex 3.27183 4.96602 9
      vertex 3.47156 4.95648 8.3
      vertex 3.41796 5.22589 8.3
    endloop
  endfacet
  facet normal 0.945145 0.188019 0.267114
    outer loop
      vertex 3.47156 4.95648 8.3
      vertex 3.27183 4.96602 9
      vertex 3.28374 4.90615 9
    endloop
  endfacet
  facet normal 0.724514 0.635396 0.267118
    outer loop
      vertex 3.83733 3.92348 9
      vertex 3.83396 4.2216 8.3
      vertex 3.67969 4.10323 9
    endloop
  endfacet
  facet normal 0.801262 0.535379 0.267112
    outer loop
      vertex 3.64578 4.15399 9
      vertex 3.83396 4.2216 8.3
      vertex 3.68135 4.45 8.3
    endloop
  endfacet
  facet normal 0.801307 0.535309 0.267117
    outer loop
      vertex 3.83396 4.2216 8.3
      vertex 3.64578 4.15399 9
      vertex 3.67969 4.10323 9
    endloop
  endfacet
  facet normal 0.0629972 0.961605 0.26711
    outer loop
      vertex 5.43909 3.20955 9
      vertex 5.22589 3.41796 8.3
      vertex 5.20051 3.22518 9
    endloop
  endfacet
  facet normal 0.188029 0.945144 0.26711
    outer loop
      vertex 5.20051 3.22518 9
      vertex 5.22589 3.41796 8.3
      vertex 4.96602 3.27183 9
    endloop
  endfacet
  facet normal 0.801252 -0.535391 0.267117
    outer loop
      vertex 3.68135 6.55 8.3
      vertex 3.64578 6.84601 9
      vertex 3.51295 6.64722 9
    endloop
  endfacet
  facet normal 0.801307 -0.535309 0.267117
    outer loop
      vertex 3.64578 6.84601 9
      vertex 3.83396 6.7784 8.3
      vertex 3.67969 6.89677 9
    endloop
  endfacet
  facet normal 0.801262 -0.535379 0.267112
    outer loop
      vertex 3.83396 6.7784 8.3
      vertex 3.64578 6.84601 9
      vertex 3.68135 6.55 8.3
    endloop
  endfacet
  facet normal 0.912543 -0.309706 0.267111
    outer loop
      vertex 3.36059 6.32024 9
      vertex 3.55985 6.30363 8.3
      vertex 3.38021 6.37805 9
    endloop
  endfacet
  facet normal 0.912531 -0.309743 0.267108
    outer loop
      vertex 3.55985 6.30363 8.3
      vertex 3.36059 6.32024 9
      vertex 3.47156 6.04352 8.3
    endloop
  endfacet
  facet normal 0.426244 -0.864275 0.267103
    outer loop
      vertex 4.69636 7.44015 8.3
      vertex 4.56721 7.59279 9
      vertex 4.45 7.31865 8.3
    endloop
  endfacet
  facet normal 0.426285 -0.864254 0.267106
    outer loop
      vertex 4.56721 7.59279 9
      vertex 4.69636 7.44015 8.3
      vertex 4.62195 7.61979 9
    endloop
  endfacet
  facet normal 0.309763 -0.912522 0.267115
    outer loop
      vertex 4.95648 7.52844 8.3
      vertex 4.90615 7.71626 9
      vertex 4.67976 7.63941 9
    endloop
  endfacet
  facet normal 0.188019 -0.945145 0.267114
    outer loop
      vertex 4.95648 7.52844 8.3
      vertex 4.96602 7.72817 9
      vertex 4.90615 7.71626 9
    endloop
  endfacet
  facet normal 0.188005 -0.945147 0.267115
    outer loop
      vertex 4.96602 7.72817 9
      vertex 4.95648 7.52844 8.3
      vertex 5.22589 7.58203 8.3
    endloop
  endfacet
  facet normal -0.426201 -0.864292 0.267117
    outer loop
      vertex 6.55 7.31865 8.3
      vertex 6.64722 7.48705 9
      vertex 6.43279 7.59279 9
    endloop
  endfacet
  facet normal -0.535391 -0.801252 0.267117
    outer loop
      vertex 6.84601 7.35422 9
      vertex 6.64722 7.48705 9
      vertex 6.55 7.31865 8.3
    endloop
  endfacet
  facet normal -0.801236 -0.53542 0.267109
    outer loop
      vertex 7.16604 6.7784 8.3
      vertex 7.35422 6.84601 9
      vertex 7.3203 6.89677 9
    endloop
  endfacet
  facet normal -0.801262 -0.535379 0.267112
    outer loop
      vertex 7.35422 6.84601 9
      vertex 7.16604 6.7784 8.3
      vertex 7.31865 6.55 8.3
    endloop
  endfacet
  facet normal -0.0629914 -0.961606 0.267107
    outer loop
      vertex 5.5 7.6 8.3
      vertex 5.56091 7.79045 9
      vertex 5.5 7.79444 9
    endloop
  endfacet
  facet normal -0.0630426 -0.961602 0.26711
    outer loop
      vertex 5.56091 7.79045 9
      vertex 5.5 7.6 8.3
      vertex 5.7741 7.58203 8.3
    endloop
  endfacet
  facet normal -0.0629996 -0.961601 0.267123
    outer loop
      vertex 5.7741 7.58203 8.3
      vertex 5.79948 7.77482 9
      vertex 5.56091 7.79045 9
    endloop
  endfacet
  facet normal -0.556238 -0.831023 0
    outer loop
      vertex 145.55 7.31865 3.7
      vertex 145.778 7.16604 8.3
      vertex 145.55 7.31865 8.3
    endloop
  endfacet
  facet normal -0.556238 -0.831023 -0
    outer loop
      vertex 145.778 7.16604 8.3
      vertex 145.55 7.31865 3.7
      vertex 145.778 7.16604 3.7
    endloop
  endfacet
  facet normal 0.980499 -0.196522 0
    outer loop
      vertex 142.418 5.7741 8.3
      vertex 142.472 6.04352 3.7
      vertex 142.472 6.04352 8.3
    endloop
  endfacet
  facet normal 0.980499 -0.196522 0
    outer loop
      vertex 142.472 6.04352 3.7
      vertex 142.418 5.7741 8.3
      vertex 142.418 5.7741 3.7
    endloop
  endfacet
  facet normal -0.980498 0.196529 0
    outer loop
      vertex 146.528 4.95648 3.7
      vertex 146.582 5.22589 8.3
      vertex 146.582 5.22589 3.7
    endloop
  endfacet
  facet normal -0.980498 0.196529 0
    outer loop
      vertex 146.582 5.22589 8.3
      vertex 146.528 4.95648 3.7
      vertex 146.528 4.95648 8.3
    endloop
  endfacet
  facet normal 0.194719 0.980859 -0
    outer loop
      vertex 144.226 3.41796 3.7
      vertex 143.956 3.47156 8.3
      vertex 144.226 3.41796 8.3
    endloop
  endfacet
  facet normal 0.194719 0.980859 0
    outer loop
      vertex 143.956 3.47156 8.3
      vertex 144.226 3.41796 3.7
      vertex 143.956 3.47156 3.7
    endloop
  endfacet
  facet normal 0.442835 -0.896603 0
    outer loop
      vertex 143.45 7.31865 3.7
      vertex 143.696 7.44015 8.3
      vertex 143.45 7.31865 8.3
    endloop
  endfacet
  facet normal 0.442835 -0.896603 0
    outer loop
      vertex 143.696 7.44015 8.3
      vertex 143.45 7.31865 3.7
      vertex 143.696 7.44015 3.7
    endloop
  endfacet
  facet normal 0.947257 -0.320475 0
    outer loop
      vertex 142.472 6.04352 8.3
      vertex 142.56 6.30363 3.7
      vertex 142.56 6.30363 8.3
    endloop
  endfacet
  facet normal 0.947257 -0.320475 0
    outer loop
      vertex 142.56 6.30363 3.7
      vertex 142.472 6.04352 8.3
      vertex 142.472 6.04352 3.7
    endloop
  endfacet
  facet normal -0.997851 0.0655259 0
    outer loop
      vertex 146.582 5.22589 3.7
      vertex 146.6 5.5 8.3
      vertex 146.6 5.5 3.7
    endloop
  endfacet
  facet normal -0.997851 0.0655259 0
    outer loop
      vertex 146.6 5.5 8.3
      vertex 146.582 5.22589 3.7
      vertex 146.582 5.22589 8.3
    endloop
  endfacet
  facet normal 0.321544 0.946895 -0
    outer loop
      vertex 143.956 3.47156 3.7
      vertex 143.696 3.55985 8.3
      vertex 143.956 3.47156 8.3
    endloop
  endfacet
  facet normal 0.321544 0.946895 0
    outer loop
      vertex 143.696 3.55985 8.3
      vertex 143.956 3.47156 3.7
      vertex 143.696 3.55985 3.7
    endloop
  endfacet
  facet normal -0.897589 -0.440834 0
    outer loop
      vertex 146.44 6.30363 3.7
      vertex 146.319 6.55 8.3
      vertex 146.319 6.55 3.7
    endloop
  endfacet
  facet normal -0.897589 -0.440834 0
    outer loop
      vertex 146.319 6.55 8.3
      vertex 146.44 6.30363 3.7
      vertex 146.44 6.30363 8.3
    endloop
  endfacet
  facet normal -0.830817 -0.556546 0
    outer loop
      vertex 146.319 6.55 3.7
      vertex 146.166 6.7784 8.3
      vertex 146.166 6.7784 3.7
    endloop
  endfacet
  facet normal -0.830817 -0.556546 0
    outer loop
      vertex 146.166 6.7784 8.3
      vertex 146.319 6.55 3.7
      vertex 146.319 6.55 8.3
    endloop
  endfacet
  facet normal -0.321544 -0.946895 0
    outer loop
      vertex 145.044 7.52844 3.7
      vertex 145.304 7.44015 8.3
      vertex 145.044 7.52844 8.3
    endloop
  endfacet
  facet normal -0.321544 -0.946895 -0
    outer loop
      vertex 145.304 7.44015 8.3
      vertex 145.044 7.52844 3.7
      vertex 145.304 7.44015 3.7
    endloop
  endfacet
  facet normal -0.194684 -0.980866 0
    outer loop
      vertex 144.774 7.58203 3.7
      vertex 145.044 7.52844 8.3
      vertex 144.774 7.58203 8.3
    endloop
  endfacet
  facet normal -0.194684 -0.980866 -0
    outer loop
      vertex 145.044 7.52844 8.3
      vertex 144.774 7.58203 3.7
      vertex 145.044 7.52844 3.7
    endloop
  endfacet
  facet normal -0.0654433 -0.997856 0
    outer loop
      vertex 144.5 7.6 3.7
      vertex 144.774 7.58203 8.3
      vertex 144.5 7.6 8.3
    endloop
  endfacet
  facet normal -0.0654433 -0.997856 -0
    outer loop
      vertex 144.774 7.58203 8.3
      vertex 144.5 7.6 3.7
      vertex 144.774 7.58203 3.7
    endloop
  endfacet
  facet normal 0 0 1
    outer loop
      vertex 146.582 5.7741 3.7
      vertex 146.582 5.22589 3.7
      vertex 146.6 5.5 3.7
    endloop
  endfacet
  facet normal 0 0 1
    outer loop
      vertex 146.528 6.04352 3.7
      vertex 146.582 5.22589 3.7
      vertex 146.582 5.7741 3.7
    endloop
  endfacet
  facet normal 0 0 1
    outer loop
      vertex 146.528 6.04352 3.7
      vertex 146.528 4.95648 3.7
      vertex 146.582 5.22589 3.7
    endloop
  endfacet
  facet normal 0 0 1
    outer loop
      vertex 146.44 6.30363 3.7
      vertex 146.528 4.95648 3.7
      vertex 146.528 6.04352 3.7
    endloop
  endfacet
  facet normal 0 0 1
    outer loop
      vertex 146.44 6.30363 3.7
      vertex 146.44 4.69636 3.7
      vertex 146.528 4.95648 3.7
    endloop
  endfacet
  facet normal 0 0 1
    outer loop
      vertex 146.319 6.55 3.7
      vertex 146.44 4.69636 3.7
      vertex 146.44 6.30363 3.7
    endloop
  endfacet
  facet normal 0 0 1
    outer loop
      vertex 146.319 6.55 3.7
      vertex 146.319 4.45 3.7
      vertex 146.44 4.69636 3.7
    endloop
  endfacet
  facet normal 0 0 1
    outer loop
      vertex 146.166 6.7784 3.7
      vertex 146.319 4.45 3.7
      vertex 146.319 6.55 3.7
    endloop
  endfacet
  facet normal 0 0 1
    outer loop
      vertex 146.166 6.7784 3.7
      vertex 146.166 4.2216 3.7
      vertex 146.319 4.45 3.7
    endloop
  endfacet
  facet normal 0 0 1
    outer loop
      vertex 145.985 6.98492 3.7
      vertex 146.166 4.2216 3.7
      vertex 146.166 6.7784 3.7
    endloop
  endfacet
  facet normal 0 0 1
    outer loop
      vertex 145.985 6.98492 3.7
      vertex 145.985 4.01508 3.7
      vertex 146.166 4.2216 3.7
    endloop
  endfacet
  facet normal 0 0 1
    outer loop
      vertex 145.778 7.16604 3.7
      vertex 145.985 4.01508 3.7
      vertex 145.985 6.98492 3.7
    endloop
  endfacet
  facet normal 0 0 1
    outer loop
      vertex 145.778 7.16604 3.7
      vertex 145.778 3.83396 3.7
      vertex 145.985 4.01508 3.7
    endloop
  endfacet
  facet normal 0 0 1
    outer loop
      vertex 145.55 7.31865 3.7
      vertex 145.778 3.83396 3.7
      vertex 145.778 7.16604 3.7
    endloop
  endfacet
  facet normal 0 0 1
    outer loop
      vertex 145.55 7.31865 3.7
      vertex 145.55 3.68135 3.7
      vertex 145.778 3.83396 3.7
    endloop
  endfacet
  facet normal 0 0 1
    outer loop
      vertex 145.304 7.44015 3.7
      vertex 145.55 3.68135 3.7
      vertex 145.55 7.31865 3.7
    endloop
  endfacet
  facet normal 0 0 1
    outer loop
      vertex 145.304 7.44015 3.7
      vertex 145.304 3.55985 3.7
      vertex 145.55 3.68135 3.7
    endloop
  endfacet
  facet normal 0 0 1
    outer loop
      vertex 145.044 7.52844 3.7
      vertex 145.304 3.55985 3.7
      vertex 145.304 7.44015 3.7
    endloop
  endfacet
  facet normal 0 0 1
    outer loop
      vertex 145.044 7.52844 3.7
      vertex 145.044 3.47156 3.7
      vertex 145.304 3.55985 3.7
    endloop
  endfacet
  facet normal 0 0 1
    outer loop
      vertex 144.774 7.58203 3.7
      vertex 145.044 3.47156 3.7
      vertex 145.044 7.52844 3.7
    endloop
  endfacet
  facet normal 0 0 1
    outer loop
      vertex 144.774 7.58203 3.7
      vertex 144.774 3.41796 3.7
      vertex 145.044 3.47156 3.7
    endloop
  endfacet
  facet normal 0 0 1
    outer loop
      vertex 144.5 7.6 3.7
      vertex 144.774 3.41796 3.7
      vertex 144.774 7.58203 3.7
    endloop
  endfacet
  facet normal 0 0 1
    outer loop
      vertex 144.5 7.6 3.7
      vertex 144.5 3.4 3.7
      vertex 144.774 3.41796 3.7
    endloop
  endfacet
  facet normal -0 0 1
    outer loop
      vertex 144.226 7.58203 3.7
      vertex 144.5 3.4 3.7
      vertex 144.5 7.6 3.7
    endloop
  endfacet
  facet normal 0 0 1
    outer loop
      vertex 144.226 7.58203 3.7
      vertex 144.226 3.41796 3.7
      vertex 144.5 3.4 3.7
    endloop
  endfacet
  facet normal -0 0 1
    outer loop
      vertex 143.956 7.52844 3.7
      vertex 144.226 3.41796 3.7
      vertex 144.226 7.58203 3.7
    endloop
  endfacet
  facet normal 0 0 1
    outer loop
      vertex 143.956 7.52844 3.7
      vertex 143.956 3.47156 3.7
      vertex 144.226 3.41796 3.7
    endloop
  endfacet
  facet normal -0 0 1
    outer loop
      vertex 143.696 7.44015 3.7
      vertex 143.956 3.47156 3.7
      vertex 143.956 7.52844 3.7
    endloop
  endfacet
  facet normal 0 0 1
    outer loop
      vertex 143.696 7.44015 3.7
      vertex 143.696 3.55985 3.7
      vertex 143.956 3.47156 3.7
    endloop
  endfacet
  facet normal -0 0 1
    outer loop
      vertex 143.45 7.31865 3.7
      vertex 143.696 3.55985 3.7
      vertex 143.696 7.44015 3.7
    endloop
  endfacet
  facet normal 0 0 1
    outer loop
      vertex 143.45 7.31865 3.7
      vertex 143.45 3.68135 3.7
      vertex 143.696 3.55985 3.7
    endloop
  endfacet
  facet normal -0 0 1
    outer loop
      vertex 143.222 7.16604 3.7
      vertex 143.45 3.68135 3.7
      vertex 143.45 7.31865 3.7
    endloop
  endfacet
  facet normal 0 0 1
    outer loop
      vertex 143.222 7.16604 3.7
      vertex 143.222 3.83396 3.7
      vertex 143.45 3.68135 3.7
    endloop
  endfacet
  facet normal -0 0 1
    outer loop
      vertex 143.015 6.98492 3.7
      vertex 143.222 3.83396 3.7
      vertex 143.222 7.16604 3.7
    endloop
  endfacet
  facet normal 0 0 1
    outer loop
      vertex 143.015 6.98492 3.7
      vertex 143.015 4.01508 3.7
      vertex 143.222 3.83396 3.7
    endloop
  endfacet
  facet normal -0 0 1
    outer loop
      vertex 142.834 6.7784 3.7
      vertex 143.015 4.01508 3.7
      vertex 143.015 6.98492 3.7
    endloop
  endfacet
  facet normal 0 0 1
    outer loop
      vertex 142.834 6.7784 3.7
      vertex 142.834 4.2216 3.7
      vertex 143.015 4.01508 3.7
    endloop
  endfacet
  facet normal -0 0 1
    outer loop
      vertex 142.681 6.55 3.7
      vertex 142.834 4.2216 3.7
      vertex 142.834 6.7784 3.7
    endloop
  endfacet
  facet normal 0 0 1
    outer loop
      vertex 142.681 6.55 3.7
      vertex 142.681 4.45 3.7
      vertex 142.834 4.2216 3.7
    endloop
  endfacet
  facet normal -0 0 1
    outer loop
      vertex 142.56 6.30363 3.7
      vertex 142.681 4.45 3.7
      vertex 142.681 6.55 3.7
    endloop
  endfacet
  facet normal 0 0 1
    outer loop
      vertex 142.56 6.30363 3.7
      vertex 142.56 4.69636 3.7
      vertex 142.681 4.45 3.7
    endloop
  endfacet
  facet normal -0 0 1
    outer loop
      vertex 142.472 6.04352 3.7
      vertex 142.56 4.69636 3.7
      vertex 142.56 6.30363 3.7
    endloop
  endfacet
  facet normal 0 0 1
    outer loop
      vertex 142.472 6.04352 3.7
      vertex 142.472 4.95648 3.7
      vertex 142.56 4.69636 3.7
    endloop
  endfacet
  facet normal -0 0 1
    outer loop
      vertex 142.418 5.7741 3.7
      vertex 142.472 4.95648 3.7
      vertex 142.472 6.04352 3.7
    endloop
  endfacet
  facet normal 0 0 1
    outer loop
      vertex 142.418 5.7741 3.7
      vertex 142.418 5.22589 3.7
      vertex 142.472 4.95648 3.7
    endloop
  endfacet
  facet normal 0 -0 1
    outer loop
      vertex 142.418 5.22589 3.7
      vertex 142.418 5.7741 3.7
      vertex 142.4 5.5 3.7
    endloop
  endfacet
  facet normal 0.830817 -0.556546 0
    outer loop
      vertex 142.681 6.55 8.3
      vertex 142.834 6.7784 3.7
      vertex 142.834 6.7784 8.3
    endloop
  endfacet
  facet normal 0.830817 -0.556546 0
    outer loop
      vertex 142.834 6.7784 3.7
      vertex 142.681 6.55 8.3
      vertex 142.681 6.55 3.7
    endloop
  endfacet
  facet normal 0.556238 -0.831023 0
    outer loop
      vertex 143.222 7.16604 3.7
      vertex 143.45 7.31865 8.3
      vertex 143.222 7.16604 8.3
    endloop
  endfacet
  facet normal 0.556238 -0.831023 0
    outer loop
      vertex 143.45 7.31865 8.3
      vertex 143.222 7.16604 3.7
      vertex 143.45 7.31865 3.7
    endloop
  endfacet
  facet normal 0.321544 -0.946895 0
    outer loop
      vertex 143.696 7.44015 3.7
      vertex 143.956 7.52844 8.3
      vertex 143.696 7.44015 8.3
    endloop
  endfacet
  facet normal 0.321544 -0.946895 0
    outer loop
      vertex 143.956 7.52844 8.3
      vertex 143.696 7.44015 3.7
      vertex 143.956 7.52844 3.7
    endloop
  endfacet
  facet normal -0.947261 0.320463 0
    outer loop
      vertex 146.44 4.69636 3.7
      vertex 146.528 4.95648 8.3
      vertex 146.528 4.95648 3.7
    endloop
  endfacet
  facet normal -0.947261 0.320463 0
    outer loop
      vertex 146.528 4.95648 8.3
      vertex 146.44 4.69636 3.7
      vertex 146.44 4.69636 8.3
    endloop
  endfacet
  facet normal -0.442835 0.896603 0
    outer loop
      vertex 145.55 3.68135 3.7
      vertex 145.304 3.55985 8.3
      vertex 145.55 3.68135 8.3
    endloop
  endfacet
  facet normal -0.442835 0.896603 0
    outer loop
      vertex 145.304 3.55985 8.3
      vertex 145.55 3.68135 3.7
      vertex 145.304 3.55985 3.7
    endloop
  endfacet
  facet normal -0.556238 0.831023 0
    outer loop
      vertex 145.778 3.83396 3.7
      vertex 145.55 3.68135 8.3
      vertex 145.778 3.83396 8.3
    endloop
  endfacet
  facet normal -0.556238 0.831023 0
    outer loop
      vertex 145.55 3.68135 8.3
      vertex 145.778 3.83396 3.7
      vertex 145.55 3.68135 3.7
    endloop
  endfacet
  facet normal 0.0654071 0.997859 -0
    outer loop
      vertex 144.5 3.4 3.7
      vertex 144.226 3.41796 8.3
      vertex 144.5 3.4 8.3
    endloop
  endfacet
  facet normal 0.0654071 0.997859 0
    outer loop
      vertex 144.226 3.41796 8.3
      vertex 144.5 3.4 3.7
      vertex 144.226 3.41796 3.7
    endloop
  endfacet
  facet normal 0.556238 0.831023 -0
    outer loop
      vertex 143.45 3.68135 3.7
      vertex 143.222 3.83396 8.3
      vertex 143.45 3.68135 8.3
    endloop
  endfacet
  facet normal 0.556238 0.831023 0
    outer loop
      vertex 143.222 3.83396 8.3
      vertex 143.45 3.68135 3.7
      vertex 143.222 3.83396 3.7
    endloop
  endfacet
  facet normal 0.830817 0.556546 0
    outer loop
      vertex 142.834 4.2216 8.3
      vertex 142.681 4.45 3.7
      vertex 142.681 4.45 8.3
    endloop
  endfacet
  facet normal 0.830817 0.556546 0
    outer loop
      vertex 142.681 4.45 3.7
      vertex 142.834 4.2216 8.3
      vertex 142.834 4.2216 3.7
    endloop
  endfacet
  facet normal 0.947261 0.320463 0
    outer loop
      vertex 142.56 4.69636 8.3
      vertex 142.472 4.95648 3.7
      vertex 142.472 4.95648 8.3
    endloop
  endfacet
  facet normal 0.947261 0.320463 0
    outer loop
      vertex 142.472 4.95648 3.7
      vertex 142.56 4.69636 8.3
      vertex 142.56 4.69636 3.7
    endloop
  endfacet
  facet normal -0.980499 -0.196522 0
    outer loop
      vertex 146.582 5.7741 3.7
      vertex 146.528 6.04352 8.3
      vertex 146.528 6.04352 3.7
    endloop
  endfacet
  facet normal -0.980499 -0.196522 0
    outer loop
      vertex 146.528 6.04352 8.3
      vertex 146.582 5.7741 3.7
      vertex 146.582 5.7741 8.3
    endloop
  endfacet
  facet normal -0.947257 -0.320475 0
    outer loop
      vertex 146.528 6.04352 3.7
      vertex 146.44 6.30363 8.3
      vertex 146.44 6.30363 3.7
    endloop
  endfacet
  facet normal -0.947257 -0.320475 0
    outer loop
      vertex 146.44 6.30363 8.3
      vertex 146.528 6.04352 3.7
      vertex 146.528 6.04352 8.3
    endloop
  endfacet
  facet normal -0.752044 -0.659113 0
    outer loop
      vertex 146.166 6.7784 3.7
      vertex 145.985 6.98492 8.3
      vertex 145.985 6.98492 3.7
    endloop
  endfacet
  facet normal -0.752044 -0.659113 0
    outer loop
      vertex 145.985 6.98492 8.3
      vertex 146.166 6.7784 3.7
      vertex 146.166 6.7784 8.3
    endloop
  endfacet
  facet normal -0.658494 -0.752586 0
    outer loop
      vertex 145.778 7.16604 3.7
      vertex 145.985 6.98492 8.3
      vertex 145.778 7.16604 8.3
    endloop
  endfacet
  facet normal -0.658494 -0.752586 -0
    outer loop
      vertex 145.985 6.98492 8.3
      vertex 145.778 7.16604 3.7
      vertex 145.985 6.98492 3.7
    endloop
  endfacet
  facet normal 0.0654433 -0.997856 0
    outer loop
      vertex 144.226 7.58203 3.7
      vertex 144.5 7.6 8.3
      vertex 144.226 7.58203 8.3
    endloop
  endfacet
  facet normal 0.0654433 -0.997856 0
    outer loop
      vertex 144.5 7.6 8.3
      vertex 144.226 7.58203 3.7
      vertex 144.5 7.6 3.7
    endloop
  endfacet
  facet normal -0.442835 -0.896603 0
    outer loop
      vertex 145.304 7.44015 3.7
      vertex 145.55 7.31865 8.3
      vertex 145.304 7.44015 8.3
    endloop
  endfacet
  facet normal -0.442835 -0.896603 -0
    outer loop
      vertex 145.55 7.31865 8.3
      vertex 145.304 7.44015 3.7
      vertex 145.55 7.31865 3.7
    endloop
  endfacet
  facet normal 0.997851 0.0655259 0
    outer loop
      vertex 142.418 5.22589 8.3
      vertex 142.4 5.5 3.7
      vertex 142.4 5.5 8.3
    endloop
  endfacet
  facet normal 0.997851 0.0655259 0
    outer loop
      vertex 142.4 5.5 3.7
      vertex 142.418 5.22589 8.3
      vertex 142.418 5.22589 3.7
    endloop
  endfacet
  facet normal 0.897589 -0.440834 0
    outer loop
      vertex 142.56 6.30363 8.3
      vertex 142.681 6.55 3.7
      vertex 142.681 6.55 8.3
    endloop
  endfacet
  facet normal 0.897589 -0.440834 0
    outer loop
      vertex 142.681 6.55 3.7
      vertex 142.56 6.30363 8.3
      vertex 142.56 6.30363 3.7
    endloop
  endfacet
  facet normal 0.194684 -0.980866 0
    outer loop
      vertex 143.956 7.52844 3.7
      vertex 144.226 7.58203 8.3
      vertex 143.956 7.52844 8.3
    endloop
  endfacet
  facet normal 0.194684 -0.980866 0
    outer loop
      vertex 144.226 7.58203 8.3
      vertex 143.956 7.52844 3.7
      vertex 144.226 7.58203 3.7
    endloop
  endfacet
  facet normal 0.658494 -0.752586 0
    outer loop
      vertex 143.015 6.98492 3.7
      vertex 143.222 7.16604 8.3
      vertex 143.015 6.98492 8.3
    endloop
  endfacet
  facet normal 0.658494 -0.752586 0
    outer loop
      vertex 143.222 7.16604 8.3
      vertex 143.015 6.98492 3.7
      vertex 143.222 7.16604 3.7
    endloop
  endfacet
  facet normal 0.752044 -0.659113 0
    outer loop
      vertex 142.834 6.7784 8.3
      vertex 143.015 6.98492 3.7
      vertex 143.015 6.98492 8.3
    endloop
  endfacet
  facet normal 0.752044 -0.659113 0
    outer loop
      vertex 143.015 6.98492 3.7
      vertex 142.834 6.7784 8.3
      vertex 142.834 6.7784 3.7
    endloop
  endfacet
  facet normal -0.997851 -0.0655283 0
    outer loop
      vertex 146.6 5.5 3.7
      vertex 146.582 5.7741 8.3
      vertex 146.582 5.7741 3.7
    endloop
  endfacet
  facet normal -0.997851 -0.0655283 0
    outer loop
      vertex 146.582 5.7741 8.3
      vertex 146.6 5.5 3.7
      vertex 146.6 5.5 8.3
    endloop
  endfacet
  facet normal -0.194719 0.980859 0
    outer loop
      vertex 145.044 3.47156 3.7
      vertex 144.774 3.41796 8.3
      vertex 145.044 3.47156 8.3
    endloop
  endfacet
  facet normal -0.194719 0.980859 0
    outer loop
      vertex 144.774 3.41796 8.3
      vertex 145.044 3.47156 3.7
      vertex 144.774 3.41796 3.7
    endloop
  endfacet
  facet normal -0.830817 0.556546 0
    outer loop
      vertex 146.166 4.2216 3.7
      vertex 146.319 4.45 8.3
      vertex 146.319 4.45 3.7
    endloop
  endfacet
  facet normal -0.830817 0.556546 0
    outer loop
      vertex 146.319 4.45 8.3
      vertex 146.166 4.2216 3.7
      vertex 146.166 4.2216 8.3
    endloop
  endfacet
  facet normal -0.897582 0.440848 0
    outer loop
      vertex 146.319 4.45 3.7
      vertex 146.44 4.69636 8.3
      vertex 146.44 4.69636 3.7
    endloop
  endfacet
  facet normal -0.897582 0.440848 0
    outer loop
      vertex 146.44 4.69636 8.3
      vertex 146.319 4.45 3.7
      vertex 146.319 4.45 8.3
    endloop
  endfacet
  facet normal -0.321544 0.946895 0
    outer loop
      vertex 145.304 3.55985 3.7
      vertex 145.044 3.47156 8.3
      vertex 145.304 3.55985 8.3
    endloop
  endfacet
  facet normal -0.321544 0.946895 0
    outer loop
      vertex 145.044 3.47156 8.3
      vertex 145.304 3.55985 3.7
      vertex 145.044 3.47156 3.7
    endloop
  endfacet
  facet normal -0.658494 0.752586 0
    outer loop
      vertex 145.985 4.01508 3.7
      vertex 145.778 3.83396 8.3
      vertex 145.985 4.01508 8.3
    endloop
  endfacet
  facet normal -0.658494 0.752586 0
    outer loop
      vertex 145.778 3.83396 8.3
      vertex 145.985 4.01508 3.7
      vertex 145.778 3.83396 3.7
    endloop
  endfacet
  facet normal -0.0654071 0.997859 0
    outer loop
      vertex 144.774 3.41796 3.7
      vertex 144.5 3.4 8.3
      vertex 144.774 3.41796 8.3
    endloop
  endfacet
  facet normal -0.0654071 0.997859 0
    outer loop
      vertex 144.5 3.4 8.3
      vertex 144.774 3.41796 3.7
      vertex 144.5 3.4 3.7
    endloop
  endfacet
  facet normal 0.442835 0.896603 -0
    outer loop
      vertex 143.696 3.55985 3.7
      vertex 143.45 3.68135 8.3
      vertex 143.696 3.55985 8.3
    endloop
  endfacet
  facet normal 0.442835 0.896603 0
    outer loop
      vertex 143.45 3.68135 8.3
      vertex 143.696 3.55985 3.7
      vertex 143.45 3.68135 3.7
    endloop
  endfacet
  facet normal 0.897582 0.440848 0
    outer loop
      vertex 142.681 4.45 8.3
      vertex 142.56 4.69636 3.7
      vertex 142.56 4.69636 8.3
    endloop
  endfacet
  facet normal 0.897582 0.440848 0
    outer loop
      vertex 142.56 4.69636 3.7
      vertex 142.681 4.45 8.3
      vertex 142.681 4.45 3.7
    endloop
  endfacet
  facet normal 0.980498 0.196529 0
    outer loop
      vertex 142.472 4.95648 8.3
      vertex 142.418 5.22589 3.7
      vertex 142.418 5.22589 8.3
    endloop
  endfacet
  facet normal 0.980498 0.196529 0
    outer loop
      vertex 142.418 5.22589 3.7
      vertex 142.472 4.95648 8.3
      vertex 142.472 4.95648 3.7
    endloop
  endfacet
  facet normal 0.752044 0.659113 0
    outer loop
      vertex 143.015 4.01508 8.3
      vertex 142.834 4.2216 3.7
      vertex 142.834 4.2216 8.3
    endloop
  endfacet
  facet normal 0.752044 0.659113 0
    outer loop
      vertex 142.834 4.2216 3.7
      vertex 143.015 4.01508 8.3
      vertex 143.015 4.01508 3.7
    endloop
  endfacet
  facet normal 0.997851 -0.0655283 0
    outer loop
      vertex 142.4 5.5 8.3
      vertex 142.418 5.7741 3.7
      vertex 142.418 5.7741 8.3
    endloop
  endfacet
  facet normal 0.997851 -0.0655283 0
    outer loop
      vertex 142.418 5.7741 3.7
      vertex 142.4 5.5 8.3
      vertex 142.4 5.5 3.7
    endloop
  endfacet
  facet normal -0.752044 0.659113 0
    outer loop
      vertex 145.985 4.01508 3.7
      vertex 146.166 4.2216 8.3
      vertex 146.166 4.2216 3.7
    endloop
  endfacet
  facet normal -0.752044 0.659113 0
    outer loop
      vertex 146.166 4.2216 8.3
      vertex 145.985 4.01508 3.7
      vertex 145.985 4.01508 8.3
    endloop
  endfacet
  facet normal 0.658494 0.752586 -0
    outer loop
      vertex 143.222 3.83396 3.7
      vertex 143.015 4.01508 8.3
      vertex 143.222 3.83396 8.3
    endloop
  endfacet
  facet normal 0.658494 0.752586 0
    outer loop
      vertex 143.015 4.01508 8.3
      vertex 143.222 3.83396 3.7
      vertex 143.015 4.01508 3.7
    endloop
  endfacet
  facet normal -0.961752 -0.0631577 0.266542
    outer loop
      vertex 146.6 5.5 8.3
      vertex 146.79 5.56091 9
      vertex 146.582 5.7741 8.3
    endloop
  endfacet
  facet normal -0.961752 -0.0631589 0.266543
    outer loop
      vertex 146.79 5.56091 9
      vertex 146.6 5.5 8.3
      vertex 146.794 5.5 9
    endloop
  endfacet
  facet normal 0.642411 -0.718402 0.266844
    outer loop
      vertex 143.015 6.98492 8.3
      vertex 142.923 7.16266 9
      vertex 142.878 7.12242 9
    endloop
  endfacet
  facet normal 0.634494 -0.725156 0.267518
    outer loop
      vertex 142.923 7.16266 9
      vertex 143.015 6.98492 8.3
      vertex 143.222 7.16604 8.3
    endloop
  endfacet
  facet normal -0.6425 0.718323 0.266845
    outer loop
      vertex 145.985 4.01508 8.3
      vertex 146.077 3.83733 9
      vertex 146.122 3.87758 9
    endloop
  endfacet
  facet normal -0.634492 0.725154 0.267528
    outer loop
      vertex 146.077 3.83733 9
      vertex 145.985 4.01508 8.3
      vertex 145.778 3.83396 8.3
    endloop
  endfacet
  facet normal 0.961752 0.0631589 0.266543
    outer loop
      vertex 142.21 5.43909 9
      vertex 142.4 5.5 8.3
      vertex 142.206 5.5 9
    endloop
  endfacet
  facet normal 0.961752 0.0631554 0.266542
    outer loop
      vertex 142.4 5.5 8.3
      vertex 142.21 5.43909 9
      vertex 142.418 5.22589 8.3
    endloop
  endfacet
  facet normal -0.915418 -0.300864 0.267379
    outer loop
      vertex 146.44 6.30363 8.3
      vertex 146.639 6.32024 9
      vertex 146.62 6.37805 9
    endloop
  endfacet
  facet normal -0.912906 -0.308853 0.266855
    outer loop
      vertex 146.639 6.32024 9
      vertex 146.44 6.30363 8.3
      vertex 146.528 6.04352 8.3
    endloop
  endfacet
  facet normal -0.724663 0.635115 0.267381
    outer loop
      vertex 145.985 4.01508 8.3
      vertex 146.163 3.92348 9
      vertex 146.166 4.2216 8.3
    endloop
  endfacet
  facet normal -0.718763 0.642032 0.266786
    outer loop
      vertex 146.163 3.92348 9
      vertex 145.985 4.01508 8.3
      vertex 146.122 3.87758 9
    endloop
  endfacet
  facet normal -0.634797 0.724838 0.26766
    outer loop
      vertex 145.897 3.67969 9
      vertex 146.077 3.83733 9
      vertex 145.778 3.83396 8.3
    endloop
  endfacet
  facet normal 0.310255 0.912397 0.26697
    outer loop
      vertex 143.906 3.28374 9
      vertex 143.956 3.47156 8.3
      vertex 143.68 3.36059 9
    endloop
  endfacet
  facet normal 0.863986 0.427098 0.266674
    outer loop
      vertex 142.513 4.35278 9
      vertex 142.681 4.45 8.3
      vertex 142.407 4.56721 9
    endloop
  endfacet
  facet normal 0.718763 -0.642032 0.266786
    outer loop
      vertex 142.837 7.07652 9
      vertex 143.015 6.98492 8.3
      vertex 142.878 7.12242 9
    endloop
  endfacet
  facet normal 0.724663 -0.635115 0.267381
    outer loop
      vertex 143.015 6.98492 8.3
      vertex 142.837 7.07652 9
      vertex 142.834 6.7784 8.3
    endloop
  endfacet
  facet normal 0.634799 -0.72484 0.26765
    outer loop
      vertex 143.222 7.16604 8.3
      vertex 143.103 7.3203 9
      vertex 142.923 7.16266 9
    endloop
  endfacet
  facet normal -0.634494 -0.725156 0.267518
    outer loop
      vertex 145.985 6.98492 8.3
      vertex 146.077 7.16266 9
      vertex 145.778 7.16604 8.3
    endloop
  endfacet
  facet normal -0.642411 -0.718402 0.266844
    outer loop
      vertex 146.077 7.16266 9
      vertex 145.985 6.98492 8.3
      vertex 146.122 7.12242 9
    endloop
  endfacet
  facet normal -0.961701 -0.0604666 0.267347
    outer loop
      vertex 146.79 5.56091 9
      vertex 146.775 5.79948 9
      vertex 146.582 5.7741 8.3
    endloop
  endfacet
  facet normal -0.961752 0.0631589 0.266543
    outer loop
      vertex 146.6 5.5 8.3
      vertex 146.79 5.43909 9
      vertex 146.794 5.5 9
    endloop
  endfacet
  facet normal -0.961752 0.0631554 0.266542
    outer loop
      vertex 146.79 5.43909 9
      vertex 146.6 5.5 8.3
      vertex 146.582 5.22589 8.3
    endloop
  endfacet
  facet normal -0.725841 0.633975 0.26689
    outer loop
      vertex 146.32 4.10323 9
      vertex 146.166 4.2216 8.3
      vertex 146.163 3.92348 9
    endloop
  endfacet
  facet normal -0.944805 0.189372 0.267362
    outer loop
      vertex 146.728 4.96602 9
      vertex 146.775 5.20051 9
      vertex 146.582 5.22589 8.3
    endloop
  endfacet
  facet normal -0.533501 0.802375 0.267527
    outer loop
      vertex 145.778 3.83396 8.3
      vertex 145.846 3.64578 9
      vertex 145.897 3.67969 9
    endloop
  endfacet
  facet normal -0.535993 0.800776 0.267339
    outer loop
      vertex 145.846 3.64578 9
      vertex 145.778 3.83396 8.3
      vertex 145.55 3.68135 8.3
    endloop
  endfacet
  facet normal -0.0630305 0.961601 0.267117
    outer loop
      vertex 144.5 3.4 8.3
      vertex 144.561 3.20955 9
      vertex 144.774 3.41796 8.3
    endloop
  endfacet
  facet normal -0.0628989 0.961612 0.267108
    outer loop
      vertex 144.561 3.20955 9
      vertex 144.5 3.4 8.3
      vertex 144.5 3.20556 9
    endloop
  endfacet
  facet normal -0.0631506 0.961603 0.267081
    outer loop
      vertex 144.799 3.22518 9
      vertex 144.774 3.41796 8.3
      vertex 144.561 3.20955 9
    endloop
  endfacet
  facet normal 0.961701 0.0604641 0.267347
    outer loop
      vertex 142.225 5.20051 9
      vertex 142.418 5.22589 8.3
      vertex 142.21 5.43909 9
    endloop
  endfacet
  facet normal 0.724663 0.635115 0.267381
    outer loop
      vertex 142.837 3.92348 9
      vertex 143.015 4.01508 8.3
      vertex 142.834 4.2216 8.3
    endloop
  endfacet
  facet normal 0.718763 0.642032 0.266786
    outer loop
      vertex 143.015 4.01508 8.3
      vertex 142.837 3.92348 9
      vertex 142.878 3.87758 9
    endloop
  endfacet
  facet normal 0.424687 0.865103 0.266906
    outer loop
      vertex 143.696 3.55985 8.3
      vertex 143.567 3.40721 9
      vertex 143.622 3.38021 9
    endloop
  endfacet
  facet normal 0.426751 0.86404 0.267054
    outer loop
      vertex 143.567 3.40721 9
      vertex 143.696 3.55985 8.3
      vertex 143.45 3.68135 8.3
    endloop
  endfacet
  facet normal 0.0628989 0.961612 0.267108
    outer loop
      vertex 144.5 3.4 8.3
      vertex 144.439 3.20955 9
      vertex 144.5 3.20556 9
    endloop
  endfacet
  facet normal 0.0630305 0.961601 0.267117
    outer loop
      vertex 144.439 3.20955 9
      vertex 144.5 3.4 8.3
      vertex 144.226 3.41796 8.3
    endloop
  endfacet
  facet normal 0.634797 0.724838 0.26766
    outer loop
      vertex 143.103 3.67969 9
      vertex 143.222 3.83396 8.3
      vertex 142.923 3.83733 9
    endloop
  endfacet
  facet normal 0.961752 -0.0631589 0.266543
    outer loop
      vertex 142.4 5.5 8.3
      vertex 142.21 5.56091 9
      vertex 142.206 5.5 9
    endloop
  endfacet
  facet normal 0.961752 -0.0631577 0.266542
    outer loop
      vertex 142.21 5.56091 9
      vertex 142.4 5.5 8.3
      vertex 142.418 5.7741 8.3
    endloop
  endfacet
  facet normal 0.725841 -0.633975 0.26689
    outer loop
      vertex 142.834 6.7784 8.3
      vertex 142.837 7.07652 9
      vertex 142.68 6.89677 9
    endloop
  endfacet
  facet normal 0.944806 -0.189364 0.267362
    outer loop
      vertex 142.418 5.7741 8.3
      vertex 142.272 6.03398 9
      vertex 142.225 5.79948 9
    endloop
  endfacet
  facet normal 0.533611 -0.802305 0.267519
    outer loop
      vertex 143.222 7.16604 8.3
      vertex 143.154 7.35422 9
      vertex 143.103 7.3203 9
    endloop
  endfacet
  facet normal 0.535993 -0.800776 0.267339
    outer loop
      vertex 143.154 7.35422 9
      vertex 143.222 7.16604 8.3
      vertex 143.45 7.31865 8.3
    endloop
  endfacet
  facet normal 0.0630654 -0.961598 0.267119
    outer loop
      vertex 144.5 7.6 8.3
      vertex 144.439 7.79045 9
      vertex 144.226 7.58203 8.3
    endloop
  endfacet
  facet normal 0.0628989 -0.961612 0.267108
    outer loop
      vertex 144.439 7.79045 9
      vertex 144.5 7.6 8.3
      vertex 144.5 7.79444 9
    endloop
  endfacet
  facet normal 0.0631504 -0.961599 0.267094
    outer loop
      vertex 144.226 7.58203 8.3
      vertex 144.439 7.79045 9
      vertex 144.201 7.77482 9
    endloop
  endfacet
  facet normal -0.634799 -0.72484 0.26765
    outer loop
      vertex 146.077 7.16266 9
      vertex 145.897 7.3203 9
      vertex 145.778 7.16604 8.3
    endloop
  endfacet
  facet normal -0.801036 -0.535931 0.266682
    outer loop
      vertex 146.487 6.64722 9
      vertex 146.354 6.84601 9
      vertex 146.319 6.55 8.3
    endloop
  endfacet
  facet normal -0.309884 -0.912559 0.266849
    outer loop
      vertex 145.304 7.44015 8.3
      vertex 145.32 7.63941 9
      vertex 145.044 7.52844 8.3
    endloop
  endfacet
  facet normal -0.308812 -0.912901 0.266922
    outer loop
      vertex 145.32 7.63941 9
      vertex 145.304 7.44015 8.3
      vertex 145.378 7.61979 9
    endloop
  endfacet
  facet normal -0.944806 -0.189364 0.267362
    outer loop
      vertex 146.775 5.79948 9
      vertex 146.728 6.03398 9
      vertex 146.582 5.7741 8.3
    endloop
  endfacet
  facet normal -0.912283 -0.310287 0.267323
    outer loop
      vertex 146.716 6.09385 9
      vertex 146.639 6.32024 9
      vertex 146.528 6.04352 8.3
    endloop
  endfacet
  facet normal -0.864151 0.426235 0.267519
    outer loop
      vertex 146.44 4.69636 8.3
      vertex 146.593 4.56721 9
      vertex 146.62 4.62195 9
    endloop
  endfacet
  facet normal -0.864893 0.424793 0.267415
    outer loop
      vertex 146.593 4.56721 9
      vertex 146.44 4.69636 8.3
      vertex 146.319 4.45 8.3
    endloop
  endfacet
  facet normal -0.961701 0.0604641 0.267347
    outer loop
      vertex 146.775 5.20051 9
      vertex 146.79 5.43909 9
      vertex 146.582 5.22589 8.3
    endloop
  endfacet
  facet normal -0.308812 0.912901 0.266922
    outer loop
      vertex 145.304 3.55985 8.3
      vertex 145.32 3.36059 9
      vertex 145.378 3.38021 9
    endloop
  endfacet
  facet normal -0.309884 0.912559 0.266849
    outer loop
      vertex 145.32 3.36059 9
      vertex 145.304 3.55985 8.3
      vertex 145.044 3.47156 8.3
    endloop
  endfacet
  facet normal 0.912911 0.308843 0.266852
    outer loop
      vertex 142.361 4.67976 9
      vertex 142.56 4.69636 8.3
      vertex 142.472 4.95648 8.3
    endloop
  endfacet
  facet normal 0.915419 0.300864 0.267375
    outer loop
      vertex 142.56 4.69636 8.3
      vertex 142.361 4.67976 9
      vertex 142.38 4.62195 9
    endloop
  endfacet
  facet normal 0.864151 0.426235 0.267519
    outer loop
      vertex 142.407 4.56721 9
      vertex 142.56 4.69636 8.3
      vertex 142.38 4.62195 9
    endloop
  endfacet
  facet normal 0.864893 0.424793 0.267415
    outer loop
      vertex 142.56 4.69636 8.3
      vertex 142.407 4.56721 9
      vertex 142.681 4.45 8.3
    endloop
  endfacet
  facet normal 0.309884 0.912559 0.266849
    outer loop
      vertex 143.696 3.55985 8.3
      vertex 143.68 3.36059 9
      vertex 143.956 3.47156 8.3
    endloop
  endfacet
  facet normal 0.308812 0.912901 0.266922
    outer loop
      vertex 143.68 3.36059 9
      vertex 143.696 3.55985 8.3
      vertex 143.622 3.38021 9
    endloop
  endfacet
  facet normal 0.426903 0.86398 0.267006
    outer loop
      vertex 143.567 3.40721 9
      vertex 143.45 3.68135 8.3
      vertex 143.353 3.51295 9
    endloop
  endfacet
  facet normal 0.535993 0.800776 0.267339
    outer loop
      vertex 143.222 3.83396 8.3
      vertex 143.154 3.64578 9
      vertex 143.45 3.68135 8.3
    endloop
  endfacet
  facet normal 0.533501 0.802375 0.267527
    outer loop
      vertex 143.154 3.64578 9
      vertex 143.222 3.83396 8.3
      vertex 143.103 3.67969 9
    endloop
  endfacet
  facet normal 0.86415 -0.426234 0.267525
    outer loop
      vertex 142.56 6.30363 8.3
      vertex 142.407 6.43279 9
      vertex 142.38 6.37805 9
    endloop
  endfacet
  facet normal 0.864899 -0.424779 0.26742
    outer loop
      vertex 142.407 6.43279 9
      vertex 142.56 6.30363 8.3
      vertex 142.681 6.55 8.3
    endloop
  endfacet
  facet normal 0.961701 -0.0604666 0.267347
    outer loop
      vertex 142.418 5.7741 8.3
      vertex 142.225 5.79948 9
      vertex 142.21 5.56091 9
    endloop
  endfacet
  facet normal 0.308812 -0.912901 0.266922
    outer loop
      vertex 143.696 7.44015 8.3
      vertex 143.68 7.63941 9
      vertex 143.622 7.61979 9
    endloop
  endfacet
  facet normal 0.309884 -0.912559 0.266849
    outer loop
      vertex 143.68 7.63941 9
      vertex 143.696 7.44015 8.3
      vertex 143.956 7.52844 8.3
    endloop
  endfacet
  facet normal -0.535993 -0.800776 0.267339
    outer loop
      vertex 145.778 7.16604 8.3
      vertex 145.846 7.35422 9
      vertex 145.55 7.31865 8.3
    endloop
  endfacet
  facet normal -0.533611 -0.802305 0.267519
    outer loop
      vertex 145.846 7.35422 9
      vertex 145.778 7.16604 8.3
      vertex 145.897 7.3203 9
    endloop
  endfacet
  facet normal -0.718763 -0.642032 0.266786
    outer loop
      vertex 145.985 6.98492 8.3
      vertex 146.163 7.07652 9
      vertex 146.122 7.12242 9
    endloop
  endfacet
  facet normal -0.724663 -0.635115 0.267381
    outer loop
      vertex 146.163 7.07652 9
      vertex 145.985 6.98492 8.3
      vertex 146.166 6.7784 8.3
    endloop
  endfacet
  facet normal -0.725841 -0.633975 0.26689
    outer loop
      vertex 146.166 6.7784 8.3
      vertex 146.32 6.89677 9
      vertex 146.163 7.07652 9
    endloop
  endfacet
  facet normal -0.187641 -0.945243 0.267035
    outer loop
      vertex 145.034 7.72817 9
      vertex 144.799 7.77482 9
      vertex 144.774 7.58203 8.3
    endloop
  endfacet
  facet normal -0.310255 -0.912397 0.26697
    outer loop
      vertex 145.32 7.63941 9
      vertex 145.094 7.71626 9
      vertex 145.044 7.52844 8.3
    endloop
  endfacet
  facet normal -0.944804 -0.189371 0.267363
    outer loop
      vertex 146.528 6.04352 8.3
      vertex 146.728 6.03398 9
      vertex 146.716 6.09385 9
    endloop
  endfacet
  facet normal -0.944805 -0.189368 0.267363
    outer loop
      vertex 146.728 6.03398 9
      vertex 146.528 6.04352 8.3
      vertex 146.582 5.7741 8.3
    endloop
  endfacet
  facet normal -0.863986 0.427098 0.266674
    outer loop
      vertex 146.487 4.35278 9
      vertex 146.593 4.56721 9
      vertex 146.319 4.45 8.3
    endloop
  endfacet
  facet normal -0.944804 0.189375 0.267363
    outer loop
      vertex 146.528 4.95648 8.3
      vertex 146.728 4.96602 9
      vertex 146.582 5.22589 8.3
    endloop
  endfacet
  facet normal -0.944804 0.189371 0.267363
    outer loop
      vertex 146.728 4.96602 9
      vertex 146.528 4.95648 8.3
      vertex 146.716 4.90615 9
    endloop
  endfacet
  facet normal -0.912283 0.310287 0.267323
    outer loop
      vertex 146.639 4.67976 9
      vertex 146.716 4.90615 9
      vertex 146.528 4.95648 8.3
    endloop
  endfacet
  facet normal -0.426903 0.86398 0.267006
    outer loop
      vertex 145.647 3.51295 9
      vertex 145.55 3.68135 8.3
      vertex 145.433 3.40721 9
    endloop
  endfacet
  facet normal -0.535023 0.801548 0.266968
    outer loop
      vertex 145.647 3.51295 9
      vertex 145.846 3.64578 9
      vertex 145.55 3.68135 8.3
    endloop
  endfacet
  facet normal -0.187641 0.945246 0.267022
    outer loop
      vertex 144.799 3.22518 9
      vertex 145.034 3.27183 9
      vertex 144.774 3.41796 8.3
    endloop
  endfacet
  facet normal 0.944805 0.189372 0.267362
    outer loop
      vertex 142.272 4.96602 9
      vertex 142.418 5.22589 8.3
      vertex 142.225 5.20051 9
    endloop
  endfacet
  facet normal 0.801036 0.535931 0.266682
    outer loop
      vertex 142.646 4.15399 9
      vertex 142.681 4.45 8.3
      vertex 142.513 4.35278 9
    endloop
  endfacet
  facet normal 0.187648 0.945244 0.267024
    outer loop
      vertex 143.956 3.47156 8.3
      vertex 143.966 3.27183 9
      vertex 144.226 3.41796 8.3
    endloop
  endfacet
  facet normal 0.187632 0.945247 0.267026
    outer loop
      vertex 143.966 3.27183 9
      vertex 143.956 3.47156 8.3
      vertex 143.906 3.28374 9
    endloop
  endfacet
  facet normal 0.535023 0.801548 0.266968
    outer loop
      vertex 143.353 3.51295 9
      vertex 143.45 3.68135 8.3
      vertex 143.154 3.64578 9
    endloop
  endfacet
  facet normal 0.634492 0.725154 0.267528
    outer loop
      vertex 143.015 4.01508 8.3
      vertex 142.923 3.83733 9
      vertex 143.222 3.83396 8.3
    endloop
  endfacet
  facet normal 0.6425 0.718323 0.266845
    outer loop
      vertex 142.923 3.83733 9
      vertex 143.015 4.01508 8.3
      vertex 142.878 3.87758 9
    endloop
  endfacet
  facet normal 0.863986 -0.427098 0.266674
    outer loop
      vertex 142.681 6.55 8.3
      vertex 142.513 6.64722 9
      vertex 142.407 6.43279 9
    endloop
  endfacet
  facet normal 0.944804 -0.189371 0.267363
    outer loop
      vertex 142.272 6.03398 9
      vertex 142.472 6.04352 8.3
      vertex 142.284 6.09385 9
    endloop
  endfacet
  facet normal 0.944805 -0.189368 0.267363
    outer loop
      vertex 142.472 6.04352 8.3
      vertex 142.272 6.03398 9
      vertex 142.418 5.7741 8.3
    endloop
  endfacet
  facet normal 0.912283 -0.310287 0.267323
    outer loop
      vertex 142.472 6.04352 8.3
      vertex 142.361 6.32024 9
      vertex 142.284 6.09385 9
    endloop
  endfacet
  facet normal 0.426903 -0.86398 0.267006
    outer loop
      vertex 143.45 7.31865 8.3
      vertex 143.567 7.59279 9
      vertex 143.353 7.48705 9
    endloop
  endfacet
  facet normal 0.535023 -0.801548 0.266968
    outer loop
      vertex 143.45 7.31865 8.3
      vertex 143.353 7.48705 9
      vertex 143.154 7.35422 9
    endloop
  endfacet
  facet normal 0.187641 -0.945243 0.267035
    outer loop
      vertex 144.226 7.58203 8.3
      vertex 144.201 7.77482 9
      vertex 143.966 7.72817 9
    endloop
  endfacet
  facet normal -0.424687 -0.865103 0.266906
    outer loop
      vertex 145.304 7.44015 8.3
      vertex 145.433 7.59279 9
      vertex 145.378 7.61979 9
    endloop
  endfacet
  facet normal -0.426751 -0.86404 0.267054
    outer loop
      vertex 145.433 7.59279 9
      vertex 145.304 7.44015 8.3
      vertex 145.55 7.31865 8.3
    endloop
  endfacet
  facet normal -0.863986 -0.427098 0.266674
    outer loop
      vertex 146.593 6.43279 9
      vertex 146.487 6.64722 9
      vertex 146.319 6.55 8.3
    endloop
  endfacet
  facet normal -0.864899 -0.424779 0.26742
    outer loop
      vertex 146.44 6.30363 8.3
      vertex 146.593 6.43279 9
      vertex 146.319 6.55 8.3
    endloop
  endfacet
  facet normal -0.86415 -0.426234 0.267525
    outer loop
      vertex 146.593 6.43279 9
      vertex 146.44 6.30363 8.3
      vertex 146.62 6.37805 9
    endloop
  endfacet
  facet normal -0.187615 -0.94525 0.267027
    outer loop
      vertex 145.044 7.52844 8.3
      vertex 145.034 7.72817 9
      vertex 144.774 7.58203 8.3
    endloop
  endfacet
  facet normal -0.187632 -0.945247 0.267026
    outer loop
      vertex 145.034 7.72817 9
      vertex 145.044 7.52844 8.3
      vertex 145.094 7.71626 9
    endloop
  endfacet
  facet normal -0.801036 0.535931 0.266682
    outer loop
      vertex 146.354 4.15399 9
      vertex 146.487 4.35278 9
      vertex 146.319 4.45 8.3
    endloop
  endfacet
  facet normal -0.800691 0.536365 0.266848
    outer loop
      vertex 146.166 4.2216 8.3
      vertex 146.354 4.15399 9
      vertex 146.319 4.45 8.3
    endloop
  endfacet
  facet normal -0.800712 0.536332 0.26685
    outer loop
      vertex 146.354 4.15399 9
      vertex 146.166 4.2216 8.3
      vertex 146.32 4.10323 9
    endloop
  endfacet
  facet normal -0.912911 0.308843 0.266852
    outer loop
      vertex 146.44 4.69636 8.3
      vertex 146.639 4.67976 9
      vertex 146.528 4.95648 8.3
    endloop
  endfacet
  facet normal -0.915419 0.300864 0.267375
    outer loop
      vertex 146.639 4.67976 9
      vertex 146.44 4.69636 8.3
      vertex 146.62 4.62195 9
    endloop
  endfacet
  facet normal -0.426751 0.86404 0.267054
    outer loop
      vertex 145.304 3.55985 8.3
      vertex 145.433 3.40721 9
      vertex 145.55 3.68135 8.3
    endloop
  endfacet
  facet normal -0.424687 0.865103 0.266906
    outer loop
      vertex 145.433 3.40721 9
      vertex 145.304 3.55985 8.3
      vertex 145.378 3.38021 9
    endloop
  endfacet
  facet normal -0.310255 0.912397 0.26697
    outer loop
      vertex 145.094 3.28374 9
      vertex 145.32 3.36059 9
      vertex 145.044 3.47156 8.3
    endloop
  endfacet
  facet normal -0.187632 0.945247 0.267026
    outer loop
      vertex 145.044 3.47156 8.3
      vertex 145.034 3.27183 9
      vertex 145.094 3.28374 9
    endloop
  endfacet
  facet normal -0.187648 0.945244 0.267024
    outer loop
      vertex 145.034 3.27183 9
      vertex 145.044 3.47156 8.3
      vertex 144.774 3.41796 8.3
    endloop
  endfacet
  facet normal 0.912283 0.310287 0.267323
    outer loop
      vertex 142.361 4.67976 9
      vertex 142.472 4.95648 8.3
      vertex 142.284 4.90615 9
    endloop
  endfacet
  facet normal 0.944804 0.189375 0.267363
    outer loop
      vertex 142.272 4.96602 9
      vertex 142.472 4.95648 8.3
      vertex 142.418 5.22589 8.3
    endloop
  endfacet
  facet normal 0.944804 0.189371 0.267363
    outer loop
      vertex 142.472 4.95648 8.3
      vertex 142.272 4.96602 9
      vertex 142.284 4.90615 9
    endloop
  endfacet
  facet normal 0.725841 0.633975 0.26689
    outer loop
      vertex 142.837 3.92348 9
      vertex 142.834 4.2216 8.3
      vertex 142.68 4.10323 9
    endloop
  endfacet
  facet normal 0.800691 0.536365 0.266848
    outer loop
      vertex 142.646 4.15399 9
      vertex 142.834 4.2216 8.3
      vertex 142.681 4.45 8.3
    endloop
  endfacet
  facet normal 0.800712 0.536332 0.26685
    outer loop
      vertex 142.834 4.2216 8.3
      vertex 142.646 4.15399 9
      vertex 142.68 4.10323 9
    endloop
  endfacet
  facet normal 0.0631506 0.961603 0.267081
    outer loop
      vertex 144.439 3.20955 9
      vertex 144.226 3.41796 8.3
      vertex 144.201 3.22518 9
    endloop
  endfacet
  facet normal 0.187641 0.945246 0.267022
    outer loop
      vertex 144.201 3.22518 9
      vertex 144.226 3.41796 8.3
      vertex 143.966 3.27183 9
    endloop
  endfacet
  facet normal 0.801036 -0.535931 0.266682
    outer loop
      vertex 142.681 6.55 8.3
      vertex 142.646 6.84601 9
      vertex 142.513 6.64722 9
    endloop
  endfacet
  facet normal 0.800712 -0.536332 0.26685
    outer loop
      vertex 142.646 6.84601 9
      vertex 142.834 6.7784 8.3
      vertex 142.68 6.89677 9
    endloop
  endfacet
  facet normal 0.800691 -0.536365 0.266848
    outer loop
      vertex 142.834 6.7784 8.3
      vertex 142.646 6.84601 9
      vertex 142.681 6.55 8.3
    endloop
  endfacet
  facet normal 0.915418 -0.300864 0.267379
    outer loop
      vertex 142.361 6.32024 9
      vertex 142.56 6.30363 8.3
      vertex 142.38 6.37805 9
    endloop
  endfacet
  facet normal 0.912906 -0.308853 0.266855
    outer loop
      vertex 142.56 6.30363 8.3
      vertex 142.361 6.32024 9
      vertex 142.472 6.04352 8.3
    endloop
  endfacet
  facet normal 0.426751 -0.86404 0.267054
    outer loop
      vertex 143.696 7.44015 8.3
      vertex 143.567 7.59279 9
      vertex 143.45 7.31865 8.3
    endloop
  endfacet
  facet normal 0.424687 -0.865103 0.266906
    outer loop
      vertex 143.567 7.59279 9
      vertex 143.696 7.44015 8.3
      vertex 143.622 7.61979 9
    endloop
  endfacet
  facet normal 0.310255 -0.912397 0.26697
    outer loop
      vertex 143.956 7.52844 8.3
      vertex 143.906 7.71626 9
      vertex 143.68 7.63941 9
    endloop
  endfacet
  facet normal 0.187632 -0.945247 0.267026
    outer loop
      vertex 143.956 7.52844 8.3
      vertex 143.966 7.72817 9
      vertex 143.906 7.71626 9
    endloop
  endfacet
  facet normal 0.187615 -0.94525 0.267027
    outer loop
      vertex 143.966 7.72817 9
      vertex 143.956 7.52844 8.3
      vertex 144.226 7.58203 8.3
    endloop
  endfacet
  facet normal -0.426903 -0.86398 0.267006
    outer loop
      vertex 145.55 7.31865 8.3
      vertex 145.647 7.48705 9
      vertex 145.433 7.59279 9
    endloop
  endfacet
  facet normal -0.535023 -0.801548 0.266968
    outer loop
      vertex 145.846 7.35422 9
      vertex 145.647 7.48705 9
      vertex 145.55 7.31865 8.3
    endloop
  endfacet
  facet normal -0.800712 -0.536332 0.26685
    outer loop
      vertex 146.166 6.7784 8.3
      vertex 146.354 6.84601 9
      vertex 146.32 6.89677 9
    endloop
  endfacet
  facet normal -0.800691 -0.536365 0.266848
    outer loop
      vertex 146.354 6.84601 9
      vertex 146.166 6.7784 8.3
      vertex 146.319 6.55 8.3
    endloop
  endfacet
  facet normal -0.0628989 -0.961612 0.267108
    outer loop
      vertex 144.5 7.6 8.3
      vertex 144.561 7.79045 9
      vertex 144.5 7.79444 9
    endloop
  endfacet
  facet normal -0.0630654 -0.961598 0.267119
    outer loop
      vertex 144.561 7.79045 9
      vertex 144.5 7.6 8.3
      vertex 144.774 7.58203 8.3
    endloop
  endfacet
  facet normal -0.0631504 -0.961599 0.267094
    outer loop
      vertex 144.774 7.58203 8.3
      vertex 144.799 7.77482 9
      vertex 144.561 7.79045 9
    endloop
  endfacet
  facet normal -0.55554 -0.83149 0
    outer loop
      vertex 6.55 96.3186 3.7
      vertex 6.7784 96.166 8.3
      vertex 6.55 96.3186 8.3
    endloop
  endfacet
  facet normal -0.55554 -0.83149 -0
    outer loop
      vertex 6.7784 96.166 8.3
      vertex 6.55 96.3186 3.7
      vertex 6.7784 96.166 3.7
    endloop
  endfacet
  facet normal 0.980776 -0.195136 0
    outer loop
      vertex 3.41796 94.7741 8.3
      vertex 3.47156 95.0435 3.7
      vertex 3.47156 95.0435 8.3
    endloop
  endfacet
  facet normal 0.980776 -0.195136 0
    outer loop
      vertex 3.47156 95.0435 3.7
      vertex 3.41796 94.7741 8.3
      vertex 3.41796 94.7741 3.7
    endloop
  endfacet
  facet normal -0.980783 0.195101 0
    outer loop
      vertex 7.52844 93.9565 3.7
      vertex 7.58203 94.2259 8.3
      vertex 7.58203 94.2259 3.7
    endloop
  endfacet
  facet normal -0.980783 0.195101 0
    outer loop
      vertex 7.58203 94.2259 8.3
      vertex 7.52844 93.9565 3.7
      vertex 7.52844 93.9565 8.3
    endloop
  endfacet
  facet normal 0.195129 0.980778 -0
    outer loop
      vertex 5.22589 92.418 3.7
      vertex 4.95648 92.4716 8.3
      vertex 5.22589 92.418 8.3
    endloop
  endfacet
  facet normal 0.195129 0.980778 0
    outer loop
      vertex 4.95648 92.4716 8.3
      vertex 5.22589 92.418 3.7
      vertex 4.95648 92.4716 3.7
    endloop
  endfacet
  facet normal 0.442314 -0.89686 0
    outer loop
      vertex 4.45 96.3186 3.7
      vertex 4.69636 96.4401 8.3
      vertex 4.45 96.3186 8.3
    endloop
  endfacet
  facet normal 0.442314 -0.89686 0
    outer loop
      vertex 4.69636 96.4401 8.3
      vertex 4.45 96.3186 3.7
      vertex 4.69636 96.4401 3.7
    endloop
  endfacet
  facet normal 0.946932 -0.321433 0
    outer loop
      vertex 3.47156 95.0435 8.3
      vertex 3.55985 95.3036 3.7
      vertex 3.55985 95.3036 8.3
    endloop
  endfacet
  facet normal 0.946932 -0.321433 0
    outer loop
      vertex 3.55985 95.3036 3.7
      vertex 3.47156 95.0435 8.3
      vertex 3.47156 95.0435 3.7
    endloop
  endfacet
  facet normal 0.831473 0.555565 0
    outer loop
      vertex 3.83396 93.2216 8.3
      vertex 3.68135 93.45 3.7
      vertex 3.68135 93.45 8.3
    endloop
  endfacet
  facet normal 0.831473 0.555565 0
    outer loop
      vertex 3.68135 93.45 3.7
      vertex 3.83396 93.2216 8.3
      vertex 3.83396 93.2216 3.7
    endloop
  endfacet
  facet normal -0.946932 -0.321433 0
    outer loop
      vertex 7.52844 95.0435 3.7
      vertex 7.44015 95.3036 8.3
      vertex 7.44015 95.3036 3.7
    endloop
  endfacet
  facet normal -0.946932 -0.321433 0
    outer loop
      vertex 7.44015 95.3036 8.3
      vertex 7.52844 95.0435 3.7
      vertex 7.52844 95.0435 8.3
    endloop
  endfacet
  facet normal -0.896889 -0.442256 0
    outer loop
      vertex 7.44015 95.3036 3.7
      vertex 7.31865 95.55 8.3
      vertex 7.31865 95.55 3.7
    endloop
  endfacet
  facet normal -0.896889 -0.442256 0
    outer loop
      vertex 7.31865 95.55 8.3
      vertex 7.44015 95.3036 3.7
      vertex 7.44015 95.3036 8.3
    endloop
  endfacet
  facet normal -0.831473 -0.555565 0
    outer loop
      vertex 7.31865 95.55 3.7
      vertex 7.16604 95.7784 8.3
      vertex 7.16604 95.7784 3.7
    endloop
  endfacet
  facet normal -0.831473 -0.555565 0
    outer loop
      vertex 7.16604 95.7784 8.3
      vertex 7.31865 95.55 3.7
      vertex 7.31865 95.55 8.3
    endloop
  endfacet
  facet normal -0.751796 -0.659396 0
    outer loop
      vertex 7.16604 95.7784 3.7
      vertex 6.98492 95.9849 8.3
      vertex 6.98492 95.9849 3.7
    endloop
  endfacet
  facet normal -0.751796 -0.659396 0
    outer loop
      vertex 6.98492 95.9849 8.3
      vertex 7.16604 95.7784 3.7
      vertex 7.16604 95.7784 8.3
    endloop
  endfacet
  facet normal -0.4423 -0.896867 0
    outer loop
      vertex 6.30363 96.4401 3.7
      vertex 6.55 96.3186 8.3
      vertex 6.30363 96.4401 8.3
    endloop
  endfacet
  facet normal -0.4423 -0.896867 -0
    outer loop
      vertex 6.55 96.3186 8.3
      vertex 6.30363 96.4401 3.7
      vertex 6.55 96.3186 3.7
    endloop
  endfacet
  facet normal -0.195122 -0.980779 0
    outer loop
      vertex 5.7741 96.582 3.7
      vertex 6.04352 96.5284 8.3
      vertex 5.7741 96.582 8.3
    endloop
  endfacet
  facet normal -0.195122 -0.980779 -0
    outer loop
      vertex 6.04352 96.5284 8.3
      vertex 5.7741 96.582 3.7
      vertex 6.04352 96.5284 3.7
    endloop
  endfacet
  facet normal 0 0 1
    outer loop
      vertex 7.58203 94.7741 3.7
      vertex 7.58203 94.2259 3.7
      vertex 7.6 94.5 3.7
    endloop
  endfacet
  facet normal 0 0 1
    outer loop
      vertex 7.52844 95.0435 3.7
      vertex 7.58203 94.2259 3.7
      vertex 7.58203 94.7741 3.7
    endloop
  endfacet
  facet normal 0 0 1
    outer loop
      vertex 7.52844 95.0435 3.7
      vertex 7.52844 93.9565 3.7
      vertex 7.58203 94.2259 3.7
    endloop
  endfacet
  facet normal 0 0 1
    outer loop
      vertex 7.44015 95.3036 3.7
      vertex 7.52844 93.9565 3.7
      vertex 7.52844 95.0435 3.7
    endloop
  endfacet
  facet normal 0 0 1
    outer loop
      vertex 7.44015 95.3036 3.7
      vertex 7.44015 93.6964 3.7
      vertex 7.52844 93.9565 3.7
    endloop
  endfacet
  facet normal 0 0 1
    outer loop
      vertex 7.31865 95.55 3.7
      vertex 7.44015 93.6964 3.7
      vertex 7.44015 95.3036 3.7
    endloop
  endfacet
  facet normal 0 0 1
    outer loop
      vertex 7.31865 95.55 3.7
      vertex 7.31865 93.45 3.7
      vertex 7.44015 93.6964 3.7
    endloop
  endfacet
  facet normal 0 0 1
    outer loop
      vertex 7.16604 95.7784 3.7
      vertex 7.31865 93.45 3.7
      vertex 7.31865 95.55 3.7
    endloop
  endfacet
  facet normal 0 0 1
    outer loop
      vertex 7.16604 95.7784 3.7
      vertex 7.16604 93.2216 3.7
      vertex 7.31865 93.45 3.7
    endloop
  endfacet
  facet normal 0 0 1
    outer loop
      vertex 6.98492 95.9849 3.7
      vertex 7.16604 93.2216 3.7
      vertex 7.16604 95.7784 3.7
    endloop
  endfacet
  facet normal 0 0 1
    outer loop
      vertex 6.98492 95.9849 3.7
      vertex 6.98492 93.0151 3.7
      vertex 7.16604 93.2216 3.7
    endloop
  endfacet
  facet normal 0 0 1
    outer loop
      vertex 6.7784 96.166 3.7
      vertex 6.98492 93.0151 3.7
      vertex 6.98492 95.9849 3.7
    endloop
  endfacet
  facet normal 0 0 1
    outer loop
      vertex 6.7784 96.166 3.7
      vertex 6.7784 92.834 3.7
      vertex 6.98492 93.0151 3.7
    endloop
  endfacet
  facet normal 0 0 1
    outer loop
      vertex 6.55 96.3186 3.7
      vertex 6.7784 92.834 3.7
      vertex 6.7784 96.166 3.7
    endloop
  endfacet
  facet normal 0 0 1
    outer loop
      vertex 6.55 96.3186 3.7
      vertex 6.55 92.6813 3.7
      vertex 6.7784 92.834 3.7
    endloop
  endfacet
  facet normal 0 0 1
    outer loop
      vertex 6.30363 96.4401 3.7
      vertex 6.55 92.6813 3.7
      vertex 6.55 96.3186 3.7
    endloop
  endfacet
  facet normal 0 0 1
    outer loop
      vertex 6.30363 96.4401 3.7
      vertex 6.30363 92.5599 3.7
      vertex 6.55 92.6813 3.7
    endloop
  endfacet
  facet normal 0 0 1
    outer loop
      vertex 6.04352 96.5284 3.7
      vertex 6.30363 92.5599 3.7
      vertex 6.30363 96.4401 3.7
    endloop
  endfacet
  facet normal 0 0 1
    outer loop
      vertex 6.04352 96.5284 3.7
      vertex 6.04352 92.4716 3.7
      vertex 6.30363 92.5599 3.7
    endloop
  endfacet
  facet normal 0 0 1
    outer loop
      vertex 5.7741 96.582 3.7
      vertex 6.04352 92.4716 3.7
      vertex 6.04352 96.5284 3.7
    endloop
  endfacet
  facet normal 0 0 1
    outer loop
      vertex 5.7741 96.582 3.7
      vertex 5.7741 92.418 3.7
      vertex 6.04352 92.4716 3.7
    endloop
  endfacet
  facet normal 0 0 1
    outer loop
      vertex 5.5 96.6 3.7
      vertex 5.7741 92.418 3.7
      vertex 5.7741 96.582 3.7
    endloop
  endfacet
  facet normal 0 0 1
    outer loop
      vertex 5.5 96.6 3.7
      vertex 5.5 92.4 3.7
      vertex 5.7741 92.418 3.7
    endloop
  endfacet
  facet normal -0 0 1
    outer loop
      vertex 5.22589 96.582 3.7
      vertex 5.5 92.4 3.7
      vertex 5.5 96.6 3.7
    endloop
  endfacet
  facet normal 0 0 1
    outer loop
      vertex 5.22589 96.582 3.7
      vertex 5.22589 92.418 3.7
      vertex 5.5 92.4 3.7
    endloop
  endfacet
  facet normal -0 0 1
    outer loop
      vertex 4.95648 96.5284 3.7
      vertex 5.22589 92.418 3.7
      vertex 5.22589 96.582 3.7
    endloop
  endfacet
  facet normal 0 0 1
    outer loop
      vertex 4.95648 96.5284 3.7
      vertex 4.95648 92.4716 3.7
      vertex 5.22589 92.418 3.7
    endloop
  endfacet
  facet normal -0 0 1
    outer loop
      vertex 4.69636 96.4401 3.7
      vertex 4.95648 92.4716 3.7
      vertex 4.95648 96.5284 3.7
    endloop
  endfacet
  facet normal 0 0 1
    outer loop
      vertex 4.69636 96.4401 3.7
      vertex 4.69636 92.5599 3.7
      vertex 4.95648 92.4716 3.7
    endloop
  endfacet
  facet normal -0 0 1
    outer loop
      vertex 4.45 96.3186 3.7
      vertex 4.69636 92.5599 3.7
      vertex 4.69636 96.4401 3.7
    endloop
  endfacet
  facet normal 0 0 1
    outer loop
      vertex 4.45 96.3186 3.7
      vertex 4.45 92.6813 3.7
      vertex 4.69636 92.5599 3.7
    endloop
  endfacet
  facet normal -0 0 1
    outer loop
      vertex 4.2216 96.166 3.7
      vertex 4.45 92.6813 3.7
      vertex 4.45 96.3186 3.7
    endloop
  endfacet
  facet normal 0 0 1
    outer loop
      vertex 4.2216 96.166 3.7
      vertex 4.2216 92.834 3.7
      vertex 4.45 92.6813 3.7
    endloop
  endfacet
  facet normal -0 0 1
    outer loop
      vertex 4.01508 95.9849 3.7
      vertex 4.2216 92.834 3.7
      vertex 4.2216 96.166 3.7
    endloop
  endfacet
  facet normal 0 0 1
    outer loop
      vertex 4.01508 95.9849 3.7
      vertex 4.01508 93.0151 3.7
      vertex 4.2216 92.834 3.7
    endloop
  endfacet
  facet normal -0 0 1
    outer loop
      vertex 3.83396 95.7784 3.7
      vertex 4.01508 93.0151 3.7
      vertex 4.01508 95.9849 3.7
    endloop
  endfacet
  facet normal 0 0 1
    outer loop
      vertex 3.83396 95.7784 3.7
      vertex 3.83396 93.2216 3.7
      vertex 4.01508 93.0151 3.7
    endloop
  endfacet
  facet normal -0 0 1
    outer loop
      vertex 3.68135 95.55 3.7
      vertex 3.83396 93.2216 3.7
      vertex 3.83396 95.7784 3.7
    endloop
  endfacet
  facet normal 0 0 1
    outer loop
      vertex 3.68135 95.55 3.7
      vertex 3.68135 93.45 3.7
      vertex 3.83396 93.2216 3.7
    endloop
  endfacet
  facet normal -0 0 1
    outer loop
      vertex 3.55985 95.3036 3.7
      vertex 3.68135 93.45 3.7
      vertex 3.68135 95.55 3.7
    endloop
  endfacet
  facet normal 0 0 1
    outer loop
      vertex 3.55985 95.3036 3.7
      vertex 3.55985 93.6964 3.7
      vertex 3.68135 93.45 3.7
    endloop
  endfacet
  facet normal -0 0 1
    outer loop
      vertex 3.47156 95.0435 3.7
      vertex 3.55985 93.6964 3.7
      vertex 3.55985 95.3036 3.7
    endloop
  endfacet
  facet normal 0 0 1
    outer loop
      vertex 3.47156 95.0435 3.7
      vertex 3.47156 93.9565 3.7
      vertex 3.55985 93.6964 3.7
    endloop
  endfacet
  facet normal -0 0 1
    outer loop
      vertex 3.41796 94.7741 3.7
      vertex 3.47156 93.9565 3.7
      vertex 3.47156 95.0435 3.7
    endloop
  endfacet
  facet normal 0 0 1
    outer loop
      vertex 3.41796 94.7741 3.7
      vertex 3.41796 94.2259 3.7
      vertex 3.47156 93.9565 3.7
    endloop
  endfacet
  facet normal 0 -0 1
    outer loop
      vertex 3.41796 94.2259 3.7
      vertex 3.41796 94.7741 3.7
      vertex 3.4 94.5 3.7
    endloop
  endfacet
  facet normal 0.99786 0.0653833 0
    outer loop
      vertex 3.41796 94.2259 8.3
      vertex 3.4 94.5 3.7
      vertex 3.4 94.5 8.3
    endloop
  endfacet
  facet normal 0.99786 0.0653833 0
    outer loop
      vertex 3.4 94.5 3.7
      vertex 3.41796 94.2259 8.3
      vertex 3.41796 94.2259 3.7
    endloop
  endfacet
  facet normal 0.831473 -0.555565 0
    outer loop
      vertex 3.68135 95.55 8.3
      vertex 3.83396 95.7784 3.7
      vertex 3.83396 95.7784 8.3
    endloop
  endfacet
  facet normal 0.831473 -0.555565 0
    outer loop
      vertex 3.83396 95.7784 3.7
      vertex 3.68135 95.55 8.3
      vertex 3.68135 95.55 3.7
    endloop
  endfacet
  facet normal 0.55554 -0.83149 0
    outer loop
      vertex 4.2216 96.166 3.7
      vertex 4.45 96.3186 8.3
      vertex 4.2216 96.166 8.3
    endloop
  endfacet
  facet normal 0.55554 -0.83149 0
    outer loop
      vertex 4.45 96.3186 8.3
      vertex 4.2216 96.166 3.7
      vertex 4.45 96.3186 3.7
    endloop
  endfacet
  facet normal 0.659319 -0.751864 0
    outer loop
      vertex 4.01508 95.9849 3.7
      vertex 4.2216 96.166 8.3
      vertex 4.01508 95.9849 8.3
    endloop
  endfacet
  facet normal 0.659319 -0.751864 0
    outer loop
      vertex 4.2216 96.166 8.3
      vertex 4.01508 95.9849 3.7
      vertex 4.2216 96.166 3.7
    endloop
  endfacet
  facet normal -0.442007 0.897012 0
    outer loop
      vertex 6.55 92.6813 3.7
      vertex 6.30363 92.5599 8.3
      vertex 6.55 92.6813 8.3
    endloop
  endfacet
  facet normal -0.442007 0.897012 0
    outer loop
      vertex 6.30363 92.5599 8.3
      vertex 6.55 92.6813 3.7
      vertex 6.30363 92.5599 3.7
    endloop
  endfacet
  facet normal -0.751796 0.659396 0
    outer loop
      vertex 6.98492 93.0151 3.7
      vertex 7.16604 93.2216 8.3
      vertex 7.16604 93.2216 3.7
    endloop
  endfacet
  facet normal -0.751796 0.659396 0
    outer loop
      vertex 7.16604 93.2216 8.3
      vertex 6.98492 93.0151 3.7
      vertex 6.98492 93.0151 8.3
    endloop
  endfacet
  facet normal -0.555792 0.831322 0
    outer loop
      vertex 6.7784 92.834 3.7
      vertex 6.55 92.6813 8.3
      vertex 6.7784 92.834 8.3
    endloop
  endfacet
  facet normal -0.555792 0.831322 0
    outer loop
      vertex 6.55 92.6813 8.3
      vertex 6.7784 92.834 3.7
      vertex 6.55 92.6813 3.7
    endloop
  endfacet
  facet normal -0.0655283 0.997851 0
    outer loop
      vertex 5.7741 92.418 3.7
      vertex 5.5 92.4 8.3
      vertex 5.7741 92.418 8.3
    endloop
  endfacet
  facet normal -0.0655283 0.997851 0
    outer loop
      vertex 5.5 92.4 8.3
      vertex 5.7741 92.418 3.7
      vertex 5.5 92.4 3.7
    endloop
  endfacet
  facet normal 0.442021 0.897005 -0
    outer loop
      vertex 4.69636 92.5599 3.7
      vertex 4.45 92.6813 8.3
      vertex 4.69636 92.5599 8.3
    endloop
  endfacet
  facet normal 0.442021 0.897005 0
    outer loop
      vertex 4.45 92.6813 8.3
      vertex 4.69636 92.5599 3.7
      vertex 4.45 92.6813 3.7
    endloop
  endfacet
  facet normal 0.555792 0.831322 -0
    outer loop
      vertex 4.45 92.6813 3.7
      vertex 4.2216 92.834 8.3
      vertex 4.45 92.6813 8.3
    endloop
  endfacet
  facet normal 0.555792 0.831322 0
    outer loop
      vertex 4.2216 92.834 8.3
      vertex 4.45 92.6813 3.7
      vertex 4.2216 92.834 3.7
    endloop
  endfacet
  facet normal 0.946932 0.321433 0
    outer loop
      vertex 3.55985 93.6964 8.3
      vertex 3.47156 93.9565 3.7
      vertex 3.47156 93.9565 8.3
    endloop
  endfacet
  facet normal 0.946932 0.321433 0
    outer loop
      vertex 3.47156 93.9565 3.7
      vertex 3.55985 93.6964 8.3
      vertex 3.55985 93.6964 3.7
    endloop
  endfacet
  facet normal -0.659319 -0.751864 0
    outer loop
      vertex 6.7784 96.166 3.7
      vertex 6.98492 95.9849 8.3
      vertex 6.7784 96.166 8.3
    endloop
  endfacet
  facet normal -0.659319 -0.751864 -0
    outer loop
      vertex 6.98492 95.9849 8.3
      vertex 6.7784 96.166 3.7
      vertex 6.98492 95.9849 3.7
    endloop
  endfacet
  facet normal 0.0655259 -0.997851 0
    outer loop
      vertex 5.22589 96.582 3.7
      vertex 5.5 96.6 8.3
      vertex 5.22589 96.582 8.3
    endloop
  endfacet
  facet normal 0.0655259 -0.997851 0
    outer loop
      vertex 5.5 96.6 8.3
      vertex 5.22589 96.582 3.7
      vertex 5.5 96.6 3.7
    endloop
  endfacet
  facet normal -0.321454 -0.946925 0
    outer loop
      vertex 6.04352 96.5284 3.7
      vertex 6.30363 96.4401 8.3
      vertex 6.04352 96.5284 8.3
    endloop
  endfacet
  facet normal -0.321454 -0.946925 -0
    outer loop
      vertex 6.30363 96.4401 8.3
      vertex 6.04352 96.5284 3.7
      vertex 6.30363 96.4401 3.7
    endloop
  endfacet
  facet normal 0.99786 -0.0653833 0
    outer loop
      vertex 3.4 94.5 8.3
      vertex 3.41796 94.7741 3.7
      vertex 3.41796 94.7741 8.3
    endloop
  endfacet
  facet normal 0.99786 -0.0653833 0
    outer loop
      vertex 3.41796 94.7741 3.7
      vertex 3.4 94.5 8.3
      vertex 3.4 94.5 3.7
    endloop
  endfacet
  facet normal 0.896889 -0.442256 0
    outer loop
      vertex 3.55985 95.3036 8.3
      vertex 3.68135 95.55 3.7
      vertex 3.68135 95.55 8.3
    endloop
  endfacet
  facet normal 0.896889 -0.442256 0
    outer loop
      vertex 3.68135 95.55 3.7
      vertex 3.55985 95.3036 8.3
      vertex 3.55985 95.3036 3.7
    endloop
  endfacet
  facet normal 0.195129 -0.980778 0
    outer loop
      vertex 4.95648 96.5284 3.7
      vertex 5.22589 96.582 8.3
      vertex 4.95648 96.5284 8.3
    endloop
  endfacet
  facet normal 0.195129 -0.980778 0
    outer loop
      vertex 5.22589 96.582 8.3
      vertex 4.95648 96.5284 3.7
      vertex 5.22589 96.582 3.7
    endloop
  endfacet
  facet normal 0.321443 -0.946929 0
    outer loop
      vertex 4.69636 96.4401 3.7
      vertex 4.95648 96.5284 8.3
      vertex 4.69636 96.4401 8.3
    endloop
  endfacet
  facet normal 0.321443 -0.946929 0
    outer loop
      vertex 4.95648 96.5284 8.3
      vertex 4.69636 96.4401 3.7
      vertex 4.95648 96.5284 3.7
    endloop
  endfacet
  facet normal 0.751796 -0.659396 0
    outer loop
      vertex 3.83396 95.7784 8.3
      vertex 4.01508 95.9849 3.7
      vertex 4.01508 95.9849 8.3
    endloop
  endfacet
  facet normal 0.751796 -0.659396 0
    outer loop
      vertex 4.01508 95.9849 3.7
      vertex 3.83396 95.7784 8.3
      vertex 3.83396 95.7784 3.7
    endloop
  endfacet
  facet normal -0.997858 -0.0654196 0
    outer loop
      vertex 7.6 94.5 3.7
      vertex 7.58203 94.7741 8.3
      vertex 7.58203 94.7741 3.7
    endloop
  endfacet
  facet normal -0.997858 -0.0654196 0
    outer loop
      vertex 7.58203 94.7741 8.3
      vertex 7.6 94.5 3.7
      vertex 7.6 94.5 8.3
    endloop
  endfacet
  facet normal -0.195122 0.980779 0
    outer loop
      vertex 6.04352 92.4716 3.7
      vertex 5.7741 92.418 8.3
      vertex 6.04352 92.4716 8.3
    endloop
  endfacet
  facet normal -0.195122 0.980779 0
    outer loop
      vertex 5.7741 92.418 8.3
      vertex 6.04352 92.4716 3.7
      vertex 5.7741 92.418 3.7
    endloop
  endfacet
  facet normal -0.831473 0.555565 0
    outer loop
      vertex 7.16604 93.2216 3.7
      vertex 7.31865 93.45 8.3
      vertex 7.31865 93.45 3.7
    endloop
  endfacet
  facet normal -0.831473 0.555565 0
    outer loop
      vertex 7.31865 93.45 8.3
      vertex 7.16604 93.2216 3.7
      vertex 7.16604 93.2216 8.3
    endloop
  endfacet
  facet normal -0.321454 0.946925 0
    outer loop
      vertex 6.30363 92.5599 3.7
      vertex 6.04352 92.4716 8.3
      vertex 6.30363 92.5599 8.3
    endloop
  endfacet
  facet normal -0.321454 0.946925 0
    outer loop
      vertex 6.04352 92.4716 8.3
      vertex 6.30363 92.5599 3.7
      vertex 6.04352 92.4716 3.7
    endloop
  endfacet
  facet normal -0.659319 0.751864 0
    outer loop
      vertex 6.98492 93.0151 3.7
      vertex 6.7784 92.834 8.3
      vertex 6.98492 93.0151 8.3
    endloop
  endfacet
  facet normal -0.659319 0.751864 0
    outer loop
      vertex 6.7784 92.834 8.3
      vertex 6.98492 93.0151 3.7
      vertex 6.7784 92.834 3.7
    endloop
  endfacet
  facet normal 0.0655259 0.997851 -0
    outer loop
      vertex 5.5 92.4 3.7
      vertex 5.22589 92.418 8.3
      vertex 5.5 92.4 8.3
    endloop
  endfacet
  facet normal 0.0655259 0.997851 0
    outer loop
      vertex 5.22589 92.418 8.3
      vertex 5.5 92.4 3.7
      vertex 5.22589 92.418 3.7
    endloop
  endfacet
  facet normal 0.321443 0.946929 -0
    outer loop
      vertex 4.95648 92.4716 3.7
      vertex 4.69636 92.5599 8.3
      vertex 4.95648 92.4716 8.3
    endloop
  endfacet
  facet normal 0.321443 0.946929 0
    outer loop
      vertex 4.69636 92.5599 8.3
      vertex 4.95648 92.4716 3.7
      vertex 4.69636 92.5599 3.7
    endloop
  endfacet
  facet normal 0.896889 0.442256 0
    outer loop
      vertex 3.68135 93.45 8.3
      vertex 3.55985 93.6964 3.7
      vertex 3.55985 93.6964 8.3
    endloop
  endfacet
  facet normal 0.896889 0.442256 0
    outer loop
      vertex 3.55985 93.6964 3.7
      vertex 3.68135 93.45 8.3
      vertex 3.68135 93.45 3.7
    endloop
  endfacet
  facet normal 0.980776 0.195136 0
    outer loop
      vertex 3.47156 93.9565 8.3
      vertex 3.41796 94.2259 3.7
      vertex 3.41796 94.2259 8.3
    endloop
  endfacet
  facet normal 0.980776 0.195136 0
    outer loop
      vertex 3.41796 94.2259 3.7
      vertex 3.47156 93.9565 8.3
      vertex 3.47156 93.9565 3.7
    endloop
  endfacet
  facet normal 0.751796 0.659396 0
    outer loop
      vertex 4.01508 93.0151 8.3
      vertex 3.83396 93.2216 3.7
      vertex 3.83396 93.2216 8.3
    endloop
  endfacet
  facet normal 0.751796 0.659396 0
    outer loop
      vertex 3.83396 93.2216 3.7
      vertex 4.01508 93.0151 8.3
      vertex 4.01508 93.0151 3.7
    endloop
  endfacet
  facet normal 0.659319 0.751864 -0
    outer loop
      vertex 4.2216 92.834 3.7
      vertex 4.01508 93.0151 8.3
      vertex 4.2216 92.834 8.3
    endloop
  endfacet
  facet normal 0.659319 0.751864 0
    outer loop
      vertex 4.01508 93.0151 8.3
      vertex 4.2216 92.834 3.7
      vertex 4.01508 93.0151 3.7
    endloop
  endfacet
  facet normal -0.980783 -0.195101 0
    outer loop
      vertex 7.58203 94.7741 3.7
      vertex 7.52844 95.0435 8.3
      vertex 7.52844 95.0435 3.7
    endloop
  endfacet
  facet normal -0.980783 -0.195101 0
    outer loop
      vertex 7.52844 95.0435 8.3
      vertex 7.58203 94.7741 3.7
      vertex 7.58203 94.7741 8.3
    endloop
  endfacet
  facet normal -0.0655283 -0.997851 0
    outer loop
      vertex 5.5 96.6 3.7
      vertex 5.7741 96.582 8.3
      vertex 5.5 96.6 8.3
    endloop
  endfacet
  facet normal -0.0655283 -0.997851 -0
    outer loop
      vertex 5.7741 96.582 8.3
      vertex 5.5 96.6 3.7
      vertex 5.7741 96.582 3.7
    endloop
  endfacet
  facet normal -0.997858 0.0654196 0
    outer loop
      vertex 7.58203 94.2259 3.7
      vertex 7.6 94.5 8.3
      vertex 7.6 94.5 3.7
    endloop
  endfacet
  facet normal -0.997858 0.0654196 0
    outer loop
      vertex 7.6 94.5 8.3
      vertex 7.58203 94.2259 3.7
      vertex 7.58203 94.2259 8.3
    endloop
  endfacet
  facet normal -0.896889 0.442256 0
    outer loop
      vertex 7.31865 93.45 3.7
      vertex 7.44015 93.6964 8.3
      vertex 7.44015 93.6964 3.7
    endloop
  endfacet
  facet normal -0.896889 0.442256 0
    outer loop
      vertex 7.44015 93.6964 8.3
      vertex 7.31865 93.45 3.7
      vertex 7.31865 93.45 8.3
    endloop
  endfacet
  facet normal -0.946932 0.321433 0
    outer loop
      vertex 7.44015 93.6964 3.7
      vertex 7.52844 93.9565 8.3
      vertex 7.52844 93.9565 3.7
    endloop
  endfacet
  facet normal -0.946932 0.321433 0
    outer loop
      vertex 7.52844 93.9565 8.3
      vertex 7.44015 93.6964 3.7
      vertex 7.44015 93.6964 8.3
    endloop
  endfacet
  facet normal -0.961602 -0.0630426 0.267109
    outer loop
      vertex 7.6 94.5 8.3
      vertex 7.79045 94.5609 9
      vertex 7.58203 94.7741 8.3
    endloop
  endfacet
  facet normal -0.961605 -0.0630017 0.267106
    outer loop
      vertex 7.79045 94.5609 9
      vertex 7.6 94.5 8.3
      vertex 7.79444 94.5 9
    endloop
  endfacet
  facet normal 0.635802 -0.724152 0.267134
    outer loop
      vertex 4.01508 95.9849 8.3
      vertex 3.92348 96.1627 9
      vertex 3.87758 96.1224 9
    endloop
  endfacet
  facet normal 0.635352 -0.724533 0.267172
    outer loop
      vertex 3.92348 96.1627 9
      vertex 4.01508 95.9849 8.3
      vertex 4.2216 96.166 8.3
    endloop
  endfacet
  facet normal -0.724423 -0.635493 0.267131
    outer loop
      vertex 7.16604 95.7784 8.3
      vertex 7.3203 95.8968 9
      vertex 7.16266 96.0765 9
    endloop
  endfacet
  facet normal -0.635802 0.724152 0.267134
    outer loop
      vertex 6.98492 93.0151 8.3
      vertex 7.07652 92.8373 9
      vertex 7.12242 92.8776 9
    endloop
  endfacet
  facet normal -0.635352 0.724533 0.267172
    outer loop
      vertex 7.07652 92.8373 9
      vertex 6.98492 93.0151 8.3
      vertex 6.7784 92.834 8.3
    endloop
  endfacet
  facet normal 0.961605 0.0630017 0.267106
    outer loop
      vertex 3.20955 94.4391 9
      vertex 3.4 94.5 8.3
      vertex 3.20556 94.5 9
    endloop
  endfacet
  facet normal 0.961605 0.0630077 0.267107
    outer loop
      vertex 3.4 94.5 8.3
      vertex 3.20955 94.4391 9
      vertex 3.41796 94.2259 8.3
    endloop
  endfacet
  facet normal -0.945141 -0.188021 0.267128
    outer loop
      vertex 7.77482 94.7995 9
      vertex 7.72817 95.034 9
      vertex 7.58203 94.7741 8.3
    endloop
  endfacet
  facet normal -0.724481 0.635438 0.267108
    outer loop
      vertex 6.98492 93.0151 8.3
      vertex 7.16266 92.9235 9
      vertex 7.16604 93.2216 8.3
    endloop
  endfacet
  facet normal -0.724623 0.635269 0.267122
    outer loop
      vertex 7.16266 92.9235 9
      vertex 6.98492 93.0151 8.3
      vertex 7.12242 92.8776 9
    endloop
  endfacet
  facet normal -0.635299 0.724587 0.267149
    outer loop
      vertex 6.89677 92.6797 9
      vertex 7.07652 92.8373 9
      vertex 6.7784 92.834 8.3
    endloop
  endfacet
  facet normal 0.30976 0.912512 0.267151
    outer loop
      vertex 4.69636 92.5599 8.3
      vertex 4.67976 92.3606 9
      vertex 4.95648 92.4716 8.3
    endloop
  endfacet
  facet normal 0.309417 0.912622 0.267174
    outer loop
      vertex 4.67976 92.3606 9
      vertex 4.69636 92.5599 8.3
      vertex 4.62195 92.3802 9
    endloop
  endfacet
  facet normal 0.864439 0.42591 0.267108
    outer loop
      vertex 3.40721 93.5672 9
      vertex 3.55985 93.6964 8.3
      vertex 3.38021 93.622 9
    endloop
  endfacet
  facet normal 0.864297 0.426185 0.267128
    outer loop
      vertex 3.55985 93.6964 8.3
      vertex 3.40721 93.5672 9
      vertex 3.68135 93.45 8.3
    endloop
  endfacet
  facet normal 0.724545 -0.635358 0.267124
    outer loop
      vertex 3.83733 96.0765 9
      vertex 4.01508 95.9849 8.3
      vertex 3.87758 96.1224 9
    endloop
  endfacet
  facet normal 0.724479 -0.635436 0.267117
    outer loop
      vertex 4.01508 95.9849 8.3
      vertex 3.83733 96.0765 9
      vertex 3.83396 95.7784 8.3
    endloop
  endfacet
  facet normal 0.635299 -0.724587 0.267149
    outer loop
      vertex 4.2216 96.166 8.3
      vertex 4.10323 96.3203 9
      vertex 3.92348 96.1627 9
    endloop
  endfacet
  facet normal -0.724623 -0.635269 0.267122
    outer loop
      vertex 6.98492 95.9849 8.3
      vertex 7.16266 96.0765 9
      vertex 7.12242 96.1224 9
    endloop
  endfacet
  facet normal -0.724481 -0.635438 0.267108
    outer loop
      vertex 7.16266 96.0765 9
      vertex 6.98492 95.9849 8.3
      vertex 7.16604 95.7784 8.3
    endloop
  endfacet
  facet normal -0.635352 -0.724533 0.267172
    outer loop
      vertex 6.98492 95.9849 8.3
      vertex 7.07652 96.1627 9
      vertex 6.7784 96.166 8.3
    endloop
  endfacet
  facet normal -0.635802 -0.724152 0.267134
    outer loop
      vertex 7.07652 96.1627 9
      vertex 6.98492 95.9849 8.3
      vertex 7.12242 96.1224 9
    endloop
  endfacet
  facet normal -0.961601 -0.0629917 0.267124
    outer loop
      vertex 7.79045 94.5609 9
      vertex 7.77482 94.7995 9
      vertex 7.58203 94.7741 8.3
    endloop
  endfacet
  facet normal -0.961605 0.0630017 0.267106
    outer loop
      vertex 7.6 94.5 8.3
      vertex 7.79045 94.4391 9
      vertex 7.79444 94.5 9
    endloop
  endfacet
  facet normal -0.961602 0.0630426 0.267109
    outer loop
      vertex 7.79045 94.4391 9
      vertex 7.6 94.5 8.3
      vertex 7.58203 94.2259 8.3
    endloop
  endfacet
  facet normal -0.724423 0.635493 0.267131
    outer loop
      vertex 7.3203 93.1032 9
      vertex 7.16604 93.2216 8.3
      vertex 7.16266 92.9235 9
    endloop
  endfacet
  facet normal -0.912528 0.309754 0.267103
    outer loop
      vertex 7.44015 93.6964 8.3
      vertex 7.63941 93.6798 9
      vertex 7.52844 93.9565 8.3
    endloop
  endfacet
  facet normal -0.912528 0.309754 0.267103
    outer loop
      vertex 7.63941 93.6798 9
      vertex 7.44015 93.6964 8.3
      vertex 7.61979 93.622 9
    endloop
  endfacet
  facet normal -0.425941 0.864408 0.267157
    outer loop
      vertex 6.30363 92.5599 8.3
      vertex 6.43279 92.4072 9
      vertex 6.55 92.6813 8.3
    endloop
  endfacet
  facet normal -0.426276 0.864236 0.267181
    outer loop
      vertex 6.43279 92.4072 9
      vertex 6.30363 92.5599 8.3
      vertex 6.37805 92.3802 9
    endloop
  endfacet
  facet normal -0.0631461 0.961575 0.26718
    outer loop
      vertex 5.5 92.4 8.3
      vertex 5.56091 92.2095 9
      vertex 5.7741 92.418 8.3
    endloop
  endfacet
  facet normal -0.0615769 0.961705 0.267079
    outer loop
      vertex 5.56091 92.2095 9
      vertex 5.5 92.4 8.3
      vertex 5.5 92.2056 9
    endloop
  endfacet
  facet normal -0.0632803 0.961578 0.26714
    outer loop
      vertex 5.79948 92.2252 9
      vertex 5.7741 92.418 8.3
      vertex 5.56091 92.2095 9
    endloop
  endfacet
  facet normal 0.961605 0.062992 0.267112
    outer loop
      vertex 3.22518 94.2005 9
      vertex 3.41796 94.2259 8.3
      vertex 3.20955 94.4391 9
    endloop
  endfacet
  facet normal 0.724479 0.635436 0.267117
    outer loop
      vertex 3.83733 92.9235 9
      vertex 4.01508 93.0151 8.3
      vertex 3.83396 93.2216 8.3
    endloop
  endfacet
  facet normal 0.724545 0.635358 0.267124
    outer loop
      vertex 4.01508 93.0151 8.3
      vertex 3.83733 92.9235 9
      vertex 3.87758 92.8776 9
    endloop
  endfacet
  facet normal 0.724421 0.635491 0.267141
    outer loop
      vertex 3.83733 92.9235 9
      vertex 3.83396 93.2216 8.3
      vertex 3.67969 93.1032 9
    endloop
  endfacet
  facet normal 0.187834 0.945175 0.267138
    outer loop
      vertex 5.20051 92.2252 9
      vertex 5.22589 92.418 8.3
      vertex 4.96602 92.2718 9
    endloop
  endfacet
  facet normal 0.426277 0.864237 0.267175
    outer loop
      vertex 4.69636 92.5599 8.3
      vertex 4.56721 92.4072 9
      vertex 4.62195 92.3802 9
    endloop
  endfacet
  facet normal 0.425956 0.864402 0.267152
    outer loop
      vertex 4.56721 92.4072 9
      vertex 4.69636 92.5599 8.3
      vertex 4.45 92.6813 8.3
    endloop
  endfacet
  facet normal 0.535597 0.801115 0.267116
    outer loop
      vertex 4.2216 92.834 8.3
      vertex 4.15399 92.6458 9
      vertex 4.45 92.6813 8.3
    endloop
  endfacet
  facet normal 0.535196 0.801373 0.267147
    outer loop
      vertex 4.15399 92.6458 9
      vertex 4.2216 92.834 8.3
      vertex 4.10323 92.6797 9
    endloop
  endfacet
  facet normal 0.961605 -0.0630017 0.267106
    outer loop
      vertex 3.4 94.5 8.3
      vertex 3.20955 94.5609 9
      vertex 3.20556 94.5 9
    endloop
  endfacet
  facet normal 0.961605 -0.0630077 0.267107
    outer loop
      vertex 3.20955 94.5609 9
      vertex 3.4 94.5 8.3
      vertex 3.41796 94.7741 8.3
    endloop
  endfacet
  facet normal 0.724421 -0.635491 0.267141
    outer loop
      vertex 3.83396 95.7784 8.3
      vertex 3.83733 96.0765 9
      vertex 3.67969 95.8968 9
    endloop
  endfacet
  facet normal 0.912528 -0.309754 0.267103
    outer loop
      vertex 3.36059 95.3202 9
      vertex 3.55985 95.3036 8.3
      vertex 3.38021 95.378 9
    endloop
  endfacet
  facet normal 0.912528 -0.309754 0.267103
    outer loop
      vertex 3.55985 95.3036 8.3
      vertex 3.36059 95.3202 9
      vertex 3.47156 95.0435 8.3
    endloop
  endfacet
  facet normal 0.426235 -0.864258 0.267172
    outer loop
      vertex 4.69636 96.4401 8.3
      vertex 4.56721 96.5928 9
      vertex 4.45 96.3186 8.3
    endloop
  endfacet
  facet normal 0.426277 -0.864237 0.267175
    outer loop
      vertex 4.56721 96.5928 9
      vertex 4.69636 96.4401 8.3
      vertex 4.62195 96.6198 9
    endloop
  endfacet
  facet normal 0.0631438 -0.961576 0.26718
    outer loop
      vertex 5.5 96.6 8.3
      vertex 5.43909 96.7905 9
      vertex 5.22589 96.582 8.3
    endloop
  endfacet
  facet normal 0.0615769 -0.961705 0.267079
    outer loop
      vertex 5.43909 96.7905 9
      vertex 5.5 96.6 8.3
      vertex 5.5 96.7944 9
    endloop
  endfacet
  facet normal 0.0632776 -0.961578 0.26714
    outer loop
      vertex 5.22589 96.582 8.3
      vertex 5.43909 96.7905 9
      vertex 5.20051 96.7748 9
    endloop
  endfacet
  facet normal -0.0615769 -0.961705 0.267079
    outer loop
      vertex 5.5 96.6 8.3
      vertex 5.56091 96.7905 9
      vertex 5.5 96.7944 9
    endloop
  endfacet
  facet normal -0.0631461 -0.961575 0.26718
    outer loop
      vertex 5.56091 96.7905 9
      vertex 5.5 96.6 8.3
      vertex 5.7741 96.582 8.3
    endloop
  endfacet
  facet normal -0.635299 -0.724587 0.267149
    outer loop
      vertex 7.07652 96.1627 9
      vertex 6.89677 96.3203 9
      vertex 6.7784 96.166 8.3
    endloop
  endfacet
  facet normal -0.864297 -0.426185 0.267128
    outer loop
      vertex 7.44015 95.3036 8.3
      vertex 7.59279 95.4328 9
      vertex 7.31865 95.55 8.3
    endloop
  endfacet
  facet normal -0.864439 -0.42591 0.267108
    outer loop
      vertex 7.59279 95.4328 9
      vertex 7.44015 95.3036 8.3
      vertex 7.61979 95.378 9
    endloop
  endfacet
  facet normal -0.309771 -0.912508 0.267154
    outer loop
      vertex 6.30363 96.4401 8.3
      vertex 6.32024 96.6394 9
      vertex 6.04352 96.5284 8.3
    endloop
  endfacet
  facet normal -0.309417 -0.912621 0.267178
    outer loop
      vertex 6.32024 96.6394 9
      vertex 6.30363 96.4401 8.3
      vertex 6.37805 96.6198 9
    endloop
  endfacet
  facet normal -0.912528 -0.309754 0.267103
    outer loop
      vertex 7.44015 95.3036 8.3
      vertex 7.63941 95.3202 9
      vertex 7.61979 95.378 9
    endloop
  endfacet
  facet normal -0.912528 -0.309754 0.267103
    outer loop
      vertex 7.63941 95.3202 9
      vertex 7.44015 95.3036 8.3
      vertex 7.52844 95.0435 8.3
    endloop
  endfacet
  facet normal -0.864271 0.42625 0.267107
    outer loop
      vertex 7.48705 93.3528 9
      vertex 7.59279 93.5672 9
      vertex 7.31865 93.45 8.3
    endloop
  endfacet
  facet normal -0.961601 0.0629917 0.267124
    outer loop
      vertex 7.77482 94.2005 9
      vertex 7.79045 94.4391 9
      vertex 7.58203 94.2259 8.3
    endloop
  endfacet
  facet normal -0.187826 0.945176 0.267139
    outer loop
      vertex 5.79948 92.2252 9
      vertex 6.03398 92.2718 9
      vertex 5.7741 92.418 8.3
    endloop
  endfacet
  facet normal 0.945144 0.188021 0.267115
    outer loop
      vertex 3.27183 93.966 9
      vertex 3.41796 94.2259 8.3
      vertex 3.22518 94.2005 9
    endloop
  endfacet
  facet normal 0.864271 -0.42625 0.267107
    outer loop
      vertex 3.68135 95.55 8.3
      vertex 3.51295 95.6472 9
      vertex 3.40721 95.4328 9
    endloop
  endfacet
  facet normal 0.961605 -0.062992 0.267112
    outer loop
      vertex 3.41796 94.7741 8.3
      vertex 3.22518 94.7995 9
      vertex 3.20955 94.5609 9
    endloop
  endfacet
  facet normal 0.187834 -0.945175 0.267138
    outer loop
      vertex 5.22589 96.582 8.3
      vertex 5.20051 96.7748 9
      vertex 4.96602 96.7282 9
    endloop
  endfacet
  facet normal -0.426395 -0.864195 0.267121
    outer loop
      vertex 6.55 96.3186 8.3
      vertex 6.64722 96.487 9
      vertex 6.43279 96.5928 9
    endloop
  endfacet
  facet normal -0.0632803 -0.961578 0.26714
    outer loop
      vertex 5.7741 96.582 8.3
      vertex 5.79948 96.7748 9
      vertex 5.56091 96.7905 9
    endloop
  endfacet
  facet normal -0.912529 -0.309752 0.267103
    outer loop
      vertex 7.71626 95.0938 9
      vertex 7.63941 95.3202 9
      vertex 7.52844 95.0435 8.3
    endloop
  endfacet
  facet normal -0.945104 -0.188231 0.267111
    outer loop
      vertex 7.52844 95.0435 8.3
      vertex 7.72817 95.034 9
      vertex 7.71626 95.0938 9
    endloop
  endfacet
  facet normal -0.945143 -0.188011 0.267125
    outer loop
      vertex 7.72817 95.034 9
      vertex 7.52844 95.0435 8.3
      vertex 7.58203 94.7741 8.3
    endloop
  endfacet
  facet normal -0.801268 0.535374 0.267103
    outer loop
      vertex 7.35422 93.154 9
      vertex 7.48705 93.3528 9
      vertex 7.31865 93.45 8.3
    endloop
  endfacet
  facet normal -0.801263 0.53538 0.267105
    outer loop
      vertex 7.16604 93.2216 8.3
      vertex 7.35422 93.154 9
      vertex 7.31865 93.45 8.3
    endloop
  endfacet
  facet normal -0.801427 0.535126 0.267124
    outer loop
      vertex 7.35422 93.154 9
      vertex 7.16604 93.2216 8.3
      vertex 7.3203 93.1032 9
    endloop
  endfacet
  facet normal -0.945141 0.188021 0.267128
    outer loop
      vertex 7.72817 93.966 9
      vertex 7.77482 94.2005 9
      vertex 7.58203 94.2259 8.3
    endloop
  endfacet
  facet normal -0.535196 0.801373 0.267147
    outer loop
      vertex 6.7784 92.834 8.3
      vertex 6.84601 92.6458 9
      vertex 6.89677 92.6797 9
    endloop
  endfacet
  facet normal -0.535597 0.801115 0.267116
    outer loop
      vertex 6.84601 92.6458 9
      vertex 6.7784 92.834 8.3
      vertex 6.55 92.6813 8.3
    endloop
  endfacet
  facet normal -0.309936 0.912436 0.267208
    outer loop
      vertex 6.09385 92.2837 9
      vertex 6.32024 92.3606 9
      vertex 6.04352 92.4716 8.3
    endloop
  endfacet
  facet normal -0.187861 0.945149 0.267212
    outer loop
      vertex 6.04352 92.4716 8.3
      vertex 6.03398 92.2718 9
      vertex 6.09385 92.2837 9
    endloop
  endfacet
  facet normal -0.188027 0.945119 0.267201
    outer loop
      vertex 6.03398 92.2718 9
      vertex 6.04352 92.4716 8.3
      vertex 5.7741 92.418 8.3
    endloop
  endfacet
  facet normal 0.912529 0.309752 0.267103
    outer loop
      vertex 3.36059 93.6798 9
      vertex 3.47156 93.9565 8.3
      vertex 3.28374 93.9062 9
    endloop
  endfacet
  facet normal 0.945137 0.188045 0.267123
    outer loop
      vertex 3.27183 93.966 9
      vertex 3.47156 93.9565 8.3
      vertex 3.41796 94.2259 8.3
    endloop
  endfacet
  facet normal 0.945104 0.188231 0.267111
    outer loop
      vertex 3.47156 93.9565 8.3
      vertex 3.27183 93.966 9
      vertex 3.28374 93.9062 9
    endloop
  endfacet
  facet normal 0.801268 0.535374 0.267103
    outer loop
      vertex 3.64578 93.154 9
      vertex 3.68135 93.45 8.3
      vertex 3.51295 93.3528 9
    endloop
  endfacet
  facet normal 0.864271 0.42625 0.267107
    outer loop
      vertex 3.51295 93.3528 9
      vertex 3.68135 93.45 8.3
      vertex 3.40721 93.5672 9
    endloop
  endfacet
  facet normal 0.188034 0.945117 0.267201
    outer loop
      vertex 4.95648 92.4716 8.3
      vertex 4.96602 92.2718 9
      vertex 5.22589 92.418 8.3
    endloop
  endfacet
  facet normal 0.187861 0.945149 0.267212
    outer loop
      vertex 4.96602 92.2718 9
      vertex 4.95648 92.4716 8.3
      vertex 4.90615 92.2837 9
    endloop
  endfacet
  facet normal 0.309936 0.912436 0.267208
    outer loop
      vertex 4.90615 92.2837 9
      vertex 4.95648 92.4716 8.3
      vertex 4.67976 92.3606 9
    endloop
  endfacet
  facet normal 0.535323 0.801332 0.267012
    outer loop
      vertex 4.35278 92.513 9
      vertex 4.45 92.6813 8.3
      vertex 4.15399 92.6458 9
    endloop
  endfacet
  facet normal 0.426409 0.864224 0.267006
    outer loop
      vertex 4.56721 92.4072 9
      vertex 4.45 92.6813 8.3
      vertex 4.35278 92.513 9
    endloop
  endfacet
  facet normal 0.635299 0.724587 0.267149
    outer loop
      vertex 4.10323 92.6797 9
      vertex 4.2216 92.834 8.3
      vertex 3.92348 92.8373 9
    endloop
  endfacet
  facet normal 0.635352 0.724533 0.267172
    outer loop
      vertex 4.01508 93.0151 8.3
      vertex 3.92348 92.8373 9
      vertex 4.2216 92.834 8.3
    endloop
  endfacet
  facet normal 0.635802 0.724152 0.267134
    outer loop
      vertex 3.92348 92.8373 9
      vertex 4.01508 93.0151 8.3
      vertex 3.87758 92.8776 9
    endloop
  endfacet
  facet normal 0.801268 -0.535374 0.267103
    outer loop
      vertex 3.68135 95.55 8.3
      vertex 3.64578 95.846 9
      vertex 3.51295 95.6472 9
    endloop
  endfacet
  facet normal 0.801498 -0.535015 0.267133
    outer loop
      vertex 3.64578 95.846 9
      vertex 3.83396 95.7784 8.3
      vertex 3.67969 95.8968 9
    endloop
  endfacet
  facet normal 0.801263 -0.53538 0.267105
    outer loop
      vertex 3.83396 95.7784 8.3
      vertex 3.64578 95.846 9
      vertex 3.68135 95.55 8.3
    endloop
  endfacet
  facet normal 0.945144 -0.188021 0.267115
    outer loop
      vertex 3.41796 94.7741 8.3
      vertex 3.27183 95.034 9
      vertex 3.22518 94.7995 9
    endloop
  endfacet
  facet normal 0.535196 -0.801373 0.267147
    outer loop
      vertex 4.2216 96.166 8.3
      vertex 4.15399 96.3542 9
      vertex 4.10323 96.3203 9
    endloop
  endfacet
  facet normal 0.535351 -0.801273 0.267135
    outer loop
      vertex 4.15399 96.3542 9
      vertex 4.2216 96.166 8.3
      vertex 4.45 96.3186 8.3
    endloop
  endfacet
  facet normal 0.309936 -0.912436 0.267208
    outer loop
      vertex 4.95648 96.5284 8.3
      vertex 4.90615 96.7163 9
      vertex 4.67976 96.6394 9
    endloop
  endfacet
  facet normal 0.187861 -0.945149 0.267212
    outer loop
      vertex 4.95648 96.5284 8.3
      vertex 4.96602 96.7282 9
      vertex 4.90615 96.7163 9
    endloop
  endfacet
  facet normal 0.188034 -0.945117 0.267201
    outer loop
      vertex 4.96602 96.7282 9
      vertex 4.95648 96.5284 8.3
      vertex 5.22589 96.582 8.3
    endloop
  endfacet
  facet normal -0.535307 -0.801308 0.267118
    outer loop
      vertex 6.84601 96.3542 9
      vertex 6.64722 96.487 9
      vertex 6.55 96.3186 8.3
    endloop
  endfacet
  facet normal -0.535351 -0.801273 0.267135
    outer loop
      vertex 6.7784 96.166 8.3
      vertex 6.84601 96.3542 9
      vertex 6.55 96.3186 8.3
    endloop
  endfacet
  facet normal -0.535196 -0.801373 0.267147
    outer loop
      vertex 6.84601 96.3542 9
      vertex 6.7784 96.166 8.3
      vertex 6.89677 96.3203 9
    endloop
  endfacet
  facet normal -0.801427 -0.535126 0.267124
    outer loop
      vertex 7.16604 95.7784 8.3
      vertex 7.35422 95.846 9
      vertex 7.3203 95.8968 9
    endloop
  endfacet
  facet normal -0.801263 -0.53538 0.267105
    outer loop
      vertex 7.35422 95.846 9
      vertex 7.16604 95.7784 8.3
      vertex 7.31865 95.55 8.3
    endloop
  endfacet
  facet normal -0.187826 -0.945176 0.267139
    outer loop
      vertex 6.03398 96.7282 9
      vertex 5.79948 96.7748 9
      vertex 5.7741 96.582 8.3
    endloop
  endfacet
  facet normal -0.864439 0.42591 0.267108
    outer loop
      vertex 7.44015 93.6964 8.3
      vertex 7.59279 93.5672 9
      vertex 7.61979 93.622 9
    endloop
  endfacet
  facet normal -0.864297 0.426185 0.267128
    outer loop
      vertex 7.59279 93.5672 9
      vertex 7.44015 93.6964 8.3
      vertex 7.31865 93.45 8.3
    endloop
  endfacet
  facet normal -0.945143 0.188011 0.267125
    outer loop
      vertex 7.52844 93.9565 8.3
      vertex 7.72817 93.966 9
      vertex 7.58203 94.2259 8.3
    endloop
  endfacet
  facet normal -0.945104 0.188231 0.267111
    outer loop
      vertex 7.72817 93.966 9
      vertex 7.52844 93.9565 8.3
      vertex 7.71626 93.9062 9
    endloop
  endfacet
  facet normal -0.912529 0.309752 0.267103
    outer loop
      vertex 7.63941 93.6798 9
      vertex 7.71626 93.9062 9
      vertex 7.52844 93.9565 8.3
    endloop
  endfacet
  facet normal -0.535323 0.801332 0.267012
    outer loop
      vertex 6.64722 92.513 9
      vertex 6.84601 92.6458 9
      vertex 6.55 92.6813 8.3
    endloop
  endfacet
  facet normal -0.426409 0.864224 0.267006
    outer loop
      vertex 6.64722 92.513 9
      vertex 6.55 92.6813 8.3
      vertex 6.43279 92.4072 9
    endloop
  endfacet
  facet normal -0.309417 0.912621 0.267178
    outer loop
      vertex 6.30363 92.5599 8.3
      vertex 6.32024 92.3606 9
      vertex 6.37805 92.3802 9
    endloop
  endfacet
  facet normal -0.309771 0.912508 0.267154
    outer loop
      vertex 6.32024 92.3606 9
      vertex 6.30363 92.5599 8.3
      vertex 6.04352 92.4716 8.3
    endloop
  endfacet
  facet normal 0.912528 0.309754 0.267103
    outer loop
      vertex 3.36059 93.6798 9
      vertex 3.55985 93.6964 8.3
      vertex 3.47156 93.9565 8.3
    endloop
  endfacet
  facet normal 0.912528 0.309754 0.267103
    outer loop
      vertex 3.55985 93.6964 8.3
      vertex 3.36059 93.6798 9
      vertex 3.38021 93.622 9
    endloop
  endfacet
  facet normal 0.801263 0.53538 0.267105
    outer loop
      vertex 3.64578 93.154 9
      vertex 3.83396 93.2216 8.3
      vertex 3.68135 93.45 8.3
    endloop
  endfacet
  facet normal 0.801498 0.535015 0.267133
    outer loop
      vertex 3.83396 93.2216 8.3
      vertex 3.64578 93.154 9
      vertex 3.67969 93.1032 9
    endloop
  endfacet
  facet normal 0.0615769 0.961705 0.267079
    outer loop
      vertex 5.5 92.4 8.3
      vertex 5.43909 92.2095 9
      vertex 5.5 92.2056 9
    endloop
  endfacet
  facet normal 0.0631438 0.961576 0.26718
    outer loop
      vertex 5.43909 92.2095 9
      vertex 5.5 92.4 8.3
      vertex 5.22589 92.418 8.3
    endloop
  endfacet
  facet normal 0.0632776 0.961578 0.26714
    outer loop
      vertex 5.43909 92.2095 9
      vertex 5.22589 92.418 8.3
      vertex 5.20051 92.2252 9
    endloop
  endfacet
  facet normal 0.864439 -0.42591 0.267108
    outer loop
      vertex 3.55985 95.3036 8.3
      vertex 3.40721 95.4328 9
      vertex 3.38021 95.378 9
    endloop
  endfacet
  facet normal 0.864297 -0.426185 0.267128
    outer loop
      vertex 3.40721 95.4328 9
      vertex 3.55985 95.3036 8.3
      vertex 3.68135 95.55 8.3
    endloop
  endfacet
  facet normal 0.945104 -0.188231 0.267111
    outer loop
      vertex 3.27183 95.034 9
      vertex 3.47156 95.0435 8.3
      vertex 3.28374 95.0938 9
    endloop
  endfacet
  facet normal 0.945137 -0.188045 0.267123
    outer loop
      vertex 3.47156 95.0435 8.3
      vertex 3.27183 95.034 9
      vertex 3.41796 94.7741 8.3
    endloop
  endfacet
  facet normal 0.912529 -0.309752 0.267103
    outer loop
      vertex 3.47156 95.0435 8.3
      vertex 3.36059 95.3202 9
      vertex 3.28374 95.0938 9
    endloop
  endfacet
  facet normal 0.535307 -0.801308 0.267118
    outer loop
      vertex 4.45 96.3186 8.3
      vertex 4.35278 96.487 9
      vertex 4.15399 96.3542 9
    endloop
  endfacet
  facet normal 0.426395 -0.864195 0.267121
    outer loop
      vertex 4.45 96.3186 8.3
      vertex 4.56721 96.5928 9
      vertex 4.35278 96.487 9
    endloop
  endfacet
  facet normal 0.309417 -0.912622 0.267174
    outer loop
      vertex 4.69636 96.4401 8.3
      vertex 4.67976 96.6394 9
      vertex 4.62195 96.6198 9
    endloop
  endfacet
  facet normal 0.30976 -0.912512 0.267151
    outer loop
      vertex 4.67976 96.6394 9
      vertex 4.69636 96.4401 8.3
      vertex 4.95648 96.5284 8.3
    endloop
  endfacet
  facet normal -0.426276 -0.864236 0.267181
    outer loop
      vertex 6.30363 96.4401 8.3
      vertex 6.43279 96.5928 9
      vertex 6.37805 96.6198 9
    endloop
  endfacet
  facet normal -0.426221 -0.864264 0.267177
    outer loop
      vertex 6.43279 96.5928 9
      vertex 6.30363 96.4401 8.3
      vertex 6.55 96.3186 8.3
    endloop
  endfacet
  facet normal -0.801268 -0.535374 0.267103
    outer loop
      vertex 7.48705 95.6472 9
      vertex 7.35422 95.846 9
      vertex 7.31865 95.55 8.3
    endloop
  endfacet
  facet normal -0.864271 -0.42625 0.267107
    outer loop
      vertex 7.59279 95.4328 9
      vertex 7.48705 95.6472 9
      vertex 7.31865 95.55 8.3
    endloop
  endfacet
  facet normal -0.188027 -0.945119 0.267201
    outer loop
      vertex 6.04352 96.5284 8.3
      vertex 6.03398 96.7282 9
      vertex 5.7741 96.582 8.3
    endloop
  endfacet
  facet normal -0.187861 -0.945149 0.267212
    outer loop
      vertex 6.03398 96.7282 9
      vertex 6.04352 96.5284 8.3
      vertex 6.09385 96.7163 9
    endloop
  endfacet
  facet normal -0.309936 -0.912436 0.267208
    outer loop
      vertex 6.32024 96.6394 9
      vertex 6.09385 96.7163 9
      vertex 6.04352 96.5284 8.3
    endloop
  endfacet
  facet normal -0.997851 -0.0655283 0
    outer loop
      vertex 146.6 94.5 3.7
      vertex 146.582 94.7741 8.3
      vertex 146.582 94.7741 3.7
    endloop
  endfacet
  facet normal -0.997851 -0.0655283 0
    outer loop
      vertex 146.582 94.7741 8.3
      vertex 146.6 94.5 3.7
      vertex 146.6 94.5 8.3
    endloop
  endfacet
  facet normal 0.0655521 -0.997849 0
    outer loop
      vertex 144.226 96.582 3.7
      vertex 144.5 96.6 8.3
      vertex 144.226 96.582 8.3
    endloop
  endfacet
  facet normal 0.0655521 -0.997849 0
    outer loop
      vertex 144.5 96.6 8.3
      vertex 144.226 96.582 3.7
      vertex 144.5 96.6 3.7
    endloop
  endfacet
  facet normal -0.658453 -0.752622 0
    outer loop
      vertex 145.778 96.166 3.7
      vertex 145.985 95.9849 8.3
      vertex 145.778 96.166 8.3
    endloop
  endfacet
  facet normal -0.658453 -0.752622 -0
    outer loop
      vertex 145.985 95.9849 8.3
      vertex 145.778 96.166 3.7
      vertex 145.985 95.9849 3.7
    endloop
  endfacet
  facet normal 0.752012 -0.659149 0
    outer loop
      vertex 142.834 95.7784 8.3
      vertex 143.015 95.9849 3.7
      vertex 143.015 95.9849 8.3
    endloop
  endfacet
  facet normal 0.752012 -0.659149 0
    outer loop
      vertex 143.015 95.9849 3.7
      vertex 142.834 95.7784 8.3
      vertex 142.834 95.7784 3.7
    endloop
  endfacet
  facet normal 0.442835 -0.896603 0
    outer loop
      vertex 143.45 96.3186 3.7
      vertex 143.696 96.4401 8.3
      vertex 143.45 96.3186 8.3
    endloop
  endfacet
  facet normal 0.442835 -0.896603 0
    outer loop
      vertex 143.696 96.4401 8.3
      vertex 143.45 96.3186 3.7
      vertex 143.696 96.4401 3.7
    endloop
  endfacet
  facet normal -0.89761 -0.440791 0
    outer loop
      vertex 146.44 95.3036 3.7
      vertex 146.319 95.55 8.3
      vertex 146.319 95.55 3.7
    endloop
  endfacet
  facet normal -0.89761 -0.440791 0
    outer loop
      vertex 146.319 95.55 8.3
      vertex 146.44 95.3036 3.7
      vertex 146.44 95.3036 8.3
    endloop
  endfacet
  facet normal -0.830817 -0.556546 0
    outer loop
      vertex 146.319 95.55 3.7
      vertex 146.166 95.7784 8.3
      vertex 146.166 95.7784 3.7
    endloop
  endfacet
  facet normal -0.830817 -0.556546 0
    outer loop
      vertex 146.166 95.7784 8.3
      vertex 146.319 95.55 3.7
      vertex 146.319 95.55 8.3
    endloop
  endfacet
  facet normal -0.321576 -0.946884 0
    outer loop
      vertex 145.044 96.5284 3.7
      vertex 145.304 96.4401 8.3
      vertex 145.044 96.5284 8.3
    endloop
  endfacet
  facet normal -0.321576 -0.946884 -0
    outer loop
      vertex 145.304 96.4401 8.3
      vertex 145.044 96.5284 3.7
      vertex 145.304 96.4401 3.7
    endloop
  endfacet
  facet normal -0.194719 -0.980859 0
    outer loop
      vertex 144.774 96.582 3.7
      vertex 145.044 96.5284 8.3
      vertex 144.774 96.582 8.3
    endloop
  endfacet
  facet normal -0.194719 -0.980859 -0
    outer loop
      vertex 145.044 96.5284 8.3
      vertex 144.774 96.582 3.7
      vertex 145.044 96.5284 3.7
    endloop
  endfacet
  facet normal -0.556213 -0.83104 0
    outer loop
      vertex 145.55 96.3186 3.7
      vertex 145.778 96.166 8.3
      vertex 145.55 96.3186 8.3
    endloop
  endfacet
  facet normal -0.556213 -0.83104 -0
    outer loop
      vertex 145.778 96.166 8.3
      vertex 145.55 96.3186 3.7
      vertex 145.778 96.166 3.7
    endloop
  endfacet
  facet normal 0.947253 -0.320486 0
    outer loop
      vertex 142.472 95.0435 8.3
      vertex 142.56 95.3036 3.7
      vertex 142.56 95.3036 8.3
    endloop
  endfacet
  facet normal 0.947253 -0.320486 0
    outer loop
      vertex 142.56 95.3036 3.7
      vertex 142.472 95.0435 8.3
      vertex 142.472 95.0435 3.7
    endloop
  endfacet
  facet normal 0.830817 -0.556546 0
    outer loop
      vertex 142.681 95.55 8.3
      vertex 142.834 95.7784 3.7
      vertex 142.834 95.7784 8.3
    endloop
  endfacet
  facet normal 0.830817 -0.556546 0
    outer loop
      vertex 142.834 95.7784 3.7
      vertex 142.681 95.55 8.3
      vertex 142.681 95.55 3.7
    endloop
  endfacet
  facet normal 0.980497 -0.196536 0
    outer loop
      vertex 142.418 94.7741 8.3
      vertex 142.472 95.0435 3.7
      vertex 142.472 95.0435 8.3
    endloop
  endfacet
  facet normal 0.980497 -0.196536 0
    outer loop
      vertex 142.472 95.0435 3.7
      vertex 142.418 94.7741 8.3
      vertex 142.418 94.7741 3.7
    endloop
  endfacet
  facet normal 0.556213 -0.83104 0
    outer loop
      vertex 143.222 96.166 3.7
      vertex 143.45 96.3186 8.3
      vertex 143.222 96.166 8.3
    endloop
  endfacet
  facet normal 0.556213 -0.83104 0
    outer loop
      vertex 143.45 96.3186 8.3
      vertex 143.222 96.166 3.7
      vertex 143.45 96.3186 3.7
    endloop
  endfacet
  facet normal 0.321576 -0.946884 0
    outer loop
      vertex 143.696 96.4401 3.7
      vertex 143.956 96.5284 8.3
      vertex 143.696 96.4401 8.3
    endloop
  endfacet
  facet normal 0.321576 -0.946884 0
    outer loop
      vertex 143.956 96.5284 8.3
      vertex 143.696 96.4401 3.7
      vertex 143.956 96.5284 3.7
    endloop
  endfacet
  facet normal -0.947253 0.320486 0
    outer loop
      vertex 146.44 93.6964 3.7
      vertex 146.528 93.9565 8.3
      vertex 146.528 93.9565 3.7
    endloop
  endfacet
  facet normal -0.947253 0.320486 0
    outer loop
      vertex 146.528 93.9565 8.3
      vertex 146.44 93.6964 3.7
      vertex 146.44 93.6964 8.3
    endloop
  endfacet
  facet normal -0.556465 0.830871 0
    outer loop
      vertex 145.778 92.834 3.7
      vertex 145.55 92.6813 8.3
      vertex 145.778 92.834 8.3
    endloop
  endfacet
  facet normal -0.556465 0.830871 0
    outer loop
      vertex 145.55 92.6813 8.3
      vertex 145.778 92.834 3.7
      vertex 145.55 92.6813 3.7
    endloop
  endfacet
  facet normal -0.830817 0.556546 0
    outer loop
      vertex 146.166 93.2216 3.7
      vertex 146.319 93.45 8.3
      vertex 146.319 93.45 3.7
    endloop
  endfacet
  facet normal -0.830817 0.556546 0
    outer loop
      vertex 146.319 93.45 8.3
      vertex 146.166 93.2216 3.7
      vertex 146.166 93.2216 8.3
    endloop
  endfacet
  facet normal -0.980497 0.196536 0
    outer loop
      vertex 146.528 93.9565 3.7
      vertex 146.582 94.2259 8.3
      vertex 146.582 94.2259 3.7
    endloop
  endfacet
  facet normal -0.980497 0.196536 0
    outer loop
      vertex 146.582 94.2259 8.3
      vertex 146.528 93.9565 3.7
      vertex 146.528 93.9565 8.3
    endloop
  endfacet
  facet normal 0.321576 0.946884 -0
    outer loop
      vertex 143.956 92.4716 3.7
      vertex 143.696 92.5599 8.3
      vertex 143.956 92.4716 8.3
    endloop
  endfacet
  facet normal 0.321576 0.946884 0
    outer loop
      vertex 143.696 92.5599 8.3
      vertex 143.956 92.4716 3.7
      vertex 143.696 92.5599 3.7
    endloop
  endfacet
  facet normal 0.556465 0.830871 -0
    outer loop
      vertex 143.45 92.6813 3.7
      vertex 143.222 92.834 8.3
      vertex 143.45 92.6813 8.3
    endloop
  endfacet
  facet normal 0.556465 0.830871 0
    outer loop
      vertex 143.222 92.834 8.3
      vertex 143.45 92.6813 3.7
      vertex 143.222 92.834 3.7
    endloop
  endfacet
  facet normal 0.194719 0.980859 -0
    outer loop
      vertex 144.226 92.418 3.7
      vertex 143.956 92.4716 8.3
      vertex 144.226 92.418 8.3
    endloop
  endfacet
  facet normal 0.194719 0.980859 0
    outer loop
      vertex 143.956 92.4716 8.3
      vertex 144.226 92.418 3.7
      vertex 143.956 92.4716 3.7
    endloop
  endfacet
  facet normal 0.830817 0.556546 0
    outer loop
      vertex 142.834 93.2216 8.3
      vertex 142.681 93.45 3.7
      vertex 142.681 93.45 8.3
    endloop
  endfacet
  facet normal 0.830817 0.556546 0
    outer loop
      vertex 142.681 93.45 3.7
      vertex 142.834 93.2216 8.3
      vertex 142.834 93.2216 3.7
    endloop
  endfacet
  facet normal -0.947253 -0.320486 0
    outer loop
      vertex 146.528 95.0435 3.7
      vertex 146.44 95.3036 8.3
      vertex 146.44 95.3036 3.7
    endloop
  endfacet
  facet normal -0.947253 -0.320486 0
    outer loop
      vertex 146.44 95.3036 8.3
      vertex 146.528 95.0435 3.7
      vertex 146.528 95.0435 8.3
    endloop
  endfacet
  facet normal -0.980497 -0.196536 0
    outer loop
      vertex 146.582 94.7741 3.7
      vertex 146.528 95.0435 8.3
      vertex 146.528 95.0435 3.7
    endloop
  endfacet
  facet normal -0.980497 -0.196536 0
    outer loop
      vertex 146.528 95.0435 8.3
      vertex 146.582 94.7741 3.7
      vertex 146.582 94.7741 8.3
    endloop
  endfacet
  facet normal -0.752012 -0.659149 0
    outer loop
      vertex 146.166 95.7784 3.7
      vertex 145.985 95.9849 8.3
      vertex 145.985 95.9849 3.7
    endloop
  endfacet
  facet normal -0.752012 -0.659149 0
    outer loop
      vertex 145.985 95.9849 8.3
      vertex 146.166 95.7784 3.7
      vertex 146.166 95.7784 8.3
    endloop
  endfacet
  facet normal -0.0655521 -0.997849 0
    outer loop
      vertex 144.5 96.6 3.7
      vertex 144.774 96.582 8.3
      vertex 144.5 96.6 8.3
    endloop
  endfacet
  facet normal -0.0655521 -0.997849 -0
    outer loop
      vertex 144.774 96.582 8.3
      vertex 144.5 96.6 3.7
      vertex 144.774 96.582 3.7
    endloop
  endfacet
  facet normal -0.442835 -0.896603 0
    outer loop
      vertex 145.304 96.4401 3.7
      vertex 145.55 96.3186 8.3
      vertex 145.304 96.4401 8.3
    endloop
  endfacet
  facet normal -0.442835 -0.896603 -0
    outer loop
      vertex 145.55 96.3186 8.3
      vertex 145.304 96.4401 3.7
      vertex 145.55 96.3186 3.7
    endloop
  endfacet
  facet normal 0 0 1
    outer loop
      vertex 146.582 94.7741 3.7
      vertex 146.582 94.2259 3.7
      vertex 146.6 94.5 3.7
    endloop
  endfacet
  facet normal 0 0 1
    outer loop
      vertex 146.528 95.0435 3.7
      vertex 146.582 94.2259 3.7
      vertex 146.582 94.7741 3.7
    endloop
  endfacet
  facet normal 0 0 1
    outer loop
      vertex 146.528 95.0435 3.7
      vertex 146.528 93.9565 3.7
      vertex 146.582 94.2259 3.7
    endloop
  endfacet
  facet normal 0 0 1
    outer loop
      vertex 146.44 95.3036 3.7
      vertex 146.528 93.9565 3.7
      vertex 146.528 95.0435 3.7
    endloop
  endfacet
  facet normal 0 0 1
    outer loop
      vertex 146.44 95.3036 3.7
      vertex 146.44 93.6964 3.7
      vertex 146.528 93.9565 3.7
    endloop
  endfacet
  facet normal 0 0 1
    outer loop
      vertex 146.319 95.55 3.7
      vertex 146.44 93.6964 3.7
      vertex 146.44 95.3036 3.7
    endloop
  endfacet
  facet normal 0 0 1
    outer loop
      vertex 146.319 95.55 3.7
      vertex 146.319 93.45 3.7
      vertex 146.44 93.6964 3.7
    endloop
  endfacet
  facet normal 0 0 1
    outer loop
      vertex 146.166 95.7784 3.7
      vertex 146.319 93.45 3.7
      vertex 146.319 95.55 3.7
    endloop
  endfacet
  facet normal 0 0 1
    outer loop
      vertex 146.166 95.7784 3.7
      vertex 146.166 93.2216 3.7
      vertex 146.319 93.45 3.7
    endloop
  endfacet
  facet normal 0 0 1
    outer loop
      vertex 145.985 95.9849 3.7
      vertex 146.166 93.2216 3.7
      vertex 146.166 95.7784 3.7
    endloop
  endfacet
  facet normal 0 0 1
    outer loop
      vertex 145.985 95.9849 3.7
      vertex 145.985 93.0151 3.7
      vertex 146.166 93.2216 3.7
    endloop
  endfacet
  facet normal 0 0 1
    outer loop
      vertex 145.778 96.166 3.7
      vertex 145.985 93.0151 3.7
      vertex 145.985 95.9849 3.7
    endloop
  endfacet
  facet normal 0 0 1
    outer loop
      vertex 145.778 96.166 3.7
      vertex 145.778 92.834 3.7
      vertex 145.985 93.0151 3.7
    endloop
  endfacet
  facet normal 0 0 1
    outer loop
      vertex 145.55 96.3186 3.7
      vertex 145.778 92.834 3.7
      vertex 145.778 96.166 3.7
    endloop
  endfacet
  facet normal 0 0 1
    outer loop
      vertex 145.55 96.3186 3.7
      vertex 145.55 92.6813 3.7
      vertex 145.778 92.834 3.7
    endloop
  endfacet
  facet normal 0 0 1
    outer loop
      vertex 145.304 96.4401 3.7
      vertex 145.55 92.6813 3.7
      vertex 145.55 96.3186 3.7
    endloop
  endfacet
  facet normal 0 0 1
    outer loop
      vertex 145.304 96.4401 3.7
      vertex 145.304 92.5599 3.7
      vertex 145.55 92.6813 3.7
    endloop
  endfacet
  facet normal 0 0 1
    outer loop
      vertex 145.044 96.5284 3.7
      vertex 145.304 92.5599 3.7
      vertex 145.304 96.4401 3.7
    endloop
  endfacet
  facet normal 0 0 1
    outer loop
      vertex 145.044 96.5284 3.7
      vertex 145.044 92.4716 3.7
      vertex 145.304 92.5599 3.7
    endloop
  endfacet
  facet normal 0 0 1
    outer loop
      vertex 144.774 96.582 3.7
      vertex 145.044 92.4716 3.7
      vertex 145.044 96.5284 3.7
    endloop
  endfacet
  facet normal 0 0 1
    outer loop
      vertex 144.774 96.582 3.7
      vertex 144.774 92.418 3.7
      vertex 145.044 92.4716 3.7
    endloop
  endfacet
  facet normal 0 0 1
    outer loop
      vertex 144.5 96.6 3.7
      vertex 144.774 92.418 3.7
      vertex 144.774 96.582 3.7
    endloop
  endfacet
  facet normal 0 0 1
    outer loop
      vertex 144.5 96.6 3.7
      vertex 144.5 92.4 3.7
      vertex 144.774 92.418 3.7
    endloop
  endfacet
  facet normal -0 0 1
    outer loop
      vertex 144.226 96.582 3.7
      vertex 144.5 92.4 3.7
      vertex 144.5 96.6 3.7
    endloop
  endfacet
  facet normal 0 0 1
    outer loop
      vertex 144.226 96.582 3.7
      vertex 144.226 92.418 3.7
      vertex 144.5 92.4 3.7
    endloop
  endfacet
  facet normal -0 0 1
    outer loop
      vertex 143.956 96.5284 3.7
      vertex 144.226 92.418 3.7
      vertex 144.226 96.582 3.7
    endloop
  endfacet
  facet normal 0 0 1
    outer loop
      vertex 143.956 96.5284 3.7
      vertex 143.956 92.4716 3.7
      vertex 144.226 92.418 3.7
    endloop
  endfacet
  facet normal -0 0 1
    outer loop
      vertex 143.696 96.4401 3.7
      vertex 143.956 92.4716 3.7
      vertex 143.956 96.5284 3.7
    endloop
  endfacet
  facet normal 0 0 1
    outer loop
      vertex 143.696 96.4401 3.7
      vertex 143.696 92.5599 3.7
      vertex 143.956 92.4716 3.7
    endloop
  endfacet
  facet normal -0 0 1
    outer loop
      vertex 143.45 96.3186 3.7
      vertex 143.696 92.5599 3.7
      vertex 143.696 96.4401 3.7
    endloop
  endfacet
  facet normal 0 0 1
    outer loop
      vertex 143.45 96.3186 3.7
      vertex 143.45 92.6813 3.7
      vertex 143.696 92.5599 3.7
    endloop
  endfacet
  facet normal -0 0 1
    outer loop
      vertex 143.222 96.166 3.7
      vertex 143.45 92.6813 3.7
      vertex 143.45 96.3186 3.7
    endloop
  endfacet
  facet normal 0 0 1
    outer loop
      vertex 143.222 96.166 3.7
      vertex 143.222 92.834 3.7
      vertex 143.45 92.6813 3.7
    endloop
  endfacet
  facet normal -0 0 1
    outer loop
      vertex 143.015 95.9849 3.7
      vertex 143.222 92.834 3.7
      vertex 143.222 96.166 3.7
    endloop
  endfacet
  facet normal 0 0 1
    outer loop
      vertex 143.015 95.9849 3.7
      vertex 143.015 93.0151 3.7
      vertex 143.222 92.834 3.7
    endloop
  endfacet
  facet normal -0 0 1
    outer loop
      vertex 142.834 95.7784 3.7
      vertex 143.015 93.0151 3.7
      vertex 143.015 95.9849 3.7
    endloop
  endfacet
  facet normal 0 0 1
    outer loop
      vertex 142.834 95.7784 3.7
      vertex 142.834 93.2216 3.7
      vertex 143.015 93.0151 3.7
    endloop
  endfacet
  facet normal -0 0 1
    outer loop
      vertex 142.681 95.55 3.7
      vertex 142.834 93.2216 3.7
      vertex 142.834 95.7784 3.7
    endloop
  endfacet
  facet normal 0 0 1
    outer loop
      vertex 142.681 95.55 3.7
      vertex 142.681 93.45 3.7
      vertex 142.834 93.2216 3.7
    endloop
  endfacet
  facet normal -0 0 1
    outer loop
      vertex 142.56 95.3036 3.7
      vertex 142.681 93.45 3.7
      vertex 142.681 95.55 3.7
    endloop
  endfacet
  facet normal 0 0 1
    outer loop
      vertex 142.56 95.3036 3.7
      vertex 142.56 93.6964 3.7
      vertex 142.681 93.45 3.7
    endloop
  endfacet
  facet normal -0 0 1
    outer loop
      vertex 142.472 95.0435 3.7
      vertex 142.56 93.6964 3.7
      vertex 142.56 95.3036 3.7
    endloop
  endfacet
  facet normal 0 0 1
    outer loop
      vertex 142.472 95.0435 3.7
      vertex 142.472 93.9565 3.7
      vertex 142.56 93.6964 3.7
    endloop
  endfacet
  facet normal -0 0 1
    outer loop
      vertex 142.418 94.7741 3.7
      vertex 142.472 93.9565 3.7
      vertex 142.472 95.0435 3.7
    endloop
  endfacet
  facet normal 0 0 1
    outer loop
      vertex 142.418 94.7741 3.7
      vertex 142.418 94.2259 3.7
      vertex 142.472 93.9565 3.7
    endloop
  endfacet
  facet normal 0 -0 1
    outer loop
      vertex 142.418 94.2259 3.7
      vertex 142.418 94.7741 3.7
      vertex 142.4 94.5 3.7
    endloop
  endfacet
  facet normal 0.89761 -0.440791 0
    outer loop
      vertex 142.56 95.3036 8.3
      vertex 142.681 95.55 3.7
      vertex 142.681 95.55 8.3
    endloop
  endfacet
  facet normal 0.89761 -0.440791 0
    outer loop
      vertex 142.681 95.55 3.7
      vertex 142.56 95.3036 8.3
      vertex 142.56 95.3036 3.7
    endloop
  endfacet
  facet normal 0.997851 -0.0655283 0
    outer loop
      vertex 142.4 94.5 8.3
      vertex 142.418 94.7741 3.7
      vertex 142.418 94.7741 8.3
    endloop
  endfacet
  facet normal 0.997851 -0.0655283 0
    outer loop
      vertex 142.418 94.7741 3.7
      vertex 142.4 94.5 8.3
      vertex 142.4 94.5 3.7
    endloop
  endfacet
  facet normal 0.658453 -0.752622 0
    outer loop
      vertex 143.015 95.9849 3.7
      vertex 143.222 96.166 8.3
      vertex 143.015 95.9849 8.3
    endloop
  endfacet
  facet normal 0.658453 -0.752622 0
    outer loop
      vertex 143.222 96.166 8.3
      vertex 143.015 95.9849 3.7
      vertex 143.222 96.166 3.7
    endloop
  endfacet
  facet normal 0.194719 -0.980859 0
    outer loop
      vertex 143.956 96.5284 3.7
      vertex 144.226 96.582 8.3
      vertex 143.956 96.5284 8.3
    endloop
  endfacet
  facet normal 0.194719 -0.980859 0
    outer loop
      vertex 144.226 96.582 8.3
      vertex 143.956 96.5284 3.7
      vertex 144.226 96.582 3.7
    endloop
  endfacet
  facet normal -0.997851 0.0655283 0
    outer loop
      vertex 146.582 94.2259 3.7
      vertex 146.6 94.5 8.3
      vertex 146.6 94.5 3.7
    endloop
  endfacet
  facet normal -0.997851 0.0655283 0
    outer loop
      vertex 146.6 94.5 8.3
      vertex 146.582 94.2259 3.7
      vertex 146.582 94.2259 8.3
    endloop
  endfacet
  facet normal -0.194719 0.980859 0
    outer loop
      vertex 145.044 92.4716 3.7
      vertex 144.774 92.418 8.3
      vertex 145.044 92.4716 8.3
    endloop
  endfacet
  facet normal -0.194719 0.980859 0
    outer loop
      vertex 144.774 92.418 8.3
      vertex 145.044 92.4716 3.7
      vertex 144.774 92.418 3.7
    endloop
  endfacet
  facet normal -0.442542 0.896748 0
    outer loop
      vertex 145.55 92.6813 3.7
      vertex 145.304 92.5599 8.3
      vertex 145.55 92.6813 8.3
    endloop
  endfacet
  facet normal -0.442542 0.896748 0
    outer loop
      vertex 145.304 92.5599 8.3
      vertex 145.55 92.6813 3.7
      vertex 145.304 92.5599 3.7
    endloop
  endfacet
  facet normal -0.658453 0.752622 0
    outer loop
      vertex 145.985 93.0151 3.7
      vertex 145.778 92.834 8.3
      vertex 145.985 93.0151 8.3
    endloop
  endfacet
  facet normal -0.658453 0.752622 0
    outer loop
      vertex 145.778 92.834 8.3
      vertex 145.985 93.0151 3.7
      vertex 145.778 92.834 3.7
    endloop
  endfacet
  facet normal -0.89761 0.440791 0
    outer loop
      vertex 146.319 93.45 3.7
      vertex 146.44 93.6964 8.3
      vertex 146.44 93.6964 3.7
    endloop
  endfacet
  facet normal -0.89761 0.440791 0
    outer loop
      vertex 146.44 93.6964 8.3
      vertex 146.319 93.45 3.7
      vertex 146.319 93.45 8.3
    endloop
  endfacet
  facet normal 0.442542 0.896748 -0
    outer loop
      vertex 143.696 92.5599 3.7
      vertex 143.45 92.6813 8.3
      vertex 143.696 92.5599 8.3
    endloop
  endfacet
  facet normal 0.442542 0.896748 0
    outer loop
      vertex 143.45 92.6813 8.3
      vertex 143.696 92.5599 3.7
      vertex 143.45 92.6813 3.7
    endloop
  endfacet
  facet normal 0.0655521 0.997849 -0
    outer loop
      vertex 144.5 92.4 3.7
      vertex 144.226 92.418 8.3
      vertex 144.5 92.4 8.3
    endloop
  endfacet
  facet normal 0.0655521 0.997849 0
    outer loop
      vertex 144.226 92.418 8.3
      vertex 144.5 92.4 3.7
      vertex 144.226 92.418 3.7
    endloop
  endfacet
  facet normal 0.752012 0.659149 0
    outer loop
      vertex 143.015 93.0151 8.3
      vertex 142.834 93.2216 3.7
      vertex 142.834 93.2216 8.3
    endloop
  endfacet
  facet normal 0.752012 0.659149 0
    outer loop
      vertex 142.834 93.2216 3.7
      vertex 143.015 93.0151 8.3
      vertex 143.015 93.0151 3.7
    endloop
  endfacet
  facet normal 0.89761 0.440791 0
    outer loop
      vertex 142.681 93.45 8.3
      vertex 142.56 93.6964 3.7
      vertex 142.56 93.6964 8.3
    endloop
  endfacet
  facet normal 0.89761 0.440791 0
    outer loop
      vertex 142.56 93.6964 3.7
      vertex 142.681 93.45 8.3
      vertex 142.681 93.45 3.7
    endloop
  endfacet
  facet normal 0.980497 0.196536 0
    outer loop
      vertex 142.472 93.9565 8.3
      vertex 142.418 94.2259 3.7
      vertex 142.418 94.2259 8.3
    endloop
  endfacet
  facet normal 0.980497 0.196536 0
    outer loop
      vertex 142.418 94.2259 3.7
      vertex 142.472 93.9565 8.3
      vertex 142.472 93.9565 3.7
    endloop
  endfacet
  facet normal 0.997851 0.0655283 0
    outer loop
      vertex 142.418 94.2259 8.3
      vertex 142.4 94.5 3.7
      vertex 142.4 94.5 8.3
    endloop
  endfacet
  facet normal 0.997851 0.0655283 0
    outer loop
      vertex 142.4 94.5 3.7
      vertex 142.418 94.2259 8.3
      vertex 142.418 94.2259 3.7
    endloop
  endfacet
  facet normal -0.321576 0.946884 0
    outer loop
      vertex 145.304 92.5599 3.7
      vertex 145.044 92.4716 8.3
      vertex 145.304 92.5599 8.3
    endloop
  endfacet
  facet normal -0.321576 0.946884 0
    outer loop
      vertex 145.044 92.4716 8.3
      vertex 145.304 92.5599 3.7
      vertex 145.044 92.4716 3.7
    endloop
  endfacet
  facet normal -0.752012 0.659149 0
    outer loop
      vertex 145.985 93.0151 3.7
      vertex 146.166 93.2216 8.3
      vertex 146.166 93.2216 3.7
    endloop
  endfacet
  facet normal -0.752012 0.659149 0
    outer loop
      vertex 146.166 93.2216 8.3
      vertex 145.985 93.0151 3.7
      vertex 145.985 93.0151 8.3
    endloop
  endfacet
  facet normal -0.0655521 0.997849 0
    outer loop
      vertex 144.774 92.418 3.7
      vertex 144.5 92.4 8.3
      vertex 144.774 92.418 8.3
    endloop
  endfacet
  facet normal -0.0655521 0.997849 0
    outer loop
      vertex 144.5 92.4 8.3
      vertex 144.774 92.418 3.7
      vertex 144.5 92.4 3.7
    endloop
  endfacet
  facet normal 0.658453 0.752622 -0
    outer loop
      vertex 143.222 92.834 3.7
      vertex 143.015 93.0151 8.3
      vertex 143.222 92.834 8.3
    endloop
  endfacet
  facet normal 0.658453 0.752622 0
    outer loop
      vertex 143.015 93.0151 8.3
      vertex 143.222 92.834 3.7
      vertex 143.015 93.0151 3.7
    endloop
  endfacet
  facet normal 0.947253 0.320486 0
    outer loop
      vertex 142.56 93.6964 8.3
      vertex 142.472 93.9565 3.7
      vertex 142.472 93.9565 8.3
    endloop
  endfacet
  facet normal 0.947253 0.320486 0
    outer loop
      vertex 142.472 93.9565 3.7
      vertex 142.56 93.6964 8.3
      vertex 142.56 93.6964 3.7
    endloop
  endfacet
  facet normal -0.961752 -0.0631577 0.266542
    outer loop
      vertex 146.6 94.5 8.3
      vertex 146.79 94.5609 9
      vertex 146.582 94.7741 8.3
    endloop
  endfacet
  facet normal -0.961751 -0.0631692 0.266542
    outer loop
      vertex 146.79 94.5609 9
      vertex 146.6 94.5 8.3
      vertex 146.794 94.5 9
    endloop
  endfacet
  facet normal 0.961751 0.0631692 0.266542
    outer loop
      vertex 142.21 94.4391 9
      vertex 142.4 94.5 8.3
      vertex 142.206 94.5 9
    endloop
  endfacet
  facet normal 0.961752 0.0631577 0.266542
    outer loop
      vertex 142.4 94.5 8.3
      vertex 142.21 94.4391 9
      vertex 142.418 94.2259 8.3
    endloop
  endfacet
  facet normal 0.0631689 -0.961571 0.267189
    outer loop
      vertex 144.5 96.6 8.3
      vertex 144.439 96.7905 9
      vertex 144.226 96.582 8.3
    endloop
  endfacet
  facet normal 0.0614864 -0.961711 0.267081
    outer loop
      vertex 144.439 96.7905 9
      vertex 144.5 96.6 8.3
      vertex 144.5 96.7944 9
    endloop
  endfacet
  facet normal -0.961701 0.060459 0.267349
    outer loop
      vertex 146.775 94.2005 9
      vertex 146.79 94.4391 9
      vertex 146.582 94.2259 8.3
    endloop
  endfacet
  facet normal -0.634443 -0.725178 0.267579
    outer loop
      vertex 145.985 95.9849 8.3
      vertex 146.077 96.1627 9
      vertex 145.778 96.166 8.3
    endloop
  endfacet
  facet normal -0.642941 -0.717925 0.266854
    outer loop
      vertex 146.077 96.1627 9
      vertex 145.985 95.9849 8.3
      vertex 146.122 96.1224 9
    endloop
  endfacet
  facet normal -0.0631689 0.961571 0.267189
    outer loop
      vertex 144.5 92.4 8.3
      vertex 144.561 92.2095 9
      vertex 144.774 92.418 8.3
    endloop
  endfacet
  facet normal -0.0614864 0.961711 0.267081
    outer loop
      vertex 144.561 92.2095 9
      vertex 144.5 92.4 8.3
      vertex 144.5 92.2056 9
    endloop
  endfacet
  facet normal 0.961701 -0.060459 0.267349
    outer loop
      vertex 142.418 94.7741 8.3
      vertex 142.225 94.7995 9
      vertex 142.21 94.5609 9
    endloop
  endfacet
  facet normal -0.724633 0.63515 0.267378
    outer loop
      vertex 145.985 93.0151 8.3
      vertex 146.163 92.9235 9
      vertex 146.166 93.2216 8.3
    endloop
  endfacet
  facet normal -0.718763 0.642032 0.266786
    outer loop
      vertex 146.163 92.9235 9
      vertex 145.985 93.0151 8.3
      vertex 146.122 92.8776 9
    endloop
  endfacet
  facet normal 0.634443 0.725178 0.267579
    outer loop
      vertex 143.015 93.0151 8.3
      vertex 142.923 92.8373 9
      vertex 143.222 92.834 8.3
    endloop
  endfacet
  facet normal 0.642941 0.717925 0.266854
    outer loop
      vertex 142.923 92.8373 9
      vertex 143.015 93.0151 8.3
      vertex 142.878 92.8776 9
    endloop
  endfacet
  facet normal 0.0634317 0.961576 0.267111
    outer loop
      vertex 144.439 92.2095 9
      vertex 144.226 92.418 8.3
      vertex 144.201 92.2252 9
    endloop
  endfacet
  facet normal 0.718763 -0.642032 0.266786
    outer loop
      vertex 142.837 96.0765 9
      vertex 143.015 95.9849 8.3
      vertex 142.878 96.1224 9
    endloop
  endfacet
  facet normal 0.724633 -0.63515 0.267378
    outer loop
      vertex 143.015 95.9849 8.3
      vertex 142.837 96.0765 9
      vertex 142.834 95.7784 8.3
    endloop
  endfacet
  facet normal -0.0634317 -0.961576 0.267111
    outer loop
      vertex 144.774 96.582 8.3
      vertex 144.799 96.7748 9
      vertex 144.561 96.7905 9
    endloop
  endfacet
  facet normal -0.961701 -0.060459 0.267349
    outer loop
      vertex 146.79 94.5609 9
      vertex 146.775 94.7995 9
      vertex 146.582 94.7741 8.3
    endloop
  endfacet
  facet normal -0.944805 0.189364 0.267367
    outer loop
      vertex 146.728 93.966 9
      vertex 146.775 94.2005 9
      vertex 146.582 94.2259 8.3
    endloop
  endfacet
  facet normal -0.427111 0.863912 0.266894
    outer loop
      vertex 145.647 92.513 9
      vertex 145.55 92.6813 8.3
      vertex 145.433 92.4072 9
    endloop
  endfacet
  facet normal -0.533387 0.802441 0.267557
    outer loop
      vertex 145.778 92.834 8.3
      vertex 145.846 92.6458 9
      vertex 145.897 92.6797 9
    endloop
  endfacet
  facet normal -0.53621 0.800628 0.267344
    outer loop
      vertex 145.846 92.6458 9
      vertex 145.778 92.834 8.3
      vertex 145.55 92.6813 8.3
    endloop
  endfacet
  facet normal 0.864336 0.425859 0.267521
    outer loop
      vertex 142.407 93.5672 9
      vertex 142.56 93.6964 8.3
      vertex 142.38 93.622 9
    endloop
  endfacet
  facet normal 0.864914 0.424735 0.267439
    outer loop
      vertex 142.56 93.6964 8.3
      vertex 142.407 93.5672 9
      vertex 142.681 93.45 8.3
    endloop
  endfacet
  facet normal 0.800692 0.536366 0.266841
    outer loop
      vertex 142.646 93.154 9
      vertex 142.834 93.2216 8.3
      vertex 142.681 93.45 8.3
    endloop
  endfacet
  facet normal 0.800903 0.536038 0.266866
    outer loop
      vertex 142.834 93.2216 8.3
      vertex 142.646 93.154 9
      vertex 142.68 93.1032 9
    endloop
  endfacet
  facet normal 0.310428 0.912311 0.267064
    outer loop
      vertex 143.906 92.2837 9
      vertex 143.956 92.4716 8.3
      vertex 143.68 92.3606 9
    endloop
  endfacet
  facet normal 0.187644 0.94522 0.267112
    outer loop
      vertex 143.956 92.4716 8.3
      vertex 143.966 92.2718 9
      vertex 144.226 92.418 8.3
    endloop
  endfacet
  facet normal 0.187475 0.94525 0.267123
    outer loop
      vertex 143.966 92.2718 9
      vertex 143.956 92.4716 8.3
      vertex 143.906 92.2837 9
    endloop
  endfacet
  facet normal 0.944805 -0.189364 0.267367
    outer loop
      vertex 142.418 94.7741 8.3
      vertex 142.272 95.034 9
      vertex 142.225 94.7995 9
    endloop
  endfacet
  facet normal 0.427097 -0.863883 0.267009
    outer loop
      vertex 143.45 96.3186 8.3
      vertex 143.567 96.5928 9
      vertex 143.353 96.487 9
    endloop
  endfacet
  facet normal 0.533387 -0.802441 0.267557
    outer loop
      vertex 143.222 96.166 8.3
      vertex 143.154 96.3542 9
      vertex 143.103 96.3203 9
    endloop
  endfacet
  facet normal 0.535965 -0.800786 0.267362
    outer loop
      vertex 143.154 96.3542 9
      vertex 143.222 96.166 8.3
      vertex 143.45 96.3186 8.3
    endloop
  endfacet
  facet normal -0.424678 -0.865086 0.266974
    outer loop
      vertex 145.304 96.4401 8.3
      vertex 145.433 96.5928 9
      vertex 145.378 96.6198 9
    endloop
  endfacet
  facet normal -0.426743 -0.864023 0.267123
    outer loop
      vertex 145.433 96.5928 9
      vertex 145.304 96.4401 8.3
      vertex 145.55 96.3186 8.3
    endloop
  endfacet
  facet normal -0.864914 -0.424735 0.267439
    outer loop
      vertex 146.44 95.3036 8.3
      vertex 146.593 95.4328 9
      vertex 146.319 95.55 8.3
    endloop
  endfacet
  facet normal -0.864336 -0.425859 0.267521
    outer loop
      vertex 146.593 95.4328 9
      vertex 146.44 95.3036 8.3
      vertex 146.62 95.378 9
    endloop
  endfacet
  facet normal -0.800903 -0.536038 0.266866
    outer loop
      vertex 146.166 95.7784 8.3
      vertex 146.354 95.846 9
      vertex 146.32 95.8968 9
    endloop
  endfacet
  facet normal -0.800692 -0.536366 0.266841
    outer loop
      vertex 146.354 95.846 9
      vertex 146.166 95.7784 8.3
      vertex 146.319 95.55 8.3
    endloop
  endfacet
  facet normal -0.915404 -0.300911 0.267372
    outer loop
      vertex 146.44 95.3036 8.3
      vertex 146.639 95.3202 9
      vertex 146.62 95.378 9
    endloop
  endfacet
  facet normal -0.912904 -0.308864 0.26685
    outer loop
      vertex 146.639 95.3202 9
      vertex 146.44 95.3036 8.3
      vertex 146.528 95.0435 8.3
    endloop
  endfacet
  facet normal -0.944805 -0.189364 0.267367
    outer loop
      vertex 146.775 94.7995 9
      vertex 146.728 95.034 9
      vertex 146.582 94.7741 8.3
    endloop
  endfacet
  facet normal -0.961751 0.0631692 0.266542
    outer loop
      vertex 146.6 94.5 8.3
      vertex 146.79 94.4391 9
      vertex 146.794 94.5 9
    endloop
  endfacet
  facet normal -0.961752 0.0631577 0.266542
    outer loop
      vertex 146.79 94.4391 9
      vertex 146.6 94.5 8.3
      vertex 146.582 94.2259 8.3
    endloop
  endfacet
  facet normal -0.864336 0.425859 0.267521
    outer loop
      vertex 146.44 93.6964 8.3
      vertex 146.593 93.5672 9
      vertex 146.62 93.622 9
    endloop
  endfacet
  facet normal -0.864914 0.424735 0.267439
    outer loop
      vertex 146.593 93.5672 9
      vertex 146.44 93.6964 8.3
      vertex 146.319 93.45 8.3
    endloop
  endfacet
  facet normal -0.725749 0.634071 0.266913
    outer loop
      vertex 146.32 93.1032 9
      vertex 146.166 93.2216 8.3
      vertex 146.163 92.9235 9
    endloop
  endfacet
  facet normal -0.308524 0.912978 0.26699
    outer loop
      vertex 145.304 92.5599 8.3
      vertex 145.32 92.3606 9
      vertex 145.378 92.3802 9
    endloop
  endfacet
  facet normal -0.309911 0.912536 0.266896
    outer loop
      vertex 145.32 92.3606 9
      vertex 145.304 92.5599 8.3
      vertex 145.044 92.4716 8.3
    endloop
  endfacet
  facet normal -0.0634317 0.961576 0.267111
    outer loop
      vertex 144.799 92.2252 9
      vertex 144.774 92.418 8.3
      vertex 144.561 92.2095 9
    endloop
  endfacet
  facet normal -0.426463 0.864167 0.267103
    outer loop
      vertex 145.304 92.5599 8.3
      vertex 145.433 92.4072 9
      vertex 145.55 92.6813 8.3
    endloop
  endfacet
  facet normal -0.424678 0.865086 0.266974
    outer loop
      vertex 145.433 92.4072 9
      vertex 145.304 92.5599 8.3
      vertex 145.378 92.3802 9
    endloop
  endfacet
  facet normal 0.912904 0.308864 0.26685
    outer loop
      vertex 142.361 93.6798 9
      vertex 142.56 93.6964 8.3
      vertex 142.472 93.9565 8.3
    endloop
  endfacet
  facet normal 0.915404 0.300911 0.267372
    outer loop
      vertex 142.56 93.6964 8.3
      vertex 142.361 93.6798 9
      vertex 142.38 93.622 9
    endloop
  endfacet
  facet normal 0.961701 0.060459 0.267349
    outer loop
      vertex 142.225 94.2005 9
      vertex 142.418 94.2259 8.3
      vertex 142.21 94.4391 9
    endloop
  endfacet
  facet normal 0.725749 0.634071 0.266913
    outer loop
      vertex 142.837 92.9235 9
      vertex 142.834 93.2216 8.3
      vertex 142.68 93.1032 9
    endloop
  endfacet
  facet normal 0.801052 0.535915 0.266668
    outer loop
      vertex 142.646 93.154 9
      vertex 142.681 93.45 8.3
      vertex 142.513 93.3528 9
    endloop
  endfacet
  facet normal 0.424678 0.865086 0.266974
    outer loop
      vertex 143.696 92.5599 8.3
      vertex 143.567 92.4072 9
      vertex 143.622 92.3802 9
    endloop
  endfacet
  facet normal 0.426463 0.864167 0.267103
    outer loop
      vertex 143.567 92.4072 9
      vertex 143.696 92.5599 8.3
      vertex 143.45 92.6813 8.3
    endloop
  endfacet
  facet normal 0.634701 0.724912 0.26769
    outer loop
      vertex 143.103 92.6797 9
      vertex 143.222 92.834 8.3
      vertex 142.923 92.8373 9
    endloop
  endfacet
  facet normal 0.187446 0.945277 0.267051
    outer loop
      vertex 144.201 92.2252 9
      vertex 144.226 92.418 8.3
      vertex 143.966 92.2718 9
    endloop
  endfacet
  facet normal 0.961751 -0.0631692 0.266542
    outer loop
      vertex 142.4 94.5 8.3
      vertex 142.21 94.5609 9
      vertex 142.206 94.5 9
    endloop
  endfacet
  facet normal 0.961752 -0.0631577 0.266542
    outer loop
      vertex 142.21 94.5609 9
      vertex 142.4 94.5 8.3
      vertex 142.418 94.7741 8.3
    endloop
  endfacet
  facet normal 0.864336 -0.425859 0.267521
    outer loop
      vertex 142.56 95.3036 8.3
      vertex 142.407 95.4328 9
      vertex 142.38 95.378 9
    endloop
  endfacet
  facet normal 0.864914 -0.424735 0.267439
    outer loop
      vertex 142.407 95.4328 9
      vertex 142.56 95.3036 8.3
      vertex 142.681 95.55 8.3
    endloop
  endfacet
  facet normal 0.725749 -0.634071 0.266913
    outer loop
      vertex 142.834 95.7784 8.3
      vertex 142.837 96.0765 9
      vertex 142.68 95.8968 9
    endloop
  endfacet
  facet normal 0.308524 -0.912978 0.26699
    outer loop
      vertex 143.696 96.4401 8.3
      vertex 143.68 96.6394 9
      vertex 143.622 96.6198 9
    endloop
  endfacet
  facet normal 0.309911 -0.912536 0.266896
    outer loop
      vertex 143.68 96.6394 9
      vertex 143.696 96.4401 8.3
      vertex 143.956 96.5284 8.3
    endloop
  endfacet
  facet normal 0.0634317 -0.961576 0.267111
    outer loop
      vertex 144.226 96.582 8.3
      vertex 144.439 96.7905 9
      vertex 144.201 96.7748 9
    endloop
  endfacet
  facet normal 0.426743 -0.864023 0.267123
    outer loop
      vertex 143.696 96.4401 8.3
      vertex 143.567 96.5928 9
      vertex 143.45 96.3186 8.3
    endloop
  endfacet
  facet normal 0.424678 -0.865086 0.266974
    outer loop
      vertex 143.567 96.5928 9
      vertex 143.696 96.4401 8.3
      vertex 143.622 96.6198 9
    endloop
  endfacet
  facet normal -0.0614864 -0.961711 0.267081
    outer loop
      vertex 144.5 96.6 8.3
      vertex 144.561 96.7905 9
      vertex 144.5 96.7944 9
    endloop
  endfacet
  facet normal -0.0631689 -0.961571 0.267189
    outer loop
      vertex 144.561 96.7905 9
      vertex 144.5 96.6 8.3
      vertex 144.774 96.582 8.3
    endloop
  endfacet
  facet normal -0.634701 -0.724912 0.26769
    outer loop
      vertex 146.077 96.1627 9
      vertex 145.897 96.3203 9
      vertex 145.778 96.166 8.3
    endloop
  endfacet
  facet normal -0.725749 -0.634071 0.266913
    outer loop
      vertex 146.166 95.7784 8.3
      vertex 146.32 95.8968 9
      vertex 146.163 96.0765 9
    endloop
  endfacet
  facet normal -0.863965 -0.427147 0.266664
    outer loop
      vertex 146.593 95.4328 9
      vertex 146.487 95.6472 9
      vertex 146.319 95.55 8.3
    endloop
  endfacet
  facet normal -0.912291 -0.310276 0.267311
    outer loop
      vertex 146.716 95.0938 9
      vertex 146.639 95.3202 9
      vertex 146.528 95.0435 8.3
    endloop
  endfacet
  facet normal -0.944763 -0.189585 0.267359
    outer loop
      vertex 146.528 95.0435 8.3
      vertex 146.728 95.034 9
      vertex 146.716 95.0938 9
    endloop
  endfacet
  facet normal -0.9448 -0.189381 0.267373
    outer loop
      vertex 146.728 95.034 9
      vertex 146.528 95.0435 8.3
      vertex 146.582 94.7741 8.3
    endloop
  endfacet
  facet normal -0.9448 0.189381 0.267373
    outer loop
      vertex 146.528 93.9565 8.3
      vertex 146.728 93.966 9
      vertex 146.582 94.2259 8.3
    endloop
  endfacet
  facet normal -0.944763 0.189585 0.267359
    outer loop
      vertex 146.728 93.966 9
      vertex 146.528 93.9565 8.3
      vertex 146.716 93.9062 9
    endloop
  endfacet
  facet normal -0.912291 0.310276 0.267311
    outer loop
      vertex 146.639 93.6798 9
      vertex 146.716 93.9062 9
      vertex 146.528 93.9565 8.3
    endloop
  endfacet
  facet normal -0.863965 0.427147 0.266664
    outer loop
      vertex 146.487 93.3528 9
      vertex 146.593 93.5672 9
      vertex 146.319 93.45 8.3
    endloop
  endfacet
  facet normal -0.187446 0.945277 0.267051
    outer loop
      vertex 144.799 92.2252 9
      vertex 145.034 92.2718 9
      vertex 144.774 92.418 8.3
    endloop
  endfacet
  facet normal -0.634701 0.724912 0.26769
    outer loop
      vertex 145.897 92.6797 9
      vertex 146.077 92.8373 9
      vertex 145.778 92.834 8.3
    endloop
  endfacet
  facet normal -0.534955 0.801627 0.266864
    outer loop
      vertex 145.647 92.513 9
      vertex 145.846 92.6458 9
      vertex 145.55 92.6813 8.3
    endloop
  endfacet
  facet normal 0.944805 0.189364 0.267367
    outer loop
      vertex 142.272 93.966 9
      vertex 142.418 94.2259 8.3
      vertex 142.225 94.2005 9
    endloop
  endfacet
  facet normal 0.724633 0.63515 0.267378
    outer loop
      vertex 142.837 92.9235 9
      vertex 143.015 93.0151 8.3
      vertex 142.834 93.2216 8.3
    endloop
  endfacet
  facet normal 0.718763 0.642032 0.266786
    outer loop
      vertex 143.015 93.0151 8.3
      vertex 142.837 92.9235 9
      vertex 142.878 92.8776 9
    endloop
  endfacet
  facet normal 0.863965 0.427147 0.266664
    outer loop
      vertex 142.513 93.3528 9
      vertex 142.681 93.45 8.3
      vertex 142.407 93.5672 9
    endloop
  endfacet
  facet normal 0.427111 0.863912 0.266894
    outer loop
      vertex 143.567 92.4072 9
      vertex 143.45 92.6813 8.3
      vertex 143.353 92.513 9
    endloop
  endfacet
  facet normal 0.309911 0.912536 0.266896
    outer loop
      vertex 143.696 92.5599 8.3
      vertex 143.68 92.3606 9
      vertex 143.956 92.4716 8.3
    endloop
  endfacet
  facet normal 0.308524 0.912978 0.26699
    outer loop
      vertex 143.68 92.3606 9
      vertex 143.696 92.5599 8.3
      vertex 143.622 92.3802 9
    endloop
  endfacet
  facet normal 0.944763 -0.189585 0.267359
    outer loop
      vertex 142.272 95.034 9
      vertex 142.472 95.0435 8.3
      vertex 142.284 95.0938 9
    endloop
  endfacet
  facet normal 0.9448 -0.189381 0.267373
    outer loop
      vertex 142.472 95.0435 8.3
      vertex 142.272 95.034 9
      vertex 142.418 94.7741 8.3
    endloop
  endfacet
  facet normal 0.912291 -0.310276 0.267311
    outer loop
      vertex 142.472 95.0435 8.3
      vertex 142.361 95.3202 9
      vertex 142.284 95.0938 9
    endloop
  endfacet
  facet normal 0.863965 -0.427147 0.266664
    outer loop
      vertex 142.681 95.55 8.3
      vertex 142.513 95.6472 9
      vertex 142.407 95.4328 9
    endloop
  endfacet
  facet normal 0.187446 -0.945277 0.267051
    outer loop
      vertex 144.226 96.582 8.3
      vertex 144.201 96.7748 9
      vertex 143.966 96.7282 9
    endloop
  endfacet
  facet normal 0.634701 -0.724912 0.26769
    outer loop
      vertex 143.222 96.166 8.3
      vertex 143.103 96.3203 9
      vertex 142.923 96.1627 9
    endloop
  endfacet
  facet normal 0.534939 -0.801603 0.26697
    outer loop
      vertex 143.45 96.3186 8.3
      vertex 143.353 96.487 9
      vertex 143.154 96.3542 9
    endloop
  endfacet
  facet normal -0.187644 -0.94522 0.267112
    outer loop
      vertex 145.044 96.5284 8.3
      vertex 145.034 96.7282 9
      vertex 144.774 96.582 8.3
    endloop
  endfacet
  facet normal -0.187475 -0.94525 0.267123
    outer loop
      vertex 145.034 96.7282 9
      vertex 145.044 96.5284 8.3
      vertex 145.094 96.7163 9
    endloop
  endfacet
  facet normal -0.187446 -0.945277 0.267051
    outer loop
      vertex 145.034 96.7282 9
      vertex 144.799 96.7748 9
      vertex 144.774 96.582 8.3
    endloop
  endfacet
  facet normal -0.534939 -0.801603 0.26697
    outer loop
      vertex 145.846 96.3542 9
      vertex 145.647 96.487 9
      vertex 145.55 96.3186 8.3
    endloop
  endfacet
  facet normal -0.427097 -0.863883 0.267009
    outer loop
      vertex 145.55 96.3186 8.3
      vertex 145.647 96.487 9
      vertex 145.433 96.5928 9
    endloop
  endfacet
  facet normal -0.718763 -0.642032 0.266786
    outer loop
      vertex 145.985 95.9849 8.3
      vertex 146.163 96.0765 9
      vertex 146.122 96.1224 9
    endloop
  endfacet
  facet normal -0.724633 -0.63515 0.267378
    outer loop
      vertex 146.163 96.0765 9
      vertex 145.985 95.9849 8.3
      vertex 146.166 95.7784 8.3
    endloop
  endfacet
  facet normal -0.801052 -0.535915 0.266668
    outer loop
      vertex 146.487 95.6472 9
      vertex 146.354 95.846 9
      vertex 146.319 95.55 8.3
    endloop
  endfacet
  facet normal -0.912904 0.308864 0.26685
    outer loop
      vertex 146.44 93.6964 8.3
      vertex 146.639 93.6798 9
      vertex 146.528 93.9565 8.3
    endloop
  endfacet
  facet normal -0.915404 0.300911 0.267372
    outer loop
      vertex 146.639 93.6798 9
      vertex 146.44 93.6964 8.3
      vertex 146.62 93.622 9
    endloop
  endfacet
  facet normal -0.801052 0.535915 0.266668
    outer loop
      vertex 146.354 93.154 9
      vertex 146.487 93.3528 9
      vertex 146.319 93.45 8.3
    endloop
  endfacet
  facet normal -0.800692 0.536366 0.266841
    outer loop
      vertex 146.166 93.2216 8.3
      vertex 146.354 93.154 9
      vertex 146.319 93.45 8.3
    endloop
  endfacet
  facet normal -0.800903 0.536038 0.266866
    outer loop
      vertex 146.354 93.154 9
      vertex 146.166 93.2216 8.3
      vertex 146.32 93.1032 9
    endloop
  endfacet
  facet normal -0.310428 0.912311 0.267064
    outer loop
      vertex 145.094 92.2837 9
      vertex 145.32 92.3606 9
      vertex 145.044 92.4716 8.3
    endloop
  endfacet
  facet normal -0.187475 0.94525 0.267123
    outer loop
      vertex 145.044 92.4716 8.3
      vertex 145.034 92.2718 9
      vertex 145.094 92.2837 9
    endloop
  endfacet
  facet normal -0.187644 0.94522 0.267112
    outer loop
      vertex 145.034 92.2718 9
      vertex 145.044 92.4716 8.3
      vertex 144.774 92.418 8.3
    endloop
  endfacet
  facet normal -0.642941 0.717925 0.266854
    outer loop
      vertex 145.985 93.0151 8.3
      vertex 146.077 92.8373 9
      vertex 146.122 92.8776 9
    endloop
  endfacet
  facet normal -0.634443 0.725178 0.267579
    outer loop
      vertex 146.077 92.8373 9
      vertex 145.985 93.0151 8.3
      vertex 145.778 92.834 8.3
    endloop
  endfacet
  facet normal 0.912291 0.310276 0.267311
    outer loop
      vertex 142.361 93.6798 9
      vertex 142.472 93.9565 8.3
      vertex 142.284 93.9062 9
    endloop
  endfacet
  facet normal 0.9448 0.189381 0.267373
    outer loop
      vertex 142.272 93.966 9
      vertex 142.472 93.9565 8.3
      vertex 142.418 94.2259 8.3
    endloop
  endfacet
  facet normal 0.944763 0.189585 0.267359
    outer loop
      vertex 142.472 93.9565 8.3
      vertex 142.272 93.966 9
      vertex 142.284 93.9062 9
    endloop
  endfacet
  facet normal 0.534955 0.801627 0.266864
    outer loop
      vertex 143.353 92.513 9
      vertex 143.45 92.6813 8.3
      vertex 143.154 92.6458 9
    endloop
  endfacet
  facet normal 0.53621 0.800628 0.267344
    outer loop
      vertex 143.222 92.834 8.3
      vertex 143.154 92.6458 9
      vertex 143.45 92.6813 8.3
    endloop
  endfacet
  facet normal 0.533387 0.802441 0.267557
    outer loop
      vertex 143.154 92.6458 9
      vertex 143.222 92.834 8.3
      vertex 143.103 92.6797 9
    endloop
  endfacet
  facet normal 0.0614864 0.961711 0.267081
    outer loop
      vertex 144.5 92.4 8.3
      vertex 144.439 92.2095 9
      vertex 144.5 92.2056 9
    endloop
  endfacet
  facet normal 0.0631689 0.961571 0.267189
    outer loop
      vertex 144.439 92.2095 9
      vertex 144.5 92.4 8.3
      vertex 144.226 92.418 8.3
    endloop
  endfacet
  facet normal 0.915404 -0.300911 0.267372
    outer loop
      vertex 142.361 95.3202 9
      vertex 142.56 95.3036 8.3
      vertex 142.38 95.378 9
    endloop
  endfacet
  facet normal 0.912904 -0.308864 0.26685
    outer loop
      vertex 142.56 95.3036 8.3
      vertex 142.361 95.3202 9
      vertex 142.472 95.0435 8.3
    endloop
  endfacet
  facet normal 0.801052 -0.535915 0.266668
    outer loop
      vertex 142.681 95.55 8.3
      vertex 142.646 95.846 9
      vertex 142.513 95.6472 9
    endloop
  endfacet
  facet normal 0.800903 -0.536038 0.266866
    outer loop
      vertex 142.646 95.846 9
      vertex 142.834 95.7784 8.3
      vertex 142.68 95.8968 9
    endloop
  endfacet
  facet normal 0.800692 -0.536366 0.266841
    outer loop
      vertex 142.834 95.7784 8.3
      vertex 142.646 95.846 9
      vertex 142.681 95.55 8.3
    endloop
  endfacet
  facet normal 0.310428 -0.912311 0.267064
    outer loop
      vertex 143.956 96.5284 8.3
      vertex 143.906 96.7163 9
      vertex 143.68 96.6394 9
    endloop
  endfacet
  facet normal 0.187475 -0.94525 0.267123
    outer loop
      vertex 143.956 96.5284 8.3
      vertex 143.966 96.7282 9
      vertex 143.906 96.7163 9
    endloop
  endfacet
  facet normal 0.187644 -0.94522 0.267112
    outer loop
      vertex 143.966 96.7282 9
      vertex 143.956 96.5284 8.3
      vertex 144.226 96.582 8.3
    endloop
  endfacet
  facet normal 0.642941 -0.717925 0.266854
    outer loop
      vertex 143.015 95.9849 8.3
      vertex 142.923 96.1627 9
      vertex 142.878 96.1224 9
    endloop
  endfacet
  facet normal 0.634443 -0.725178 0.267579
    outer loop
      vertex 142.923 96.1627 9
      vertex 143.015 95.9849 8.3
      vertex 143.222 96.166 8.3
    endloop
  endfacet
  facet normal -0.310428 -0.912311 0.267064
    outer loop
      vertex 145.32 96.6394 9
      vertex 145.094 96.7163 9
      vertex 145.044 96.5284 8.3
    endloop
  endfacet
  facet normal -0.309911 -0.912536 0.266896
    outer loop
      vertex 145.304 96.4401 8.3
      vertex 145.32 96.6394 9
      vertex 145.044 96.5284 8.3
    endloop
  endfacet
  facet normal -0.308524 -0.912978 0.26699
    outer loop
      vertex 145.32 96.6394 9
      vertex 145.304 96.4401 8.3
      vertex 145.378 96.6198 9
    endloop
  endfacet
  facet normal -0.535965 -0.800786 0.267362
    outer loop
      vertex 145.778 96.166 8.3
      vertex 145.846 96.3542 9
      vertex 145.55 96.3186 8.3
    endloop
  endfacet
  facet normal -0.533387 -0.802441 0.267557
    outer loop
      vertex 145.846 96.3542 9
      vertex 145.778 96.166 8.3
      vertex 145.897 96.3203 9
    endloop
  endfacet
  facet normal -0.997851 -0.0655283 0
    outer loop
      vertex 44.1 50 1.15
      vertex 44.082 50.2741 2.4
      vertex 44.082 50.2741 1.15
    endloop
  endfacet
  facet normal -0.997851 -0.0655283 0
    outer loop
      vertex 44.082 50.2741 2.4
      vertex 44.1 50 1.15
      vertex 44.1 50 2.4
    endloop
  endfacet
  facet normal 0.0655283 -0.997851 0
    outer loop
      vertex 41.7259 52.082 1.15
      vertex 42 52.1 2.4
      vertex 41.7259 52.082 2.4
    endloop
  endfacet
  facet normal 0.0655283 -0.997851 0
    outer loop
      vertex 42 52.1 2.4
      vertex 41.7259 52.082 1.15
      vertex 42 52.1 1.15
    endloop
  endfacet
  facet normal -0.659355 -0.751832 0
    outer loop
      vertex 43.2784 51.666 1.15
      vertex 43.4849 51.4849 2.4
      vertex 43.2784 51.666 2.4
    endloop
  endfacet
  facet normal -0.659355 -0.751832 -0
    outer loop
      vertex 43.4849 51.4849 2.4
      vertex 43.2784 51.666 1.15
      vertex 43.4849 51.4849 1.15
    endloop
  endfacet
  facet normal 0.751832 -0.659355 0
    outer loop
      vertex 40.334 51.2784 2.4
      vertex 40.5151 51.4849 1.15
      vertex 40.5151 51.4849 2.4
    endloop
  endfacet
  facet normal 0.751832 -0.659355 0
    outer loop
      vertex 40.5151 51.4849 1.15
      vertex 40.334 51.2784 2.4
      vertex 40.334 51.2784 1.15
    endloop
  endfacet
  facet normal 0.441964 -0.897033 0
    outer loop
      vertex 40.95 51.8187 1.15
      vertex 41.1964 51.9401 2.4
      vertex 40.95 51.8187 2.4
    endloop
  endfacet
  facet normal 0.441964 -0.897033 0
    outer loop
      vertex 41.1964 51.9401 2.4
      vertex 40.95 51.8187 1.15
      vertex 41.1964 51.9401 1.15
    endloop
  endfacet
  facet normal -0.897033 -0.441964 0
    outer loop
      vertex 43.9401 50.8036 1.15
      vertex 43.8187 51.05 2.4
      vertex 43.8187 51.05 1.15
    endloop
  endfacet
  facet normal -0.897033 -0.441964 0
    outer loop
      vertex 43.8187 51.05 2.4
      vertex 43.9401 50.8036 1.15
      vertex 43.9401 50.8036 2.4
    endloop
  endfacet
  facet normal -0.831322 -0.555792 0
    outer loop
      vertex 43.8187 51.05 1.15
      vertex 43.666 51.2784 2.4
      vertex 43.666 51.2784 1.15
    endloop
  endfacet
  facet normal -0.831322 -0.555792 0
    outer loop
      vertex 43.666 51.2784 2.4
      vertex 43.8187 51.05 1.15
      vertex 43.8187 51.05 2.4
    endloop
  endfacet
  facet normal -0.321465 -0.946921 0
    outer loop
      vertex 42.5435 52.0284 1.15
      vertex 42.8036 51.9401 2.4
      vertex 42.5435 52.0284 2.4
    endloop
  endfacet
  facet normal -0.321465 -0.946921 -0
    outer loop
      vertex 42.8036 51.9401 2.4
      vertex 42.5435 52.0284 1.15
      vertex 42.8036 51.9401 1.15
    endloop
  endfacet
  facet normal -0.195136 -0.980776 0
    outer loop
      vertex 42.2741 52.082 1.15
      vertex 42.5435 52.0284 2.4
      vertex 42.2741 52.082 2.4
    endloop
  endfacet
  facet normal -0.195136 -0.980776 -0
    outer loop
      vertex 42.5435 52.0284 2.4
      vertex 42.2741 52.082 1.15
      vertex 42.5435 52.0284 1.15
    endloop
  endfacet
  facet normal -0.555792 -0.831322 0
    outer loop
      vertex 43.05 51.8187 1.15
      vertex 43.2784 51.666 2.4
      vertex 43.05 51.8187 2.4
    endloop
  endfacet
  facet normal -0.555792 -0.831322 -0
    outer loop
      vertex 43.2784 51.666 2.4
      vertex 43.05 51.8187 1.15
      vertex 43.2784 51.666 1.15
    endloop
  endfacet
  facet normal 0.897033 -0.441964 0
    outer loop
      vertex 40.0599 50.8036 2.4
      vertex 40.1813 51.05 1.15
      vertex 40.1813 51.05 2.4
    endloop
  endfacet
  facet normal 0.897033 -0.441964 0
    outer loop
      vertex 40.1813 51.05 1.15
      vertex 40.0599 50.8036 2.4
      vertex 40.0599 50.8036 1.15
    endloop
  endfacet
  facet normal 0.831322 -0.555792 0
    outer loop
      vertex 40.1813 51.05 2.4
      vertex 40.334 51.2784 1.15
      vertex 40.334 51.2784 2.4
    endloop
  endfacet
  facet normal 0.831322 -0.555792 0
    outer loop
      vertex 40.334 51.2784 1.15
      vertex 40.1813 51.05 2.4
      vertex 40.1813 51.05 1.15
    endloop
  endfacet
  facet normal 0.980776 -0.195136 0
    outer loop
      vertex 39.918 50.2741 2.4
      vertex 39.9716 50.5435 1.15
      vertex 39.9716 50.5435 2.4
    endloop
  endfacet
  facet normal 0.980776 -0.195136 0
    outer loop
      vertex 39.9716 50.5435 1.15
      vertex 39.918 50.2741 2.4
      vertex 39.918 50.2741 1.15
    endloop
  endfacet
  facet normal 0.555792 -0.831322 0
    outer loop
      vertex 40.7216 51.666 1.15
      vertex 40.95 51.8187 2.4
      vertex 40.7216 51.666 2.4
    endloop
  endfacet
  facet normal 0.555792 -0.831322 0
    outer loop
      vertex 40.95 51.8187 2.4
      vertex 40.7216 51.666 1.15
      vertex 40.95 51.8187 1.15
    endloop
  endfacet
  facet normal 0.321465 -0.946921 0
    outer loop
      vertex 41.1964 51.9401 1.15
      vertex 41.4565 52.0284 2.4
      vertex 41.1964 51.9401 2.4
    endloop
  endfacet
  facet normal 0.321465 -0.946921 0
    outer loop
      vertex 41.4565 52.0284 2.4
      vertex 41.1964 51.9401 1.15
      vertex 41.4565 52.0284 1.15
    endloop
  endfacet
  facet normal -0.897033 0.441964 0
    outer loop
      vertex 43.8187 48.95 1.15
      vertex 43.9401 49.1964 2.4
      vertex 43.9401 49.1964 1.15
    endloop
  endfacet
  facet normal -0.897033 0.441964 0
    outer loop
      vertex 43.9401 49.1964 2.4
      vertex 43.8187 48.95 1.15
      vertex 43.8187 48.95 2.4
    endloop
  endfacet
  facet normal -0.751832 0.659355 0
    outer loop
      vertex 43.4849 48.5151 1.15
      vertex 43.666 48.7216 2.4
      vertex 43.666 48.7216 1.15
    endloop
  endfacet
  facet normal -0.751832 0.659355 0
    outer loop
      vertex 43.666 48.7216 2.4
      vertex 43.4849 48.5151 1.15
      vertex 43.4849 48.5151 2.4
    endloop
  endfacet
  facet normal -0.555792 0.831322 0
    outer loop
      vertex 43.2784 48.334 1.15
      vertex 43.05 48.1813 2.4
      vertex 43.2784 48.334 2.4
    endloop
  endfacet
  facet normal -0.555792 0.831322 0
    outer loop
      vertex 43.05 48.1813 2.4
      vertex 43.2784 48.334 1.15
      vertex 43.05 48.1813 1.15
    endloop
  endfacet
  facet normal -0.831322 0.555792 0
    outer loop
      vertex 43.666 48.7216 1.15
      vertex 43.8187 48.95 2.4
      vertex 43.8187 48.95 1.15
    endloop
  endfacet
  facet normal -0.831322 0.555792 0
    outer loop
      vertex 43.8187 48.95 2.4
      vertex 43.666 48.7216 1.15
      vertex 43.666 48.7216 2.4
    endloop
  endfacet
  facet normal -0.980776 0.195136 0
    outer loop
      vertex 44.0284 49.4565 1.15
      vertex 44.082 49.7259 2.4
      vertex 44.082 49.7259 1.15
    endloop
  endfacet
  facet normal -0.980776 0.195136 0
    outer loop
      vertex 44.082 49.7259 2.4
      vertex 44.0284 49.4565 1.15
      vertex 44.0284 49.4565 2.4
    endloop
  endfacet
  facet normal 0.555792 0.831322 -0
    outer loop
      vertex 40.95 48.1813 1.15
      vertex 40.7216 48.334 2.4
      vertex 40.95 48.1813 2.4
    endloop
  endfacet
  facet normal 0.555792 0.831322 0
    outer loop
      vertex 40.7216 48.334 2.4
      vertex 40.95 48.1813 1.15
      vertex 40.7216 48.334 1.15
    endloop
  endfacet
  facet normal 0.195136 0.980776 -0
    outer loop
      vertex 41.7259 47.918 1.15
      vertex 41.4565 47.9716 2.4
      vertex 41.7259 47.918 2.4
    endloop
  endfacet
  facet normal 0.195136 0.980776 0
    outer loop
      vertex 41.4565 47.9716 2.4
      vertex 41.7259 47.918 1.15
      vertex 41.4565 47.9716 1.15
    endloop
  endfacet
  facet normal 0.831322 0.555792 0
    outer loop
      vertex 40.334 48.7216 2.4
      vertex 40.1813 48.95 1.15
      vertex 40.1813 48.95 2.4
    endloop
  endfacet
  facet normal 0.831322 0.555792 0
    outer loop
      vertex 40.1813 48.95 1.15
      vertex 40.334 48.7216 2.4
      vertex 40.334 48.7216 1.15
    endloop
  endfacet
  facet normal 0.751832 0.659355 0
    outer loop
      vertex 40.5151 48.5151 2.4
      vertex 40.334 48.7216 1.15
      vertex 40.334 48.7216 2.4
    endloop
  endfacet
  facet normal 0.751832 0.659355 0
    outer loop
      vertex 40.334 48.7216 1.15
      vertex 40.5151 48.5151 2.4
      vertex 40.5151 48.5151 1.15
    endloop
  endfacet
  facet normal -0.946921 -0.321465 0
    outer loop
      vertex 44.0284 50.5435 1.15
      vertex 43.9401 50.8036 2.4
      vertex 43.9401 50.8036 1.15
    endloop
  endfacet
  facet normal -0.946921 -0.321465 0
    outer loop
      vertex 43.9401 50.8036 2.4
      vertex 44.0284 50.5435 1.15
      vertex 44.0284 50.5435 2.4
    endloop
  endfacet
  facet normal -0.980776 -0.195136 0
    outer loop
      vertex 44.082 50.2741 1.15
      vertex 44.0284 50.5435 2.4
      vertex 44.0284 50.5435 1.15
    endloop
  endfacet
  facet normal -0.980776 -0.195136 0
    outer loop
      vertex 44.0284 50.5435 2.4
      vertex 44.082 50.2741 1.15
      vertex 44.082 50.2741 2.4
    endloop
  endfacet
  facet normal -0.751832 -0.659355 0
    outer loop
      vertex 43.666 51.2784 1.15
      vertex 43.4849 51.4849 2.4
      vertex 43.4849 51.4849 1.15
    endloop
  endfacet
  facet normal -0.751832 -0.659355 0
    outer loop
      vertex 43.4849 51.4849 2.4
      vertex 43.666 51.2784 1.15
      vertex 43.666 51.2784 2.4
    endloop
  endfacet
  facet normal -0.0655283 -0.997851 0
    outer loop
      vertex 42 52.1 1.15
      vertex 42.2741 52.082 2.4
      vertex 42 52.1 2.4
    endloop
  endfacet
  facet normal -0.0655283 -0.997851 -0
    outer loop
      vertex 42.2741 52.082 2.4
      vertex 42 52.1 1.15
      vertex 42.2741 52.082 1.15
    endloop
  endfacet
  facet normal -0.441964 -0.897033 0
    outer loop
      vertex 42.8036 51.9401 1.15
      vertex 43.05 51.8187 2.4
      vertex 42.8036 51.9401 2.4
    endloop
  endfacet
  facet normal -0.441964 -0.897033 -0
    outer loop
      vertex 43.05 51.8187 2.4
      vertex 42.8036 51.9401 1.15
      vertex 43.05 51.8187 1.15
    endloop
  endfacet
  facet normal 0.946921 -0.321465 0
    outer loop
      vertex 39.9716 50.5435 2.4
      vertex 40.0599 50.8036 1.15
      vertex 40.0599 50.8036 2.4
    endloop
  endfacet
  facet normal 0.946921 -0.321465 0
    outer loop
      vertex 40.0599 50.8036 1.15
      vertex 39.9716 50.5435 2.4
      vertex 39.9716 50.5435 1.15
    endloop
  endfacet
  facet normal 0.997851 -0.0655283 0
    outer loop
      vertex 39.9 50 2.4
      vertex 39.918 50.2741 1.15
      vertex 39.918 50.2741 2.4
    endloop
  endfacet
  facet normal 0.997851 -0.0655283 0
    outer loop
      vertex 39.918 50.2741 1.15
      vertex 39.9 50 2.4
      vertex 39.9 50 1.15
    endloop
  endfacet
  facet normal 0.659355 -0.751832 0
    outer loop
      vertex 40.5151 51.4849 1.15
      vertex 40.7216 51.666 2.4
      vertex 40.5151 51.4849 2.4
    endloop
  endfacet
  facet normal 0.659355 -0.751832 0
    outer loop
      vertex 40.7216 51.666 2.4
      vertex 40.5151 51.4849 1.15
      vertex 40.7216 51.666 1.15
    endloop
  endfacet
  facet normal 0.195136 -0.980776 0
    outer loop
      vertex 41.4565 52.0284 1.15
      vertex 41.7259 52.082 2.4
      vertex 41.4565 52.0284 2.4
    endloop
  endfacet
  facet normal 0.195136 -0.980776 0
    outer loop
      vertex 41.7259 52.082 2.4
      vertex 41.4565 52.0284 1.15
      vertex 41.7259 52.082 1.15
    endloop
  endfacet
  facet normal -0.997851 0.0655283 0
    outer loop
      vertex 44.082 49.7259 1.15
      vertex 44.1 50 2.4
      vertex 44.1 50 1.15
    endloop
  endfacet
  facet normal -0.997851 0.0655283 0
    outer loop
      vertex 44.1 50 2.4
      vertex 44.082 49.7259 1.15
      vertex 44.082 49.7259 2.4
    endloop
  endfacet
  facet normal -0.195136 0.980776 0
    outer loop
      vertex 42.5435 47.9716 1.15
      vertex 42.2741 47.918 2.4
      vertex 42.5435 47.9716 2.4
    endloop
  endfacet
  facet normal -0.195136 0.980776 0
    outer loop
      vertex 42.2741 47.918 2.4
      vertex 42.5435 47.9716 1.15
      vertex 42.2741 47.918 1.15
    endloop
  endfacet
  facet normal -0.441964 0.897033 0
    outer loop
      vertex 43.05 48.1813 1.15
      vertex 42.8036 48.0599 2.4
      vertex 43.05 48.1813 2.4
    endloop
  endfacet
  facet normal -0.441964 0.897033 0
    outer loop
      vertex 42.8036 48.0599 2.4
      vertex 43.05 48.1813 1.15
      vertex 42.8036 48.0599 1.15
    endloop
  endfacet
  facet normal -0.659355 0.751832 0
    outer loop
      vertex 43.4849 48.5151 1.15
      vertex 43.2784 48.334 2.4
      vertex 43.4849 48.5151 2.4
    endloop
  endfacet
  facet normal -0.659355 0.751832 0
    outer loop
      vertex 43.2784 48.334 2.4
      vertex 43.4849 48.5151 1.15
      vertex 43.2784 48.334 1.15
    endloop
  endfacet
  facet normal 0.441964 0.897033 -0
    outer loop
      vertex 41.1964 48.0599 1.15
      vertex 40.95 48.1813 2.4
      vertex 41.1964 48.0599 2.4
    endloop
  endfacet
  facet normal 0.441964 0.897033 0
    outer loop
      vertex 40.95 48.1813 2.4
      vertex 41.1964 48.0599 1.15
      vertex 40.95 48.1813 1.15
    endloop
  endfacet
  facet normal 0.0655283 0.997851 -0
    outer loop
      vertex 42 47.9 1.15
      vertex 41.7259 47.918 2.4
      vertex 42 47.9 2.4
    endloop
  endfacet
  facet normal 0.0655283 0.997851 0
    outer loop
      vertex 41.7259 47.918 2.4
      vertex 42 47.9 1.15
      vertex 41.7259 47.918 1.15
    endloop
  endfacet
  facet normal 0.659355 0.751832 -0
    outer loop
      vertex 40.7216 48.334 1.15
      vertex 40.5151 48.5151 2.4
      vertex 40.7216 48.334 2.4
    endloop
  endfacet
  facet normal 0.659355 0.751832 0
    outer loop
      vertex 40.5151 48.5151 2.4
      vertex 40.7216 48.334 1.15
      vertex 40.5151 48.5151 1.15
    endloop
  endfacet
  facet normal 0.897033 0.441964 0
    outer loop
      vertex 40.1813 48.95 2.4
      vertex 40.0599 49.1964 1.15
      vertex 40.0599 49.1964 2.4
    endloop
  endfacet
  facet normal 0.897033 0.441964 0
    outer loop
      vertex 40.0599 49.1964 1.15
      vertex 40.1813 48.95 2.4
      vertex 40.1813 48.95 1.15
    endloop
  endfacet
  facet normal 0.980776 0.195136 0
    outer loop
      vertex 39.9716 49.4565 2.4
      vertex 39.918 49.7259 1.15
      vertex 39.918 49.7259 2.4
    endloop
  endfacet
  facet normal 0.980776 0.195136 0
    outer loop
      vertex 39.918 49.7259 1.15
      vertex 39.9716 49.4565 2.4
      vertex 39.9716 49.4565 1.15
    endloop
  endfacet
  facet normal 0.997851 0.0655283 0
    outer loop
      vertex 39.918 49.7259 2.4
      vertex 39.9 50 1.15
      vertex 39.9 50 2.4
    endloop
  endfacet
  facet normal 0.997851 0.0655283 0
    outer loop
      vertex 39.9 50 1.15
      vertex 39.918 49.7259 2.4
      vertex 39.918 49.7259 1.15
    endloop
  endfacet
  facet normal -0.321465 0.946921 0
    outer loop
      vertex 42.8036 48.0599 1.15
      vertex 42.5435 47.9716 2.4
      vertex 42.8036 48.0599 2.4
    endloop
  endfacet
  facet normal -0.321465 0.946921 0
    outer loop
      vertex 42.5435 47.9716 2.4
      vertex 42.8036 48.0599 1.15
      vertex 42.5435 47.9716 1.15
    endloop
  endfacet
  facet normal -0.946921 0.321465 0
    outer loop
      vertex 43.9401 49.1964 1.15
      vertex 44.0284 49.4565 2.4
      vertex 44.0284 49.4565 1.15
    endloop
  endfacet
  facet normal -0.946921 0.321465 0
    outer loop
      vertex 44.0284 49.4565 2.4
      vertex 43.9401 49.1964 1.15
      vertex 43.9401 49.1964 2.4
    endloop
  endfacet
  facet normal 0.321465 0.946921 -0
    outer loop
      vertex 41.4565 47.9716 1.15
      vertex 41.1964 48.0599 2.4
      vertex 41.4565 47.9716 2.4
    endloop
  endfacet
  facet normal 0.321465 0.946921 0
    outer loop
      vertex 41.1964 48.0599 2.4
      vertex 41.4565 47.9716 1.15
      vertex 41.1964 48.0599 1.15
    endloop
  endfacet
  facet normal -0.0655283 0.997851 0
    outer loop
      vertex 42.2741 47.918 1.15
      vertex 42 47.9 2.4
      vertex 42.2741 47.918 2.4
    endloop
  endfacet
  facet normal -0.0655283 0.997851 0
    outer loop
      vertex 42 47.9 2.4
      vertex 42.2741 47.918 1.15
      vertex 42 47.9 1.15
    endloop
  endfacet
  facet normal 0.946921 0.321465 0
    outer loop
      vertex 40.0599 49.1964 2.4
      vertex 39.9716 49.4565 1.15
      vertex 39.9716 49.4565 2.4
    endloop
  endfacet
  facet normal 0.946921 0.321465 0
    outer loop
      vertex 39.9716 49.4565 1.15
      vertex 40.0599 49.1964 2.4
      vertex 40.0599 49.1964 1.15
    endloop
  endfacet
  facet normal -0.997863 -0.0653471 0
    outer loop
      vertex 46.2 50 0
      vertex 46.1641 50.5482 1.15
      vertex 46.1641 50.5482 0
    endloop
  endfacet
  facet normal -0.997863 -0.0653471 0
    outer loop
      vertex 46.1641 50.5482 1.15
      vertex 46.2 50 0
      vertex 46.2 50 1.15
    endloop
  endfacet
  facet normal 0.0653471 -0.997863 0
    outer loop
      vertex 41.4518 54.1641 0
      vertex 42 54.2 1.15
      vertex 41.4518 54.1641 1.15
    endloop
  endfacet
  facet normal 0.0653471 -0.997863 0
    outer loop
      vertex 42 54.2 1.15
      vertex 41.4518 54.1641 0
      vertex 42 54.2 0
    endloop
  endfacet
  facet normal -0.0653471 0.997863 0
    outer loop
      vertex 42.5482 45.8359 0
      vertex 42 45.8 1.15
      vertex 42.5482 45.8359 1.15
    endloop
  endfacet
  facet normal -0.0653471 0.997863 0
    outer loop
      vertex 42 45.8 1.15
      vertex 42.5482 45.8359 0
      vertex 42 45.8 0
    endloop
  endfacet
  facet normal -0.659458 -0.751742 0
    outer loop
      vertex 44.5568 53.3321 0
      vertex 44.9698 52.9698 1.15
      vertex 44.5568 53.3321 1.15
    endloop
  endfacet
  facet normal -0.659458 -0.751742 -0
    outer loop
      vertex 44.9698 52.9698 1.15
      vertex 44.5568 53.3321 0
      vertex 44.9698 52.9698 0
    endloop
  endfacet
  facet normal 0.751742 -0.659458 0
    outer loop
      vertex 38.6679 52.5568 1.15
      vertex 39.0302 52.9698 0
      vertex 39.0302 52.9698 1.15
    endloop
  endfacet
  facet normal 0.751742 -0.659458 0
    outer loop
      vertex 39.0302 52.9698 0
      vertex 38.6679 52.5568 1.15
      vertex 38.6679 52.5568 0
    endloop
  endfacet
  facet normal 0.442329 -0.896853 0
    outer loop
      vertex 39.9 53.6373 0
      vertex 40.3927 53.8803 1.15
      vertex 39.9 53.6373 1.15
    endloop
  endfacet
  facet normal 0.442329 -0.896853 0
    outer loop
      vertex 40.3927 53.8803 1.15
      vertex 39.9 53.6373 0
      vertex 40.3927 53.8803 0
    endloop
  endfacet
  facet normal -0.896853 -0.442329 0
    outer loop
      vertex 45.8803 51.6073 0
      vertex 45.6373 52.1 1.15
      vertex 45.6373 52.1 0
    endloop
  endfacet
  facet normal -0.896853 -0.442329 0
    outer loop
      vertex 45.6373 52.1 1.15
      vertex 45.8803 51.6073 0
      vertex 45.8803 51.6073 1.15
    endloop
  endfacet
  facet normal -0.83149 -0.55554 0
    outer loop
      vertex 45.6373 52.1 0
      vertex 45.3321 52.5568 1.15
      vertex 45.3321 52.5568 0
    endloop
  endfacet
  facet normal -0.83149 -0.55554 0
    outer loop
      vertex 45.3321 52.5568 1.15
      vertex 45.6373 52.1 0
      vertex 45.6373 52.1 1.15
    endloop
  endfacet
  facet normal -0.32141 -0.94694 0
    outer loop
      vertex 43.087 54.0569 0
      vertex 43.6073 53.8803 1.15
      vertex 43.087 54.0569 1.15
    endloop
  endfacet
  facet normal -0.32141 -0.94694 -0
    outer loop
      vertex 43.6073 53.8803 1.15
      vertex 43.087 54.0569 0
      vertex 43.6073 53.8803 0
    endloop
  endfacet
  facet normal -0.195136 -0.980776 0
    outer loop
      vertex 42.5482 54.1641 0
      vertex 43.087 54.0569 1.15
      vertex 42.5482 54.1641 1.15
    endloop
  endfacet
  facet normal -0.195136 -0.980776 -0
    outer loop
      vertex 43.087 54.0569 1.15
      vertex 42.5482 54.1641 0
      vertex 43.087 54.0569 0
    endloop
  endfacet
  facet normal -0.442329 -0.896853 0
    outer loop
      vertex 43.6073 53.8803 0
      vertex 44.1 53.6373 1.15
      vertex 43.6073 53.8803 1.15
    endloop
  endfacet
  facet normal -0.442329 -0.896853 -0
    outer loop
      vertex 44.1 53.6373 1.15
      vertex 43.6073 53.8803 0
      vertex 44.1 53.6373 0
    endloop
  endfacet
  facet normal 0.94694 -0.32141 0
    outer loop
      vertex 37.9431 51.087 1.15
      vertex 38.1197 51.6073 0
      vertex 38.1197 51.6073 1.15
    endloop
  endfacet
  facet normal 0.94694 -0.32141 0
    outer loop
      vertex 38.1197 51.6073 0
      vertex 37.9431 51.087 1.15
      vertex 37.9431 51.087 0
    endloop
  endfacet
  facet normal 0.896853 -0.442329 0
    outer loop
      vertex 38.1197 51.6073 1.15
      vertex 38.3627 52.1 0
      vertex 38.3627 52.1 1.15
    endloop
  endfacet
  facet normal 0.896853 -0.442329 0
    outer loop
      vertex 38.3627 52.1 0
      vertex 38.1197 51.6073 1.15
      vertex 38.1197 51.6073 0
    endloop
  endfacet
  facet normal 0.980776 -0.195136 0
    outer loop
      vertex 37.8359 50.5482 1.15
      vertex 37.9431 51.087 0
      vertex 37.9431 51.087 1.15
    endloop
  endfacet
  facet normal 0.980776 -0.195136 0
    outer loop
      vertex 37.9431 51.087 0
      vertex 37.8359 50.5482 1.15
      vertex 37.8359 50.5482 0
    endloop
  endfacet
  facet normal 0.55554 -0.83149 0
    outer loop
      vertex 39.4432 53.3321 0
      vertex 39.9 53.6373 1.15
      vertex 39.4432 53.3321 1.15
    endloop
  endfacet
  facet normal 0.55554 -0.83149 0
    outer loop
      vertex 39.9 53.6373 1.15
      vertex 39.4432 53.3321 0
      vertex 39.9 53.6373 0
    endloop
  endfacet
  facet normal 0.32141 -0.94694 0
    outer loop
      vertex 40.3927 53.8803 0
      vertex 40.913 54.0569 1.15
      vertex 40.3927 53.8803 1.15
    endloop
  endfacet
  facet normal 0.32141 -0.94694 0
    outer loop
      vertex 40.913 54.0569 1.15
      vertex 40.3927 53.8803 0
      vertex 40.913 54.0569 0
    endloop
  endfacet
  facet normal -0.195136 0.980776 0
    outer loop
      vertex 43.087 45.9431 0
      vertex 42.5482 45.8359 1.15
      vertex 43.087 45.9431 1.15
    endloop
  endfacet
  facet normal -0.195136 0.980776 0
    outer loop
      vertex 42.5482 45.8359 1.15
      vertex 43.087 45.9431 0
      vertex 42.5482 45.8359 0
    endloop
  endfacet
  facet normal -0.94694 -0.32141 0
    outer loop
      vertex 46.0569 51.087 0
      vertex 45.8803 51.6073 1.15
      vertex 45.8803 51.6073 0
    endloop
  endfacet
  facet normal -0.94694 -0.32141 0
    outer loop
      vertex 45.8803 51.6073 1.15
      vertex 46.0569 51.087 0
      vertex 46.0569 51.087 1.15
    endloop
  endfacet
  facet normal -0.980776 -0.195136 0
    outer loop
      vertex 46.1641 50.5482 0
      vertex 46.0569 51.087 1.15
      vertex 46.0569 51.087 0
    endloop
  endfacet
  facet normal -0.980776 -0.195136 0
    outer loop
      vertex 46.0569 51.087 1.15
      vertex 46.1641 50.5482 0
      vertex 46.1641 50.5482 1.15
    endloop
  endfacet
  facet normal -0.751742 -0.659458 0
    outer loop
      vertex 45.3321 52.5568 0
      vertex 44.9698 52.9698 1.15
      vertex 44.9698 52.9698 0
    endloop
  endfacet
  facet normal -0.751742 -0.659458 0
    outer loop
      vertex 44.9698 52.9698 1.15
      vertex 45.3321 52.5568 0
      vertex 45.3321 52.5568 1.15
    endloop
  endfacet
  facet normal -0.0653471 -0.997863 0
    outer loop
      vertex 42 54.2 0
      vertex 42.5482 54.1641 1.15
      vertex 42 54.2 1.15
    endloop
  endfacet
  facet normal -0.0653471 -0.997863 -0
    outer loop
      vertex 42.5482 54.1641 1.15
      vertex 42 54.2 0
      vertex 42.5482 54.1641 0
    endloop
  endfacet
  facet normal -0.55554 -0.83149 0
    outer loop
      vertex 44.1 53.6373 0
      vertex 44.5568 53.3321 1.15
      vertex 44.1 53.6373 1.15
    endloop
  endfacet
  facet normal -0.55554 -0.83149 -0
    outer loop
      vertex 44.5568 53.3321 1.15
      vertex 44.1 53.6373 0
      vertex 44.5568 53.3321 0
    endloop
  endfacet
  facet normal 0.83149 -0.55554 0
    outer loop
      vertex 38.3627 52.1 1.15
      vertex 38.6679 52.5568 0
      vertex 38.6679 52.5568 1.15
    endloop
  endfacet
  facet normal 0.83149 -0.55554 0
    outer loop
      vertex 38.6679 52.5568 0
      vertex 38.3627 52.1 1.15
      vertex 38.3627 52.1 0
    endloop
  endfacet
  facet normal 0.997863 -0.0653471 0
    outer loop
      vertex 37.8 50 1.15
      vertex 37.8359 50.5482 0
      vertex 37.8359 50.5482 1.15
    endloop
  endfacet
  facet normal 0.997863 -0.0653471 0
    outer loop
      vertex 37.8359 50.5482 0
      vertex 37.8 50 1.15
      vertex 37.8 50 0
    endloop
  endfacet
  facet normal 0 0 -1
    outer loop
      vertex 46.1641 49.4518 1.15
      vertex 44.082 49.7259 1.15
      vertex 44.1 50 1.15
    endloop
  endfacet
  facet normal 0 0 -1
    outer loop
      vertex 44.5568 46.6679 1.15
      vertex 44.0284 49.4565 1.15
      vertex 44.082 49.7259 1.15
    endloop
  endfacet
  facet normal 0 0 -1
    outer loop
      vertex 44.5568 46.6679 1.15
      vertex 43.9401 49.1964 1.15
      vertex 44.0284 49.4565 1.15
    endloop
  endfacet
  facet normal 0 0 -1
    outer loop
      vertex 44.5568 46.6679 1.15
      vertex 43.8187 48.95 1.15
      vertex 43.9401 49.1964 1.15
    endloop
  endfacet
  facet normal 0 0 -1
    outer loop
      vertex 44.5568 46.6679 1.15
      vertex 43.666 48.7216 1.15
      vertex 43.8187 48.95 1.15
    endloop
  endfacet
  facet normal 0 0 -1
    outer loop
      vertex 43.05 48.1813 1.15
      vertex 44.1 46.3627 1.15
      vertex 43.6073 46.1197 1.15
    endloop
  endfacet
  facet normal 0 0 -1
    outer loop
      vertex 44.5568 46.6679 1.15
      vertex 43.4849 48.5151 1.15
      vertex 43.666 48.7216 1.15
    endloop
  endfacet
  facet normal 0 0 -1
    outer loop
      vertex 44.5568 46.6679 1.15
      vertex 43.2784 48.334 1.15
      vertex 43.4849 48.5151 1.15
    endloop
  endfacet
  facet normal 0 0 -1
    outer loop
      vertex 42.8036 48.0599 1.15
      vertex 43.6073 46.1197 1.15
      vertex 43.087 45.9431 1.15
    endloop
  endfacet
  facet normal 0 0 -1
    outer loop
      vertex 44.1 46.3627 1.15
      vertex 43.05 48.1813 1.15
      vertex 43.2784 48.334 1.15
    endloop
  endfacet
  facet normal 0 0 -1
    outer loop
      vertex 43.6073 46.1197 1.15
      vertex 42.8036 48.0599 1.15
      vertex 43.05 48.1813 1.15
    endloop
  endfacet
  facet normal 0 0 -1
    outer loop
      vertex 42.5435 47.9716 1.15
      vertex 43.087 45.9431 1.15
      vertex 42.5482 45.8359 1.15
    endloop
  endfacet
  facet normal 0 0 -1
    outer loop
      vertex 43.087 45.9431 1.15
      vertex 42.5435 47.9716 1.15
      vertex 42.8036 48.0599 1.15
    endloop
  endfacet
  facet normal 0 0 -1
    outer loop
      vertex 42.5482 45.8359 1.15
      vertex 42.2741 47.918 1.15
      vertex 42.5435 47.9716 1.15
    endloop
  endfacet
  facet normal 0 0 -1
    outer loop
      vertex 42 45.8 1.15
      vertex 42.2741 47.918 1.15
      vertex 42.5482 45.8359 1.15
    endloop
  endfacet
  facet normal 0 0 -1
    outer loop
      vertex 42 45.8 1.15
      vertex 42 47.9 1.15
      vertex 42.2741 47.918 1.15
    endloop
  endfacet
  facet normal 0 0 -1
    outer loop
      vertex 42 45.8 1.15
      vertex 41.7259 47.918 1.15
      vertex 42 47.9 1.15
    endloop
  endfacet
  facet normal 0 0 -1
    outer loop
      vertex 41.4518 45.8359 1.15
      vertex 41.7259 47.918 1.15
      vertex 42 45.8 1.15
    endloop
  endfacet
  facet normal -0 0 -1
    outer loop
      vertex 41.7259 47.918 1.15
      vertex 41.4518 45.8359 1.15
      vertex 41.4565 47.9716 1.15
    endloop
  endfacet
  facet normal 0 0 -1
    outer loop
      vertex 40.913 45.9431 1.15
      vertex 41.4565 47.9716 1.15
      vertex 41.4518 45.8359 1.15
    endloop
  endfacet
  facet normal -0 0 -1
    outer loop
      vertex 41.4565 47.9716 1.15
      vertex 40.913 45.9431 1.15
      vertex 41.1964 48.0599 1.15
    endloop
  endfacet
  facet normal 0 0 -1
    outer loop
      vertex 40.3927 46.1197 1.15
      vertex 41.1964 48.0599 1.15
      vertex 40.913 45.9431 1.15
    endloop
  endfacet
  facet normal -0 0 -1
    outer loop
      vertex 41.1964 48.0599 1.15
      vertex 40.3927 46.1197 1.15
      vertex 40.95 48.1813 1.15
    endloop
  endfacet
  facet normal 0 0 -1
    outer loop
      vertex 39.9 46.3627 1.15
      vertex 40.95 48.1813 1.15
      vertex 40.3927 46.1197 1.15
    endloop
  endfacet
  facet normal -0 0 -1
    outer loop
      vertex 40.95 48.1813 1.15
      vertex 39.9 46.3627 1.15
      vertex 40.7216 48.334 1.15
    endloop
  endfacet
  facet normal 0 0 -1
    outer loop
      vertex 39.4432 46.6679 1.15
      vertex 40.7216 48.334 1.15
      vertex 39.9 46.3627 1.15
    endloop
  endfacet
  facet normal -0 0 -1
    outer loop
      vertex 40.7216 48.334 1.15
      vertex 39.4432 46.6679 1.15
      vertex 40.5151 48.5151 1.15
    endloop
  endfacet
  facet normal 0 0 -1
    outer loop
      vertex 39.0302 47.0302 1.15
      vertex 40.5151 48.5151 1.15
      vertex 39.4432 46.6679 1.15
    endloop
  endfacet
  facet normal -0 0 -1
    outer loop
      vertex 40.5151 48.5151 1.15
      vertex 39.0302 47.0302 1.15
      vertex 40.334 48.7216 1.15
    endloop
  endfacet
  facet normal 0 0 -1
    outer loop
      vertex 38.6679 47.4432 1.15
      vertex 40.334 48.7216 1.15
      vertex 39.0302 47.0302 1.15
    endloop
  endfacet
  facet normal -0 0 -1
    outer loop
      vertex 40.334 48.7216 1.15
      vertex 38.6679 47.4432 1.15
      vertex 40.1813 48.95 1.15
    endloop
  endfacet
  facet normal 0 0 -1
    outer loop
      vertex 38.3627 47.9 1.15
      vertex 40.1813 48.95 1.15
      vertex 38.6679 47.4432 1.15
    endloop
  endfacet
  facet normal -0 0 -1
    outer loop
      vertex 40.1813 48.95 1.15
      vertex 38.3627 47.9 1.15
      vertex 40.0599 49.1964 1.15
    endloop
  endfacet
  facet normal 0 0 -1
    outer loop
      vertex 38.1197 48.3927 1.15
      vertex 40.0599 49.1964 1.15
      vertex 38.3627 47.9 1.15
    endloop
  endfacet
  facet normal 0 0 -1
    outer loop
      vertex 39.9 50 1.15
      vertex 39.4432 53.3321 1.15
      vertex 39.9 53.6373 1.15
    endloop
  endfacet
  facet normal -0 0 -1
    outer loop
      vertex 40.0599 49.1964 1.15
      vertex 38.1197 48.3927 1.15
      vertex 39.9716 49.4565 1.15
    endloop
  endfacet
  facet normal 0 0 -1
    outer loop
      vertex 39.9 50 1.15
      vertex 39.0302 52.9698 1.15
      vertex 39.4432 53.3321 1.15
    endloop
  endfacet
  facet normal 0 0 -1
    outer loop
      vertex 37.9431 48.913 1.15
      vertex 39.9716 49.4565 1.15
      vertex 38.1197 48.3927 1.15
    endloop
  endfacet
  facet normal 0 0 -1
    outer loop
      vertex 39.9 50 1.15
      vertex 38.6679 52.5568 1.15
      vertex 39.0302 52.9698 1.15
    endloop
  endfacet
  facet normal -0 0 -1
    outer loop
      vertex 39.9716 49.4565 1.15
      vertex 37.9431 48.913 1.15
      vertex 39.918 49.7259 1.15
    endloop
  endfacet
  facet normal 0 0 -1
    outer loop
      vertex 39.9 50 1.15
      vertex 38.3627 52.1 1.15
      vertex 38.6679 52.5568 1.15
    endloop
  endfacet
  facet normal 0 0 -1
    outer loop
      vertex 37.8359 49.4518 1.15
      vertex 39.918 49.7259 1.15
      vertex 37.9431 48.913 1.15
    endloop
  endfacet
  facet normal 0 0 -1
    outer loop
      vertex 39.9 50 1.15
      vertex 38.1197 51.6073 1.15
      vertex 38.3627 52.1 1.15
    endloop
  endfacet
  facet normal -0 0 -1
    outer loop
      vertex 39.918 49.7259 1.15
      vertex 37.8359 49.4518 1.15
      vertex 39.9 50 1.15
    endloop
  endfacet
  facet normal 0 0 -1
    outer loop
      vertex 39.9 50 1.15
      vertex 37.9431 51.087 1.15
      vertex 38.1197 51.6073 1.15
    endloop
  endfacet
  facet normal 0 0 -1
    outer loop
      vertex 37.8 50 1.15
      vertex 39.9 50 1.15
      vertex 37.8359 49.4518 1.15
    endloop
  endfacet
  facet normal 0 0 -1
    outer loop
      vertex 39.9 50 1.15
      vertex 37.8359 50.5482 1.15
      vertex 37.9431 51.087 1.15
    endloop
  endfacet
  facet normal 0 0 -1
    outer loop
      vertex 39.9 50 1.15
      vertex 37.8 50 1.15
      vertex 37.8359 50.5482 1.15
    endloop
  endfacet
  facet normal 0 0 -1
    outer loop
      vertex 44.1 50 1.15
      vertex 46.2 50 1.15
      vertex 46.1641 49.4518 1.15
    endloop
  endfacet
  facet normal 0 0 -1
    outer loop
      vertex 44.082 49.7259 1.15
      vertex 46.1641 49.4518 1.15
      vertex 46.0569 48.913 1.15
    endloop
  endfacet
  facet normal 0 0 -1
    outer loop
      vertex 46.2 50 1.15
      vertex 44.1 50 1.15
      vertex 46.1641 50.5482 1.15
    endloop
  endfacet
  facet normal 0 0 -1
    outer loop
      vertex 44.082 49.7259 1.15
      vertex 46.0569 48.913 1.15
      vertex 45.8803 48.3927 1.15
    endloop
  endfacet
  facet normal 0 0 -1
    outer loop
      vertex 44.082 50.2741 1.15
      vertex 46.1641 50.5482 1.15
      vertex 44.1 50 1.15
    endloop
  endfacet
  facet normal 0 0 -1
    outer loop
      vertex 44.082 49.7259 1.15
      vertex 45.8803 48.3927 1.15
      vertex 45.6373 47.9 1.15
    endloop
  endfacet
  facet normal -0 0 -1
    outer loop
      vertex 46.1641 50.5482 1.15
      vertex 44.082 50.2741 1.15
      vertex 46.0569 51.087 1.15
    endloop
  endfacet
  facet normal 0 0 -1
    outer loop
      vertex 44.082 49.7259 1.15
      vertex 45.6373 47.9 1.15
      vertex 45.3321 47.4432 1.15
    endloop
  endfacet
  facet normal 0 0 -1
    outer loop
      vertex 44.0284 50.5435 1.15
      vertex 46.0569 51.087 1.15
      vertex 44.082 50.2741 1.15
    endloop
  endfacet
  facet normal 0 0 -1
    outer loop
      vertex 44.082 49.7259 1.15
      vertex 45.3321 47.4432 1.15
      vertex 44.9698 47.0302 1.15
    endloop
  endfacet
  facet normal -0 0 -1
    outer loop
      vertex 46.0569 51.087 1.15
      vertex 44.0284 50.5435 1.15
      vertex 45.8803 51.6073 1.15
    endloop
  endfacet
  facet normal 0 0 -1
    outer loop
      vertex 44.082 49.7259 1.15
      vertex 44.9698 47.0302 1.15
      vertex 44.5568 46.6679 1.15
    endloop
  endfacet
  facet normal 0 0 -1
    outer loop
      vertex 43.9401 50.8036 1.15
      vertex 45.8803 51.6073 1.15
      vertex 44.0284 50.5435 1.15
    endloop
  endfacet
  facet normal 0 0 -1
    outer loop
      vertex 43.2784 48.334 1.15
      vertex 44.5568 46.6679 1.15
      vertex 44.1 46.3627 1.15
    endloop
  endfacet
  facet normal -0 0 -1
    outer loop
      vertex 45.8803 51.6073 1.15
      vertex 43.9401 50.8036 1.15
      vertex 45.6373 52.1 1.15
    endloop
  endfacet
  facet normal 0 0 -1
    outer loop
      vertex 43.8187 51.05 1.15
      vertex 45.6373 52.1 1.15
      vertex 43.9401 50.8036 1.15
    endloop
  endfacet
  facet normal -0 0 -1
    outer loop
      vertex 45.6373 52.1 1.15
      vertex 43.8187 51.05 1.15
      vertex 45.3321 52.5568 1.15
    endloop
  endfacet
  facet normal 0 0 -1
    outer loop
      vertex 43.666 51.2784 1.15
      vertex 45.3321 52.5568 1.15
      vertex 43.8187 51.05 1.15
    endloop
  endfacet
  facet normal -0 0 -1
    outer loop
      vertex 45.3321 52.5568 1.15
      vertex 43.666 51.2784 1.15
      vertex 44.9698 52.9698 1.15
    endloop
  endfacet
  facet normal 0 0 -1
    outer loop
      vertex 43.4849 51.4849 1.15
      vertex 44.9698 52.9698 1.15
      vertex 43.666 51.2784 1.15
    endloop
  endfacet
  facet normal -0 0 -1
    outer loop
      vertex 44.9698 52.9698 1.15
      vertex 43.4849 51.4849 1.15
      vertex 44.5568 53.3321 1.15
    endloop
  endfacet
  facet normal 0 0 -1
    outer loop
      vertex 43.2784 51.666 1.15
      vertex 44.5568 53.3321 1.15
      vertex 43.4849 51.4849 1.15
    endloop
  endfacet
  facet normal -0 0 -1
    outer loop
      vertex 44.5568 53.3321 1.15
      vertex 43.2784 51.666 1.15
      vertex 44.1 53.6373 1.15
    endloop
  endfacet
  facet normal 0 0 -1
    outer loop
      vertex 43.05 51.8187 1.15
      vertex 44.1 53.6373 1.15
      vertex 43.2784 51.666 1.15
    endloop
  endfacet
  facet normal -0 0 -1
    outer loop
      vertex 44.1 53.6373 1.15
      vertex 43.05 51.8187 1.15
      vertex 43.6073 53.8803 1.15
    endloop
  endfacet
  facet normal 0 0 -1
    outer loop
      vertex 42.8036 51.9401 1.15
      vertex 43.6073 53.8803 1.15
      vertex 43.05 51.8187 1.15
    endloop
  endfacet
  facet normal -0 0 -1
    outer loop
      vertex 43.6073 53.8803 1.15
      vertex 42.8036 51.9401 1.15
      vertex 43.087 54.0569 1.15
    endloop
  endfacet
  facet normal 0 0 -1
    outer loop
      vertex 42.5435 52.0284 1.15
      vertex 43.087 54.0569 1.15
      vertex 42.8036 51.9401 1.15
    endloop
  endfacet
  facet normal -0 0 -1
    outer loop
      vertex 43.087 54.0569 1.15
      vertex 42.5435 52.0284 1.15
      vertex 42.5482 54.1641 1.15
    endloop
  endfacet
  facet normal 0 0 -1
    outer loop
      vertex 42.2741 52.082 1.15
      vertex 42.5482 54.1641 1.15
      vertex 42.5435 52.0284 1.15
    endloop
  endfacet
  facet normal 0 0 -1
    outer loop
      vertex 42 52.1 1.15
      vertex 42.5482 54.1641 1.15
      vertex 42.2741 52.082 1.15
    endloop
  endfacet
  facet normal 0 0 -1
    outer loop
      vertex 42 52.1 1.15
      vertex 42 54.2 1.15
      vertex 42.5482 54.1641 1.15
    endloop
  endfacet
  facet normal 0 0 -1
    outer loop
      vertex 41.7259 52.082 1.15
      vertex 42 54.2 1.15
      vertex 42 52.1 1.15
    endloop
  endfacet
  facet normal 0 0 -1
    outer loop
      vertex 41.4518 54.1641 1.15
      vertex 41.7259 52.082 1.15
      vertex 41.4565 52.0284 1.15
    endloop
  endfacet
  facet normal 0 0 -1
    outer loop
      vertex 41.7259 52.082 1.15
      vertex 41.4518 54.1641 1.15
      vertex 42 54.2 1.15
    endloop
  endfacet
  facet normal 0 0 -1
    outer loop
      vertex 40.913 54.0569 1.15
      vertex 41.4565 52.0284 1.15
      vertex 41.1964 51.9401 1.15
    endloop
  endfacet
  facet normal 0 0 -1
    outer loop
      vertex 40.3927 53.8803 1.15
      vertex 41.1964 51.9401 1.15
      vertex 40.95 51.8187 1.15
    endloop
  endfacet
  facet normal 0 0 -1
    outer loop
      vertex 41.4565 52.0284 1.15
      vertex 40.913 54.0569 1.15
      vertex 41.4518 54.1641 1.15
    endloop
  endfacet
  facet normal 0 0 -1
    outer loop
      vertex 39.9 53.6373 1.15
      vertex 40.95 51.8187 1.15
      vertex 40.7216 51.666 1.15
    endloop
  endfacet
  facet normal 0 0 -1
    outer loop
      vertex 39.9 53.6373 1.15
      vertex 40.7216 51.666 1.15
      vertex 40.5151 51.4849 1.15
    endloop
  endfacet
  facet normal 0 0 -1
    outer loop
      vertex 41.1964 51.9401 1.15
      vertex 40.3927 53.8803 1.15
      vertex 40.913 54.0569 1.15
    endloop
  endfacet
  facet normal 0 0 -1
    outer loop
      vertex 39.9 53.6373 1.15
      vertex 40.5151 51.4849 1.15
      vertex 40.334 51.2784 1.15
    endloop
  endfacet
  facet normal 0 0 -1
    outer loop
      vertex 39.9 53.6373 1.15
      vertex 40.334 51.2784 1.15
      vertex 40.1813 51.05 1.15
    endloop
  endfacet
  facet normal 0 0 -1
    outer loop
      vertex 39.9 53.6373 1.15
      vertex 40.1813 51.05 1.15
      vertex 40.0599 50.8036 1.15
    endloop
  endfacet
  facet normal 0 0 -1
    outer loop
      vertex 39.9 53.6373 1.15
      vertex 40.0599 50.8036 1.15
      vertex 39.9716 50.5435 1.15
    endloop
  endfacet
  facet normal 0 0 -1
    outer loop
      vertex 39.9 53.6373 1.15
      vertex 39.9716 50.5435 1.15
      vertex 39.918 50.2741 1.15
    endloop
  endfacet
  facet normal 0 0 -1
    outer loop
      vertex 40.95 51.8187 1.15
      vertex 39.9 53.6373 1.15
      vertex 40.3927 53.8803 1.15
    endloop
  endfacet
  facet normal 0 0 -1
    outer loop
      vertex 39.9 53.6373 1.15
      vertex 39.918 50.2741 1.15
      vertex 39.9 50 1.15
    endloop
  endfacet
  facet normal 0.659458 -0.751742 0
    outer loop
      vertex 39.0302 52.9698 0
      vertex 39.4432 53.3321 1.15
      vertex 39.0302 52.9698 1.15
    endloop
  endfacet
  facet normal 0.659458 -0.751742 0
    outer loop
      vertex 39.4432 53.3321 1.15
      vertex 39.0302 52.9698 0
      vertex 39.4432 53.3321 0
    endloop
  endfacet
  facet normal 0.195136 -0.980776 0
    outer loop
      vertex 40.913 54.0569 0
      vertex 41.4518 54.1641 1.15
      vertex 40.913 54.0569 1.15
    endloop
  endfacet
  facet normal 0.195136 -0.980776 0
    outer loop
      vertex 41.4518 54.1641 1.15
      vertex 40.913 54.0569 0
      vertex 41.4518 54.1641 0
    endloop
  endfacet
  facet normal -0.94694 0.32141 0
    outer loop
      vertex 45.8803 48.3927 0
      vertex 46.0569 48.913 1.15
      vertex 46.0569 48.913 0
    endloop
  endfacet
  facet normal -0.94694 0.32141 0
    outer loop
      vertex 46.0569 48.913 1.15
      vertex 45.8803 48.3927 0
      vertex 45.8803 48.3927 1.15
    endloop
  endfacet
  facet normal -0.980776 0.195136 0
    outer loop
      vertex 46.0569 48.913 0
      vertex 46.1641 49.4518 1.15
      vertex 46.1641 49.4518 0
    endloop
  endfacet
  facet normal -0.980776 0.195136 0
    outer loop
      vertex 46.1641 49.4518 1.15
      vertex 46.0569 48.913 0
      vertex 46.0569 48.913 1.15
    endloop
  endfacet
  facet normal 0.751742 0.659458 0
    outer loop
      vertex 39.0302 47.0302 1.15
      vertex 38.6679 47.4432 0
      vertex 38.6679 47.4432 1.15
    endloop
  endfacet
  facet normal 0.751742 0.659458 0
    outer loop
      vertex 38.6679 47.4432 0
      vertex 39.0302 47.0302 1.15
      vertex 39.0302 47.0302 0
    endloop
  endfacet
  facet normal 0.83149 0.55554 0
    outer loop
      vertex 38.6679 47.4432 1.15
      vertex 38.3627 47.9 0
      vertex 38.3627 47.9 1.15
    endloop
  endfacet
  facet normal 0.83149 0.55554 0
    outer loop
      vertex 38.3627 47.9 0
      vertex 38.6679 47.4432 1.15
      vertex 38.6679 47.4432 0
    endloop
  endfacet
  facet normal -0.55554 0.83149 0
    outer loop
      vertex 44.5568 46.6679 0
      vertex 44.1 46.3627 1.15
      vertex 44.5568 46.6679 1.15
    endloop
  endfacet
  facet normal -0.55554 0.83149 0
    outer loop
      vertex 44.1 46.3627 1.15
      vertex 44.5568 46.6679 0
      vertex 44.1 46.3627 0
    endloop
  endfacet
  facet normal -0.442329 0.896853 0
    outer loop
      vertex 44.1 46.3627 0
      vertex 43.6073 46.1197 1.15
      vertex 44.1 46.3627 1.15
    endloop
  endfacet
  facet normal -0.442329 0.896853 0
    outer loop
      vertex 43.6073 46.1197 1.15
      vertex 44.1 46.3627 0
      vertex 43.6073 46.1197 0
    endloop
  endfacet
  facet normal 0.997863 0.0653471 0
    outer loop
      vertex 37.8359 49.4518 1.15
      vertex 37.8 50 0
      vertex 37.8 50 1.15
    endloop
  endfacet
  facet normal 0.997863 0.0653471 0
    outer loop
      vertex 37.8 50 0
      vertex 37.8359 49.4518 1.15
      vertex 37.8359 49.4518 0
    endloop
  endfacet
  facet normal -0.83149 0.55554 0
    outer loop
      vertex 45.3321 47.4432 0
      vertex 45.6373 47.9 1.15
      vertex 45.6373 47.9 0
    endloop
  endfacet
  facet normal -0.83149 0.55554 0
    outer loop
      vertex 45.6373 47.9 1.15
      vertex 45.3321 47.4432 0
      vertex 45.3321 47.4432 1.15
    endloop
  endfacet
  facet normal -0.997863 0.0653471 0
    outer loop
      vertex 46.1641 49.4518 0
      vertex 46.2 50 1.15
      vertex 46.2 50 0
    endloop
  endfacet
  facet normal -0.997863 0.0653471 0
    outer loop
      vertex 46.2 50 1.15
      vertex 46.1641 49.4518 0
      vertex 46.1641 49.4518 1.15
    endloop
  endfacet
  facet normal 0.32141 0.94694 -0
    outer loop
      vertex 40.913 45.9431 0
      vertex 40.3927 46.1197 1.15
      vertex 40.913 45.9431 1.15
    endloop
  endfacet
  facet normal 0.32141 0.94694 0
    outer loop
      vertex 40.3927 46.1197 1.15
      vertex 40.913 45.9431 0
      vertex 40.3927 46.1197 0
    endloop
  endfacet
  facet normal 0.896853 0.442329 0
    outer loop
      vertex 38.3627 47.9 1.15
      vertex 38.1197 48.3927 0
      vertex 38.1197 48.3927 1.15
    endloop
  endfacet
  facet normal 0.896853 0.442329 0
    outer loop
      vertex 38.1197 48.3927 0
      vertex 38.3627 47.9 1.15
      vertex 38.3627 47.9 0
    endloop
  endfacet
  facet normal -0.659458 0.751742 0
    outer loop
      vertex 44.9698 47.0302 0
      vertex 44.5568 46.6679 1.15
      vertex 44.9698 47.0302 1.15
    endloop
  endfacet
  facet normal -0.659458 0.751742 0
    outer loop
      vertex 44.5568 46.6679 1.15
      vertex 44.9698 47.0302 0
      vertex 44.5568 46.6679 0
    endloop
  endfacet
  facet normal -0.32141 0.94694 0
    outer loop
      vertex 43.6073 46.1197 0
      vertex 43.087 45.9431 1.15
      vertex 43.6073 46.1197 1.15
    endloop
  endfacet
  facet normal -0.32141 0.94694 0
    outer loop
      vertex 43.087 45.9431 1.15
      vertex 43.6073 46.1197 0
      vertex 43.087 45.9431 0
    endloop
  endfacet
  facet normal -0.896853 0.442329 0
    outer loop
      vertex 45.6373 47.9 0
      vertex 45.8803 48.3927 1.15
      vertex 45.8803 48.3927 0
    endloop
  endfacet
  facet normal -0.896853 0.442329 0
    outer loop
      vertex 45.8803 48.3927 1.15
      vertex 45.6373 47.9 0
      vertex 45.6373 47.9 1.15
    endloop
  endfacet
  facet normal 0.55554 0.83149 -0
    outer loop
      vertex 39.9 46.3627 0
      vertex 39.4432 46.6679 1.15
      vertex 39.9 46.3627 1.15
    endloop
  endfacet
  facet normal 0.55554 0.83149 0
    outer loop
      vertex 39.4432 46.6679 1.15
      vertex 39.9 46.3627 0
      vertex 39.4432 46.6679 0
    endloop
  endfacet
  facet normal 0.195136 0.980776 -0
    outer loop
      vertex 41.4518 45.8359 0
      vertex 40.913 45.9431 1.15
      vertex 41.4518 45.8359 1.15
    endloop
  endfacet
  facet normal 0.195136 0.980776 0
    outer loop
      vertex 40.913 45.9431 1.15
      vertex 41.4518 45.8359 0
      vertex 40.913 45.9431 0
    endloop
  endfacet
  facet normal 0.659458 0.751742 -0
    outer loop
      vertex 39.4432 46.6679 0
      vertex 39.0302 47.0302 1.15
      vertex 39.4432 46.6679 1.15
    endloop
  endfacet
  facet normal 0.659458 0.751742 0
    outer loop
      vertex 39.0302 47.0302 1.15
      vertex 39.4432 46.6679 0
      vertex 39.0302 47.0302 0
    endloop
  endfacet
  facet normal 0.94694 0.32141 0
    outer loop
      vertex 38.1197 48.3927 1.15
      vertex 37.9431 48.913 0
      vertex 37.9431 48.913 1.15
    endloop
  endfacet
  facet normal 0.94694 0.32141 0
    outer loop
      vertex 37.9431 48.913 0
      vertex 38.1197 48.3927 1.15
      vertex 38.1197 48.3927 0
    endloop
  endfacet
  facet normal 0.980776 0.195136 0
    outer loop
      vertex 37.9431 48.913 1.15
      vertex 37.8359 49.4518 0
      vertex 37.8359 49.4518 1.15
    endloop
  endfacet
  facet normal 0.980776 0.195136 0
    outer loop
      vertex 37.8359 49.4518 0
      vertex 37.9431 48.913 1.15
      vertex 37.9431 48.913 0
    endloop
  endfacet
  facet normal -0.751742 0.659458 0
    outer loop
      vertex 44.9698 47.0302 0
      vertex 45.3321 47.4432 1.15
      vertex 45.3321 47.4432 0
    endloop
  endfacet
  facet normal -0.751742 0.659458 0
    outer loop
      vertex 45.3321 47.4432 1.15
      vertex 44.9698 47.0302 0
      vertex 44.9698 47.0302 1.15
    endloop
  endfacet
  facet normal 0.442329 0.896853 -0
    outer loop
      vertex 40.3927 46.1197 0
      vertex 39.9 46.3627 1.15
      vertex 40.3927 46.1197 1.15
    endloop
  endfacet
  facet normal 0.442329 0.896853 0
    outer loop
      vertex 39.9 46.3627 1.15
      vertex 40.3927 46.1197 0
      vertex 39.9 46.3627 0
    endloop
  endfacet
  facet normal 0.0653471 0.997863 -0
    outer loop
      vertex 42 45.8 0
      vertex 41.4518 45.8359 1.15
      vertex 42 45.8 1.15
    endloop
  endfacet
  facet normal 0.0653471 0.997863 0
    outer loop
      vertex 41.4518 45.8359 1.15
      vertex 42 45.8 0
      vertex 41.4518 45.8359 0
    endloop
  endfacet
  facet normal -0.997851 -0.0655283 0
    outer loop
      vertex 110.1 50 1.15
      vertex 110.082 50.2741 2.4
      vertex 110.082 50.2741 1.15
    endloop
  endfacet
  facet normal -0.997851 -0.0655283 0
    outer loop
      vertex 110.082 50.2741 2.4
      vertex 110.1 50 1.15
      vertex 110.1 50 2.4
    endloop
  endfacet
  facet normal 0.0655521 -0.997849 0
    outer loop
      vertex 107.726 52.082 1.15
      vertex 108 52.1 2.4
      vertex 107.726 52.082 2.4
    endloop
  endfacet
  facet normal 0.0655521 -0.997849 0
    outer loop
      vertex 108 52.1 2.4
      vertex 107.726 52.082 1.15
      vertex 108 52.1 1.15
    endloop
  endfacet
  facet normal -0.0655521 0.997849 0
    outer loop
      vertex 108.274 47.918 1.15
      vertex 108 47.9 2.4
      vertex 108.274 47.918 2.4
    endloop
  endfacet
  facet normal -0.0655521 0.997849 0
    outer loop
      vertex 108 47.9 2.4
      vertex 108.274 47.918 1.15
      vertex 108 47.9 1.15
    endloop
  endfacet
  facet normal -0.658453 -0.752622 0
    outer loop
      vertex 109.278 51.666 1.15
      vertex 109.485 51.4849 2.4
      vertex 109.278 51.666 2.4
    endloop
  endfacet
  facet normal -0.658453 -0.752622 -0
    outer loop
      vertex 109.485 51.4849 2.4
      vertex 109.278 51.666 1.15
      vertex 109.485 51.4849 1.15
    endloop
  endfacet
  facet normal 0.752012 -0.659149 0
    outer loop
      vertex 106.334 51.2784 2.4
      vertex 106.515 51.4849 1.15
      vertex 106.515 51.4849 2.4
    endloop
  endfacet
  facet normal 0.752012 -0.659149 0
    outer loop
      vertex 106.515 51.4849 1.15
      vertex 106.334 51.2784 2.4
      vertex 106.334 51.2784 1.15
    endloop
  endfacet
  facet normal 0.442542 -0.896748 0
    outer loop
      vertex 106.95 51.8187 1.15
      vertex 107.196 51.9401 2.4
      vertex 106.95 51.8187 2.4
    endloop
  endfacet
  facet normal 0.442542 -0.896748 0
    outer loop
      vertex 107.196 51.9401 2.4
      vertex 106.95 51.8187 1.15
      vertex 107.196 51.9401 1.15
    endloop
  endfacet
  facet normal -0.89761 -0.440791 0
    outer loop
      vertex 109.94 50.8036 1.15
      vertex 109.819 51.05 2.4
      vertex 109.819 51.05 1.15
    endloop
  endfacet
  facet normal -0.89761 -0.440791 0
    outer loop
      vertex 109.819 51.05 2.4
      vertex 109.94 50.8036 1.15
      vertex 109.94 50.8036 2.4
    endloop
  endfacet
  facet normal -0.830817 -0.556546 0
    outer loop
      vertex 109.819 51.05 1.15
      vertex 109.666 51.2784 2.4
      vertex 109.666 51.2784 1.15
    endloop
  endfacet
  facet normal -0.830817 -0.556546 0
    outer loop
      vertex 109.666 51.2784 2.4
      vertex 109.819 51.05 1.15
      vertex 109.819 51.05 2.4
    endloop
  endfacet
  facet normal -0.321576 -0.946884 0
    outer loop
      vertex 108.544 52.0284 1.15
      vertex 108.804 51.9401 2.4
      vertex 108.544 52.0284 2.4
    endloop
  endfacet
  facet normal -0.321576 -0.946884 -0
    outer loop
      vertex 108.804 51.9401 2.4
      vertex 108.544 52.0284 1.15
      vertex 108.804 51.9401 1.15
    endloop
  endfacet
  facet normal -0.194719 -0.980859 0
    outer loop
      vertex 108.274 52.082 1.15
      vertex 108.544 52.0284 2.4
      vertex 108.274 52.082 2.4
    endloop
  endfacet
  facet normal -0.194719 -0.980859 -0
    outer loop
      vertex 108.544 52.0284 2.4
      vertex 108.274 52.082 1.15
      vertex 108.544 52.0284 1.15
    endloop
  endfacet
  facet normal -0.556465 -0.830871 0
    outer loop
      vertex 109.05 51.8187 1.15
      vertex 109.278 51.666 2.4
      vertex 109.05 51.8187 2.4
    endloop
  endfacet
  facet normal -0.556465 -0.830871 -0
    outer loop
      vertex 109.278 51.666 2.4
      vertex 109.05 51.8187 1.15
      vertex 109.278 51.666 1.15
    endloop
  endfacet
  facet normal 0.89761 -0.440791 0
    outer loop
      vertex 106.06 50.8036 2.4
      vertex 106.181 51.05 1.15
      vertex 106.181 51.05 2.4
    endloop
  endfacet
  facet normal 0.89761 -0.440791 0
    outer loop
      vertex 106.181 51.05 1.15
      vertex 106.06 50.8036 2.4
      vertex 106.06 50.8036 1.15
    endloop
  endfacet
  facet normal 0.830817 -0.556546 0
    outer loop
      vertex 106.181 51.05 2.4
      vertex 106.334 51.2784 1.15
      vertex 106.334 51.2784 2.4
    endloop
  endfacet
  facet normal 0.830817 -0.556546 0
    outer loop
      vertex 106.334 51.2784 1.15
      vertex 106.181 51.05 2.4
      vertex 106.181 51.05 1.15
    endloop
  endfacet
  facet normal 0.980497 -0.196536 0
    outer loop
      vertex 105.918 50.2741 2.4
      vertex 105.972 50.5435 1.15
      vertex 105.972 50.5435 2.4
    endloop
  endfacet
  facet normal 0.980497 -0.196536 0
    outer loop
      vertex 105.972 50.5435 1.15
      vertex 105.918 50.2741 2.4
      vertex 105.918 50.2741 1.15
    endloop
  endfacet
  facet normal 0.556465 -0.830871 0
    outer loop
      vertex 106.722 51.666 1.15
      vertex 106.95 51.8187 2.4
      vertex 106.722 51.666 2.4
    endloop
  endfacet
  facet normal 0.556465 -0.830871 0
    outer loop
      vertex 106.95 51.8187 2.4
      vertex 106.722 51.666 1.15
      vertex 106.95 51.8187 1.15
    endloop
  endfacet
  facet normal 0.321576 -0.946884 0
    outer loop
      vertex 107.196 51.9401 1.15
      vertex 107.456 52.0284 2.4
      vertex 107.196 51.9401 2.4
    endloop
  endfacet
  facet normal 0.321576 -0.946884 0
    outer loop
      vertex 107.456 52.0284 2.4
      vertex 107.196 51.9401 1.15
      vertex 107.456 52.0284 1.15
    endloop
  endfacet
  facet normal -0.89761 0.440791 0
    outer loop
      vertex 109.819 48.95 1.15
      vertex 109.94 49.1964 2.4
      vertex 109.94 49.1964 1.15
    endloop
  endfacet
  facet normal -0.89761 0.440791 0
    outer loop
      vertex 109.94 49.1964 2.4
      vertex 109.819 48.95 1.15
      vertex 109.819 48.95 2.4
    endloop
  endfacet
  facet normal -0.752012 0.659149 0
    outer loop
      vertex 109.485 48.5151 1.15
      vertex 109.666 48.7216 2.4
      vertex 109.666 48.7216 1.15
    endloop
  endfacet
  facet normal -0.752012 0.659149 0
    outer loop
      vertex 109.666 48.7216 2.4
      vertex 109.485 48.5151 1.15
      vertex 109.485 48.5151 2.4
    endloop
  endfacet
  facet normal -0.556465 0.830871 0
    outer loop
      vertex 109.278 48.334 1.15
      vertex 109.05 48.1813 2.4
      vertex 109.278 48.334 2.4
    endloop
  endfacet
  facet normal -0.556465 0.830871 0
    outer loop
      vertex 109.05 48.1813 2.4
      vertex 109.278 48.334 1.15
      vertex 109.05 48.1813 1.15
    endloop
  endfacet
  facet normal -0.830817 0.556546 0
    outer loop
      vertex 109.666 48.7216 1.15
      vertex 109.819 48.95 2.4
      vertex 109.819 48.95 1.15
    endloop
  endfacet
  facet normal -0.830817 0.556546 0
    outer loop
      vertex 109.819 48.95 2.4
      vertex 109.666 48.7216 1.15
      vertex 109.666 48.7216 2.4
    endloop
  endfacet
  facet normal -0.980497 0.196536 0
    outer loop
      vertex 110.028 49.4565 1.15
      vertex 110.082 49.7259 2.4
      vertex 110.082 49.7259 1.15
    endloop
  endfacet
  facet normal -0.980497 0.196536 0
    outer loop
      vertex 110.082 49.7259 2.4
      vertex 110.028 49.4565 1.15
      vertex 110.028 49.4565 2.4
    endloop
  endfacet
  facet normal 0.321576 0.946884 -0
    outer loop
      vertex 107.456 47.9716 1.15
      vertex 107.196 48.0599 2.4
      vertex 107.456 47.9716 2.4
    endloop
  endfacet
  facet normal 0.321576 0.946884 0
    outer loop
      vertex 107.196 48.0599 2.4
      vertex 107.456 47.9716 1.15
      vertex 107.196 48.0599 1.15
    endloop
  endfacet
  facet normal 0.556465 0.830871 -0
    outer loop
      vertex 106.95 48.1813 1.15
      vertex 106.722 48.334 2.4
      vertex 106.95 48.1813 2.4
    endloop
  endfacet
  facet normal 0.556465 0.830871 0
    outer loop
      vertex 106.722 48.334 2.4
      vertex 106.95 48.1813 1.15
      vertex 106.722 48.334 1.15
    endloop
  endfacet
  facet normal 0.194719 0.980859 -0
    outer loop
      vertex 107.726 47.918 1.15
      vertex 107.456 47.9716 2.4
      vertex 107.726 47.918 2.4
    endloop
  endfacet
  facet normal 0.194719 0.980859 0
    outer loop
      vertex 107.456 47.9716 2.4
      vertex 107.726 47.918 1.15
      vertex 107.456 47.9716 1.15
    endloop
  endfacet
  facet normal 0.830817 0.556546 0
    outer loop
      vertex 106.334 48.7216 2.4
      vertex 106.181 48.95 1.15
      vertex 106.181 48.95 2.4
    endloop
  endfacet
  facet normal 0.830817 0.556546 0
    outer loop
      vertex 106.181 48.95 1.15
      vertex 106.334 48.7216 2.4
      vertex 106.334 48.7216 1.15
    endloop
  endfacet
  facet normal 0.752012 0.659149 0
    outer loop
      vertex 106.515 48.5151 2.4
      vertex 106.334 48.7216 1.15
      vertex 106.334 48.7216 2.4
    endloop
  endfacet
  facet normal 0.752012 0.659149 0
    outer loop
      vertex 106.334 48.7216 1.15
      vertex 106.515 48.5151 2.4
      vertex 106.515 48.5151 1.15
    endloop
  endfacet
  facet normal -0.947253 -0.320486 0
    outer loop
      vertex 110.028 50.5435 1.15
      vertex 109.94 50.8036 2.4
      vertex 109.94 50.8036 1.15
    endloop
  endfacet
  facet normal -0.947253 -0.320486 0
    outer loop
      vertex 109.94 50.8036 2.4
      vertex 110.028 50.5435 1.15
      vertex 110.028 50.5435 2.4
    endloop
  endfacet
  facet normal -0.980497 -0.196536 0
    outer loop
      vertex 110.082 50.2741 1.15
      vertex 110.028 50.5435 2.4
      vertex 110.028 50.5435 1.15
    endloop
  endfacet
  facet normal -0.980497 -0.196536 0
    outer loop
      vertex 110.028 50.5435 2.4
      vertex 110.082 50.2741 1.15
      vertex 110.082 50.2741 2.4
    endloop
  endfacet
  facet normal -0.0655521 -0.997849 0
    outer loop
      vertex 108 52.1 1.15
      vertex 108.274 52.082 2.4
      vertex 108 52.1 2.4
    endloop
  endfacet
  facet normal -0.0655521 -0.997849 -0
    outer loop
      vertex 108.274 52.082 2.4
      vertex 108 52.1 1.15
      vertex 108.274 52.082 1.15
    endloop
  endfacet
  facet normal 0.947253 -0.320486 0
    outer loop
      vertex 105.972 50.5435 2.4
      vertex 106.06 50.8036 1.15
      vertex 106.06 50.8036 2.4
    endloop
  endfacet
  facet normal 0.947253 -0.320486 0
    outer loop
      vertex 106.06 50.8036 1.15
      vertex 105.972 50.5435 2.4
      vertex 105.972 50.5435 1.15
    endloop
  endfacet
  facet normal 0.997851 -0.0655283 0
    outer loop
      vertex 105.9 50 2.4
      vertex 105.918 50.2741 1.15
      vertex 105.918 50.2741 2.4
    endloop
  endfacet
  facet normal 0.997851 -0.0655283 0
    outer loop
      vertex 105.918 50.2741 1.15
      vertex 105.9 50 2.4
      vertex 105.9 50 1.15
    endloop
  endfacet
  facet normal 0.194719 -0.980859 0
    outer loop
      vertex 107.456 52.0284 1.15
      vertex 107.726 52.082 2.4
      vertex 107.456 52.0284 2.4
    endloop
  endfacet
  facet normal 0.194719 -0.980859 0
    outer loop
      vertex 107.726 52.082 2.4
      vertex 107.456 52.0284 1.15
      vertex 107.726 52.082 1.15
    endloop
  endfacet
  facet normal -0.997851 0.0655283 0
    outer loop
      vertex 110.082 49.7259 1.15
      vertex 110.1 50 2.4
      vertex 110.1 50 1.15
    endloop
  endfacet
  facet normal -0.997851 0.0655283 0
    outer loop
      vertex 110.1 50 2.4
      vertex 110.082 49.7259 1.15
      vertex 110.082 49.7259 2.4
    endloop
  endfacet
  facet normal -0.194719 0.980859 0
    outer loop
      vertex 108.544 47.9716 1.15
      vertex 108.274 47.918 2.4
      vertex 108.544 47.9716 2.4
    endloop
  endfacet
  facet normal -0.194719 0.980859 0
    outer loop
      vertex 108.274 47.918 2.4
      vertex 108.544 47.9716 1.15
      vertex 108.274 47.918 1.15
    endloop
  endfacet
  facet normal -0.442542 0.896748 0
    outer loop
      vertex 109.05 48.1813 1.15
      vertex 108.804 48.0599 2.4
      vertex 109.05 48.1813 2.4
    endloop
  endfacet
  facet normal -0.442542 0.896748 0
    outer loop
      vertex 108.804 48.0599 2.4
      vertex 109.05 48.1813 1.15
      vertex 108.804 48.0599 1.15
    endloop
  endfacet
  facet normal -0.658453 0.752622 0
    outer loop
      vertex 109.485 48.5151 1.15
      vertex 109.278 48.334 2.4
      vertex 109.485 48.5151 2.4
    endloop
  endfacet
  facet normal -0.658453 0.752622 0
    outer loop
      vertex 109.278 48.334 2.4
      vertex 109.485 48.5151 1.15
      vertex 109.278 48.334 1.15
    endloop
  endfacet
  facet normal 0.442542 0.896748 -0
    outer loop
      vertex 107.196 48.0599 1.15
      vertex 106.95 48.1813 2.4
      vertex 107.196 48.0599 2.4
    endloop
  endfacet
  facet normal 0.442542 0.896748 0
    outer loop
      vertex 106.95 48.1813 2.4
      vertex 107.196 48.0599 1.15
      vertex 106.95 48.1813 1.15
    endloop
  endfacet
  facet normal 0.0655521 0.997849 -0
    outer loop
      vertex 108 47.9 1.15
      vertex 107.726 47.918 2.4
      vertex 108 47.9 2.4
    endloop
  endfacet
  facet normal 0.0655521 0.997849 0
    outer loop
      vertex 107.726 47.918 2.4
      vertex 108 47.9 1.15
      vertex 107.726 47.918 1.15
    endloop
  endfacet
  facet normal 0.658453 0.752622 -0
    outer loop
      vertex 106.722 48.334 1.15
      vertex 106.515 48.5151 2.4
      vertex 106.722 48.334 2.4
    endloop
  endfacet
  facet normal 0.658453 0.752622 0
    outer loop
      vertex 106.515 48.5151 2.4
      vertex 106.722 48.334 1.15
      vertex 106.515 48.5151 1.15
    endloop
  endfacet
  facet normal 0.89761 0.440791 0
    outer loop
      vertex 106.181 48.95 2.4
      vertex 106.06 49.1964 1.15
      vertex 106.06 49.1964 2.4
    endloop
  endfacet
  facet normal 0.89761 0.440791 0
    outer loop
      vertex 106.06 49.1964 1.15
      vertex 106.181 48.95 2.4
      vertex 106.181 48.95 1.15
    endloop
  endfacet
  facet normal 0.980497 0.196536 0
    outer loop
      vertex 105.972 49.4565 2.4
      vertex 105.918 49.7259 1.15
      vertex 105.918 49.7259 2.4
    endloop
  endfacet
  facet normal 0.980497 0.196536 0
    outer loop
      vertex 105.918 49.7259 1.15
      vertex 105.972 49.4565 2.4
      vertex 105.972 49.4565 1.15
    endloop
  endfacet
  facet normal -0.752012 -0.659149 0
    outer loop
      vertex 109.666 51.2784 1.15
      vertex 109.485 51.4849 2.4
      vertex 109.485 51.4849 1.15
    endloop
  endfacet
  facet normal -0.752012 -0.659149 0
    outer loop
      vertex 109.485 51.4849 2.4
      vertex 109.666 51.2784 1.15
      vertex 109.666 51.2784 2.4
    endloop
  endfacet
  facet normal -0.442542 -0.896748 0
    outer loop
      vertex 108.804 51.9401 1.15
      vertex 109.05 51.8187 2.4
      vertex 108.804 51.9401 2.4
    endloop
  endfacet
  facet normal -0.442542 -0.896748 -0
    outer loop
      vertex 109.05 51.8187 2.4
      vertex 108.804 51.9401 1.15
      vertex 109.05 51.8187 1.15
    endloop
  endfacet
  facet normal 0.997851 0.0655283 0
    outer loop
      vertex 105.918 49.7259 2.4
      vertex 105.9 50 1.15
      vertex 105.9 50 2.4
    endloop
  endfacet
  facet normal 0.997851 0.0655283 0
    outer loop
      vertex 105.9 50 1.15
      vertex 105.918 49.7259 2.4
      vertex 105.918 49.7259 1.15
    endloop
  endfacet
  facet normal 0.658453 -0.752622 0
    outer loop
      vertex 106.515 51.4849 1.15
      vertex 106.722 51.666 2.4
      vertex 106.515 51.4849 2.4
    endloop
  endfacet
  facet normal 0.658453 -0.752622 0
    outer loop
      vertex 106.722 51.666 2.4
      vertex 106.515 51.4849 1.15
      vertex 106.722 51.666 1.15
    endloop
  endfacet
  facet normal -0.321576 0.946884 0
    outer loop
      vertex 108.804 48.0599 1.15
      vertex 108.544 47.9716 2.4
      vertex 108.804 48.0599 2.4
    endloop
  endfacet
  facet normal -0.321576 0.946884 0
    outer loop
      vertex 108.544 47.9716 2.4
      vertex 108.804 48.0599 1.15
      vertex 108.544 47.9716 1.15
    endloop
  endfacet
  facet normal -0.947253 0.320486 0
    outer loop
      vertex 109.94 49.1964 1.15
      vertex 110.028 49.4565 2.4
      vertex 110.028 49.4565 1.15
    endloop
  endfacet
  facet normal -0.947253 0.320486 0
    outer loop
      vertex 110.028 49.4565 2.4
      vertex 109.94 49.1964 1.15
      vertex 109.94 49.1964 2.4
    endloop
  endfacet
  facet normal 0.947253 0.320486 0
    outer loop
      vertex 106.06 49.1964 2.4
      vertex 105.972 49.4565 1.15
      vertex 105.972 49.4565 2.4
    endloop
  endfacet
  facet normal 0.947253 0.320486 0
    outer loop
      vertex 105.972 49.4565 1.15
      vertex 106.06 49.1964 2.4
      vertex 106.06 49.1964 1.15
    endloop
  endfacet
  facet normal -0.997851 -0.0655283 0
    outer loop
      vertex 112.2 50 0
      vertex 112.164 50.5482 1.15
      vertex 112.164 50.5482 0
    endloop
  endfacet
  facet normal -0.997851 -0.0655283 0
    outer loop
      vertex 112.164 50.5482 1.15
      vertex 112.2 50 0
      vertex 112.2 50 1.15
    endloop
  endfacet
  facet normal 0.0653708 -0.997861 0
    outer loop
      vertex 107.452 54.1641 0
      vertex 108 54.2 1.15
      vertex 107.452 54.1641 1.15
    endloop
  endfacet
  facet normal 0.0653708 -0.997861 0
    outer loop
      vertex 108 54.2 1.15
      vertex 107.452 54.1641 0
      vertex 108 54.2 0
    endloop
  endfacet
  facet normal -0.0653708 0.997861 0
    outer loop
      vertex 108.548 45.8359 0
      vertex 108 45.8 1.15
      vertex 108.548 45.8359 1.15
    endloop
  endfacet
  facet normal -0.0653708 0.997861 0
    outer loop
      vertex 108 45.8 1.15
      vertex 108.548 45.8359 0
      vertex 108 45.8 0
    endloop
  endfacet
  facet normal -0.659458 -0.751742 0
    outer loop
      vertex 110.557 53.3321 0
      vertex 110.97 52.9698 1.15
      vertex 110.557 53.3321 1.15
    endloop
  endfacet
  facet normal -0.659458 -0.751742 -0
    outer loop
      vertex 110.97 52.9698 1.15
      vertex 110.557 53.3321 0
      vertex 110.97 52.9698 0
    endloop
  endfacet
  facet normal 0.752012 -0.659149 0
    outer loop
      vertex 104.668 52.5568 1.15
      vertex 105.03 52.9698 0
      vertex 105.03 52.9698 1.15
    endloop
  endfacet
  facet normal 0.752012 -0.659149 0
    outer loop
      vertex 105.03 52.9698 0
      vertex 104.668 52.5568 1.15
      vertex 104.668 52.5568 0
    endloop
  endfacet
  facet normal 0.442112 -0.89696 0
    outer loop
      vertex 105.9 53.6373 0
      vertex 106.393 53.8803 1.15
      vertex 105.9 53.6373 1.15
    endloop
  endfacet
  facet normal 0.442112 -0.89696 0
    outer loop
      vertex 106.393 53.8803 1.15
      vertex 105.9 53.6373 0
      vertex 106.393 53.8803 0
    endloop
  endfacet
  facet normal -0.896853 -0.442329 0
    outer loop
      vertex 111.88 51.6073 0
      vertex 111.637 52.1 1.15
      vertex 111.637 52.1 0
    endloop
  endfacet
  facet normal -0.896853 -0.442329 0
    outer loop
      vertex 111.637 52.1 1.15
      vertex 111.88 51.6073 0
      vertex 111.88 51.6073 1.15
    endloop
  endfacet
  facet normal -0.831658 -0.555288 0
    outer loop
      vertex 111.637 52.1 0
      vertex 111.332 52.5568 1.15
      vertex 111.332 52.5568 0
    endloop
  endfacet
  facet normal -0.831658 -0.555288 0
    outer loop
      vertex 111.332 52.5568 1.15
      vertex 111.637 52.1 0
      vertex 111.637 52.1 1.15
    endloop
  endfacet
  facet normal -0.321576 -0.946884 0
    outer loop
      vertex 109.087 54.0569 0
      vertex 109.607 53.8803 1.15
      vertex 109.087 54.0569 1.15
    endloop
  endfacet
  facet normal -0.321576 -0.946884 -0
    outer loop
      vertex 109.607 53.8803 1.15
      vertex 109.087 54.0569 0
      vertex 109.607 53.8803 0
    endloop
  endfacet
  facet normal -0.195066 -0.98079 0
    outer loop
      vertex 108.548 54.1641 0
      vertex 109.087 54.0569 1.15
      vertex 108.548 54.1641 1.15
    endloop
  endfacet
  facet normal -0.195066 -0.98079 -0
    outer loop
      vertex 109.087 54.0569 1.15
      vertex 108.548 54.1641 0
      vertex 109.087 54.0569 0
    endloop
  endfacet
  facet normal -0.442112 -0.89696 0
    outer loop
      vertex 109.607 53.8803 0
      vertex 110.1 53.6373 1.15
      vertex 109.607 53.8803 1.15
    endloop
  endfacet
  facet normal -0.442112 -0.89696 -0
    outer loop
      vertex 110.1 53.6373 1.15
      vertex 109.607 53.8803 0
      vertex 110.1 53.6373 0
    endloop
  endfacet
  facet normal 0.946718 -0.322063 0
    outer loop
      vertex 103.943 51.087 1.15
      vertex 104.12 51.6073 0
      vertex 104.12 51.6073 1.15
    endloop
  endfacet
  facet normal 0.946718 -0.322063 0
    outer loop
      vertex 104.12 51.6073 0
      vertex 103.943 51.087 1.15
      vertex 103.943 51.087 0
    endloop
  endfacet
  facet normal 0.896853 -0.442329 0
    outer loop
      vertex 104.12 51.6073 1.15
      vertex 104.363 52.1 0
      vertex 104.363 52.1 1.15
    endloop
  endfacet
  facet normal 0.896853 -0.442329 0
    outer loop
      vertex 104.363 52.1 0
      vertex 104.12 51.6073 1.15
      vertex 104.12 51.6073 0
    endloop
  endfacet
  facet normal 0.980846 -0.194786 0
    outer loop
      vertex 103.836 50.5482 1.15
      vertex 103.943 51.087 0
      vertex 103.943 51.087 1.15
    endloop
  endfacet
  facet normal 0.980846 -0.194786 0
    outer loop
      vertex 103.943 51.087 0
      vertex 103.836 50.5482 1.15
      vertex 103.836 50.5482 0
    endloop
  endfacet
  facet normal 0.555372 -0.831602 0
    outer loop
      vertex 105.443 53.3321 0
      vertex 105.9 53.6373 1.15
      vertex 105.443 53.3321 1.15
    endloop
  endfacet
  facet normal 0.555372 -0.831602 0
    outer loop
      vertex 105.9 53.6373 1.15
      vertex 105.443 53.3321 0
      vertex 105.9 53.6373 0
    endloop
  endfacet
  facet normal 0.321576 -0.946884 0
    outer loop
      vertex 106.393 53.8803 0
      vertex 106.913 54.0569 1.15
      vertex 106.393 53.8803 1.15
    endloop
  endfacet
  facet normal 0.321576 -0.946884 0
    outer loop
      vertex 106.913 54.0569 1.15
      vertex 106.393 53.8803 0
      vertex 106.913 54.0569 0
    endloop
  endfacet
  facet normal -0.195066 0.98079 0
    outer loop
      vertex 109.087 45.9431 0
      vertex 108.548 45.8359 1.15
      vertex 109.087 45.9431 1.15
    endloop
  endfacet
  facet normal -0.195066 0.98079 0
    outer loop
      vertex 108.548 45.8359 1.15
      vertex 109.087 45.9431 0
      vertex 108.548 45.8359 0
    endloop
  endfacet
  facet normal -0.946718 -0.322063 0
    outer loop
      vertex 112.057 51.087 0
      vertex 111.88 51.6073 1.15
      vertex 111.88 51.6073 0
    endloop
  endfacet
  facet normal -0.946718 -0.322063 0
    outer loop
      vertex 111.88 51.6073 1.15
      vertex 112.057 51.087 0
      vertex 112.057 51.087 1.15
    endloop
  endfacet
  facet normal -0.980846 -0.194786 0
    outer loop
      vertex 112.164 50.5482 0
      vertex 112.057 51.087 1.15
      vertex 112.057 51.087 0
    endloop
  endfacet
  facet normal -0.980846 -0.194786 0
    outer loop
      vertex 112.057 51.087 1.15
      vertex 112.164 50.5482 0
      vertex 112.164 50.5482 1.15
    endloop
  endfacet
  facet normal -0.752012 -0.659149 0
    outer loop
      vertex 111.332 52.5568 0
      vertex 110.97 52.9698 1.15
      vertex 110.97 52.9698 0
    endloop
  endfacet
  facet normal -0.752012 -0.659149 0
    outer loop
      vertex 110.97 52.9698 1.15
      vertex 111.332 52.5568 0
      vertex 111.332 52.5568 1.15
    endloop
  endfacet
  facet normal -0.0653708 -0.997861 0
    outer loop
      vertex 108 54.2 0
      vertex 108.548 54.1641 1.15
      vertex 108 54.2 1.15
    endloop
  endfacet
  facet normal -0.0653708 -0.997861 -0
    outer loop
      vertex 108.548 54.1641 1.15
      vertex 108 54.2 0
      vertex 108.548 54.1641 0
    endloop
  endfacet
  facet normal -0.555372 -0.831602 0
    outer loop
      vertex 110.1 53.6373 0
      vertex 110.557 53.3321 1.15
      vertex 110.1 53.6373 1.15
    endloop
  endfacet
  facet normal -0.555372 -0.831602 -0
    outer loop
      vertex 110.557 53.3321 1.15
      vertex 110.1 53.6373 0
      vertex 110.557 53.3321 0
    endloop
  endfacet
  facet normal 0.997851 -0.0655283 0
    outer loop
      vertex 103.8 50 1.15
      vertex 103.836 50.5482 0
      vertex 103.836 50.5482 1.15
    endloop
  endfacet
  facet normal 0.997851 -0.0655283 0
    outer loop
      vertex 103.836 50.5482 0
      vertex 103.8 50 1.15
      vertex 103.8 50 0
    endloop
  endfacet
  facet normal 0 0 -1
    outer loop
      vertex 112.164 49.4518 1.15
      vertex 110.082 49.7259 1.15
      vertex 110.1 50 1.15
    endloop
  endfacet
  facet normal 0 0 -1
    outer loop
      vertex 110.557 46.6679 1.15
      vertex 110.028 49.4565 1.15
      vertex 110.082 49.7259 1.15
    endloop
  endfacet
  facet normal 0 0 -1
    outer loop
      vertex 110.557 46.6679 1.15
      vertex 109.94 49.1964 1.15
      vertex 110.028 49.4565 1.15
    endloop
  endfacet
  facet normal 0 0 -1
    outer loop
      vertex 110.557 46.6679 1.15
      vertex 109.819 48.95 1.15
      vertex 109.94 49.1964 1.15
    endloop
  endfacet
  facet normal 0 0 -1
    outer loop
      vertex 110.557 46.6679 1.15
      vertex 109.666 48.7216 1.15
      vertex 109.819 48.95 1.15
    endloop
  endfacet
  facet normal 0 0 -1
    outer loop
      vertex 109.05 48.1813 1.15
      vertex 110.1 46.3627 1.15
      vertex 109.607 46.1197 1.15
    endloop
  endfacet
  facet normal 0 0 -1
    outer loop
      vertex 110.557 46.6679 1.15
      vertex 109.485 48.5151 1.15
      vertex 109.666 48.7216 1.15
    endloop
  endfacet
  facet normal 0 0 -1
    outer loop
      vertex 110.557 46.6679 1.15
      vertex 109.278 48.334 1.15
      vertex 109.485 48.5151 1.15
    endloop
  endfacet
  facet normal 0 0 -1
    outer loop
      vertex 108.804 48.0599 1.15
      vertex 109.607 46.1197 1.15
      vertex 109.087 45.9431 1.15
    endloop
  endfacet
  facet normal 0 0 -1
    outer loop
      vertex 110.1 46.3627 1.15
      vertex 109.05 48.1813 1.15
      vertex 109.278 48.334 1.15
    endloop
  endfacet
  facet normal 0 0 -1
    outer loop
      vertex 109.607 46.1197 1.15
      vertex 108.804 48.0599 1.15
      vertex 109.05 48.1813 1.15
    endloop
  endfacet
  facet normal 0 0 -1
    outer loop
      vertex 108.544 47.9716 1.15
      vertex 109.087 45.9431 1.15
      vertex 108.548 45.8359 1.15
    endloop
  endfacet
  facet normal 0 0 -1
    outer loop
      vertex 109.087 45.9431 1.15
      vertex 108.544 47.9716 1.15
      vertex 108.804 48.0599 1.15
    endloop
  endfacet
  facet normal 0 0 -1
    outer loop
      vertex 108.548 45.8359 1.15
      vertex 108.274 47.918 1.15
      vertex 108.544 47.9716 1.15
    endloop
  endfacet
  facet normal 0 0 -1
    outer loop
      vertex 108 45.8 1.15
      vertex 108.274 47.918 1.15
      vertex 108.548 45.8359 1.15
    endloop
  endfacet
  facet normal 0 0 -1
    outer loop
      vertex 108 45.8 1.15
      vertex 108 47.9 1.15
      vertex 108.274 47.918 1.15
    endloop
  endfacet
  facet normal 0 0 -1
    outer loop
      vertex 108 45.8 1.15
      vertex 107.726 47.918 1.15
      vertex 108 47.9 1.15
    endloop
  endfacet
  facet normal 0 0 -1
    outer loop
      vertex 107.452 45.8359 1.15
      vertex 107.726 47.918 1.15
      vertex 108 45.8 1.15
    endloop
  endfacet
  facet normal -0 0 -1
    outer loop
      vertex 107.726 47.918 1.15
      vertex 107.452 45.8359 1.15
      vertex 107.456 47.9716 1.15
    endloop
  endfacet
  facet normal 0 0 -1
    outer loop
      vertex 106.913 45.9431 1.15
      vertex 107.456 47.9716 1.15
      vertex 107.452 45.8359 1.15
    endloop
  endfacet
  facet normal -0 0 -1
    outer loop
      vertex 107.456 47.9716 1.15
      vertex 106.913 45.9431 1.15
      vertex 107.196 48.0599 1.15
    endloop
  endfacet
  facet normal 0 0 -1
    outer loop
      vertex 106.393 46.1197 1.15
      vertex 107.196 48.0599 1.15
      vertex 106.913 45.9431 1.15
    endloop
  endfacet
  facet normal -0 0 -1
    outer loop
      vertex 107.196 48.0599 1.15
      vertex 106.393 46.1197 1.15
      vertex 106.95 48.1813 1.15
    endloop
  endfacet
  facet normal 0 0 -1
    outer loop
      vertex 105.9 46.3627 1.15
      vertex 106.95 48.1813 1.15
      vertex 106.393 46.1197 1.15
    endloop
  endfacet
  facet normal -0 0 -1
    outer loop
      vertex 106.95 48.1813 1.15
      vertex 105.9 46.3627 1.15
      vertex 106.722 48.334 1.15
    endloop
  endfacet
  facet normal 0 0 -1
    outer loop
      vertex 105.443 46.6679 1.15
      vertex 106.722 48.334 1.15
      vertex 105.9 46.3627 1.15
    endloop
  endfacet
  facet normal -0 0 -1
    outer loop
      vertex 106.722 48.334 1.15
      vertex 105.443 46.6679 1.15
      vertex 106.515 48.5151 1.15
    endloop
  endfacet
  facet normal 0 0 -1
    outer loop
      vertex 105.03 47.0302 1.15
      vertex 106.515 48.5151 1.15
      vertex 105.443 46.6679 1.15
    endloop
  endfacet
  facet normal -0 0 -1
    outer loop
      vertex 106.515 48.5151 1.15
      vertex 105.03 47.0302 1.15
      vertex 106.334 48.7216 1.15
    endloop
  endfacet
  facet normal 0 0 -1
    outer loop
      vertex 104.668 47.4432 1.15
      vertex 106.334 48.7216 1.15
      vertex 105.03 47.0302 1.15
    endloop
  endfacet
  facet normal -0 0 -1
    outer loop
      vertex 106.334 48.7216 1.15
      vertex 104.668 47.4432 1.15
      vertex 106.181 48.95 1.15
    endloop
  endfacet
  facet normal 0 0 -1
    outer loop
      vertex 104.363 47.9 1.15
      vertex 106.181 48.95 1.15
      vertex 104.668 47.4432 1.15
    endloop
  endfacet
  facet normal -0 0 -1
    outer loop
      vertex 106.181 48.95 1.15
      vertex 104.363 47.9 1.15
      vertex 106.06 49.1964 1.15
    endloop
  endfacet
  facet normal 0 0 -1
    outer loop
      vertex 104.12 48.3927 1.15
      vertex 106.06 49.1964 1.15
      vertex 104.363 47.9 1.15
    endloop
  endfacet
  facet normal 0 0 -1
    outer loop
      vertex 105.9 50 1.15
      vertex 105.443 53.3321 1.15
      vertex 105.9 53.6373 1.15
    endloop
  endfacet
  facet normal -0 0 -1
    outer loop
      vertex 106.06 49.1964 1.15
      vertex 104.12 48.3927 1.15
      vertex 105.972 49.4565 1.15
    endloop
  endfacet
  facet normal 0 0 -1
    outer loop
      vertex 105.9 50 1.15
      vertex 105.03 52.9698 1.15
      vertex 105.443 53.3321 1.15
    endloop
  endfacet
  facet normal 0 0 -1
    outer loop
      vertex 103.943 48.913 1.15
      vertex 105.972 49.4565 1.15
      vertex 104.12 48.3927 1.15
    endloop
  endfacet
  facet normal 0 0 -1
    outer loop
      vertex 105.9 50 1.15
      vertex 104.668 52.5568 1.15
      vertex 105.03 52.9698 1.15
    endloop
  endfacet
  facet normal -0 0 -1
    outer loop
      vertex 105.972 49.4565 1.15
      vertex 103.943 48.913 1.15
      vertex 105.918 49.7259 1.15
    endloop
  endfacet
  facet normal 0 0 -1
    outer loop
      vertex 105.9 50 1.15
      vertex 104.363 52.1 1.15
      vertex 104.668 52.5568 1.15
    endloop
  endfacet
  facet normal 0 0 -1
    outer loop
      vertex 103.836 49.4518 1.15
      vertex 105.918 49.7259 1.15
      vertex 103.943 48.913 1.15
    endloop
  endfacet
  facet normal 0 0 -1
    outer loop
      vertex 105.9 50 1.15
      vertex 104.12 51.6073 1.15
      vertex 104.363 52.1 1.15
    endloop
  endfacet
  facet normal -0 0 -1
    outer loop
      vertex 105.918 49.7259 1.15
      vertex 103.836 49.4518 1.15
      vertex 105.9 50 1.15
    endloop
  endfacet
  facet normal 0 0 -1
    outer loop
      vertex 105.9 50 1.15
      vertex 103.943 51.087 1.15
      vertex 104.12 51.6073 1.15
    endloop
  endfacet
  facet normal 0 0 -1
    outer loop
      vertex 103.8 50 1.15
      vertex 105.9 50 1.15
      vertex 103.836 49.4518 1.15
    endloop
  endfacet
  facet normal 0 0 -1
    outer loop
      vertex 105.9 50 1.15
      vertex 103.836 50.5482 1.15
      vertex 103.943 51.087 1.15
    endloop
  endfacet
  facet normal 0 0 -1
    outer loop
      vertex 105.9 50 1.15
      vertex 103.8 50 1.15
      vertex 103.836 50.5482 1.15
    endloop
  endfacet
  facet normal 0 0 -1
    outer loop
      vertex 110.1 50 1.15
      vertex 112.2 50 1.15
      vertex 112.164 49.4518 1.15
    endloop
  endfacet
  facet normal 0 0 -1
    outer loop
      vertex 110.082 49.7259 1.15
      vertex 112.164 49.4518 1.15
      vertex 112.057 48.913 1.15
    endloop
  endfacet
  facet normal 0 0 -1
    outer loop
      vertex 112.2 50 1.15
      vertex 110.1 50 1.15
      vertex 112.164 50.5482 1.15
    endloop
  endfacet
  facet normal 0 0 -1
    outer loop
      vertex 110.082 49.7259 1.15
      vertex 112.057 48.913 1.15
      vertex 111.88 48.3927 1.15
    endloop
  endfacet
  facet normal 0 0 -1
    outer loop
      vertex 110.082 50.2741 1.15
      vertex 112.164 50.5482 1.15
      vertex 110.1 50 1.15
    endloop
  endfacet
  facet normal 0 0 -1
    outer loop
      vertex 110.082 49.7259 1.15
      vertex 111.88 48.3927 1.15
      vertex 111.637 47.9 1.15
    endloop
  endfacet
  facet normal -0 0 -1
    outer loop
      vertex 112.164 50.5482 1.15
      vertex 110.082 50.2741 1.15
      vertex 112.057 51.087 1.15
    endloop
  endfacet
  facet normal 0 0 -1
    outer loop
      vertex 110.082 49.7259 1.15
      vertex 111.637 47.9 1.15
      vertex 111.332 47.4432 1.15
    endloop
  endfacet
  facet normal 0 0 -1
    outer loop
      vertex 110.028 50.5435 1.15
      vertex 112.057 51.087 1.15
      vertex 110.082 50.2741 1.15
    endloop
  endfacet
  facet normal 0 0 -1
    outer loop
      vertex 110.082 49.7259 1.15
      vertex 111.332 47.4432 1.15
      vertex 110.97 47.0302 1.15
    endloop
  endfacet
  facet normal -0 0 -1
    outer loop
      vertex 112.057 51.087 1.15
      vertex 110.028 50.5435 1.15
      vertex 111.88 51.6073 1.15
    endloop
  endfacet
  facet normal 0 0 -1
    outer loop
      vertex 110.082 49.7259 1.15
      vertex 110.97 47.0302 1.15
      vertex 110.557 46.6679 1.15
    endloop
  endfacet
  facet normal 0 0 -1
    outer loop
      vertex 109.94 50.8036 1.15
      vertex 111.88 51.6073 1.15
      vertex 110.028 50.5435 1.15
    endloop
  endfacet
  facet normal 0 0 -1
    outer loop
      vertex 109.278 48.334 1.15
      vertex 110.557 46.6679 1.15
      vertex 110.1 46.3627 1.15
    endloop
  endfacet
  facet normal -0 0 -1
    outer loop
      vertex 111.88 51.6073 1.15
      vertex 109.94 50.8036 1.15
      vertex 111.637 52.1 1.15
    endloop
  endfacet
  facet normal 0 0 -1
    outer loop
      vertex 109.819 51.05 1.15
      vertex 111.637 52.1 1.15
      vertex 109.94 50.8036 1.15
    endloop
  endfacet
  facet normal -0 0 -1
    outer loop
      vertex 111.637 52.1 1.15
      vertex 109.819 51.05 1.15
      vertex 111.332 52.5568 1.15
    endloop
  endfacet
  facet normal 0 0 -1
    outer loop
      vertex 109.666 51.2784 1.15
      vertex 111.332 52.5568 1.15
      vertex 109.819 51.05 1.15
    endloop
  endfacet
  facet normal -0 0 -1
    outer loop
      vertex 111.332 52.5568 1.15
      vertex 109.666 51.2784 1.15
      vertex 110.97 52.9698 1.15
    endloop
  endfacet
  facet normal 0 0 -1
    outer loop
      vertex 109.485 51.4849 1.15
      vertex 110.97 52.9698 1.15
      vertex 109.666 51.2784 1.15
    endloop
  endfacet
  facet normal -0 0 -1
    outer loop
      vertex 110.97 52.9698 1.15
      vertex 109.485 51.4849 1.15
      vertex 110.557 53.3321 1.15
    endloop
  endfacet
  facet normal 0 0 -1
    outer loop
      vertex 109.278 51.666 1.15
      vertex 110.557 53.3321 1.15
      vertex 109.485 51.4849 1.15
    endloop
  endfacet
  facet normal -0 0 -1
    outer loop
      vertex 110.557 53.3321 1.15
      vertex 109.278 51.666 1.15
      vertex 110.1 53.6373 1.15
    endloop
  endfacet
  facet normal 0 0 -1
    outer loop
      vertex 109.05 51.8187 1.15
      vertex 110.1 53.6373 1.15
      vertex 109.278 51.666 1.15
    endloop
  endfacet
  facet normal -0 0 -1
    outer loop
      vertex 110.1 53.6373 1.15
      vertex 109.05 51.8187 1.15
      vertex 109.607 53.8803 1.15
    endloop
  endfacet
  facet normal 0 0 -1
    outer loop
      vertex 108.804 51.9401 1.15
      vertex 109.607 53.8803 1.15
      vertex 109.05 51.8187 1.15
    endloop
  endfacet
  facet normal -0 0 -1
    outer loop
      vertex 109.607 53.8803 1.15
      vertex 108.804 51.9401 1.15
      vertex 109.087 54.0569 1.15
    endloop
  endfacet
  facet normal 0 0 -1
    outer loop
      vertex 108.544 52.0284 1.15
      vertex 109.087 54.0569 1.15
      vertex 108.804 51.9401 1.15
    endloop
  endfacet
  facet normal -0 0 -1
    outer loop
      vertex 109.087 54.0569 1.15
      vertex 108.544 52.0284 1.15
      vertex 108.548 54.1641 1.15
    endloop
  endfacet
  facet normal 0 0 -1
    outer loop
      vertex 108.274 52.082 1.15
      vertex 108.548 54.1641 1.15
      vertex 108.544 52.0284 1.15
    endloop
  endfacet
  facet normal 0 0 -1
    outer loop
      vertex 108 52.1 1.15
      vertex 108.548 54.1641 1.15
      vertex 108.274 52.082 1.15
    endloop
  endfacet
  facet normal 0 0 -1
    outer loop
      vertex 108 52.1 1.15
      vertex 108 54.2 1.15
      vertex 108.548 54.1641 1.15
    endloop
  endfacet
  facet normal 0 0 -1
    outer loop
      vertex 107.726 52.082 1.15
      vertex 108 54.2 1.15
      vertex 108 52.1 1.15
    endloop
  endfacet
  facet normal 0 0 -1
    outer loop
      vertex 107.452 54.1641 1.15
      vertex 107.726 52.082 1.15
      vertex 107.456 52.0284 1.15
    endloop
  endfacet
  facet normal 0 0 -1
    outer loop
      vertex 107.726 52.082 1.15
      vertex 107.452 54.1641 1.15
      vertex 108 54.2 1.15
    endloop
  endfacet
  facet normal 0 0 -1
    outer loop
      vertex 106.913 54.0569 1.15
      vertex 107.456 52.0284 1.15
      vertex 107.196 51.9401 1.15
    endloop
  endfacet
  facet normal 0 0 -1
    outer loop
      vertex 106.393 53.8803 1.15
      vertex 107.196 51.9401 1.15
      vertex 106.95 51.8187 1.15
    endloop
  endfacet
  facet normal 0 0 -1
    outer loop
      vertex 107.456 52.0284 1.15
      vertex 106.913 54.0569 1.15
      vertex 107.452 54.1641 1.15
    endloop
  endfacet
  facet normal 0 0 -1
    outer loop
      vertex 105.9 53.6373 1.15
      vertex 106.95 51.8187 1.15
      vertex 106.722 51.666 1.15
    endloop
  endfacet
  facet normal 0 0 -1
    outer loop
      vertex 105.9 53.6373 1.15
      vertex 106.722 51.666 1.15
      vertex 106.515 51.4849 1.15
    endloop
  endfacet
  facet normal 0 0 -1
    outer loop
      vertex 107.196 51.9401 1.15
      vertex 106.393 53.8803 1.15
      vertex 106.913 54.0569 1.15
    endloop
  endfacet
  facet normal 0 0 -1
    outer loop
      vertex 105.9 53.6373 1.15
      vertex 106.515 51.4849 1.15
      vertex 106.334 51.2784 1.15
    endloop
  endfacet
  facet normal 0 0 -1
    outer loop
      vertex 105.9 53.6373 1.15
      vertex 106.334 51.2784 1.15
      vertex 106.181 51.05 1.15
    endloop
  endfacet
  facet normal 0 0 -1
    outer loop
      vertex 105.9 53.6373 1.15
      vertex 106.181 51.05 1.15
      vertex 106.06 50.8036 1.15
    endloop
  endfacet
  facet normal 0 0 -1
    outer loop
      vertex 105.9 53.6373 1.15
      vertex 106.06 50.8036 1.15
      vertex 105.972 50.5435 1.15
    endloop
  endfacet
  facet normal 0 0 -1
    outer loop
      vertex 105.9 53.6373 1.15
      vertex 105.972 50.5435 1.15
      vertex 105.918 50.2741 1.15
    endloop
  endfacet
  facet normal 0 0 -1
    outer loop
      vertex 106.95 51.8187 1.15
      vertex 105.9 53.6373 1.15
      vertex 106.393 53.8803 1.15
    endloop
  endfacet
  facet normal 0 0 -1
    outer loop
      vertex 105.9 53.6373 1.15
      vertex 105.918 50.2741 1.15
      vertex 105.9 50 1.15
    endloop
  endfacet
  facet normal 0.195066 -0.98079 0
    outer loop
      vertex 106.913 54.0569 0
      vertex 107.452 54.1641 1.15
      vertex 106.913 54.0569 1.15
    endloop
  endfacet
  facet normal 0.195066 -0.98079 0
    outer loop
      vertex 107.452 54.1641 1.15
      vertex 106.913 54.0569 0
      vertex 107.452 54.1641 0
    endloop
  endfacet
  facet normal -0.997851 0.0655283 0
    outer loop
      vertex 112.164 49.4518 0
      vertex 112.2 50 1.15
      vertex 112.2 50 0
    endloop
  endfacet
  facet normal -0.997851 0.0655283 0
    outer loop
      vertex 112.2 50 1.15
      vertex 112.164 49.4518 0
      vertex 112.164 49.4518 1.15
    endloop
  endfacet
  facet normal -0.946718 0.322063 0
    outer loop
      vertex 111.88 48.3927 0
      vertex 112.057 48.913 1.15
      vertex 112.057 48.913 0
    endloop
  endfacet
  facet normal -0.946718 0.322063 0
    outer loop
      vertex 112.057 48.913 1.15
      vertex 111.88 48.3927 0
      vertex 111.88 48.3927 1.15
    endloop
  endfacet
  facet normal -0.980846 0.194786 0
    outer loop
      vertex 112.057 48.913 0
      vertex 112.164 49.4518 1.15
      vertex 112.164 49.4518 0
    endloop
  endfacet
  facet normal -0.980846 0.194786 0
    outer loop
      vertex 112.164 49.4518 1.15
      vertex 112.057 48.913 0
      vertex 112.057 48.913 1.15
    endloop
  endfacet
  facet normal 0.752012 0.659149 0
    outer loop
      vertex 105.03 47.0302 1.15
      vertex 104.668 47.4432 0
      vertex 104.668 47.4432 1.15
    endloop
  endfacet
  facet normal 0.752012 0.659149 0
    outer loop
      vertex 104.668 47.4432 0
      vertex 105.03 47.0302 1.15
      vertex 105.03 47.0302 0
    endloop
  endfacet
  facet normal 0.831658 0.555288 0
    outer loop
      vertex 104.668 47.4432 1.15
      vertex 104.363 47.9 0
      vertex 104.363 47.9 1.15
    endloop
  endfacet
  facet normal 0.831658 0.555288 0
    outer loop
      vertex 104.363 47.9 0
      vertex 104.668 47.4432 1.15
      vertex 104.668 47.4432 0
    endloop
  endfacet
  facet normal -0.555372 0.831602 0
    outer loop
      vertex 110.557 46.6679 0
      vertex 110.1 46.3627 1.15
      vertex 110.557 46.6679 1.15
    endloop
  endfacet
  facet normal -0.555372 0.831602 0
    outer loop
      vertex 110.1 46.3627 1.15
      vertex 110.557 46.6679 0
      vertex 110.1 46.3627 0
    endloop
  endfacet
  facet normal -0.442112 0.89696 0
    outer loop
      vertex 110.1 46.3627 0
      vertex 109.607 46.1197 1.15
      vertex 110.1 46.3627 1.15
    endloop
  endfacet
  facet normal -0.442112 0.89696 0
    outer loop
      vertex 109.607 46.1197 1.15
      vertex 110.1 46.3627 0
      vertex 109.607 46.1197 0
    endloop
  endfacet
  facet normal 0.831658 -0.555288 0
    outer loop
      vertex 104.363 52.1 1.15
      vertex 104.668 52.5568 0
      vertex 104.668 52.5568 1.15
    endloop
  endfacet
  facet normal 0.831658 -0.555288 0
    outer loop
      vertex 104.668 52.5568 0
      vertex 104.363 52.1 1.15
      vertex 104.363 52.1 0
    endloop
  endfacet
  facet normal 0.997851 0.0655283 0
    outer loop
      vertex 103.836 49.4518 1.15
      vertex 103.8 50 0
      vertex 103.8 50 1.15
    endloop
  endfacet
  facet normal 0.997851 0.0655283 0
    outer loop
      vertex 103.8 50 0
      vertex 103.836 49.4518 1.15
      vertex 103.836 49.4518 0
    endloop
  endfacet
  facet normal 0.659458 -0.751742 0
    outer loop
      vertex 105.03 52.9698 0
      vertex 105.443 53.3321 1.15
      vertex 105.03 52.9698 1.15
    endloop
  endfacet
  facet normal 0.659458 -0.751742 0
    outer loop
      vertex 105.443 53.3321 1.15
      vertex 105.03 52.9698 0
      vertex 105.443 53.3321 0
    endloop
  endfacet
  facet normal 0.321576 0.946884 -0
    outer loop
      vertex 106.913 45.9431 0
      vertex 106.393 46.1197 1.15
      vertex 106.913 45.9431 1.15
    endloop
  endfacet
  facet normal 0.321576 0.946884 0
    outer loop
      vertex 106.393 46.1197 1.15
      vertex 106.913 45.9431 0
      vertex 106.393 46.1197 0
    endloop
  endfacet
  facet normal 0.896853 0.442329 0
    outer loop
      vertex 104.363 47.9 1.15
      vertex 104.12 48.3927 0
      vertex 104.12 48.3927 1.15
    endloop
  endfacet
  facet normal 0.896853 0.442329 0
    outer loop
      vertex 104.12 48.3927 0
      vertex 104.363 47.9 1.15
      vertex 104.363 47.9 0
    endloop
  endfacet
  facet normal -0.659458 0.751742 0
    outer loop
      vertex 110.97 47.0302 0
      vertex 110.557 46.6679 1.15
      vertex 110.97 47.0302 1.15
    endloop
  endfacet
  facet normal -0.659458 0.751742 0
    outer loop
      vertex 110.557 46.6679 1.15
      vertex 110.97 47.0302 0
      vertex 110.557 46.6679 0
    endloop
  endfacet
  facet normal -0.321576 0.946884 0
    outer loop
      vertex 109.607 46.1197 0
      vertex 109.087 45.9431 1.15
      vertex 109.607 46.1197 1.15
    endloop
  endfacet
  facet normal -0.321576 0.946884 0
    outer loop
      vertex 109.087 45.9431 1.15
      vertex 109.607 46.1197 0
      vertex 109.087 45.9431 0
    endloop
  endfacet
  facet normal -0.896853 0.442329 0
    outer loop
      vertex 111.637 47.9 0
      vertex 111.88 48.3927 1.15
      vertex 111.88 48.3927 0
    endloop
  endfacet
  facet normal -0.896853 0.442329 0
    outer loop
      vertex 111.88 48.3927 1.15
      vertex 111.637 47.9 0
      vertex 111.637 47.9 1.15
    endloop
  endfacet
  facet normal -0.831658 0.555288 0
    outer loop
      vertex 111.332 47.4432 0
      vertex 111.637 47.9 1.15
      vertex 111.637 47.9 0
    endloop
  endfacet
  facet normal -0.831658 0.555288 0
    outer loop
      vertex 111.637 47.9 1.15
      vertex 111.332 47.4432 0
      vertex 111.332 47.4432 1.15
    endloop
  endfacet
  facet normal 0.0653708 0.997861 -0
    outer loop
      vertex 108 45.8 0
      vertex 107.452 45.8359 1.15
      vertex 108 45.8 1.15
    endloop
  endfacet
  facet normal 0.0653708 0.997861 0
    outer loop
      vertex 107.452 45.8359 1.15
      vertex 108 45.8 0
      vertex 107.452 45.8359 0
    endloop
  endfacet
  facet normal 0.555372 0.831602 -0
    outer loop
      vertex 105.9 46.3627 0
      vertex 105.443 46.6679 1.15
      vertex 105.9 46.3627 1.15
    endloop
  endfacet
  facet normal 0.555372 0.831602 0
    outer loop
      vertex 105.443 46.6679 1.15
      vertex 105.9 46.3627 0
      vertex 105.443 46.6679 0
    endloop
  endfacet
  facet normal 0.195066 0.98079 -0
    outer loop
      vertex 107.452 45.8359 0
      vertex 106.913 45.9431 1.15
      vertex 107.452 45.8359 1.15
    endloop
  endfacet
  facet normal 0.195066 0.98079 0
    outer loop
      vertex 106.913 45.9431 1.15
      vertex 107.452 45.8359 0
      vertex 106.913 45.9431 0
    endloop
  endfacet
  facet normal 0.659458 0.751742 -0
    outer loop
      vertex 105.443 46.6679 0
      vertex 105.03 47.0302 1.15
      vertex 105.443 46.6679 1.15
    endloop
  endfacet
  facet normal 0.659458 0.751742 0
    outer loop
      vertex 105.03 47.0302 1.15
      vertex 105.443 46.6679 0
      vertex 105.03 47.0302 0
    endloop
  endfacet
  facet normal 0.946718 0.322063 0
    outer loop
      vertex 104.12 48.3927 1.15
      vertex 103.943 48.913 0
      vertex 103.943 48.913 1.15
    endloop
  endfacet
  facet normal 0.946718 0.322063 0
    outer loop
      vertex 103.943 48.913 0
      vertex 104.12 48.3927 1.15
      vertex 104.12 48.3927 0
    endloop
  endfacet
  facet normal 0.980846 0.194786 0
    outer loop
      vertex 103.943 48.913 1.15
      vertex 103.836 49.4518 0
      vertex 103.836 49.4518 1.15
    endloop
  endfacet
  facet normal 0.980846 0.194786 0
    outer loop
      vertex 103.836 49.4518 0
      vertex 103.943 48.913 1.15
      vertex 103.943 48.913 0
    endloop
  endfacet
  facet normal -0.752012 0.659149 0
    outer loop
      vertex 110.97 47.0302 0
      vertex 111.332 47.4432 1.15
      vertex 111.332 47.4432 0
    endloop
  endfacet
  facet normal -0.752012 0.659149 0
    outer loop
      vertex 111.332 47.4432 1.15
      vertex 110.97 47.0302 0
      vertex 110.97 47.0302 1.15
    endloop
  endfacet
  facet normal 0.442112 0.89696 -0
    outer loop
      vertex 106.393 46.1197 0
      vertex 105.9 46.3627 1.15
      vertex 106.393 46.1197 1.15
    endloop
  endfacet
  facet normal 0.442112 0.89696 0
    outer loop
      vertex 105.9 46.3627 1.15
      vertex 106.393 46.1197 0
      vertex 105.9 46.3627 0
    endloop
  endfacet
  facet normal -1 0 0
    outer loop
      vertex 4.4 28.7 4.7
      vertex 4.4 53.7 9
      vertex 4.4 53.7 4.7
    endloop
  endfacet
  facet normal -1 -0 0
    outer loop
      vertex 4.4 53.7 9
      vertex 4.4 28.7 4.7
      vertex 4.4 28.7 9
    endloop
  endfacet
  facet normal -0 0 1
    outer loop
      vertex 0 53.7 4.7
      vertex 4.4 28.7 4.7
      vertex 4.4 53.7 4.7
    endloop
  endfacet
  facet normal 0 0 1
    outer loop
      vertex 4.4 28.7 4.7
      vertex 0 53.7 4.7
      vertex 0 28.7 4.7
    endloop
  endfacet
  facet normal 0 1 -0
    outer loop
      vertex 4.4 28.7 4.7
      vertex 0 28.7 9
      vertex 4.4 28.7 9
    endloop
  endfacet
  facet normal 0 1 0
    outer loop
      vertex 0 28.7 9
      vertex 4.4 28.7 4.7
      vertex 0 28.7 4.7
    endloop
  endfacet
  facet normal 0 -1 0
    outer loop
      vertex 0 53.7 4.7
      vertex 4.4 53.7 9
      vertex 0 53.7 9
    endloop
  endfacet
  facet normal 0 -1 -0
    outer loop
      vertex 4.4 53.7 9
      vertex 0 53.7 4.7
      vertex 4.4 53.7 4.7
    endloop
  endfacet
  facet normal 1 -0 0
    outer loop
      vertex 68 0 9
      vertex 68 4.4 4.7
      vertex 68 4.4 9
    endloop
  endfacet
  facet normal 1 0 0
    outer loop
      vertex 68 4.4 4.7
      vertex 68 0 9
      vertex 68 0 4.7
    endloop
  endfacet
  facet normal -0 0 1
    outer loop
      vertex 68 4.4 4.7
      vertex 95.5 0 4.7
      vertex 95.5 4.4 4.7
    endloop
  endfacet
  facet normal 0 0 1
    outer loop
      vertex 95.5 0 4.7
      vertex 68 4.4 4.7
      vertex 68 0 4.7
    endloop
  endfacet
  facet normal 0 -1 0
    outer loop
      vertex 68 4.4 4.7
      vertex 95.5 4.4 9
      vertex 68 4.4 9
    endloop
  endfacet
  facet normal 0 -1 -0
    outer loop
      vertex 95.5 4.4 9
      vertex 68 4.4 4.7
      vertex 95.5 4.4 4.7
    endloop
  endfacet
  facet normal -1 0 0
    outer loop
      vertex 95.5 0 4.7
      vertex 95.5 4.4 9
      vertex 95.5 4.4 4.7
    endloop
  endfacet
  facet normal -1 -0 0
    outer loop
      vertex 95.5 4.4 9
      vertex 95.5 0 4.7
      vertex 95.5 0 9
    endloop
  endfacet
endsolid OpenSCAD_Model
