solid OpenSCAD_Model
  facet normal -0.980786 -0.195086 0
    outer loop
      vertex 0.170364 3.7059 0
      vertex 0.0427704 4.34737 9
      vertex 0.0427704 4.34737 0
    endloop
  endfacet
  facet normal -0.980786 -0.195086 0
    outer loop
      vertex 0.0427704 4.34737 9
      vertex 0.170364 3.7059 0
      vertex 0.170364 3.7059 9
    endloop
  endfacet
  facet normal -0.946928 -0.321447 0
    outer loop
      vertex 0.3806 3.08658 0
      vertex 0.170364 3.7059 9
      vertex 0.170364 3.7059 0
    endloop
  endfacet
  facet normal -0.946928 -0.321447 0
    outer loop
      vertex 0.170364 3.7059 9
      vertex 0.3806 3.08658 0
      vertex 0.3806 3.08658 9
    endloop
  endfacet
  facet normal 0 0 -1
    outer loop
      vertex 145 0 0
      vertex 150 5 0
      vertex 149.957 4.34737 0
    endloop
  endfacet
  facet normal 0 0 -1
    outer loop
      vertex 150 5 0
      vertex 112.055 60 0
      vertex 150 115 0
    endloop
  endfacet
  facet normal 0 0 -1
    outer loop
      vertex 145 0 0
      vertex 149.957 4.34737 0
      vertex 149.83 3.7059 0
    endloop
  endfacet
  facet normal 0 0 -1
    outer loop
      vertex 112.054 60.0189 0
      vertex 150 115 0
      vertex 112.055 60 0
    endloop
  endfacet
  facet normal 0 0 -1
    outer loop
      vertex 145 0 0
      vertex 149.83 3.7059 0
      vertex 149.619 3.08658 0
    endloop
  endfacet
  facet normal 0 0 -1
    outer loop
      vertex 112.02 60.5293 0
      vertex 150 115 0
      vertex 112.054 60.0189 0
    endloop
  endfacet
  facet normal 0 0 -1
    outer loop
      vertex 145 0 0
      vertex 149.619 3.08658 0
      vertex 149.33 2.5 0
    endloop
  endfacet
  facet normal 0 0 -1
    outer loop
      vertex 111.921 61.031 0
      vertex 150 115 0
      vertex 112.02 60.5293 0
    endloop
  endfacet
  facet normal 0 0 -1
    outer loop
      vertex 145 0 0
      vertex 149.33 2.5 0
      vertex 148.967 1.95619 0
    endloop
  endfacet
  facet normal 0 0 -1
    outer loop
      vertex 111.917 61.0496 0
      vertex 150 115 0
      vertex 111.921 61.031 0
    endloop
  endfacet
  facet normal 0 0 -1
    outer loop
      vertex 145 0 0
      vertex 148.967 1.95619 0
      vertex 148.536 1.46446 0
    endloop
  endfacet
  facet normal 0 0 -1
    outer loop
      vertex 111.753 61.5339 0
      vertex 150 115 0
      vertex 111.917 61.0496 0
    endloop
  endfacet
  facet normal 0 0 -1
    outer loop
      vertex 145 0 0
      vertex 148.536 1.46446 0
      vertex 148.044 1.03322 0
    endloop
  endfacet
  facet normal 0 0 -1
    outer loop
      vertex 111.746 61.5518 0
      vertex 150 115 0
      vertex 111.753 61.5339 0
    endloop
  endfacet
  facet normal 0 0 -1
    outer loop
      vertex 145 0 0
      vertex 148.044 1.03322 0
      vertex 147.5 0.669861 0
    endloop
  endfacet
  facet normal 0 0 -1
    outer loop
      vertex 111.738 61.5688 0
      vertex 150 115 0
      vertex 111.746 61.5518 0
    endloop
  endfacet
  facet normal 0 0 -1
    outer loop
      vertex 145 0 0
      vertex 147.5 0.669861 0
      vertex 146.913 0.3806 0
    endloop
  endfacet
  facet normal 0 0 -1
    outer loop
      vertex 111.512 62.0276 0
      vertex 150 115 0
      vertex 111.738 61.5688 0
    endloop
  endfacet
  facet normal 0 0 -1
    outer loop
      vertex 145 0 0
      vertex 146.913 0.3806 0
      vertex 146.294 0.170364 0
    endloop
  endfacet
  facet normal 0 0 -1
    outer loop
      vertex 111.228 62.4529 0
      vertex 150 115 0
      vertex 111.512 62.0276 0
    endloop
  endfacet
  facet normal 0 0 -1
    outer loop
      vertex 145 0 0
      vertex 146.294 0.170364 0
      vertex 145.653 0.0427704 0
    endloop
  endfacet
  facet normal 0 0 -1
    outer loop
      vertex 111.217 62.4686 0
      vertex 150 115 0
      vertex 111.228 62.4529 0
    endloop
  endfacet
  facet normal 0 0 -1
    outer loop
      vertex 109.552 56.2535 0
      vertex 150 5 0
      vertex 145 0 0
    endloop
  endfacet
  facet normal 0 0 -1
    outer loop
      vertex 110.867 62.8674 0
      vertex 150 115 0
      vertex 111.217 62.4686 0
    endloop
  endfacet
  facet normal 0 0 -1
    outer loop
      vertex 110.469 63.2172 0
      vertex 150 115 0
      vertex 110.867 62.8674 0
    endloop
  endfacet
  facet normal 0 0 -1
    outer loop
      vertex 150 5 0
      vertex 112.054 59.9811 0
      vertex 112.055 60 0
    endloop
  endfacet
  facet normal 0 0 -1
    outer loop
      vertex 150 5 0
      vertex 112.02 59.4707 0
      vertex 112.054 59.9811 0
    endloop
  endfacet
  facet normal 0 0 -1
    outer loop
      vertex 150 5 0
      vertex 111.921 58.969 0
      vertex 112.02 59.4707 0
    endloop
  endfacet
  facet normal 0 0 -1
    outer loop
      vertex 150 5 0
      vertex 111.917 58.9504 0
      vertex 111.921 58.969 0
    endloop
  endfacet
  facet normal 0 0 -1
    outer loop
      vertex 150 5 0
      vertex 111.753 58.4661 0
      vertex 111.917 58.9504 0
    endloop
  endfacet
  facet normal 0 0 -1
    outer loop
      vertex 150 5 0
      vertex 111.746 58.4482 0
      vertex 111.753 58.4661 0
    endloop
  endfacet
  facet normal 0 0 -1
    outer loop
      vertex 150 5 0
      vertex 111.738 58.4312 0
      vertex 111.746 58.4482 0
    endloop
  endfacet
  facet normal 0 0 -1
    outer loop
      vertex 150 5 0
      vertex 111.512 57.9724 0
      vertex 111.738 58.4312 0
    endloop
  endfacet
  facet normal 0 0 -1
    outer loop
      vertex 150 5 0
      vertex 111.228 57.5471 0
      vertex 111.512 57.9724 0
    endloop
  endfacet
  facet normal 0 0 -1
    outer loop
      vertex 150 5 0
      vertex 111.217 57.5314 0
      vertex 111.228 57.5471 0
    endloop
  endfacet
  facet normal 0 0 -1
    outer loop
      vertex 150 5 0
      vertex 110.867 57.1326 0
      vertex 111.217 57.5314 0
    endloop
  endfacet
  facet normal 0 0 -1
    outer loop
      vertex 150 5 0
      vertex 110.469 56.7828 0
      vertex 110.867 57.1326 0
    endloop
  endfacet
  facet normal 0 0 -1
    outer loop
      vertex 150 5 0
      vertex 110.453 56.7723 0
      vertex 110.469 56.7828 0
    endloop
  endfacet
  facet normal 0 0 -1
    outer loop
      vertex 150 5 0
      vertex 110.028 56.4881 0
      vertex 110.453 56.7723 0
    endloop
  endfacet
  facet normal 0 0 -1
    outer loop
      vertex 150 5 0
      vertex 109.569 56.2619 0
      vertex 110.028 56.4881 0
    endloop
  endfacet
  facet normal 0 0 -1
    outer loop
      vertex 150 5 0
      vertex 109.552 56.2535 0
      vertex 109.569 56.2619 0
    endloop
  endfacet
  facet normal 0 0 -1
    outer loop
      vertex 145 0 0
      vertex 109.534 56.2474 0
      vertex 109.552 56.2535 0
    endloop
  endfacet
  facet normal 0 0 -1
    outer loop
      vertex 145 0 0
      vertex 109.05 56.083 0
      vertex 109.534 56.2474 0
    endloop
  endfacet
  facet normal 0 0 -1
    outer loop
      vertex 145 0 0
      vertex 109.031 56.0793 0
      vertex 109.05 56.083 0
    endloop
  endfacet
  facet normal 0 0 -1
    outer loop
      vertex 145 0 0
      vertex 108.529 55.9795 0
      vertex 109.031 56.0793 0
    endloop
  endfacet
  facet normal 0 0 -1
    outer loop
      vertex 145 0 0
      vertex 108.019 55.9461 0
      vertex 108.529 55.9795 0
    endloop
  endfacet
  facet normal 0 0 -1
    outer loop
      vertex 145 0 0
      vertex 108 55.9448 0
      vertex 108.019 55.9461 0
    endloop
  endfacet
  facet normal 0 0 -1
    outer loop
      vertex 145 0 0
      vertex 107.981 55.9461 0
      vertex 108 55.9448 0
    endloop
  endfacet
  facet normal 0 0 -1
    outer loop
      vertex 145 0 0
      vertex 107.471 55.9795 0
      vertex 107.981 55.9461 0
    endloop
  endfacet
  facet normal 0 0 -1
    outer loop
      vertex 145 0 0
      vertex 106.969 56.0793 0
      vertex 107.471 55.9795 0
    endloop
  endfacet
  facet normal 0 0 -1
    outer loop
      vertex 145 0 0
      vertex 106.95 56.083 0
      vertex 106.969 56.0793 0
    endloop
  endfacet
  facet normal 0 0 -1
    outer loop
      vertex 145 0 0
      vertex 106.466 56.2474 0
      vertex 106.95 56.083 0
    endloop
  endfacet
  facet normal 0 0 -1
    outer loop
      vertex 145 0 0
      vertex 106.448 56.2535 0
      vertex 106.466 56.2474 0
    endloop
  endfacet
  facet normal 0 0 -1
    outer loop
      vertex 145 0 0
      vertex 106.431 56.2619 0
      vertex 106.448 56.2535 0
    endloop
  endfacet
  facet normal 0 0 -1
    outer loop
      vertex 145 0 0
      vertex 105.972 56.4881 0
      vertex 106.431 56.2619 0
    endloop
  endfacet
  facet normal 0 0 -1
    outer loop
      vertex 44.0276 56.4881 0
      vertex 105.972 56.4881 0
      vertex 145 0 0
    endloop
  endfacet
  facet normal 0 0 -1
    outer loop
      vertex 105.972 56.4881 0
      vertex 44.0276 56.4881 0
      vertex 105.547 56.7723 0
    endloop
  endfacet
  facet normal -0 0 -1
    outer loop
      vertex 105.547 56.7723 0
      vertex 44.0276 56.4881 0
      vertex 105.531 56.7828 0
    endloop
  endfacet
  facet normal 0 -0 -1
    outer loop
      vertex 44.4529 56.7723 0
      vertex 105.531 56.7828 0
      vertex 44.0276 56.4881 0
    endloop
  endfacet
  facet normal 0 0 1
    outer loop
      vertex 104.783 57.5314 0
      vertex 104.488 57.9724 0
      vertex 104.772 57.5471 0
    endloop
  endfacet
  facet normal 0 0 1
    outer loop
      vertex 104.254 58.4482 0
      vertex 104.083 58.9504 0
      vertex 104.247 58.4661 0
    endloop
  endfacet
  facet normal 0 0 1
    outer loop
      vertex 104.083 58.9504 0
      vertex 103.98 59.4707 0
      vertex 104.079 58.969 0
    endloop
  endfacet
  facet normal 0 0 1
    outer loop
      vertex 103.98 59.4707 0
      vertex 103.945 60 0
      vertex 103.946 59.9811 0
    endloop
  endfacet
  facet normal 0 0 -1
    outer loop
      vertex 103.98 59.4707 0
      vertex 46.0552 60 0
      vertex 103.945 60 0
    endloop
  endfacet
  facet normal 0 0 -1
    outer loop
      vertex 46.0205 59.4707 0
      vertex 103.98 59.4707 0
      vertex 104.083 58.9504 0
    endloop
  endfacet
  facet normal 0 0 -1
    outer loop
      vertex 45.917 58.9504 0
      vertex 104.083 58.9504 0
      vertex 104.254 58.4482 0
    endloop
  endfacet
  facet normal 0 0 -1
    outer loop
      vertex 45.7465 58.4482 0
      vertex 104.254 58.4482 0
      vertex 104.262 58.4312 0
    endloop
  endfacet
  facet normal 0 0 -1
    outer loop
      vertex 45.7465 58.4482 0
      vertex 104.262 58.4312 0
      vertex 104.488 57.9724 0
    endloop
  endfacet
  facet normal 0 0 -1
    outer loop
      vertex 45.5119 57.9724 0
      vertex 104.488 57.9724 0
      vertex 104.783 57.5314 0
    endloop
  endfacet
  facet normal 0 -0 -1
    outer loop
      vertex 44.4686 56.7828 0
      vertex 105.531 56.7828 0
      vertex 44.4529 56.7723 0
    endloop
  endfacet
  facet normal 0 0 -1
    outer loop
      vertex 103.98 59.4707 0
      vertex 46.0539 59.9811 0
      vertex 46.0552 60 0
    endloop
  endfacet
  facet normal 0 0 -1
    outer loop
      vertex 103.98 59.4707 0
      vertex 46.0205 59.4707 0
      vertex 46.0539 59.9811 0
    endloop
  endfacet
  facet normal 0 0 -1
    outer loop
      vertex 104.083 58.9504 0
      vertex 45.9207 58.969 0
      vertex 46.0205 59.4707 0
    endloop
  endfacet
  facet normal 0 0 -1
    outer loop
      vertex 104.083 58.9504 0
      vertex 45.917 58.9504 0
      vertex 45.9207 58.969 0
    endloop
  endfacet
  facet normal 0 0 -1
    outer loop
      vertex 104.254 58.4482 0
      vertex 45.7526 58.4661 0
      vertex 45.917 58.9504 0
    endloop
  endfacet
  facet normal 0 0 -1
    outer loop
      vertex 104.254 58.4482 0
      vertex 45.7465 58.4482 0
      vertex 45.7526 58.4661 0
    endloop
  endfacet
  facet normal 0 0 -1
    outer loop
      vertex 104.488 57.9724 0
      vertex 45.7381 58.4312 0
      vertex 45.7465 58.4482 0
    endloop
  endfacet
  facet normal 0 0 -1
    outer loop
      vertex 104.488 57.9724 0
      vertex 45.5119 57.9724 0
      vertex 45.7381 58.4312 0
    endloop
  endfacet
  facet normal 0 0 -1
    outer loop
      vertex 104.783 57.5314 0
      vertex 45.2277 57.5471 0
      vertex 45.5119 57.9724 0
    endloop
  endfacet
  facet normal 0 0 -1
    outer loop
      vertex 104.783 57.5314 0
      vertex 45.2172 57.5314 0
      vertex 45.2277 57.5471 0
    endloop
  endfacet
  facet normal -0 0 -1
    outer loop
      vertex 104.783 57.5314 0
      vertex 44.8674 57.1326 0
      vertex 45.2172 57.5314 0
    endloop
  endfacet
  facet normal 0 0 -1
    outer loop
      vertex 105.133 57.1326 0
      vertex 44.8674 57.1326 0
      vertex 104.783 57.5314 0
    endloop
  endfacet
  facet normal 0 -0 -1
    outer loop
      vertex 44.8674 57.1326 0
      vertex 105.133 57.1326 0
      vertex 44.4686 56.7828 0
    endloop
  endfacet
  facet normal 0 0 -1
    outer loop
      vertex 105.531 56.7828 0
      vertex 44.4686 56.7828 0
      vertex 105.133 57.1326 0
    endloop
  endfacet
  facet normal 0 0 -1
    outer loop
      vertex 145 0 0
      vertex 43.5688 56.2619 0
      vertex 44.0276 56.4881 0
    endloop
  endfacet
  facet normal 0 0 -1
    outer loop
      vertex 145 0 0
      vertex 43.5518 56.2535 0
      vertex 43.5688 56.2619 0
    endloop
  endfacet
  facet normal 0 0 -1
    outer loop
      vertex 5 0 0
      vertex 43.5518 56.2535 0
      vertex 145 0 0
    endloop
  endfacet
  facet normal 0 0 -1
    outer loop
      vertex 43.5518 56.2535 0
      vertex 5 0 0
      vertex 43.5339 56.2474 0
    endloop
  endfacet
  facet normal 0 0 -1
    outer loop
      vertex 43.5339 56.2474 0
      vertex 5 0 0
      vertex 43.0496 56.083 0
    endloop
  endfacet
  facet normal 0 0 -1
    outer loop
      vertex 43.0496 56.083 0
      vertex 5 0 0
      vertex 43.031 56.0793 0
    endloop
  endfacet
  facet normal 0 0 -1
    outer loop
      vertex 43.031 56.0793 0
      vertex 5 0 0
      vertex 42.5293 55.9795 0
    endloop
  endfacet
  facet normal 0 0 -1
    outer loop
      vertex 42.5293 55.9795 0
      vertex 5 0 0
      vertex 42.0189 55.9461 0
    endloop
  endfacet
  facet normal 0 0 -1
    outer loop
      vertex 42.0189 55.9461 0
      vertex 5 0 0
      vertex 42 55.9448 0
    endloop
  endfacet
  facet normal -0 0 -1
    outer loop
      vertex 42 55.9448 0
      vertex 5 0 0
      vertex 41.9811 55.9461 0
    endloop
  endfacet
  facet normal -0 0 -1
    outer loop
      vertex 41.9811 55.9461 0
      vertex 5 0 0
      vertex 41.4707 55.9795 0
    endloop
  endfacet
  facet normal -0 0 -1
    outer loop
      vertex 41.4707 55.9795 0
      vertex 5 0 0
      vertex 40.969 56.0793 0
    endloop
  endfacet
  facet normal -0 0 -1
    outer loop
      vertex 40.969 56.0793 0
      vertex 5 0 0
      vertex 40.9504 56.083 0
    endloop
  endfacet
  facet normal -0 0 -1
    outer loop
      vertex 40.9504 56.083 0
      vertex 5 0 0
      vertex 40.4661 56.2474 0
    endloop
  endfacet
  facet normal -0 0 -1
    outer loop
      vertex 40.4661 56.2474 0
      vertex 5 0 0
      vertex 40.4482 56.2535 0
    endloop
  endfacet
  facet normal 0 0 -1
    outer loop
      vertex 0 5 0
      vertex 40.4482 56.2535 0
      vertex 5 0 0
    endloop
  endfacet
  facet normal 0 0 1
    outer loop
      vertex 39.9724 56.4881 0
      vertex 39.5314 56.7828 0
      vertex 39.5471 56.7723 0
    endloop
  endfacet
  facet normal 0 0 1
    outer loop
      vertex 38.7828 57.5314 0
      vertex 38.4881 57.9724 0
      vertex 38.7723 57.5471 0
    endloop
  endfacet
  facet normal -0 0 -1
    outer loop
      vertex 37.9795 59.4707 0
      vertex 0 5 0
      vertex 37.9461 59.9811 0
    endloop
  endfacet
  facet normal -0 0 -1
    outer loop
      vertex 38.0793 58.969 0
      vertex 0 5 0
      vertex 37.9795 59.4707 0
    endloop
  endfacet
  facet normal -0 0 -1
    outer loop
      vertex 38.083 58.9504 0
      vertex 0 5 0
      vertex 38.0793 58.969 0
    endloop
  endfacet
  facet normal -0 0 -1
    outer loop
      vertex 38.2474 58.4661 0
      vertex 0 5 0
      vertex 38.083 58.9504 0
    endloop
  endfacet
  facet normal -0 0 -1
    outer loop
      vertex 38.2535 58.4482 0
      vertex 0 5 0
      vertex 38.2474 58.4661 0
    endloop
  endfacet
  facet normal -0 0 -1
    outer loop
      vertex 38.2619 58.4312 0
      vertex 0 5 0
      vertex 38.2535 58.4482 0
    endloop
  endfacet
  facet normal -0 0 -1
    outer loop
      vertex 38.4881 57.9724 0
      vertex 0 5 0
      vertex 38.2619 58.4312 0
    endloop
  endfacet
  facet normal -0 0 -1
    outer loop
      vertex 38.7828 57.5314 0
      vertex 0 5 0
      vertex 38.4881 57.9724 0
    endloop
  endfacet
  facet normal -0 0 -1
    outer loop
      vertex 39.1326 57.1326 0
      vertex 0 5 0
      vertex 38.7828 57.5314 0
    endloop
  endfacet
  facet normal -0 0 -1
    outer loop
      vertex 39.5314 56.7828 0
      vertex 0 5 0
      vertex 39.1326 57.1326 0
    endloop
  endfacet
  facet normal -0 0 -1
    outer loop
      vertex 39.9724 56.4881 0
      vertex 0 5 0
      vertex 39.5314 56.7828 0
    endloop
  endfacet
  facet normal -0 0 -1
    outer loop
      vertex 40.4312 56.2619 0
      vertex 0 5 0
      vertex 39.9724 56.4881 0
    endloop
  endfacet
  facet normal -0 0 -1
    outer loop
      vertex 40.4482 56.2535 0
      vertex 0 5 0
      vertex 40.4312 56.2619 0
    endloop
  endfacet
  facet normal 0 0 -1
    outer loop
      vertex 110.453 63.2277 0
      vertex 150 115 0
      vertex 110.469 63.2172 0
    endloop
  endfacet
  facet normal 0 0 -1
    outer loop
      vertex 110.028 63.5119 0
      vertex 150 115 0
      vertex 110.453 63.2277 0
    endloop
  endfacet
  facet normal 0 0 -1
    outer loop
      vertex 109.569 63.7381 0
      vertex 150 115 0
      vertex 110.028 63.5119 0
    endloop
  endfacet
  facet normal 0 0 -1
    outer loop
      vertex 149.83 116.294 0
      vertex 145 120 0
      vertex 149.619 116.913 0
    endloop
  endfacet
  facet normal 0 0 -1
    outer loop
      vertex 149.619 116.913 0
      vertex 145 120 0
      vertex 149.33 117.5 0
    endloop
  endfacet
  facet normal 0 0 -1
    outer loop
      vertex 148.967 118.044 0
      vertex 145 120 0
      vertex 148.536 118.536 0
    endloop
  endfacet
  facet normal 0 0 -1
    outer loop
      vertex 148.044 118.967 0
      vertex 145 120 0
      vertex 147.5 119.33 0
    endloop
  endfacet
  facet normal 0 0 -1
    outer loop
      vertex 146.294 119.83 0
      vertex 145 120 0
      vertex 145.653 119.957 0
    endloop
  endfacet
  facet normal 0 0 -1
    outer loop
      vertex 147.5 119.33 0
      vertex 145 120 0
      vertex 146.913 119.619 0
    endloop
  endfacet
  facet normal 0 0 -1
    outer loop
      vertex 146.913 119.619 0
      vertex 145 120 0
      vertex 146.294 119.83 0
    endloop
  endfacet
  facet normal 0 0 -1
    outer loop
      vertex 148.536 118.536 0
      vertex 145 120 0
      vertex 148.044 118.967 0
    endloop
  endfacet
  facet normal 0 0 -1
    outer loop
      vertex 149.33 117.5 0
      vertex 145 120 0
      vertex 148.967 118.044 0
    endloop
  endfacet
  facet normal 0 0 -1
    outer loop
      vertex 150 115 0
      vertex 145 120 0
      vertex 149.957 115.653 0
    endloop
  endfacet
  facet normal 0 0 -1
    outer loop
      vertex 149.957 115.653 0
      vertex 145 120 0
      vertex 149.83 116.294 0
    endloop
  endfacet
  facet normal 0 0 -1
    outer loop
      vertex 109.552 63.7465 0
      vertex 150 115 0
      vertex 109.569 63.7381 0
    endloop
  endfacet
  facet normal -0 0 -1
    outer loop
      vertex 150 115 0
      vertex 109.552 63.7465 0
      vertex 145 120 0
    endloop
  endfacet
  facet normal 0 0 -1
    outer loop
      vertex 109.534 63.7526 0
      vertex 145 120 0
      vertex 109.552 63.7465 0
    endloop
  endfacet
  facet normal 0 0 -1
    outer loop
      vertex 109.05 63.917 0
      vertex 145 120 0
      vertex 109.534 63.7526 0
    endloop
  endfacet
  facet normal 0 0 -1
    outer loop
      vertex 109.031 63.9207 0
      vertex 145 120 0
      vertex 109.05 63.917 0
    endloop
  endfacet
  facet normal 0 0 -1
    outer loop
      vertex 108.529 64.0205 0
      vertex 145 120 0
      vertex 109.031 63.9207 0
    endloop
  endfacet
  facet normal 0 0 -1
    outer loop
      vertex 108.019 64.0539 0
      vertex 145 120 0
      vertex 108.529 64.0205 0
    endloop
  endfacet
  facet normal 0 0 -1
    outer loop
      vertex 108 64.0552 0
      vertex 145 120 0
      vertex 108.019 64.0539 0
    endloop
  endfacet
  facet normal 0 0 -1
    outer loop
      vertex 107.981 64.0539 0
      vertex 145 120 0
      vertex 108 64.0552 0
    endloop
  endfacet
  facet normal 0 0 -1
    outer loop
      vertex 107.471 64.0205 0
      vertex 145 120 0
      vertex 107.981 64.0539 0
    endloop
  endfacet
  facet normal 0 0 -1
    outer loop
      vertex 106.969 63.9207 0
      vertex 145 120 0
      vertex 107.471 64.0205 0
    endloop
  endfacet
  facet normal 0 0 -1
    outer loop
      vertex 106.95 63.917 0
      vertex 145 120 0
      vertex 106.969 63.9207 0
    endloop
  endfacet
  facet normal 0 0 -1
    outer loop
      vertex 106.466 63.7526 0
      vertex 145 120 0
      vertex 106.95 63.917 0
    endloop
  endfacet
  facet normal 0 0 -1
    outer loop
      vertex 106.448 63.7465 0
      vertex 145 120 0
      vertex 106.466 63.7526 0
    endloop
  endfacet
  facet normal 0 0 -1
    outer loop
      vertex 106.431 63.7381 0
      vertex 145 120 0
      vertex 106.448 63.7465 0
    endloop
  endfacet
  facet normal 0 0 -1
    outer loop
      vertex 105.972 63.5119 0
      vertex 145 120 0
      vertex 106.431 63.7381 0
    endloop
  endfacet
  facet normal 0 0 -1
    outer loop
      vertex 44.0276 63.5119 0
      vertex 105.972 63.5119 0
      vertex 105.547 63.2277 0
    endloop
  endfacet
  facet normal 0 0 -1
    outer loop
      vertex 44.0276 63.5119 0
      vertex 105.547 63.2277 0
      vertex 105.531 63.2172 0
    endloop
  endfacet
  facet normal 0 0 -1
    outer loop
      vertex 44.4686 63.2172 0
      vertex 105.531 63.2172 0
      vertex 105.133 62.8674 0
    endloop
  endfacet
  facet normal 0 0 -1
    outer loop
      vertex 44.8674 62.8674 0
      vertex 105.133 62.8674 0
      vertex 104.783 62.4686 0
    endloop
  endfacet
  facet normal 0 0 1
    outer loop
      vertex 104.488 62.0276 0
      vertex 104.783 62.4686 0
      vertex 104.772 62.4529 0
    endloop
  endfacet
  facet normal 0 0 1
    outer loop
      vertex 104.083 61.0496 0
      vertex 104.254 61.5518 0
      vertex 104.247 61.5339 0
    endloop
  endfacet
  facet normal 0 0 1
    outer loop
      vertex 103.98 60.5293 0
      vertex 104.083 61.0496 0
      vertex 104.079 61.031 0
    endloop
  endfacet
  facet normal 0 0 1
    outer loop
      vertex 103.945 60 0
      vertex 103.98 60.5293 0
      vertex 103.946 60.0189 0
    endloop
  endfacet
  facet normal 0 0 -1
    outer loop
      vertex 46.0552 60 0
      vertex 103.98 60.5293 0
      vertex 103.945 60 0
    endloop
  endfacet
  facet normal 0 0 -1
    outer loop
      vertex 46.0539 60.0189 0
      vertex 103.98 60.5293 0
      vertex 46.0552 60 0
    endloop
  endfacet
  facet normal 0 0 -1
    outer loop
      vertex 46.0205 60.5293 0
      vertex 103.98 60.5293 0
      vertex 46.0539 60.0189 0
    endloop
  endfacet
  facet normal 0 0 -1
    outer loop
      vertex 103.98 60.5293 0
      vertex 46.0205 60.5293 0
      vertex 104.083 61.0496 0
    endloop
  endfacet
  facet normal 0 0 -1
    outer loop
      vertex 45.9207 61.031 0
      vertex 104.083 61.0496 0
      vertex 46.0205 60.5293 0
    endloop
  endfacet
  facet normal 0 0 -1
    outer loop
      vertex 45.917 61.0496 0
      vertex 104.083 61.0496 0
      vertex 45.9207 61.031 0
    endloop
  endfacet
  facet normal 0 0 -1
    outer loop
      vertex 104.083 61.0496 0
      vertex 45.917 61.0496 0
      vertex 104.254 61.5518 0
    endloop
  endfacet
  facet normal 0 0 -1
    outer loop
      vertex 45.7526 61.5339 0
      vertex 104.254 61.5518 0
      vertex 45.917 61.0496 0
    endloop
  endfacet
  facet normal 0 0 -1
    outer loop
      vertex 45.7465 61.5518 0
      vertex 104.254 61.5518 0
      vertex 45.7526 61.5339 0
    endloop
  endfacet
  facet normal 0 0 -1
    outer loop
      vertex 104.254 61.5518 0
      vertex 45.7465 61.5518 0
      vertex 104.262 61.5688 0
    endloop
  endfacet
  facet normal -0 0 -1
    outer loop
      vertex 104.262 61.5688 0
      vertex 45.7465 61.5518 0
      vertex 104.488 62.0276 0
    endloop
  endfacet
  facet normal 0 0 -1
    outer loop
      vertex 45.7381 61.5688 0
      vertex 104.488 62.0276 0
      vertex 45.7465 61.5518 0
    endloop
  endfacet
  facet normal 0 0 -1
    outer loop
      vertex 45.5119 62.0276 0
      vertex 104.488 62.0276 0
      vertex 45.7381 61.5688 0
    endloop
  endfacet
  facet normal 0 0 -1
    outer loop
      vertex 104.488 62.0276 0
      vertex 45.5119 62.0276 0
      vertex 104.783 62.4686 0
    endloop
  endfacet
  facet normal 0 0 -1
    outer loop
      vertex 45.2277 62.4529 0
      vertex 104.783 62.4686 0
      vertex 45.5119 62.0276 0
    endloop
  endfacet
  facet normal 0 0 -1
    outer loop
      vertex 45.2172 62.4686 0
      vertex 104.783 62.4686 0
      vertex 45.2277 62.4529 0
    endloop
  endfacet
  facet normal 0 0 -1
    outer loop
      vertex 44.8674 62.8674 0
      vertex 104.783 62.4686 0
      vertex 45.2172 62.4686 0
    endloop
  endfacet
  facet normal 0 0 -1
    outer loop
      vertex 105.133 62.8674 0
      vertex 44.8674 62.8674 0
      vertex 44.4686 63.2172 0
    endloop
  endfacet
  facet normal 0 0 -1
    outer loop
      vertex 105.531 63.2172 0
      vertex 44.4686 63.2172 0
      vertex 44.4529 63.2277 0
    endloop
  endfacet
  facet normal 0 0 -1
    outer loop
      vertex 105.531 63.2172 0
      vertex 44.4529 63.2277 0
      vertex 44.0276 63.5119 0
    endloop
  endfacet
  facet normal 0 0 -1
    outer loop
      vertex 105.972 63.5119 0
      vertex 44.0276 63.5119 0
      vertex 145 120 0
    endloop
  endfacet
  facet normal 0 0 -1
    outer loop
      vertex 43.5688 63.7381 0
      vertex 145 120 0
      vertex 44.0276 63.5119 0
    endloop
  endfacet
  facet normal 0 0 -1
    outer loop
      vertex 43.5518 63.7465 0
      vertex 145 120 0
      vertex 43.5688 63.7381 0
    endloop
  endfacet
  facet normal 0 0 -1
    outer loop
      vertex 5 120 0
      vertex 43.5518 63.7465 0
      vertex 43.5339 63.7526 0
    endloop
  endfacet
  facet normal 0 0 -1
    outer loop
      vertex 5 120 0
      vertex 43.5339 63.7526 0
      vertex 43.0496 63.917 0
    endloop
  endfacet
  facet normal 0 0 -1
    outer loop
      vertex 5 120 0
      vertex 43.0496 63.917 0
      vertex 43.031 63.9207 0
    endloop
  endfacet
  facet normal 0 0 -1
    outer loop
      vertex 5 120 0
      vertex 43.031 63.9207 0
      vertex 42.5293 64.0205 0
    endloop
  endfacet
  facet normal 0 0 -1
    outer loop
      vertex 5 120 0
      vertex 42.5293 64.0205 0
      vertex 42.0189 64.0539 0
    endloop
  endfacet
  facet normal 0 0 -1
    outer loop
      vertex 5 120 0
      vertex 42.0189 64.0539 0
      vertex 42 64.0552 0
    endloop
  endfacet
  facet normal 0 0 -1
    outer loop
      vertex 5 120 0
      vertex 42 64.0552 0
      vertex 41.9811 64.0539 0
    endloop
  endfacet
  facet normal 0 0 -1
    outer loop
      vertex 5 120 0
      vertex 41.9811 64.0539 0
      vertex 41.4707 64.0205 0
    endloop
  endfacet
  facet normal 0 0 -1
    outer loop
      vertex 5 120 0
      vertex 41.4707 64.0205 0
      vertex 40.969 63.9207 0
    endloop
  endfacet
  facet normal 0 0 -1
    outer loop
      vertex 5 120 0
      vertex 40.969 63.9207 0
      vertex 40.9504 63.917 0
    endloop
  endfacet
  facet normal 0 0 -1
    outer loop
      vertex 5 120 0
      vertex 40.9504 63.917 0
      vertex 40.4661 63.7526 0
    endloop
  endfacet
  facet normal 0 0 -1
    outer loop
      vertex 5 120 0
      vertex 40.4661 63.7526 0
      vertex 40.4482 63.7465 0
    endloop
  endfacet
  facet normal 0 0 -1
    outer loop
      vertex 0 115 0
      vertex 40.4482 63.7465 0
      vertex 40.4312 63.7381 0
    endloop
  endfacet
  facet normal 0 0 -1
    outer loop
      vertex 0 115 0
      vertex 40.4312 63.7381 0
      vertex 39.9724 63.5119 0
    endloop
  endfacet
  facet normal 0 0 1
    outer loop
      vertex 39.5314 63.2172 0
      vertex 39.9724 63.5119 0
      vertex 39.5471 63.2277 0
    endloop
  endfacet
  facet normal -0 0 -1
    outer loop
      vertex 37.9461 59.9811 0
      vertex 0 5 0
      vertex 37.9448 60 0
    endloop
  endfacet
  facet normal 0 0 -1
    outer loop
      vertex 0 115 0
      vertex 37.9448 60 0
      vertex 0 5 0
    endloop
  endfacet
  facet normal 0 0 -1
    outer loop
      vertex 37.9448 60 0
      vertex 0 115 0
      vertex 37.9461 60.0189 0
    endloop
  endfacet
  facet normal 0 0 -1
    outer loop
      vertex 37.9461 60.0189 0
      vertex 0 115 0
      vertex 37.9795 60.5293 0
    endloop
  endfacet
  facet normal 0 0 -1
    outer loop
      vertex 37.9795 60.5293 0
      vertex 0 115 0
      vertex 38.0793 61.031 0
    endloop
  endfacet
  facet normal 0 0 -1
    outer loop
      vertex 38.0793 61.031 0
      vertex 0 115 0
      vertex 38.083 61.0496 0
    endloop
  endfacet
  facet normal 0 0 -1
    outer loop
      vertex 38.083 61.0496 0
      vertex 0 115 0
      vertex 38.2474 61.5339 0
    endloop
  endfacet
  facet normal 0 0 -1
    outer loop
      vertex 38.2474 61.5339 0
      vertex 0 115 0
      vertex 38.2535 61.5518 0
    endloop
  endfacet
  facet normal 0 0 -1
    outer loop
      vertex 43.5518 63.7465 0
      vertex 5 120 0
      vertex 145 120 0
    endloop
  endfacet
  facet normal 0 0 -1
    outer loop
      vertex 0 115 0
      vertex 39.9724 63.5119 0
      vertex 39.5314 63.2172 0
    endloop
  endfacet
  facet normal 0 0 -1
    outer loop
      vertex 0 115 0
      vertex 39.5314 63.2172 0
      vertex 39.1326 62.8674 0
    endloop
  endfacet
  facet normal 0 0 -1
    outer loop
      vertex 0 115 0
      vertex 39.1326 62.8674 0
      vertex 38.7828 62.4686 0
    endloop
  endfacet
  facet normal 0 0 -1
    outer loop
      vertex 0 115 0
      vertex 38.7828 62.4686 0
      vertex 38.7723 62.4529 0
    endloop
  endfacet
  facet normal 0 0 -1
    outer loop
      vertex 0 115 0
      vertex 38.7723 62.4529 0
      vertex 38.4881 62.0276 0
    endloop
  endfacet
  facet normal 0 0 -1
    outer loop
      vertex 38.2535 61.5518 0
      vertex 0 115 0
      vertex 38.2619 61.5688 0
    endloop
  endfacet
  facet normal 0 0 -1
    outer loop
      vertex 0 5 0
      vertex 5 0 0
      vertex 4.34737 0.0427704 0
    endloop
  endfacet
  facet normal 0 0 -1
    outer loop
      vertex 38.2619 61.5688 0
      vertex 0 115 0
      vertex 38.4881 62.0276 0
    endloop
  endfacet
  facet normal 0 0 -1
    outer loop
      vertex 0 5 0
      vertex 4.34737 0.0427704 0
      vertex 3.7059 0.170364 0
    endloop
  endfacet
  facet normal 0 0 -1
    outer loop
      vertex 40.4482 63.7465 0
      vertex 0 115 0
      vertex 5 120 0
    endloop
  endfacet
  facet normal 0 0 -1
    outer loop
      vertex 0 5 0
      vertex 3.7059 0.170364 0
      vertex 3.08658 0.3806 0
    endloop
  endfacet
  facet normal 0 0 -1
    outer loop
      vertex 5 120 0
      vertex 0 115 0
      vertex 4.34737 119.957 0
    endloop
  endfacet
  facet normal 0 0 -1
    outer loop
      vertex 0 5 0
      vertex 3.08658 0.3806 0
      vertex 2.5 0.669861 0
    endloop
  endfacet
  facet normal 0 0 -1
    outer loop
      vertex 4.34737 119.957 0
      vertex 0 115 0
      vertex 3.7059 119.83 0
    endloop
  endfacet
  facet normal 0 0 -1
    outer loop
      vertex 0 5 0
      vertex 2.5 0.669861 0
      vertex 1.95619 1.03322 0
    endloop
  endfacet
  facet normal 0 0 -1
    outer loop
      vertex 3.7059 119.83 0
      vertex 0 115 0
      vertex 3.08658 119.619 0
    endloop
  endfacet
  facet normal 0 0 -1
    outer loop
      vertex 0 5 0
      vertex 1.95619 1.03322 0
      vertex 1.46446 1.46446 0
    endloop
  endfacet
  facet normal 0 0 -1
    outer loop
      vertex 3.08658 119.619 0
      vertex 0 115 0
      vertex 2.5 119.33 0
    endloop
  endfacet
  facet normal 0 0 -1
    outer loop
      vertex 0 5 0
      vertex 1.46446 1.46446 0
      vertex 1.03322 1.95619 0
    endloop
  endfacet
  facet normal 0 0 -1
    outer loop
      vertex 2.5 119.33 0
      vertex 0 115 0
      vertex 1.95619 118.967 0
    endloop
  endfacet
  facet normal 0 0 -1
    outer loop
      vertex 0 5 0
      vertex 1.03322 1.95619 0
      vertex 0.669861 2.5 0
    endloop
  endfacet
  facet normal 0 0 -1
    outer loop
      vertex 1.95619 118.967 0
      vertex 0 115 0
      vertex 1.46446 118.536 0
    endloop
  endfacet
  facet normal 0 0 -1
    outer loop
      vertex 0 5 0
      vertex 0.669861 2.5 0
      vertex 0.3806 3.08658 0
    endloop
  endfacet
  facet normal 0 0 -1
    outer loop
      vertex 1.46446 118.536 0
      vertex 0 115 0
      vertex 1.03322 118.044 0
    endloop
  endfacet
  facet normal 0 0 -1
    outer loop
      vertex 0 5 0
      vertex 0.3806 3.08658 0
      vertex 0.170364 3.7059 0
    endloop
  endfacet
  facet normal 0 0 -1
    outer loop
      vertex 1.03322 118.044 0
      vertex 0 115 0
      vertex 0.669861 117.5 0
    endloop
  endfacet
  facet normal 0 0 -1
    outer loop
      vertex 0 5 0
      vertex 0.170364 3.7059 0
      vertex 0.0427704 4.34737 0
    endloop
  endfacet
  facet normal 0 0 -1
    outer loop
      vertex 0.669861 117.5 0
      vertex 0 115 0
      vertex 0.3806 116.913 0
    endloop
  endfacet
  facet normal 0 0 -1
    outer loop
      vertex 0.3806 116.913 0
      vertex 0 115 0
      vertex 0.170364 116.294 0
    endloop
  endfacet
  facet normal 0 0 -1
    outer loop
      vertex 0.170364 116.294 0
      vertex 0 115 0
      vertex 0.0427704 115.653 0
    endloop
  endfacet
  facet normal 0 -1 0
    outer loop
      vertex 87.5 0 3
      vertex 90.5 0 6
      vertex 87.5 0 6
    endloop
  endfacet
  facet normal 0 -1 -0
    outer loop
      vertex 90.5 0 6
      vertex 87.5 0 3
      vertex 90.5 0 3
    endloop
  endfacet
  facet normal 0 -1 0
    outer loop
      vertex 81.5 0 3
      vertex 84.5 0 6
      vertex 81.5 0 6
    endloop
  endfacet
  facet normal 0 -1 -0
    outer loop
      vertex 84.5 0 6
      vertex 81.5 0 3
      vertex 84.5 0 3
    endloop
  endfacet
  facet normal 0 -1 0
    outer loop
      vertex 75.5 0 3
      vertex 78.5 0 6
      vertex 75.5 0 6
    endloop
  endfacet
  facet normal 0 -1 -0
    outer loop
      vertex 78.5 0 6
      vertex 75.5 0 3
      vertex 78.5 0 3
    endloop
  endfacet
  facet normal 0 -1 0
    outer loop
      vertex 69.5 0 3
      vertex 72.5 0 6
      vertex 69.5 0 6
    endloop
  endfacet
  facet normal 0 -1 -0
    outer loop
      vertex 72.5 0 6
      vertex 69.5 0 3
      vertex 72.5 0 3
    endloop
  endfacet
  facet normal 0 -1 0
    outer loop
      vertex 63.5 0 3
      vertex 66.5 0 6
      vertex 63.5 0 6
    endloop
  endfacet
  facet normal 0 -1 -0
    outer loop
      vertex 66.5 0 6
      vertex 63.5 0 3
      vertex 66.5 0 3
    endloop
  endfacet
  facet normal 0 -1 0
    outer loop
      vertex 57.5 0 3
      vertex 60.5 0 6
      vertex 57.5 0 6
    endloop
  endfacet
  facet normal 0 -1 -0
    outer loop
      vertex 60.5 0 6
      vertex 57.5 0 3
      vertex 60.5 0 3
    endloop
  endfacet
  facet normal 0 -1 0
    outer loop
      vertex 51.5 0 3
      vertex 54.5 0 6
      vertex 51.5 0 6
    endloop
  endfacet
  facet normal 0 -1 -0
    outer loop
      vertex 54.5 0 6
      vertex 51.5 0 3
      vertex 54.5 0 3
    endloop
  endfacet
  facet normal 0 -1 0
    outer loop
      vertex 45.5 0 3
      vertex 48.5 0 6
      vertex 45.5 0 6
    endloop
  endfacet
  facet normal 0 -1 -0
    outer loop
      vertex 48.5 0 6
      vertex 45.5 0 3
      vertex 48.5 0 3
    endloop
  endfacet
  facet normal 0 -1 0
    outer loop
      vertex 39.5 0 3
      vertex 42.5 0 6
      vertex 39.5 0 6
    endloop
  endfacet
  facet normal 0 -1 -0
    outer loop
      vertex 42.5 0 6
      vertex 39.5 0 3
      vertex 42.5 0 3
    endloop
  endfacet
  facet normal 0 -1 0
    outer loop
      vertex 33.5 0 3
      vertex 36.5 0 6
      vertex 33.5 0 6
    endloop
  endfacet
  facet normal 0 -1 -0
    outer loop
      vertex 36.5 0 6
      vertex 33.5 0 3
      vertex 36.5 0 3
    endloop
  endfacet
  facet normal 0 -1 0
    outer loop
      vertex 27.5 0 3
      vertex 30.5 0 6
      vertex 27.5 0 6
    endloop
  endfacet
  facet normal 0 -1 -0
    outer loop
      vertex 30.5 0 6
      vertex 27.5 0 3
      vertex 30.5 0 3
    endloop
  endfacet
  facet normal 0 -1 0
    outer loop
      vertex 21.5 0 3
      vertex 24.5 0 6
      vertex 21.5 0 6
    endloop
  endfacet
  facet normal 0 -1 -0
    outer loop
      vertex 24.5 0 6
      vertex 21.5 0 3
      vertex 24.5 0 3
    endloop
  endfacet
  facet normal 0 -1 0
    outer loop
      vertex 15.5 0 3
      vertex 18.5 0 6
      vertex 15.5 0 6
    endloop
  endfacet
  facet normal 0 -1 -0
    outer loop
      vertex 18.5 0 6
      vertex 15.5 0 3
      vertex 18.5 0 3
    endloop
  endfacet
  facet normal 0 -1 0
    outer loop
      vertex 15.5 0 6
      vertex 5 0 9
      vertex 12.5 0 6
    endloop
  endfacet
  facet normal 0 -1 0
    outer loop
      vertex 5 0 9
      vertex 12.5 0 3
      vertex 12.5 0 6
    endloop
  endfacet
  facet normal 0 -1 0
    outer loop
      vertex 5 0 0
      vertex 15.5 0 3
      vertex 12.5 0 3
    endloop
  endfacet
  facet normal 0 -1 -0
    outer loop
      vertex 15.5 0 3
      vertex 5 0 0
      vertex 18.5 0 3
    endloop
  endfacet
  facet normal 0 -1 -0
    outer loop
      vertex 18.5 0 3
      vertex 5 0 0
      vertex 21.5 0 3
    endloop
  endfacet
  facet normal 0 -1 -0
    outer loop
      vertex 21.5 0 3
      vertex 5 0 0
      vertex 24.5 0 3
    endloop
  endfacet
  facet normal 0 -1 -0
    outer loop
      vertex 24.5 0 3
      vertex 5 0 0
      vertex 27.5 0 3
    endloop
  endfacet
  facet normal 0 -1 -0
    outer loop
      vertex 27.5 0 3
      vertex 5 0 0
      vertex 30.5 0 3
    endloop
  endfacet
  facet normal 0 -1 -0
    outer loop
      vertex 30.5 0 3
      vertex 5 0 0
      vertex 33.5 0 3
    endloop
  endfacet
  facet normal 0 -1 -0
    outer loop
      vertex 33.5 0 3
      vertex 5 0 0
      vertex 36.5 0 3
    endloop
  endfacet
  facet normal 0 -1 -0
    outer loop
      vertex 36.5 0 3
      vertex 5 0 0
      vertex 39.5 0 3
    endloop
  endfacet
  facet normal 0 -1 -0
    outer loop
      vertex 39.5 0 3
      vertex 5 0 0
      vertex 42.5 0 3
    endloop
  endfacet
  facet normal 0 -1 -0
    outer loop
      vertex 42.5 0 3
      vertex 5 0 0
      vertex 45.5 0 3
    endloop
  endfacet
  facet normal 0 -1 -0
    outer loop
      vertex 45.5 0 3
      vertex 5 0 0
      vertex 48.5 0 3
    endloop
  endfacet
  facet normal 0 -1 -0
    outer loop
      vertex 48.5 0 3
      vertex 5 0 0
      vertex 51.5 0 3
    endloop
  endfacet
  facet normal 0 -1 -0
    outer loop
      vertex 51.5 0 3
      vertex 5 0 0
      vertex 54.5 0 3
    endloop
  endfacet
  facet normal 0 -1 -0
    outer loop
      vertex 54.5 0 3
      vertex 5 0 0
      vertex 57.5 0 3
    endloop
  endfacet
  facet normal 0 -1 -0
    outer loop
      vertex 57.5 0 3
      vertex 5 0 0
      vertex 60.5 0 3
    endloop
  endfacet
  facet normal 0 -1 -0
    outer loop
      vertex 60.5 0 3
      vertex 5 0 0
      vertex 63.5 0 3
    endloop
  endfacet
  facet normal 0 -1 -0
    outer loop
      vertex 63.5 0 3
      vertex 5 0 0
      vertex 66.5 0 3
    endloop
  endfacet
  facet normal 0 -1 -0
    outer loop
      vertex 66.5 0 3
      vertex 5 0 0
      vertex 69.5 0 3
    endloop
  endfacet
  facet normal 0 -1 -0
    outer loop
      vertex 69.5 0 3
      vertex 5 0 0
      vertex 72.5 0 3
    endloop
  endfacet
  facet normal 0 -1 -0
    outer loop
      vertex 72.5 0 3
      vertex 5 0 0
      vertex 75.5 0 3
    endloop
  endfacet
  facet normal 0 -1 -0
    outer loop
      vertex 75.5 0 3
      vertex 5 0 0
      vertex 78.5 0 3
    endloop
  endfacet
  facet normal 0 -1 -0
    outer loop
      vertex 78.5 0 3
      vertex 5 0 0
      vertex 81.5 0 3
    endloop
  endfacet
  facet normal 0 -1 0
    outer loop
      vertex 145 0 0
      vertex 81.5 0 3
      vertex 5 0 0
    endloop
  endfacet
  facet normal 0 -1 0
    outer loop
      vertex 81.5 0 3
      vertex 145 0 0
      vertex 84.5 0 3
    endloop
  endfacet
  facet normal 0 -1 0
    outer loop
      vertex 84.5 0 3
      vertex 145 0 0
      vertex 87.5 0 3
    endloop
  endfacet
  facet normal 0 -1 0
    outer loop
      vertex 87.5 0 3
      vertex 145 0 0
      vertex 90.5 0 3
    endloop
  endfacet
  facet normal 0 -1 0
    outer loop
      vertex 5 0 0
      vertex 12.5 0 3
      vertex 5 0 9
    endloop
  endfacet
  facet normal 0 -1 0
    outer loop
      vertex 18.5 0 6
      vertex 5 0 9
      vertex 15.5 0 6
    endloop
  endfacet
  facet normal 0 -1 0
    outer loop
      vertex 21.5 0 6
      vertex 5 0 9
      vertex 18.5 0 6
    endloop
  endfacet
  facet normal 0 -1 0
    outer loop
      vertex 24.5 0 6
      vertex 5 0 9
      vertex 21.5 0 6
    endloop
  endfacet
  facet normal 0 -1 0
    outer loop
      vertex 27.5 0 6
      vertex 5 0 9
      vertex 24.5 0 6
    endloop
  endfacet
  facet normal 0 -1 0
    outer loop
      vertex 30.5 0 6
      vertex 5 0 9
      vertex 27.5 0 6
    endloop
  endfacet
  facet normal 0 -1 0
    outer loop
      vertex 33.5 0 6
      vertex 5 0 9
      vertex 30.5 0 6
    endloop
  endfacet
  facet normal 0 -1 0
    outer loop
      vertex 36.5 0 6
      vertex 5 0 9
      vertex 33.5 0 6
    endloop
  endfacet
  facet normal 0 -1 0
    outer loop
      vertex 39.5 0 6
      vertex 5 0 9
      vertex 36.5 0 6
    endloop
  endfacet
  facet normal 0 -1 0
    outer loop
      vertex 42.5 0 6
      vertex 5 0 9
      vertex 39.5 0 6
    endloop
  endfacet
  facet normal 0 -1 0
    outer loop
      vertex 45.5 0 6
      vertex 5 0 9
      vertex 42.5 0 6
    endloop
  endfacet
  facet normal 0 -1 0
    outer loop
      vertex 48.5 0 6
      vertex 5 0 9
      vertex 45.5 0 6
    endloop
  endfacet
  facet normal 0 -1 0
    outer loop
      vertex 5 0 9
      vertex 48.5 0 6
      vertex 96 0 9
    endloop
  endfacet
  facet normal 0 -1 0
    outer loop
      vertex 51.5 0 6
      vertex 96 0 9
      vertex 48.5 0 6
    endloop
  endfacet
  facet normal 0 -1 0
    outer loop
      vertex 54.5 0 6
      vertex 96 0 9
      vertex 51.5 0 6
    endloop
  endfacet
  facet normal 0 -1 0
    outer loop
      vertex 57.5 0 6
      vertex 96 0 9
      vertex 54.5 0 6
    endloop
  endfacet
  facet normal 0 -1 0
    outer loop
      vertex 60.5 0 6
      vertex 96 0 9
      vertex 57.5 0 6
    endloop
  endfacet
  facet normal 0 -1 0
    outer loop
      vertex 63.5 0 6
      vertex 96 0 9
      vertex 60.5 0 6
    endloop
  endfacet
  facet normal 0 -1 0
    outer loop
      vertex 66.5 0 6
      vertex 96 0 9
      vertex 63.5 0 6
    endloop
  endfacet
  facet normal 0 -1 0
    outer loop
      vertex 69.5 0 6
      vertex 96 0 9
      vertex 66.5 0 6
    endloop
  endfacet
  facet normal 0 -1 0
    outer loop
      vertex 72.5 0 6
      vertex 96 0 9
      vertex 69.5 0 6
    endloop
  endfacet
  facet normal 0 -1 0
    outer loop
      vertex 75.5 0 6
      vertex 96 0 9
      vertex 72.5 0 6
    endloop
  endfacet
  facet normal 0 -1 0
    outer loop
      vertex 78.5 0 6
      vertex 96 0 9
      vertex 75.5 0 6
    endloop
  endfacet
  facet normal 0 -1 0
    outer loop
      vertex 81.5 0 6
      vertex 96 0 9
      vertex 78.5 0 6
    endloop
  endfacet
  facet normal 0 -1 0
    outer loop
      vertex 84.5 0 6
      vertex 96 0 9
      vertex 81.5 0 6
    endloop
  endfacet
  facet normal 0 -1 0
    outer loop
      vertex 87.5 0 6
      vertex 96 0 9
      vertex 84.5 0 6
    endloop
  endfacet
  facet normal 0 -1 0
    outer loop
      vertex 90.5 0 6
      vertex 96 0 9
      vertex 87.5 0 6
    endloop
  endfacet
  facet normal 0 -1 0
    outer loop
      vertex 93.5 0 6
      vertex 96 0 9
      vertex 90.5 0 6
    endloop
  endfacet
  facet normal 0 -1 0
    outer loop
      vertex 93.5 0 6
      vertex 96 0 4.7
      vertex 96 0 9
    endloop
  endfacet
  facet normal 0 -1 0
    outer loop
      vertex 93.5 0 3
      vertex 110 0 4.7
      vertex 96 0 4.7
    endloop
  endfacet
  facet normal 0 -1 -0
    outer loop
      vertex 110 0 4.7
      vertex 93.5 0 3
      vertex 111.5 0 4.7
    endloop
  endfacet
  facet normal 0 -1 0
    outer loop
      vertex 145 0 0
      vertex 111.5 0 4.7
      vertex 93.5 0 3
    endloop
  endfacet
  facet normal 0 -1 0
    outer loop
      vertex 93.5 0 3
      vertex 96 0 4.7
      vertex 93.5 0 6
    endloop
  endfacet
  facet normal 0 -1 0
    outer loop
      vertex 110 0 4.7
      vertex 111.5 0 9
      vertex 110 0 9
    endloop
  endfacet
  facet normal 0 -1 -0
    outer loop
      vertex 111.5 0 9
      vertex 110 0 4.7
      vertex 111.5 0 4.7
    endloop
  endfacet
  facet normal 0 -1 0
    outer loop
      vertex 126.5 0 4.7
      vertex 145 0 9
      vertex 126.5 0 9
    endloop
  endfacet
  facet normal 0 -1 0
    outer loop
      vertex 126.5 0 4.7
      vertex 145 0 0
      vertex 145 0 9
    endloop
  endfacet
  facet normal 0 -1 0
    outer loop
      vertex 111.5 0 4.7
      vertex 145 0 0
      vertex 126.5 0 4.7
    endloop
  endfacet
  facet normal 0 -1 0
    outer loop
      vertex 90.5 0 3
      vertex 145 0 0
      vertex 93.5 0 3
    endloop
  endfacet
  facet normal 0.997839 0.0657076 0
    outer loop
      vertex 150 115 2.4
      vertex 149.957 115.653 0
      vertex 149.957 115.653 2.4
    endloop
  endfacet
  facet normal 0.997839 0.0657076 0
    outer loop
      vertex 149.957 115.653 0
      vertex 150 115 2.4
      vertex 150 115 0
    endloop
  endfacet
  facet normal 0 0 1
    outer loop
      vertex 8.83208 8.0568 9
      vertex 8.75748 7.81769 9
      vertex 9.00258 7.80164 9
    endloop
  endfacet
  facet normal 0 0 1
    outer loop
      vertex 8.83208 8.0568 9
      vertex 8.61751 7.84554 9
      vertex 8.75748 7.81769 9
    endloop
  endfacet
  facet normal 0 0 1
    outer loop
      vertex 8.83208 8.0568 9
      vertex 8.48218 7.89149 9
      vertex 8.61751 7.84554 9
    endloop
  endfacet
  facet normal 0 0 1
    outer loop
      vertex 8.46985 8.46985 9
      vertex 8.48218 7.89149 9
      vertex 8.83208 8.0568 9
    endloop
  endfacet
  facet normal 0 0 1
    outer loop
      vertex 8.46985 8.46985 9
      vertex 8.35421 7.9546 9
      vertex 8.48218 7.89149 9
    endloop
  endfacet
  facet normal 0 0 1
    outer loop
      vertex 8.46985 8.46985 9
      vertex 8.2354 8.03397 9
      vertex 8.35421 7.9546 9
    endloop
  endfacet
  facet normal 0 0 1
    outer loop
      vertex 8.46985 8.46985 9
      vertex 8.12809 8.12809 9
      vertex 8.2354 8.03397 9
    endloop
  endfacet
  facet normal -0 0 1
    outer loop
      vertex 7.89149 8.48218 9
      vertex 8.46985 8.46985 9
      vertex 8.0568 8.83208 9
    endloop
  endfacet
  facet normal 0 0 1
    outer loop
      vertex 8.46985 8.46985 9
      vertex 8.03397 8.2354 9
      vertex 8.12809 8.12809 9
    endloop
  endfacet
  facet normal 0 0 1
    outer loop
      vertex 8.46985 8.46985 9
      vertex 7.9546 8.35421 9
      vertex 8.03397 8.2354 9
    endloop
  endfacet
  facet normal 0 0 1
    outer loop
      vertex 8.46985 8.46985 9
      vertex 7.89149 8.48218 9
      vertex 7.9546 8.35421 9
    endloop
  endfacet
  facet normal 0 0 1
    outer loop
      vertex 8.0568 8.83208 9
      vertex 7.84554 8.61751 9
      vertex 7.89149 8.48218 9
    endloop
  endfacet
  facet normal 0 0 1
    outer loop
      vertex 8.0568 8.83208 9
      vertex 7.81769 8.75748 9
      vertex 7.84554 8.61751 9
    endloop
  endfacet
  facet normal 0 -0 1
    outer loop
      vertex 7.81769 8.75748 9
      vertex 8.0568 8.83208 9
      vertex 7.80164 9.00258 9
    endloop
  endfacet
  facet normal -0 0 1
    outer loop
      vertex 5 120 9
      vertex 7.06135 119.973 9
      vertex 7.47848 120 9
    endloop
  endfacet
  facet normal 0 0 1
    outer loop
      vertex 5 120 9
      vertex 6.72843 119.906 9
      vertex 7.06135 119.973 9
    endloop
  endfacet
  facet normal 0 0 1
    outer loop
      vertex 5 120 9
      vertex 6.40703 119.797 9
      vertex 6.72843 119.906 9
    endloop
  endfacet
  facet normal 0 0 1
    outer loop
      vertex 5 120 9
      vertex 6.10248 119.647 9
      vertex 6.40703 119.797 9
    endloop
  endfacet
  facet normal 0 0 1
    outer loop
      vertex 5 120 9
      vertex 5.82035 119.459 9
      vertex 6.10248 119.647 9
    endloop
  endfacet
  facet normal 0 0 1
    outer loop
      vertex 5 120 9
      vertex 5.56516 119.235 9
      vertex 5.82035 119.459 9
    endloop
  endfacet
  facet normal 0 0 1
    outer loop
      vertex 5 120 9
      vertex 5.34136 118.98 9
      vertex 5.56516 119.235 9
    endloop
  endfacet
  facet normal -0 0 1
    outer loop
      vertex 4.34737 119.957 9
      vertex 5.34136 118.98 9
      vertex 5 120 9
    endloop
  endfacet
  facet normal 0 0 1
    outer loop
      vertex 5.34136 118.98 9
      vertex 4.34737 119.957 9
      vertex 5.15276 118.697 9
    endloop
  endfacet
  facet normal 0 0 1
    outer loop
      vertex 5.15276 118.697 9
      vertex 4.34737 119.957 9
      vertex 5.14249 118.677 9
    endloop
  endfacet
  facet normal -0 0 1
    outer loop
      vertex 3.7059 119.83 9
      vertex 5.14249 118.677 9
      vertex 4.34737 119.957 9
    endloop
  endfacet
  facet normal 0 0 1
    outer loop
      vertex 5.14249 118.677 9
      vertex 4.94498 116.571 9
      vertex 5.00057 116.582 9
    endloop
  endfacet
  facet normal -0 0 1
    outer loop
      vertex 3.08658 119.619 9
      vertex 5.14249 118.677 9
      vertex 3.7059 119.83 9
    endloop
  endfacet
  facet normal 0 0 1
    outer loop
      vertex 5.14249 118.677 9
      vertex 4.73303 116.499 9
      vertex 4.94498 116.571 9
    endloop
  endfacet
  facet normal 0 0 1
    outer loop
      vertex 5.14249 118.677 9
      vertex 4.67936 116.481 9
      vertex 4.73303 116.499 9
    endloop
  endfacet
  facet normal -0 0 1
    outer loop
      vertex 2.5 119.33 9
      vertex 5.14249 118.677 9
      vertex 3.08658 119.619 9
    endloop
  endfacet
  facet normal 0 0 1
    outer loop
      vertex 5.14249 118.677 9
      vertex 4.62852 116.456 9
      vertex 4.67936 116.481 9
    endloop
  endfacet
  facet normal 0 0 1
    outer loop
      vertex 5.14249 118.677 9
      vertex 4.42778 116.357 9
      vertex 4.62852 116.456 9
    endloop
  endfacet
  facet normal 0 0 1
    outer loop
      vertex 5.14249 118.677 9
      vertex 2.5 119.33 9
      vertex 4.42778 116.357 9
    endloop
  endfacet
  facet normal 0 0 1
    outer loop
      vertex 4.42778 116.357 9
      vertex 2.5 119.33 9
      vertex 4.24167 116.233 9
    endloop
  endfacet
  facet normal 0 0 1
    outer loop
      vertex 4.24167 116.233 9
      vertex 2.5 119.33 9
      vertex 4.19454 116.201 9
    endloop
  endfacet
  facet normal -0 0 1
    outer loop
      vertex 1.95619 118.967 9
      vertex 4.19454 116.201 9
      vertex 2.5 119.33 9
    endloop
  endfacet
  facet normal 0 0 1
    outer loop
      vertex 4.19454 116.201 9
      vertex 1.95619 118.967 9
      vertex 4.02626 116.054 9
    endloop
  endfacet
  facet normal -0 0 1
    outer loop
      vertex 1.46446 118.536 9
      vertex 4.02626 116.054 9
      vertex 1.95619 118.967 9
    endloop
  endfacet
  facet normal 0 0 1
    outer loop
      vertex 4.02626 116.054 9
      vertex 1.46446 118.536 9
      vertex 3.98365 116.016 9
    endloop
  endfacet
  facet normal 0 0 1
    outer loop
      vertex 3.98365 116.016 9
      vertex 1.46446 118.536 9
      vertex 3.94627 115.974 9
    endloop
  endfacet
  facet normal -0 0 1
    outer loop
      vertex 1.03322 118.044 9
      vertex 3.94627 115.974 9
      vertex 1.46446 118.536 9
    endloop
  endfacet
  facet normal 0 0 1
    outer loop
      vertex 3.94627 115.974 9
      vertex 1.03322 118.044 9
      vertex 3.7987 115.805 9
    endloop
  endfacet
  facet normal -0 0 1
    outer loop
      vertex 0.669861 117.5 9
      vertex 3.7987 115.805 9
      vertex 1.03322 118.044 9
    endloop
  endfacet
  facet normal 0 0 1
    outer loop
      vertex 3.7987 115.805 9
      vertex 0.669861 117.5 9
      vertex 3.76721 115.758 9
    endloop
  endfacet
  facet normal 0 0 1
    outer loop
      vertex 3.76721 115.758 9
      vertex 0.669861 117.5 9
      vertex 3.64286 115.572 9
    endloop
  endfacet
  facet normal 0 0 1
    outer loop
      vertex 3.54386 115.371 9
      vertex 0.3806 116.913 9
      vertex 3.51879 115.321 9
    endloop
  endfacet
  facet normal 0 0 1
    outer loop
      vertex 3.64286 115.572 9
      vertex 0.3806 116.913 9
      vertex 3.54386 115.371 9
    endloop
  endfacet
  facet normal -0 0 1
    outer loop
      vertex 0.3806 116.913 9
      vertex 3.64286 115.572 9
      vertex 0.669861 117.5 9
    endloop
  endfacet
  facet normal 0 0 1
    outer loop
      vertex 5.5 118.7 9
      vertex 5.58042 118.578 9
      vertex 5.6362 118.691 9
    endloop
  endfacet
  facet normal 0 0 1
    outer loop
      vertex 5.5 118.7 9
      vertex 5.48395 118.294 9
      vertex 5.58042 118.578 9
    endloop
  endfacet
  facet normal -0 0 1
    outer loop
      vertex 5.14249 118.677 9
      vertex 5.48395 118.294 9
      vertex 5.5 118.7 9
    endloop
  endfacet
  facet normal 0 0 1
    outer loop
      vertex 5.4 117.612 9
      vertex 5.22009 116.626 9
      vertex 5.4 116.638 9
    endloop
  endfacet
  facet normal 0 0 1
    outer loop
      vertex 5.14249 118.677 9
      vertex 5.4 117.612 9
      vertex 5.42542 117.999 9
    endloop
  endfacet
  facet normal 0 0 1
    outer loop
      vertex 5.48395 118.294 9
      vertex 5.14249 118.677 9
      vertex 5.42542 117.999 9
    endloop
  endfacet
  facet normal 0 0 1
    outer loop
      vertex 5.4 117.612 9
      vertex 5.14249 118.677 9
      vertex 5.00057 116.582 9
    endloop
  endfacet
  facet normal 0 0 1
    outer loop
      vertex 5.4 117.612 9
      vertex 5.00057 116.582 9
      vertex 5.22009 116.626 9
    endloop
  endfacet
  facet normal 0 0 1
    outer loop
      vertex 5.22009 112.374 9
      vertex 5.4 110.307 9
      vertex 5.4 112.362 9
    endloop
  endfacet
  facet normal 0 0 1
    outer loop
      vertex 4.79999 110.366 9
      vertex 5.22009 112.374 9
      vertex 5.00057 112.418 9
    endloop
  endfacet
  facet normal 0 0 1
    outer loop
      vertex 5.22009 112.374 9
      vertex 4.95179 110.336 9
      vertex 5.4 110.307 9
    endloop
  endfacet
  facet normal 0 0 1
    outer loop
      vertex 4.79999 110.366 9
      vertex 5.00057 112.418 9
      vertex 4.94498 112.429 9
    endloop
  endfacet
  facet normal 0 0 1
    outer loop
      vertex 5.22009 112.374 9
      vertex 4.79999 110.366 9
      vertex 4.95179 110.336 9
    endloop
  endfacet
  facet normal 0 0 1
    outer loop
      vertex 4.67936 112.519 9
      vertex 4.79999 110.366 9
      vertex 4.73303 112.501 9
    endloop
  endfacet
  facet normal 0 0 1
    outer loop
      vertex 4.73303 112.501 9
      vertex 4.79999 110.366 9
      vertex 4.94498 112.429 9
    endloop
  endfacet
  facet normal -0 0 1
    outer loop
      vertex 7.78832 5.4 9
      vertex 9.66407 4.95179 9
      vertex 9.69345 5.4 9
    endloop
  endfacet
  facet normal 0 0 1
    outer loop
      vertex 9.66407 4.95179 9
      vertex 7.78832 5.4 9
      vertex 9.63387 4.79999 9
    endloop
  endfacet
  facet normal -0 0 1
    outer loop
      vertex 148.578 5.58042 9
      vertex 148.7 5.5 9
      vertex 148.691 5.6362 9
    endloop
  endfacet
  facet normal 0 0 1
    outer loop
      vertex 148.7 5.5 9
      vertex 148.578 5.58042 9
      vertex 148.677 5.14249 9
    endloop
  endfacet
  facet normal -0 0 1
    outer loop
      vertex 149.973 7.06135 9
      vertex 150 5 9
      vertex 150 7.47848 9
    endloop
  endfacet
  facet normal -0 0 1
    outer loop
      vertex 149.906 6.72843 9
      vertex 150 5 9
      vertex 149.973 7.06135 9
    endloop
  endfacet
  facet normal -0 0 1
    outer loop
      vertex 149.797 6.40703 9
      vertex 150 5 9
      vertex 149.906 6.72843 9
    endloop
  endfacet
  facet normal -0 0 1
    outer loop
      vertex 149.647 6.10248 9
      vertex 150 5 9
      vertex 149.797 6.40703 9
    endloop
  endfacet
  facet normal -0 0 1
    outer loop
      vertex 149.459 5.82035 9
      vertex 150 5 9
      vertex 149.647 6.10248 9
    endloop
  endfacet
  facet normal -0 0 1
    outer loop
      vertex 149.235 5.56516 9
      vertex 150 5 9
      vertex 149.459 5.82035 9
    endloop
  endfacet
  facet normal -0 0 1
    outer loop
      vertex 148.98 5.34136 9
      vertex 150 5 9
      vertex 149.235 5.56516 9
    endloop
  endfacet
  facet normal 0 0 1
    outer loop
      vertex 150 5 9
      vertex 148.98 5.34136 9
      vertex 149.957 4.34737 9
    endloop
  endfacet
  facet normal -0 0 1
    outer loop
      vertex 148.697 5.15276 9
      vertex 149.957 4.34737 9
      vertex 148.98 5.34136 9
    endloop
  endfacet
  facet normal -0 0 1
    outer loop
      vertex 148.677 5.14249 9
      vertex 149.957 4.34737 9
      vertex 148.697 5.15276 9
    endloop
  endfacet
  facet normal 0 0 1
    outer loop
      vertex 149.957 4.34737 9
      vertex 148.677 5.14249 9
      vertex 149.83 3.7059 9
    endloop
  endfacet
  facet normal 0 0 1
    outer loop
      vertex 149.83 3.7059 9
      vertex 148.677 5.14249 9
      vertex 149.619 3.08658 9
    endloop
  endfacet
  facet normal 0 0 1
    outer loop
      vertex 149.619 3.08658 9
      vertex 148.677 5.14249 9
      vertex 149.33 2.5 9
    endloop
  endfacet
  facet normal -0 0 1
    outer loop
      vertex 146.357 4.42778 9
      vertex 149.33 2.5 9
      vertex 148.677 5.14249 9
    endloop
  endfacet
  facet normal -0 0 1
    outer loop
      vertex 148.294 5.48395 9
      vertex 148.677 5.14249 9
      vertex 148.578 5.58042 9
    endloop
  endfacet
  facet normal -0 0 1
    outer loop
      vertex 147.999 5.42542 9
      vertex 148.677 5.14249 9
      vertex 148.294 5.48395 9
    endloop
  endfacet
  facet normal -0 0 1
    outer loop
      vertex 147.612 5.4 9
      vertex 148.677 5.14249 9
      vertex 147.999 5.42542 9
    endloop
  endfacet
  facet normal -0 0 1
    outer loop
      vertex 146.233 4.24167 9
      vertex 149.33 2.5 9
      vertex 146.357 4.42778 9
    endloop
  endfacet
  facet normal -0 0 1
    outer loop
      vertex 146.201 4.19454 9
      vertex 149.33 2.5 9
      vertex 146.233 4.24167 9
    endloop
  endfacet
  facet normal 0 0 1
    outer loop
      vertex 146.456 4.62852 9
      vertex 148.677 5.14249 9
      vertex 147.612 5.4 9
    endloop
  endfacet
  facet normal 0 0 1
    outer loop
      vertex 149.33 2.5 9
      vertex 146.201 4.19454 9
      vertex 148.967 1.95619 9
    endloop
  endfacet
  facet normal -0 0 1
    outer loop
      vertex 146.054 4.02626 9
      vertex 148.967 1.95619 9
      vertex 146.201 4.19454 9
    endloop
  endfacet
  facet normal 0 0 1
    outer loop
      vertex 146.626 5.22009 9
      vertex 147.612 5.4 9
      vertex 146.638 5.4 9
    endloop
  endfacet
  facet normal 0 0 1
    outer loop
      vertex 146.582 5.00057 9
      vertex 147.612 5.4 9
      vertex 146.626 5.22009 9
    endloop
  endfacet
  facet normal 0 0 1
    outer loop
      vertex 146.571 4.94498 9
      vertex 147.612 5.4 9
      vertex 146.582 5.00057 9
    endloop
  endfacet
  facet normal 0 0 1
    outer loop
      vertex 146.499 4.73303 9
      vertex 147.612 5.4 9
      vertex 146.571 4.94498 9
    endloop
  endfacet
  facet normal 0 0 1
    outer loop
      vertex 146.481 4.67936 9
      vertex 147.612 5.4 9
      vertex 146.499 4.73303 9
    endloop
  endfacet
  facet normal 0 0 1
    outer loop
      vertex 146.456 4.62852 9
      vertex 147.612 5.4 9
      vertex 146.481 4.67936 9
    endloop
  endfacet
  facet normal 0 0 1
    outer loop
      vertex 148.677 5.14249 9
      vertex 146.456 4.62852 9
      vertex 146.357 4.42778 9
    endloop
  endfacet
  facet normal 0 0 1
    outer loop
      vertex 148.967 1.95619 9
      vertex 146.054 4.02626 9
      vertex 148.536 1.46446 9
    endloop
  endfacet
  facet normal -0 0 1
    outer loop
      vertex 146.016 3.98365 9
      vertex 148.536 1.46446 9
      vertex 146.054 4.02626 9
    endloop
  endfacet
  facet normal -0 0 1
    outer loop
      vertex 145.974 3.94627 9
      vertex 148.536 1.46446 9
      vertex 146.016 3.98365 9
    endloop
  endfacet
  facet normal 0 0 1
    outer loop
      vertex 148.536 1.46446 9
      vertex 145.974 3.94627 9
      vertex 148.044 1.03322 9
    endloop
  endfacet
  facet normal -0 0 1
    outer loop
      vertex 145.805 3.7987 9
      vertex 148.044 1.03322 9
      vertex 145.974 3.94627 9
    endloop
  endfacet
  facet normal 0 0 1
    outer loop
      vertex 148.044 1.03322 9
      vertex 145.805 3.7987 9
      vertex 147.5 0.669861 9
    endloop
  endfacet
  facet normal -0 0 1
    outer loop
      vertex 145.758 3.76721 9
      vertex 147.5 0.669861 9
      vertex 145.805 3.7987 9
    endloop
  endfacet
  facet normal -0 0 1
    outer loop
      vertex 145.572 3.64286 9
      vertex 147.5 0.669861 9
      vertex 145.758 3.76721 9
    endloop
  endfacet
  facet normal 0 0 1
    outer loop
      vertex 147.5 0.669861 9
      vertex 145.572 3.64286 9
      vertex 146.913 0.3806 9
    endloop
  endfacet
  facet normal -0 0 1
    outer loop
      vertex 145.371 3.54386 9
      vertex 146.913 0.3806 9
      vertex 145.572 3.64286 9
    endloop
  endfacet
  facet normal -0 0 1
    outer loop
      vertex 145.321 3.51879 9
      vertex 146.913 0.3806 9
      vertex 145.371 3.54386 9
    endloop
  endfacet
  facet normal 0 0 1
    outer loop
      vertex 146.913 0.3806 9
      vertex 145.321 3.51879 9
      vertex 146.294 0.170364 9
    endloop
  endfacet
  facet normal -0 0 1
    outer loop
      vertex 145.267 3.50057 9
      vertex 146.294 0.170364 9
      vertex 145.321 3.51879 9
    endloop
  endfacet
  facet normal -0 0 1
    outer loop
      vertex 145.055 3.42863 9
      vertex 146.294 0.170364 9
      vertex 145.267 3.50057 9
    endloop
  endfacet
  facet normal 0 0 1
    outer loop
      vertex 146.294 0.170364 9
      vertex 145.055 3.42863 9
      vertex 145.653 0.0427704 9
    endloop
  endfacet
  facet normal -0 0 1
    outer loop
      vertex 144.999 3.41757 9
      vertex 145.653 0.0427704 9
      vertex 145.055 3.42863 9
    endloop
  endfacet
  facet normal 0 0 1
    outer loop
      vertex 145.653 0.0427704 9
      vertex 144.999 3.41757 9
      vertex 145 0 9
    endloop
  endfacet
  facet normal -0 0 1
    outer loop
      vertex 144.78 3.3739 9
      vertex 145 0 9
      vertex 144.999 3.41757 9
    endloop
  endfacet
  facet normal -0 0 1
    outer loop
      vertex 144.557 3.35926 9
      vertex 145 0 9
      vertex 144.78 3.3739 9
    endloop
  endfacet
  facet normal -0 0 1
    outer loop
      vertex 144.5 3.35555 9
      vertex 145 0 9
      vertex 144.557 3.35926 9
    endloop
  endfacet
  facet normal 0 0 1
    outer loop
      vertex 144.443 3.35926 9
      vertex 145 0 9
      vertex 144.5 3.35555 9
    endloop
  endfacet
  facet normal 0 0 1
    outer loop
      vertex 144.22 3.3739 9
      vertex 145 0 9
      vertex 144.443 3.35926 9
    endloop
  endfacet
  facet normal 0 0 1
    outer loop
      vertex 144.001 3.41757 9
      vertex 145 0 9
      vertex 144.22 3.3739 9
    endloop
  endfacet
  facet normal 0 0 1
    outer loop
      vertex 143.945 3.42863 9
      vertex 145 0 9
      vertex 144.001 3.41757 9
    endloop
  endfacet
  facet normal 0 0 1
    outer loop
      vertex 143.733 3.50057 9
      vertex 145 0 9
      vertex 143.945 3.42863 9
    endloop
  endfacet
  facet normal 0 0 1
    outer loop
      vertex 143.679 3.51879 9
      vertex 145 0 9
      vertex 143.733 3.50057 9
    endloop
  endfacet
  facet normal 0 0 1
    outer loop
      vertex 143.629 3.54386 9
      vertex 145 0 9
      vertex 143.679 3.51879 9
    endloop
  endfacet
  facet normal 0 0 1
    outer loop
      vertex 143.428 3.64286 9
      vertex 145 0 9
      vertex 143.629 3.54386 9
    endloop
  endfacet
  facet normal 0 0 1
    outer loop
      vertex 143.242 3.76721 9
      vertex 145 0 9
      vertex 143.428 3.64286 9
    endloop
  endfacet
  facet normal 0 0 1
    outer loop
      vertex 143.195 3.7987 9
      vertex 145 0 9
      vertex 143.242 3.76721 9
    endloop
  endfacet
  facet normal 0 0 1
    outer loop
      vertex 140.366 4.79999 9
      vertex 143.195 3.7987 9
      vertex 143.026 3.94627 9
    endloop
  endfacet
  facet normal 0 0 1
    outer loop
      vertex 140.366 4.79999 9
      vertex 143.026 3.94627 9
      vertex 142.984 3.98365 9
    endloop
  endfacet
  facet normal 0 0 1
    outer loop
      vertex 140.366 4.79999 9
      vertex 142.984 3.98365 9
      vertex 142.946 4.02626 9
    endloop
  endfacet
  facet normal 0 0 1
    outer loop
      vertex 140.366 4.79999 9
      vertex 142.946 4.02626 9
      vertex 142.799 4.19454 9
    endloop
  endfacet
  facet normal 0 0 1
    outer loop
      vertex 140.366 4.79999 9
      vertex 142.799 4.19454 9
      vertex 142.767 4.24167 9
    endloop
  endfacet
  facet normal 0 0 1
    outer loop
      vertex 140.366 4.79999 9
      vertex 142.767 4.24167 9
      vertex 142.643 4.42778 9
    endloop
  endfacet
  facet normal -0 0 1
    outer loop
      vertex 140.366 4.79999 9
      vertex 142.501 4.73303 9
      vertex 142.429 4.94498 9
    endloop
  endfacet
  facet normal 0 0 1
    outer loop
      vertex 140.366 4.79999 9
      vertex 142.418 5.00057 9
      vertex 142.374 5.22009 9
    endloop
  endfacet
  facet normal 0 0 1
    outer loop
      vertex 140.336 4.95179 9
      vertex 142.374 5.22009 9
      vertex 142.362 5.4 9
    endloop
  endfacet
  facet normal 0 0 1
    outer loop
      vertex 142.418 5.00057 9
      vertex 140.366 4.79999 9
      vertex 142.429 4.94498 9
    endloop
  endfacet
  facet normal 0 0 1
    outer loop
      vertex 142.501 4.73303 9
      vertex 140.366 4.79999 9
      vertex 142.519 4.67936 9
    endloop
  endfacet
  facet normal 0 0 1
    outer loop
      vertex 140.366 4.79999 9
      vertex 142.544 4.62852 9
      vertex 142.519 4.67936 9
    endloop
  endfacet
  facet normal 0 0 1
    outer loop
      vertex 140.366 4.79999 9
      vertex 142.643 4.42778 9
      vertex 142.544 4.62852 9
    endloop
  endfacet
  facet normal 0 0 1
    outer loop
      vertex 143.195 3.7987 9
      vertex 140.366 4.79999 9
      vertex 145 0 9
    endloop
  endfacet
  facet normal 0 0 1
    outer loop
      vertex 126.5 0 9
      vertex 140.366 4.79999 9
      vertex 126.5 4.4 9
    endloop
  endfacet
  facet normal 0 0 1
    outer loop
      vertex 140.366 4.79999 9
      vertex 126.5 0 9
      vertex 145 0 9
    endloop
  endfacet
  facet normal 0 0 1
    outer loop
      vertex 142.374 5.22009 9
      vertex 140.336 4.95179 9
      vertex 140.366 4.79999 9
    endloop
  endfacet
  facet normal 0 -0 1
    outer loop
      vertex 140.336 4.95179 9
      vertex 142.362 5.4 9
      vertex 140.307 5.4 9
    endloop
  endfacet
  facet normal 0 0 1
    outer loop
      vertex 140.366 4.79999 9
      vertex 111.5 4.4 9
      vertex 126.5 4.4 9
    endloop
  endfacet
  facet normal 0 0 1
    outer loop
      vertex 111.5 4.4 9
      vertex 110 4.4 9
      vertex 111.5 0 9
    endloop
  endfacet
  facet normal 0 0 1
    outer loop
      vertex 140.366 4.79999 9
      vertex 110 4.4 9
      vertex 111.5 4.4 9
    endloop
  endfacet
  facet normal 0 0 1
    outer loop
      vertex 140.366 4.79999 9
      vertex 96 4.4 9
      vertex 110 4.4 9
    endloop
  endfacet
  facet normal -0 0 1
    outer loop
      vertex 9.63387 4.79999 9
      vertex 96 4.4 9
      vertex 140.366 4.79999 9
    endloop
  endfacet
  facet normal 0 0 1
    outer loop
      vertex 9.63387 4.79999 9
      vertex 96 0 9
      vertex 96 4.4 9
    endloop
  endfacet
  facet normal 0 0 1
    outer loop
      vertex 7.6261 5.22009 9
      vertex 7.78832 5.4 9
      vertex 7.63853 5.40981 9
    endloop
  endfacet
  facet normal 0 0 1
    outer loop
      vertex 7.58243 5.00057 9
      vertex 7.78832 5.4 9
      vertex 7.6261 5.22009 9
    endloop
  endfacet
  facet normal 0 0 1
    outer loop
      vertex 7.57137 4.94498 9
      vertex 7.78832 5.4 9
      vertex 7.58243 5.00057 9
    endloop
  endfacet
  facet normal 0 0 1
    outer loop
      vertex 7.78832 5.4 9
      vertex 7.57137 4.94498 9
      vertex 9.63387 4.79999 9
    endloop
  endfacet
  facet normal 0 0 1
    outer loop
      vertex 7.49943 4.73303 9
      vertex 9.63387 4.79999 9
      vertex 7.57137 4.94498 9
    endloop
  endfacet
  facet normal 0 0 1
    outer loop
      vertex 7.48121 4.67936 9
      vertex 9.63387 4.79999 9
      vertex 7.49943 4.73303 9
    endloop
  endfacet
  facet normal 0 0 1
    outer loop
      vertex 7.45614 4.62852 9
      vertex 9.63387 4.79999 9
      vertex 7.48121 4.67936 9
    endloop
  endfacet
  facet normal 0 0 1
    outer loop
      vertex 7.35714 4.42778 9
      vertex 9.63387 4.79999 9
      vertex 7.45614 4.62852 9
    endloop
  endfacet
  facet normal 0 0 1
    outer loop
      vertex 7.23279 4.24167 9
      vertex 9.63387 4.79999 9
      vertex 7.35714 4.42778 9
    endloop
  endfacet
  facet normal 0 0 1
    outer loop
      vertex 7.2013 4.19454 9
      vertex 9.63387 4.79999 9
      vertex 7.23279 4.24167 9
    endloop
  endfacet
  facet normal 0 0 1
    outer loop
      vertex 7.05372 4.02626 9
      vertex 9.63387 4.79999 9
      vertex 7.2013 4.19454 9
    endloop
  endfacet
  facet normal 0 0 1
    outer loop
      vertex 7.01635 3.98365 9
      vertex 9.63387 4.79999 9
      vertex 7.05372 4.02626 9
    endloop
  endfacet
  facet normal 0 0 1
    outer loop
      vertex 6.97373 3.94627 9
      vertex 9.63387 4.79999 9
      vertex 7.01635 3.98365 9
    endloop
  endfacet
  facet normal 0 0 1
    outer loop
      vertex 6.80545 3.7987 9
      vertex 9.63387 4.79999 9
      vertex 6.97373 3.94627 9
    endloop
  endfacet
  facet normal 0 0 1
    outer loop
      vertex 9.63387 4.79999 9
      vertex 6.80545 3.7987 9
      vertex 5 0 9
    endloop
  endfacet
  facet normal 0 0 1
    outer loop
      vertex 5 0 9
      vertex 6.80545 3.7987 9
      vertex 6.75832 3.76721 9
    endloop
  endfacet
  facet normal 0 0 1
    outer loop
      vertex 5 0 9
      vertex 6.75832 3.76721 9
      vertex 6.57222 3.64286 9
    endloop
  endfacet
  facet normal 0 0 1
    outer loop
      vertex 5 0 9
      vertex 6.57222 3.64286 9
      vertex 6.37148 3.54386 9
    endloop
  endfacet
  facet normal 0 0 1
    outer loop
      vertex 5 0 9
      vertex 6.37148 3.54386 9
      vertex 6.32064 3.51879 9
    endloop
  endfacet
  facet normal 0 0 1
    outer loop
      vertex 5 0 9
      vertex 6.32064 3.51879 9
      vertex 6.26697 3.50057 9
    endloop
  endfacet
  facet normal 0 0 1
    outer loop
      vertex 5 0 9
      vertex 6.26697 3.50057 9
      vertex 6.05502 3.42863 9
    endloop
  endfacet
  facet normal 0 0 1
    outer loop
      vertex 5 0 9
      vertex 6.05502 3.42863 9
      vertex 5.99943 3.41757 9
    endloop
  endfacet
  facet normal 0 0 1
    outer loop
      vertex 5 0 9
      vertex 5.99943 3.41757 9
      vertex 5.77991 3.3739 9
    endloop
  endfacet
  facet normal 0 0 1
    outer loop
      vertex 5 0 9
      vertex 5.77991 3.3739 9
      vertex 5.55656 3.35926 9
    endloop
  endfacet
  facet normal 0 0 1
    outer loop
      vertex 5 0 9
      vertex 5.55656 3.35926 9
      vertex 5.5 3.35555 9
    endloop
  endfacet
  facet normal 0 0 1
    outer loop
      vertex 9.63387 4.79999 9
      vertex 5 0 9
      vertex 96 0 9
    endloop
  endfacet
  facet normal 0 0 1
    outer loop
      vertex 5.44344 3.35926 9
      vertex 5 0 9
      vertex 5.5 3.35555 9
    endloop
  endfacet
  facet normal 0 0 1
    outer loop
      vertex 5.22009 3.3739 9
      vertex 5 0 9
      vertex 5.44344 3.35926 9
    endloop
  endfacet
  facet normal 0 0 1
    outer loop
      vertex 5.00057 3.41757 9
      vertex 5 0 9
      vertex 5.22009 3.3739 9
    endloop
  endfacet
  facet normal 0 0 1
    outer loop
      vertex 4.34737 0.0427704 9
      vertex 5.00057 3.41757 9
      vertex 4.94498 3.42863 9
    endloop
  endfacet
  facet normal 0 0 1
    outer loop
      vertex 3.7059 0.170364 9
      vertex 4.94498 3.42863 9
      vertex 4.73303 3.50057 9
    endloop
  endfacet
  facet normal 0 0 1
    outer loop
      vertex 3.7059 0.170364 9
      vertex 4.73303 3.50057 9
      vertex 4.67936 3.51879 9
    endloop
  endfacet
  facet normal 0 0 1
    outer loop
      vertex 3.08658 0.3806 9
      vertex 4.67936 3.51879 9
      vertex 4.62852 3.54386 9
    endloop
  endfacet
  facet normal 0 0 1
    outer loop
      vertex 3.08658 0.3806 9
      vertex 4.62852 3.54386 9
      vertex 4.42778 3.64286 9
    endloop
  endfacet
  facet normal 0 0 1
    outer loop
      vertex 5.00057 3.41757 9
      vertex 4.34737 0.0427704 9
      vertex 5 0 9
    endloop
  endfacet
  facet normal 0 0 1
    outer loop
      vertex 2.5 0.669861 9
      vertex 4.42778 3.64286 9
      vertex 4.24167 3.76721 9
    endloop
  endfacet
  facet normal 0 0 1
    outer loop
      vertex 2.5 0.669861 9
      vertex 4.24167 3.76721 9
      vertex 4.19454 3.7987 9
    endloop
  endfacet
  facet normal 0 0 1
    outer loop
      vertex 1.95619 1.03322 9
      vertex 4.19454 3.7987 9
      vertex 4.02626 3.94627 9
    endloop
  endfacet
  facet normal 0 0 1
    outer loop
      vertex 1.46446 1.46446 9
      vertex 4.02626 3.94627 9
      vertex 3.98365 3.98365 9
    endloop
  endfacet
  facet normal 0 0 1
    outer loop
      vertex 1.46446 1.46446 9
      vertex 3.98365 3.98365 9
      vertex 3.94627 4.02626 9
    endloop
  endfacet
  facet normal 0 0 1
    outer loop
      vertex 1.03322 1.95619 9
      vertex 3.94627 4.02626 9
      vertex 3.7987 4.19454 9
    endloop
  endfacet
  facet normal 0 0 1
    outer loop
      vertex 0.669861 2.5 9
      vertex 3.7987 4.19454 9
      vertex 3.76721 4.24167 9
    endloop
  endfacet
  facet normal 0 0 1
    outer loop
      vertex 4.94498 3.42863 9
      vertex 3.7059 0.170364 9
      vertex 4.34737 0.0427704 9
    endloop
  endfacet
  facet normal 0 0 1
    outer loop
      vertex 0.669861 2.5 9
      vertex 3.76721 4.24167 9
      vertex 3.64286 4.42778 9
    endloop
  endfacet
  facet normal 0 0 1
    outer loop
      vertex 0.3806 3.08658 9
      vertex 3.64286 4.42778 9
      vertex 3.54386 4.62852 9
    endloop
  endfacet
  facet normal 0 0 1
    outer loop
      vertex 0.3806 3.08658 9
      vertex 3.54386 4.62852 9
      vertex 3.51879 4.67936 9
    endloop
  endfacet
  facet normal 0 0 1
    outer loop
      vertex 0.170364 3.7059 9
      vertex 3.51879 4.67936 9
      vertex 3.50057 4.73303 9
    endloop
  endfacet
  facet normal 0 0 1
    outer loop
      vertex 0.170364 3.7059 9
      vertex 3.50057 4.73303 9
      vertex 3.42863 4.94498 9
    endloop
  endfacet
  facet normal 0 0 1
    outer loop
      vertex 0.0427704 4.34737 9
      vertex 3.42863 4.94498 9
      vertex 3.41757 5.00057 9
    endloop
  endfacet
  facet normal 0 0 1
    outer loop
      vertex 0.0427704 4.34737 9
      vertex 3.41757 5.00057 9
      vertex 3.3739 5.22009 9
    endloop
  endfacet
  facet normal 0 0 1
    outer loop
      vertex 4.67936 3.51879 9
      vertex 3.08658 0.3806 9
      vertex 3.7059 0.170364 9
    endloop
  endfacet
  facet normal 0 0 1
    outer loop
      vertex 0 5 9
      vertex 3.3739 5.22009 9
      vertex 3.35926 5.44344 9
    endloop
  endfacet
  facet normal 0 0 1
    outer loop
      vertex 0 5 9
      vertex 3.35926 5.44344 9
      vertex 3.35555 5.5 9
    endloop
  endfacet
  facet normal 0 0 1
    outer loop
      vertex 111.5 0 9
      vertex 110 4.4 9
      vertex 110 0 9
    endloop
  endfacet
  facet normal -0 0 1
    outer loop
      vertex 4.95179 9.66407 9
      vertex 5.4 7.78832 9
      vertex 5.4 9.69345 9
    endloop
  endfacet
  facet normal -0 0 1
    outer loop
      vertex 4.79999 9.63387 9
      vertex 5.4 7.78832 9
      vertex 4.95179 9.66407 9
    endloop
  endfacet
  facet normal 0 -0 1
    outer loop
      vertex 4.94498 7.57137 9
      vertex 5.4 7.78832 9
      vertex 4.79999 9.63387 9
    endloop
  endfacet
  facet normal 0 0 1
    outer loop
      vertex 5.4 7.78832 9
      vertex 5.00057 7.58243 9
      vertex 5.22009 7.6261 9
    endloop
  endfacet
  facet normal 0 0 1
    outer loop
      vertex 5.4 7.78832 9
      vertex 4.94498 7.57137 9
      vertex 5.00057 7.58243 9
    endloop
  endfacet
  facet normal 0 0 1
    outer loop
      vertex 4.79999 9.63387 9
      vertex 4.73303 7.49943 9
      vertex 4.94498 7.57137 9
    endloop
  endfacet
  facet normal 0 0 1
    outer loop
      vertex 4.79999 110.366 9
      vertex 4.4 73.7 9
      vertex 4.79999 9.63387 9
    endloop
  endfacet
  facet normal 0 0 1
    outer loop
      vertex 4.62852 112.544 9
      vertex 4.79999 110.366 9
      vertex 4.67936 112.519 9
    endloop
  endfacet
  facet normal -0 0 1
    outer loop
      vertex 4.4 48.7 9
      vertex 4.79999 9.63387 9
      vertex 4.4 73.7 9
    endloop
  endfacet
  facet normal 0 0 1
    outer loop
      vertex 4.42778 112.643 9
      vertex 4.79999 110.366 9
      vertex 4.62852 112.544 9
    endloop
  endfacet
  facet normal -0 0 1
    outer loop
      vertex 0 48.7 9
      vertex 4.79999 9.63387 9
      vertex 4.4 48.7 9
    endloop
  endfacet
  facet normal 0 0 1
    outer loop
      vertex 4.24167 112.767 9
      vertex 4.79999 110.366 9
      vertex 4.42778 112.643 9
    endloop
  endfacet
  facet normal 0 0 1
    outer loop
      vertex 0 5 9
      vertex 4.79999 9.63387 9
      vertex 0 48.7 9
    endloop
  endfacet
  facet normal 0 0 1
    outer loop
      vertex 4.79999 9.63387 9
      vertex 4.67936 7.48121 9
      vertex 4.73303 7.49943 9
    endloop
  endfacet
  facet normal 0 0 1
    outer loop
      vertex 4.19454 112.799 9
      vertex 4.79999 110.366 9
      vertex 4.24167 112.767 9
    endloop
  endfacet
  facet normal 0 0 1
    outer loop
      vertex 4.02626 112.946 9
      vertex 4.79999 110.366 9
      vertex 4.19454 112.799 9
    endloop
  endfacet
  facet normal 0 0 1
    outer loop
      vertex 3.98365 112.984 9
      vertex 4.79999 110.366 9
      vertex 4.02626 112.946 9
    endloop
  endfacet
  facet normal 0 0 1
    outer loop
      vertex 3.94627 113.026 9
      vertex 4.79999 110.366 9
      vertex 3.98365 112.984 9
    endloop
  endfacet
  facet normal 0 0 1
    outer loop
      vertex 3.7987 113.195 9
      vertex 4.79999 110.366 9
      vertex 3.94627 113.026 9
    endloop
  endfacet
  facet normal 0 0 1
    outer loop
      vertex 4.79999 110.366 9
      vertex 3.7987 113.195 9
      vertex 0 115 9
    endloop
  endfacet
  facet normal 0 0 1
    outer loop
      vertex 0 115 9
      vertex 3.7987 113.195 9
      vertex 3.76721 113.242 9
    endloop
  endfacet
  facet normal 0 0 1
    outer loop
      vertex 0 115 9
      vertex 3.76721 113.242 9
      vertex 3.64286 113.428 9
    endloop
  endfacet
  facet normal 0 0 1
    outer loop
      vertex 0 115 9
      vertex 3.64286 113.428 9
      vertex 3.54386 113.629 9
    endloop
  endfacet
  facet normal 0 0 1
    outer loop
      vertex 0 115 9
      vertex 3.54386 113.629 9
      vertex 3.51879 113.679 9
    endloop
  endfacet
  facet normal 0 0 1
    outer loop
      vertex 0 115 9
      vertex 3.51879 113.679 9
      vertex 3.50057 113.733 9
    endloop
  endfacet
  facet normal 0 0 1
    outer loop
      vertex 0 115 9
      vertex 3.50057 113.733 9
      vertex 3.42863 113.945 9
    endloop
  endfacet
  facet normal 0 0 1
    outer loop
      vertex 0 115 9
      vertex 3.42863 113.945 9
      vertex 3.41757 114.001 9
    endloop
  endfacet
  facet normal 0 0 1
    outer loop
      vertex 0 115 9
      vertex 3.41757 114.001 9
      vertex 3.3739 114.22 9
    endloop
  endfacet
  facet normal 0 0 1
    outer loop
      vertex 0 115 9
      vertex 3.3739 114.22 9
      vertex 3.35926 114.443 9
    endloop
  endfacet
  facet normal 0 0 1
    outer loop
      vertex 0 115 9
      vertex 3.35926 114.443 9
      vertex 3.35555 114.5 9
    endloop
  endfacet
  facet normal -0 0 1
    outer loop
      vertex 0.170364 116.294 9
      vertex 3.51879 115.321 9
      vertex 0.3806 116.913 9
    endloop
  endfacet
  facet normal 0 0 1
    outer loop
      vertex 3.51879 115.321 9
      vertex 0.170364 116.294 9
      vertex 3.50057 115.267 9
    endloop
  endfacet
  facet normal 0 0 1
    outer loop
      vertex 3.50057 115.267 9
      vertex 0.170364 116.294 9
      vertex 3.42863 115.055 9
    endloop
  endfacet
  facet normal -0 0 1
    outer loop
      vertex 0.0427704 115.653 9
      vertex 3.42863 115.055 9
      vertex 0.170364 116.294 9
    endloop
  endfacet
  facet normal 0 0 1
    outer loop
      vertex 3.42863 115.055 9
      vertex 0.0427704 115.653 9
      vertex 3.41757 114.999 9
    endloop
  endfacet
  facet normal 0 0 1
    outer loop
      vertex 3.41757 114.999 9
      vertex 0.0427704 115.653 9
      vertex 3.3739 114.78 9
    endloop
  endfacet
  facet normal -0 0 1
    outer loop
      vertex 0 115 9
      vertex 3.3739 114.78 9
      vertex 0.0427704 115.653 9
    endloop
  endfacet
  facet normal 0 0 1
    outer loop
      vertex 3.3739 114.78 9
      vertex 0 115 9
      vertex 3.35926 114.557 9
    endloop
  endfacet
  facet normal 0 0 1
    outer loop
      vertex 3.35926 114.557 9
      vertex 0 115 9
      vertex 3.35555 114.5 9
    endloop
  endfacet
  facet normal 0 0 1
    outer loop
      vertex 4.79999 110.366 9
      vertex 0 115 9
      vertex 0 73.7 9
    endloop
  endfacet
  facet normal 0 0 1
    outer loop
      vertex 4.79999 110.366 9
      vertex 0 73.7 9
      vertex 4.4 73.7 9
    endloop
  endfacet
  facet normal 0 0 1
    outer loop
      vertex 5.40981 7.63853 9
      vertex 5.4 7.78832 9
      vertex 5.22009 7.6261 9
    endloop
  endfacet
  facet normal 0 0 1
    outer loop
      vertex 4.79999 9.63387 9
      vertex 4.62852 7.45614 9
      vertex 4.67936 7.48121 9
    endloop
  endfacet
  facet normal 0 0 1
    outer loop
      vertex 4.79999 9.63387 9
      vertex 4.42778 7.35714 9
      vertex 4.62852 7.45614 9
    endloop
  endfacet
  facet normal 0 0 1
    outer loop
      vertex 4.79999 9.63387 9
      vertex 4.24167 7.23279 9
      vertex 4.42778 7.35714 9
    endloop
  endfacet
  facet normal 0 0 1
    outer loop
      vertex 4.79999 9.63387 9
      vertex 4.19454 7.2013 9
      vertex 4.24167 7.23279 9
    endloop
  endfacet
  facet normal 0 -0 1
    outer loop
      vertex 3.7987 6.80545 9
      vertex 4.79999 9.63387 9
      vertex 0 5 9
    endloop
  endfacet
  facet normal 0 0 1
    outer loop
      vertex 4.79999 9.63387 9
      vertex 4.02626 7.05372 9
      vertex 4.19454 7.2013 9
    endloop
  endfacet
  facet normal 0 0 1
    outer loop
      vertex 4.79999 9.63387 9
      vertex 3.98365 7.01635 9
      vertex 4.02626 7.05372 9
    endloop
  endfacet
  facet normal 0 0 1
    outer loop
      vertex 4.79999 9.63387 9
      vertex 3.94627 6.97373 9
      vertex 3.98365 7.01635 9
    endloop
  endfacet
  facet normal 0 0 1
    outer loop
      vertex 4.79999 9.63387 9
      vertex 3.7987 6.80545 9
      vertex 3.94627 6.97373 9
    endloop
  endfacet
  facet normal 0 0 1
    outer loop
      vertex 3.7987 6.80545 9
      vertex 0 5 9
      vertex 3.76721 6.75832 9
    endloop
  endfacet
  facet normal 0 0 1
    outer loop
      vertex 3.76721 6.75832 9
      vertex 0 5 9
      vertex 3.64286 6.57222 9
    endloop
  endfacet
  facet normal 0 0 1
    outer loop
      vertex 3.64286 6.57222 9
      vertex 0 5 9
      vertex 3.54386 6.37148 9
    endloop
  endfacet
  facet normal 0 0 1
    outer loop
      vertex 3.54386 6.37148 9
      vertex 0 5 9
      vertex 3.51879 6.32064 9
    endloop
  endfacet
  facet normal 0 0 1
    outer loop
      vertex 3.51879 6.32064 9
      vertex 0 5 9
      vertex 3.50057 6.26697 9
    endloop
  endfacet
  facet normal 0 0 1
    outer loop
      vertex 3.50057 6.26697 9
      vertex 0 5 9
      vertex 3.42863 6.05502 9
    endloop
  endfacet
  facet normal 0 0 1
    outer loop
      vertex 3.42863 6.05502 9
      vertex 0 5 9
      vertex 3.41757 5.99943 9
    endloop
  endfacet
  facet normal 0 0 1
    outer loop
      vertex 3.41757 5.99943 9
      vertex 0 5 9
      vertex 3.3739 5.77991 9
    endloop
  endfacet
  facet normal 0 0 1
    outer loop
      vertex 3.3739 5.77991 9
      vertex 0 5 9
      vertex 3.35926 5.55656 9
    endloop
  endfacet
  facet normal 0 0 1
    outer loop
      vertex 3.3739 5.22009 9
      vertex 0 5 9
      vertex 0.0427704 4.34737 9
    endloop
  endfacet
  facet normal 0 0 1
    outer loop
      vertex 4.42778 3.64286 9
      vertex 2.5 0.669861 9
      vertex 3.08658 0.3806 9
    endloop
  endfacet
  facet normal 0 0 1
    outer loop
      vertex 4.19454 3.7987 9
      vertex 1.95619 1.03322 9
      vertex 2.5 0.669861 9
    endloop
  endfacet
  facet normal 0 0 1
    outer loop
      vertex 4.02626 3.94627 9
      vertex 1.46446 1.46446 9
      vertex 1.95619 1.03322 9
    endloop
  endfacet
  facet normal 0 0 1
    outer loop
      vertex 3.94627 4.02626 9
      vertex 1.03322 1.95619 9
      vertex 1.46446 1.46446 9
    endloop
  endfacet
  facet normal 0 0 1
    outer loop
      vertex 3.7987 4.19454 9
      vertex 0.669861 2.5 9
      vertex 1.03322 1.95619 9
    endloop
  endfacet
  facet normal 0 0 1
    outer loop
      vertex 3.64286 4.42778 9
      vertex 0.3806 3.08658 9
      vertex 0.669861 2.5 9
    endloop
  endfacet
  facet normal 0 0 1
    outer loop
      vertex 3.51879 4.67936 9
      vertex 0.170364 3.7059 9
      vertex 0.3806 3.08658 9
    endloop
  endfacet
  facet normal 0 0 1
    outer loop
      vertex 3.35926 5.55656 9
      vertex 0 5 9
      vertex 3.35555 5.5 9
    endloop
  endfacet
  facet normal 0 0 1
    outer loop
      vertex 3.42863 4.94498 9
      vertex 0.0427704 4.34737 9
      vertex 0.170364 3.7059 9
    endloop
  endfacet
  facet normal 0 0 1
    outer loop
      vertex 9.66407 115.048 9
      vertex 9.66407 113.952 9
      vertex 9.7 114.5 9
    endloop
  endfacet
  facet normal 0 0 1
    outer loop
      vertex 9.55689 115.587 9
      vertex 9.66407 113.952 9
      vertex 9.66407 115.048 9
    endloop
  endfacet
  facet normal 0 0 1
    outer loop
      vertex 9.55689 115.587 9
      vertex 9.55689 113.413 9
      vertex 9.66407 113.952 9
    endloop
  endfacet
  facet normal 0 0 1
    outer loop
      vertex 9.38029 116.107 9
      vertex 9.55689 113.413 9
      vertex 9.55689 115.587 9
    endloop
  endfacet
  facet normal 0 0 1
    outer loop
      vertex 9.38029 116.107 9
      vertex 9.38029 112.893 9
      vertex 9.55689 113.413 9
    endloop
  endfacet
  facet normal 0 0 1
    outer loop
      vertex 9.13731 116.6 9
      vertex 9.38029 112.893 9
      vertex 9.38029 116.107 9
    endloop
  endfacet
  facet normal 0 0 1
    outer loop
      vertex 9.13731 116.6 9
      vertex 9.13731 112.4 9
      vertex 9.38029 112.893 9
    endloop
  endfacet
  facet normal 0 0 1
    outer loop
      vertex 8.83208 117.057 9
      vertex 9.13731 112.4 9
      vertex 9.13731 116.6 9
    endloop
  endfacet
  facet normal 0 0 1
    outer loop
      vertex 8.83208 117.057 9
      vertex 8.83208 111.943 9
      vertex 9.13731 112.4 9
    endloop
  endfacet
  facet normal 0 0 1
    outer loop
      vertex 8.46985 117.47 9
      vertex 8.83208 111.943 9
      vertex 8.83208 117.057 9
    endloop
  endfacet
  facet normal 0 0 1
    outer loop
      vertex 8.46985 117.47 9
      vertex 8.46985 111.53 9
      vertex 8.83208 111.943 9
    endloop
  endfacet
  facet normal 0 0 1
    outer loop
      vertex 7.79999 118.004 9
      vertex 8.46985 117.47 9
      vertex 8.0568 117.832 9
    endloop
  endfacet
  facet normal 0 0 1
    outer loop
      vertex 8.46985 117.47 9
      vertex 7.79999 118.004 9
      vertex 8.46985 111.53 9
    endloop
  endfacet
  facet normal 0 0 1
    outer loop
      vertex 7.79999 110.996 9
      vertex 8.46985 111.53 9
      vertex 7.79999 118.004 9
    endloop
  endfacet
  facet normal 0 0 1
    outer loop
      vertex 8.46985 111.53 9
      vertex 7.79999 110.996 9
      vertex 8.0568 111.168 9
    endloop
  endfacet
  facet normal 0 0 1
    outer loop
      vertex 147.47 8.46985 9
      vertex 148.004 7.79999 9
      vertex 147.832 8.0568 9
    endloop
  endfacet
  facet normal 0 0 1
    outer loop
      vertex 147.057 8.83208 9
      vertex 148.004 7.79999 9
      vertex 147.47 8.46985 9
    endloop
  endfacet
  facet normal 0 0 1
    outer loop
      vertex 146.6 9.13731 9
      vertex 148.004 7.79999 9
      vertex 147.057 8.83208 9
    endloop
  endfacet
  facet normal 0 0 1
    outer loop
      vertex 146.107 9.38029 9
      vertex 148.004 7.79999 9
      vertex 146.6 9.13731 9
    endloop
  endfacet
  facet normal 0 0 1
    outer loop
      vertex 145.587 9.55689 9
      vertex 148.004 7.79999 9
      vertex 146.107 9.38029 9
    endloop
  endfacet
  facet normal 0 0 1
    outer loop
      vertex 145.048 9.66407 9
      vertex 148.004 7.79999 9
      vertex 145.587 9.55689 9
    endloop
  endfacet
  facet normal 0 0 1
    outer loop
      vertex 144.5 9.7 9
      vertex 148.004 7.79999 9
      vertex 145.048 9.66407 9
    endloop
  endfacet
  facet normal -0 0 1
    outer loop
      vertex 143.952 9.66407 9
      vertex 148.004 7.79999 9
      vertex 144.5 9.7 9
    endloop
  endfacet
  facet normal -0 0 1
    outer loop
      vertex 143.413 9.55689 9
      vertex 148.004 7.79999 9
      vertex 143.952 9.66407 9
    endloop
  endfacet
  facet normal -0 0 1
    outer loop
      vertex 142.893 9.38029 9
      vertex 148.004 7.79999 9
      vertex 143.413 9.55689 9
    endloop
  endfacet
  facet normal -0 0 1
    outer loop
      vertex 142.4 9.13731 9
      vertex 148.004 7.79999 9
      vertex 142.893 9.38029 9
    endloop
  endfacet
  facet normal -0 0 1
    outer loop
      vertex 141.943 8.83208 9
      vertex 148.004 7.79999 9
      vertex 142.4 9.13731 9
    endloop
  endfacet
  facet normal -0 0 1
    outer loop
      vertex 141.53 8.46985 9
      vertex 148.004 7.79999 9
      vertex 141.943 8.83208 9
    endloop
  endfacet
  facet normal 0 0 1
    outer loop
      vertex 140.996 7.79999 9
      vertex 141.53 8.46985 9
      vertex 141.168 8.0568 9
    endloop
  endfacet
  facet normal 0 0 1
    outer loop
      vertex 141.53 8.46985 9
      vertex 140.996 7.79999 9
      vertex 148.004 7.79999 9
    endloop
  endfacet
  facet normal 1 0 0
    outer loop
      vertex 150 7.47848 9
      vertex 150 5 9
      vertex 150 7.47848 2.4
    endloop
  endfacet
  facet normal 1 0 0
    outer loop
      vertex 150 7.78838 2.4
      vertex 150 7.47848 2.4
      vertex 150 7.78838 2.3
    endloop
  endfacet
  facet normal 1 0 0
    outer loop
      vertex 150 9.02772 2.3
      vertex 150 115 2.4
      vertex 150 9.02772 2.4
    endloop
  endfacet
  facet normal 1 0 0
    outer loop
      vertex 150 115 2.4
      vertex 150 9.02772 2.3
      vertex 150 115 0
    endloop
  endfacet
  facet normal 1 0 0
    outer loop
      vertex 150 5 0
      vertex 150 9.02772 2.3
      vertex 150 7.78838 2.3
    endloop
  endfacet
  facet normal 1 0 0
    outer loop
      vertex 150 9.02772 2.3
      vertex 150 5 0
      vertex 150 115 0
    endloop
  endfacet
  facet normal 1 0 0
    outer loop
      vertex 150 7.47848 2.4
      vertex 150 5 0
      vertex 150 7.78838 2.3
    endloop
  endfacet
  facet normal 1 0 0
    outer loop
      vertex 150 5 0
      vertex 150 7.47848 2.4
      vertex 150 5 9
    endloop
  endfacet
  facet normal 0.0653583 -0.997862 0
    outer loop
      vertex 145 0 0
      vertex 145.653 0.0427704 9
      vertex 145 0 9
    endloop
  endfacet
  facet normal 0.0653583 -0.997862 0
    outer loop
      vertex 145.653 0.0427704 9
      vertex 145 0 0
      vertex 145.653 0.0427704 0
    endloop
  endfacet
  facet normal -0.997859 -0.0653952 0
    outer loop
      vertex 0.0427704 4.34737 0
      vertex 0 5 9
      vertex 0 5 0
    endloop
  endfacet
  facet normal -0.997859 -0.0653952 0
    outer loop
      vertex 0 5 9
      vertex 0.0427704 4.34737 0
      vertex 0.0427704 4.34737 9
    endloop
  endfacet
  facet normal -1 0 0
    outer loop
      vertex 0 115 0
      vertex 0 73.7 4.7
      vertex 0 115 9
    endloop
  endfacet
  facet normal -1 0 0
    outer loop
      vertex 0 115 0
      vertex 0 48.7 4.7
      vertex 0 73.7 4.7
    endloop
  endfacet
  facet normal -1 0 0
    outer loop
      vertex 0 5 0
      vertex 0 48.7 4.7
      vertex 0 115 0
    endloop
  endfacet
  facet normal -1 0 0
    outer loop
      vertex 0 5 9
      vertex 0 48.7 4.7
      vertex 0 5 0
    endloop
  endfacet
  facet normal -1 0 0
    outer loop
      vertex 0 48.7 4.7
      vertex 0 5 9
      vertex 0 48.7 9
    endloop
  endfacet
  facet normal -1 -0 0
    outer loop
      vertex 0 115 9
      vertex 0 73.7 4.7
      vertex 0 73.7 9
    endloop
  endfacet
  facet normal -0.659142 0.752018 0
    outer loop
      vertex 1.95619 118.967 0
      vertex 1.46446 118.536 9
      vertex 1.95619 118.967 9
    endloop
  endfacet
  facet normal -0.659142 0.752018 0
    outer loop
      vertex 1.46446 118.536 9
      vertex 1.95619 118.967 0
      vertex 1.46446 118.536 0
    endloop
  endfacet
  facet normal 0.946521 0.322643 0
    outer loop
      vertex 149.83 116.294 2.4
      vertex 149.619 116.913 0
      vertex 149.619 116.913 2.4
    endloop
  endfacet
  facet normal 0.946521 0.322643 0
    outer loop
      vertex 149.619 116.913 0
      vertex 149.83 116.294 2.4
      vertex 149.83 116.294 0
    endloop
  endfacet
  facet normal 0.555053 0.831815 -0
    outer loop
      vertex 148.044 118.967 0
      vertex 147.5 119.33 2.4
      vertex 148.044 118.967 2.4
    endloop
  endfacet
  facet normal 0.555053 0.831815 0
    outer loop
      vertex 147.5 119.33 2.4
      vertex 148.044 118.967 0
      vertex 147.5 119.33 0
    endloop
  endfacet
  facet normal -0.0657447 0.997836 0
    outer loop
      vertex 5 120 0
      vertex 4.34737 119.957 9
      vertex 5 120 9
    endloop
  endfacet
  facet normal -0.0657447 0.997836 0
    outer loop
      vertex 4.34737 119.957 9
      vertex 5 120 0
      vertex 4.34737 119.957 0
    endloop
  endfacet
  facet normal 0 1 0
    outer loop
      vertex 145 120 2.4
      vertex 9.02772 120 2.3
      vertex 9.02772 120 2.4
    endloop
  endfacet
  facet normal 0 1 0
    outer loop
      vertex 5 120 0
      vertex 9.02772 120 2.3
      vertex 145 120 0
    endloop
  endfacet
  facet normal 0 1 -0
    outer loop
      vertex 145 120 0
      vertex 9.02772 120 2.3
      vertex 145 120 2.4
    endloop
  endfacet
  facet normal 0 1 0
    outer loop
      vertex 7.78838 120 2.4
      vertex 7.78838 120 2.3
      vertex 7.47848 120 2.4
    endloop
  endfacet
  facet normal 0 1 -0
    outer loop
      vertex 7.47848 120 2.4
      vertex 5 120 9
      vertex 7.47848 120 9
    endloop
  endfacet
  facet normal 0 1 0
    outer loop
      vertex 7.47848 120 2.4
      vertex 5 120 0
      vertex 5 120 9
    endloop
  endfacet
  facet normal 0 1 0
    outer loop
      vertex 7.78838 120 2.3
      vertex 5 120 0
      vertex 7.47848 120 2.4
    endloop
  endfacet
  facet normal 0 1 0
    outer loop
      vertex 9.02772 120 2.3
      vertex 5 120 0
      vertex 7.78838 120 2.3
    endloop
  endfacet
  facet normal 0.980932 0.19435 0
    outer loop
      vertex 149.957 115.653 2.4
      vertex 149.83 116.294 0
      vertex 149.83 116.294 2.4
    endloop
  endfacet
  facet normal 0.980932 0.19435 0
    outer loop
      vertex 149.83 116.294 0
      vertex 149.957 115.653 2.4
      vertex 149.957 115.653 0
    endloop
  endfacet
  facet normal -0.65935 -0.751836 0
    outer loop
      vertex 1.46446 1.46446 0
      vertex 1.95619 1.03322 9
      vertex 1.46446 1.46446 9
    endloop
  endfacet
  facet normal -0.65935 -0.751836 -0
    outer loop
      vertex 1.95619 1.03322 9
      vertex 1.46446 1.46446 0
      vertex 1.95619 1.03322 0
    endloop
  endfacet
  facet normal 0.897036 -0.441957 0
    outer loop
      vertex 149.33 2.5 9
      vertex 149.619 3.08658 0
      vertex 149.619 3.08658 9
    endloop
  endfacet
  facet normal 0.897036 -0.441957 0
    outer loop
      vertex 149.619 3.08658 0
      vertex 149.33 2.5 9
      vertex 149.33 2.5 0
    endloop
  endfacet
  facet normal -0.751836 -0.65935 0
    outer loop
      vertex 1.46446 1.46446 0
      vertex 1.03322 1.95619 9
      vertex 1.03322 1.95619 0
    endloop
  endfacet
  facet normal -0.751836 -0.65935 0
    outer loop
      vertex 1.03322 1.95619 9
      vertex 1.46446 1.46446 0
      vertex 1.46446 1.46446 9
    endloop
  endfacet
  facet normal -0.980759 0.195224 0
    outer loop
      vertex 0.0427704 115.653 0
      vertex 0.170364 116.294 9
      vertex 0.170364 116.294 0
    endloop
  endfacet
  facet normal -0.980759 0.195224 0
    outer loop
      vertex 0.170364 116.294 9
      vertex 0.0427704 115.653 0
      vertex 0.0427704 115.653 9
    endloop
  endfacet
  facet normal -0.946877 0.321596 0
    outer loop
      vertex 0.170364 116.294 0
      vertex 0.3806 116.913 9
      vertex 0.3806 116.913 0
    endloop
  endfacet
  facet normal -0.946877 0.321596 0
    outer loop
      vertex 0.3806 116.913 9
      vertex 0.170364 116.294 0
      vertex 0.170364 116.294 9
    endloop
  endfacet
  facet normal -0.831562 0.555433 0
    outer loop
      vertex 0.669861 117.5 0
      vertex 1.03322 118.044 9
      vertex 1.03322 118.044 0
    endloop
  endfacet
  facet normal -0.831562 0.555433 0
    outer loop
      vertex 1.03322 118.044 9
      vertex 0.669861 117.5 0
      vertex 0.669861 117.5 9
    endloop
  endfacet
  facet normal -0.752016 0.659145 0
    outer loop
      vertex 1.03322 118.044 0
      vertex 1.46446 118.536 9
      vertex 1.46446 118.536 0
    endloop
  endfacet
  facet normal -0.752016 0.659145 0
    outer loop
      vertex 1.46446 118.536 9
      vertex 1.03322 118.044 0
      vertex 1.03322 118.044 9
    endloop
  endfacet
  facet normal 0.831815 0.555053 0
    outer loop
      vertex 149.33 117.5 2.4
      vertex 148.967 118.044 0
      vertex 148.967 118.044 2.4
    endloop
  endfacet
  facet normal 0.831815 0.555053 0
    outer loop
      vertex 148.967 118.044 0
      vertex 149.33 117.5 2.4
      vertex 149.33 117.5 0
    endloop
  endfacet
  facet normal 0.897161 0.441703 0
    outer loop
      vertex 149.619 116.913 2.4
      vertex 149.33 117.5 0
      vertex 149.33 117.5 2.4
    endloop
  endfacet
  facet normal 0.897161 0.441703 0
    outer loop
      vertex 149.33 117.5 0
      vertex 149.619 116.913 2.4
      vertex 149.619 116.913 0
    endloop
  endfacet
  facet normal -0.194213 0.980959 0
    outer loop
      vertex 4.34737 119.957 0
      vertex 3.7059 119.83 9
      vertex 4.34737 119.957 9
    endloop
  endfacet
  facet normal -0.194213 0.980959 0
    outer loop
      vertex 3.7059 119.83 9
      vertex 4.34737 119.957 0
      vertex 3.7059 119.83 0
    endloop
  endfacet
  facet normal -0.896878 -0.442279 0
    outer loop
      vertex 0.669861 2.5 0
      vertex 0.3806 3.08658 9
      vertex 0.3806 3.08658 0
    endloop
  endfacet
  facet normal -0.896878 -0.442279 0
    outer loop
      vertex 0.3806 3.08658 9
      vertex 0.669861 2.5 0
      vertex 0.669861 2.5 9
    endloop
  endfacet
  facet normal -0.997862 0.0653583 0
    outer loop
      vertex 0 115 0
      vertex 0.0427704 115.653 9
      vertex 0.0427704 115.653 0
    endloop
  endfacet
  facet normal -0.997862 0.0653583 0
    outer loop
      vertex 0.0427704 115.653 9
      vertex 0 115 0
      vertex 0 115 9
    endloop
  endfacet
  facet normal -0.897003 0.442024 0
    outer loop
      vertex 0.3806 116.913 0
      vertex 0.669861 117.5 9
      vertex 0.669861 117.5 0
    endloop
  endfacet
  facet normal -0.897003 0.442024 0
    outer loop
      vertex 0.669861 117.5 9
      vertex 0.3806 116.913 0
      vertex 0.3806 116.913 9
    endloop
  endfacet
  facet normal 0.658937 0.752198 -0
    outer loop
      vertex 148.536 118.536 0
      vertex 148.044 118.967 2.4
      vertex 148.536 118.536 2.4
    endloop
  endfacet
  facet normal 0.658937 0.752198 0
    outer loop
      vertex 148.044 118.967 2.4
      vertex 148.536 118.536 0
      vertex 148.044 118.967 0
    endloop
  endfacet
  facet normal 0.752198 0.658937 0
    outer loop
      vertex 148.967 118.044 2.4
      vertex 148.536 118.536 0
      vertex 148.536 118.536 2.4
    endloop
  endfacet
  facet normal 0.752198 0.658937 0
    outer loop
      vertex 148.536 118.536 0
      vertex 148.967 118.044 2.4
      vertex 148.967 118.044 0
    endloop
  endfacet
  facet normal 0.322643 0.946521 -0
    outer loop
      vertex 146.913 119.619 0
      vertex 146.294 119.83 2.4
      vertex 146.913 119.619 2.4
    endloop
  endfacet
  facet normal 0.322643 0.946521 0
    outer loop
      vertex 146.294 119.83 2.4
      vertex 146.913 119.619 0
      vertex 146.294 119.83 0
    endloop
  endfacet
  facet normal 0.0657076 0.997839 -0
    outer loop
      vertex 145.653 119.957 0
      vertex 145 120 2.4
      vertex 145.653 119.957 2.4
    endloop
  endfacet
  facet normal 0.0657076 0.997839 0
    outer loop
      vertex 145 120 2.4
      vertex 145.653 119.957 0
      vertex 145 120 0
    endloop
  endfacet
  facet normal 0.19435 0.980932 -0
    outer loop
      vertex 146.294 119.83 0
      vertex 145.653 119.957 2.4
      vertex 146.294 119.83 2.4
    endloop
  endfacet
  facet normal 0.19435 0.980932 0
    outer loop
      vertex 145.653 119.957 2.4
      vertex 146.294 119.83 0
      vertex 145.653 119.957 0
    endloop
  endfacet
  facet normal -0.555187 0.831725 0
    outer loop
      vertex 2.5 119.33 0
      vertex 1.95619 118.967 9
      vertex 2.5 119.33 9
    endloop
  endfacet
  facet normal -0.555187 0.831725 0
    outer loop
      vertex 1.95619 118.967 9
      vertex 2.5 119.33 0
      vertex 1.95619 118.967 0
    endloop
  endfacet
  facet normal -0.831472 -0.555567 0
    outer loop
      vertex 1.03322 1.95619 0
      vertex 0.669861 2.5 9
      vertex 0.669861 2.5 0
    endloop
  endfacet
  facet normal -0.831472 -0.555567 0
    outer loop
      vertex 0.669861 2.5 9
      vertex 1.03322 1.95619 0
      vertex 1.03322 1.95619 9
    endloop
  endfacet
  facet normal -0.195086 -0.980786 0
    outer loop
      vertex 3.7059 0.170364 0
      vertex 4.34737 0.0427704 9
      vertex 3.7059 0.170364 9
    endloop
  endfacet
  facet normal -0.195086 -0.980786 -0
    outer loop
      vertex 4.34737 0.0427704 9
      vertex 3.7059 0.170364 0
      vertex 4.34737 0.0427704 0
    endloop
  endfacet
  facet normal 0.946572 -0.322493 0
    outer loop
      vertex 149.619 3.08658 9
      vertex 149.83 3.7059 0
      vertex 149.83 3.7059 9
    endloop
  endfacet
  facet normal 0.946572 -0.322493 0
    outer loop
      vertex 149.83 3.7059 0
      vertex 149.619 3.08658 9
      vertex 149.619 3.08658 0
    endloop
  endfacet
  facet normal 0.980959 -0.194213 0
    outer loop
      vertex 149.83 3.7059 9
      vertex 149.957 4.34737 0
      vertex 149.957 4.34737 9
    endloop
  endfacet
  facet normal 0.980959 -0.194213 0
    outer loop
      vertex 149.957 4.34737 0
      vertex 149.83 3.7059 9
      vertex 149.83 3.7059 0
    endloop
  endfacet
  facet normal 0.752018 -0.659142 0
    outer loop
      vertex 148.536 1.46446 9
      vertex 148.967 1.95619 0
      vertex 148.967 1.95619 9
    endloop
  endfacet
  facet normal 0.752018 -0.659142 0
    outer loop
      vertex 148.967 1.95619 0
      vertex 148.536 1.46446 9
      vertex 148.536 1.46446 0
    endloop
  endfacet
  facet normal 0.321596 -0.946877 0
    outer loop
      vertex 146.294 0.170364 0
      vertex 146.913 0.3806 9
      vertex 146.294 0.170364 9
    endloop
  endfacet
  facet normal 0.321596 -0.946877 0
    outer loop
      vertex 146.913 0.3806 9
      vertex 146.294 0.170364 0
      vertex 146.913 0.3806 0
    endloop
  endfacet
  facet normal 0.195224 -0.980759 0
    outer loop
      vertex 145.653 0.0427704 0
      vertex 146.294 0.170364 9
      vertex 145.653 0.0427704 9
    endloop
  endfacet
  facet normal 0.195224 -0.980759 0
    outer loop
      vertex 146.294 0.170364 9
      vertex 145.653 0.0427704 0
      vertex 146.294 0.170364 0
    endloop
  endfacet
  facet normal 0.555433 -0.831562 0
    outer loop
      vertex 147.5 0.669861 0
      vertex 148.044 1.03322 9
      vertex 147.5 0.669861 9
    endloop
  endfacet
  facet normal 0.555433 -0.831562 0
    outer loop
      vertex 148.044 1.03322 9
      vertex 147.5 0.669861 0
      vertex 148.044 1.03322 0
    endloop
  endfacet
  facet normal 0.441703 0.897161 -0
    outer loop
      vertex 147.5 119.33 0
      vertex 146.913 119.619 2.4
      vertex 147.5 119.33 2.4
    endloop
  endfacet
  facet normal 0.441703 0.897161 0
    outer loop
      vertex 146.913 119.619 2.4
      vertex 147.5 119.33 0
      vertex 146.913 119.619 0
    endloop
  endfacet
  facet normal -0.441957 0.897036 0
    outer loop
      vertex 3.08658 119.619 0
      vertex 2.5 119.33 9
      vertex 3.08658 119.619 9
    endloop
  endfacet
  facet normal -0.441957 0.897036 0
    outer loop
      vertex 2.5 119.33 9
      vertex 3.08658 119.619 0
      vertex 2.5 119.33 0
    endloop
  endfacet
  facet normal -0.322493 0.946572 0
    outer loop
      vertex 3.7059 119.83 0
      vertex 3.08658 119.619 9
      vertex 3.7059 119.83 9
    endloop
  endfacet
  facet normal -0.322493 0.946572 0
    outer loop
      vertex 3.08658 119.619 9
      vertex 3.7059 119.83 0
      vertex 3.08658 119.619 0
    endloop
  endfacet
  facet normal -0.0653952 -0.997859 0
    outer loop
      vertex 4.34737 0.0427704 0
      vertex 5 0 9
      vertex 4.34737 0.0427704 9
    endloop
  endfacet
  facet normal -0.0653952 -0.997859 -0
    outer loop
      vertex 5 0 9
      vertex 4.34737 0.0427704 0
      vertex 5 0 0
    endloop
  endfacet
  facet normal -0.555567 -0.831472 0
    outer loop
      vertex 1.95619 1.03322 0
      vertex 2.5 0.669861 9
      vertex 1.95619 1.03322 9
    endloop
  endfacet
  facet normal -0.555567 -0.831472 -0
    outer loop
      vertex 2.5 0.669861 9
      vertex 1.95619 1.03322 0
      vertex 2.5 0.669861 0
    endloop
  endfacet
  facet normal -0.442279 -0.896878 0
    outer loop
      vertex 2.5 0.669861 0
      vertex 3.08658 0.3806 9
      vertex 2.5 0.669861 9
    endloop
  endfacet
  facet normal -0.442279 -0.896878 -0
    outer loop
      vertex 3.08658 0.3806 9
      vertex 2.5 0.669861 0
      vertex 3.08658 0.3806 0
    endloop
  endfacet
  facet normal -0.321447 -0.946928 0
    outer loop
      vertex 3.08658 0.3806 0
      vertex 3.7059 0.170364 9
      vertex 3.08658 0.3806 9
    endloop
  endfacet
  facet normal -0.321447 -0.946928 -0
    outer loop
      vertex 3.7059 0.170364 9
      vertex 3.08658 0.3806 0
      vertex 3.7059 0.170364 0
    endloop
  endfacet
  facet normal 0.997836 -0.0657447 0
    outer loop
      vertex 149.957 4.34737 9
      vertex 150 5 0
      vertex 150 5 9
    endloop
  endfacet
  facet normal 0.997836 -0.0657447 0
    outer loop
      vertex 150 5 0
      vertex 149.957 4.34737 9
      vertex 149.957 4.34737 0
    endloop
  endfacet
  facet normal 0.831725 -0.555187 0
    outer loop
      vertex 148.967 1.95619 9
      vertex 149.33 2.5 0
      vertex 149.33 2.5 9
    endloop
  endfacet
  facet normal 0.831725 -0.555187 0
    outer loop
      vertex 149.33 2.5 0
      vertex 148.967 1.95619 9
      vertex 148.967 1.95619 0
    endloop
  endfacet
  facet normal 0.659145 -0.752016 0
    outer loop
      vertex 148.044 1.03322 0
      vertex 148.536 1.46446 9
      vertex 148.044 1.03322 9
    endloop
  endfacet
  facet normal 0.659145 -0.752016 0
    outer loop
      vertex 148.536 1.46446 9
      vertex 148.044 1.03322 0
      vertex 148.536 1.46446 0
    endloop
  endfacet
  facet normal 0.442024 -0.897003 0
    outer loop
      vertex 146.913 0.3806 0
      vertex 147.5 0.669861 9
      vertex 146.913 0.3806 9
    endloop
  endfacet
  facet normal 0.442024 -0.897003 0
    outer loop
      vertex 147.5 0.669861 9
      vertex 146.913 0.3806 0
      vertex 147.5 0.669861 0
    endloop
  endfacet
  facet normal 0.197294 -0.980344 0
    outer loop
      vertex 6.72843 119.906 2.4
      vertex 7.06135 119.973 9
      vertex 6.72843 119.906 9
    endloop
  endfacet
  facet normal 0.197294 -0.980344 0
    outer loop
      vertex 7.06135 119.973 9
      vertex 6.72843 119.906 2.4
      vertex 7.06135 119.973 2.4
    endloop
  endfacet
  facet normal -0.997912 0.0645929 0
    outer loop
      vertex 149.973 7.06135 2.4
      vertex 150 7.47848 9
      vertex 150 7.47848 2.4
    endloop
  endfacet
  facet normal -0.997912 0.0645929 0
    outer loop
      vertex 150 7.47848 9
      vertex 149.973 7.06135 2.4
      vertex 149.973 7.06135 9
    endloop
  endfacet
  facet normal 1 -0 0
    outer loop
      vertex 4.79999 9.63387 9
      vertex 4.79999 110.366 2.4
      vertex 4.79999 110.366 9
    endloop
  endfacet
  facet normal 1 0 0
    outer loop
      vertex 4.79999 110.366 2.4
      vertex 4.79999 9.63387 9
      vertex 4.79999 9.63387 2.4
    endloop
  endfacet
  facet normal 0 1 -0
    outer loop
      vertex 140.366 4.79999 2.4
      vertex 9.63387 4.79999 9
      vertex 140.366 4.79999 9
    endloop
  endfacet
  facet normal 0 1 0
    outer loop
      vertex 9.63387 4.79999 9
      vertex 140.366 4.79999 2.4
      vertex 9.63387 4.79999 2.4
    endloop
  endfacet
  facet normal 0.75159 -0.659631 0
    outer loop
      vertex 5.34136 118.98 9
      vertex 5.56516 119.235 2.4
      vertex 5.56516 119.235 9
    endloop
  endfacet
  facet normal 0.75159 -0.659631 0
    outer loop
      vertex 5.56516 119.235 2.4
      vertex 5.34136 118.98 9
      vertex 5.34136 118.98 2.4
    endloop
  endfacet
  facet normal -0 0 1
    outer loop
      vertex 7.47848 120 2.4
      vertex 7.40053 119.975 2.4
      vertex 7.78838 120 2.4
    endloop
  endfacet
  facet normal 0 0 1
    outer loop
      vertex 7.06135 119.973 2.4
      vertex 7.40053 119.975 2.4
      vertex 7.47848 120 2.4
    endloop
  endfacet
  facet normal 0 0 1
    outer loop
      vertex 7.40053 119.975 2.4
      vertex 7.06135 119.973 2.4
      vertex 7.10623 119.916 2.4
    endloop
  endfacet
  facet normal 0 0 1
    outer loop
      vertex 7.06135 119.973 2.4
      vertex 6.82205 119.82 2.4
      vertex 7.10623 119.916 2.4
    endloop
  endfacet
  facet normal -0 0 1
    outer loop
      vertex 6.72843 119.906 2.4
      vertex 6.82205 119.82 2.4
      vertex 7.06135 119.973 2.4
    endloop
  endfacet
  facet normal 0 0 1
    outer loop
      vertex 6.72843 119.906 2.4
      vertex 6.55291 119.687 2.4
      vertex 6.82205 119.82 2.4
    endloop
  endfacet
  facet normal -0 0 1
    outer loop
      vertex 6.40703 119.797 2.4
      vertex 6.55291 119.687 2.4
      vertex 6.72843 119.906 2.4
    endloop
  endfacet
  facet normal 0 0 1
    outer loop
      vertex 6.40703 119.797 2.4
      vertex 6.30339 119.52 2.4
      vertex 6.55291 119.687 2.4
    endloop
  endfacet
  facet normal -0 0 1
    outer loop
      vertex 6.10248 119.647 2.4
      vertex 6.30339 119.52 2.4
      vertex 6.40703 119.797 2.4
    endloop
  endfacet
  facet normal 0 0 1
    outer loop
      vertex 6.10248 119.647 2.4
      vertex 6.07775 119.322 2.4
      vertex 6.30339 119.52 2.4
    endloop
  endfacet
  facet normal -0 0 1
    outer loop
      vertex 5.82035 119.459 2.4
      vertex 6.07775 119.322 2.4
      vertex 6.10248 119.647 2.4
    endloop
  endfacet
  facet normal 0 0 1
    outer loop
      vertex 6.07775 119.322 2.4
      vertex 5.82035 119.459 2.4
      vertex 5.87981 119.097 2.4
    endloop
  endfacet
  facet normal -0 0 1
    outer loop
      vertex 5.56516 119.235 2.4
      vertex 5.87981 119.097 2.4
      vertex 5.82035 119.459 2.4
    endloop
  endfacet
  facet normal 0 0 1
    outer loop
      vertex 5.87981 119.097 2.4
      vertex 5.56516 119.235 2.4
      vertex 5.71317 118.847 2.4
    endloop
  endfacet
  facet normal -0 0 1
    outer loop
      vertex 5.34136 118.98 2.4
      vertex 5.71317 118.847 2.4
      vertex 5.56516 119.235 2.4
    endloop
  endfacet
  facet normal 0 -0 1
    outer loop
      vertex 5.5 118.7 2.4
      vertex 5.71317 118.847 2.4
      vertex 5.34136 118.98 2.4
    endloop
  endfacet
  facet normal 0 0 1
    outer loop
      vertex 5.71317 118.847 2.4
      vertex 5.5 118.7 2.4
      vertex 5.6362 118.691 2.4
    endloop
  endfacet
  facet normal 0 0 1
    outer loop
      vertex 5.15276 118.697 2.4
      vertex 5.5 118.7 2.4
      vertex 5.34136 118.98 2.4
    endloop
  endfacet
  facet normal 0 0 1
    outer loop
      vertex 5.5 118.7 2.4
      vertex 5.15276 118.697 2.4
      vertex 5.14249 118.677 2.4
    endloop
  endfacet
  facet normal 0 0 1
    outer loop
      vertex 148.847 5.71317 2.4
      vertex 148.691 5.6362 2.4
      vertex 148.7 5.5 2.4
    endloop
  endfacet
  facet normal 0 0 1
    outer loop
      vertex 149.975 7.40053 2.4
      vertex 150 7.47848 2.4
      vertex 150 7.78838 2.4
    endloop
  endfacet
  facet normal -0 0 1
    outer loop
      vertex 149.975 7.40053 2.4
      vertex 149.973 7.06135 2.4
      vertex 150 7.47848 2.4
    endloop
  endfacet
  facet normal -0 0 1
    outer loop
      vertex 149.916 7.10623 2.4
      vertex 149.973 7.06135 2.4
      vertex 149.975 7.40053 2.4
    endloop
  endfacet
  facet normal 0 0 1
    outer loop
      vertex 149.82 6.82205 2.4
      vertex 149.973 7.06135 2.4
      vertex 149.916 7.10623 2.4
    endloop
  endfacet
  facet normal 0 0 1
    outer loop
      vertex 149.973 7.06135 2.4
      vertex 149.82 6.82205 2.4
      vertex 149.906 6.72843 2.4
    endloop
  endfacet
  facet normal 0 0 1
    outer loop
      vertex 149.687 6.55291 2.4
      vertex 149.906 6.72843 2.4
      vertex 149.82 6.82205 2.4
    endloop
  endfacet
  facet normal 0 0 1
    outer loop
      vertex 149.906 6.72843 2.4
      vertex 149.687 6.55291 2.4
      vertex 149.797 6.40703 2.4
    endloop
  endfacet
  facet normal 0 0 1
    outer loop
      vertex 149.52 6.30339 2.4
      vertex 149.797 6.40703 2.4
      vertex 149.687 6.55291 2.4
    endloop
  endfacet
  facet normal 0 0 1
    outer loop
      vertex 149.797 6.40703 2.4
      vertex 149.52 6.30339 2.4
      vertex 149.647 6.10248 2.4
    endloop
  endfacet
  facet normal 0 0 1
    outer loop
      vertex 149.322 6.07775 2.4
      vertex 149.647 6.10248 2.4
      vertex 149.52 6.30339 2.4
    endloop
  endfacet
  facet normal 0 0 1
    outer loop
      vertex 149.647 6.10248 2.4
      vertex 149.322 6.07775 2.4
      vertex 149.459 5.82035 2.4
    endloop
  endfacet
  facet normal -0 0 1
    outer loop
      vertex 149.097 5.87981 2.4
      vertex 149.459 5.82035 2.4
      vertex 149.322 6.07775 2.4
    endloop
  endfacet
  facet normal 0 0 1
    outer loop
      vertex 149.459 5.82035 2.4
      vertex 149.097 5.87981 2.4
      vertex 149.235 5.56516 2.4
    endloop
  endfacet
  facet normal -0 0 1
    outer loop
      vertex 148.847 5.71317 2.4
      vertex 149.235 5.56516 2.4
      vertex 149.097 5.87981 2.4
    endloop
  endfacet
  facet normal 0 0 1
    outer loop
      vertex 149.235 5.56516 2.4
      vertex 148.847 5.71317 2.4
      vertex 148.98 5.34136 2.4
    endloop
  endfacet
  facet normal -0 0 1
    outer loop
      vertex 148.7 5.5 2.4
      vertex 148.98 5.34136 2.4
      vertex 148.847 5.71317 2.4
    endloop
  endfacet
  facet normal 0 0 1
    outer loop
      vertex 148.7 5.5 2.4
      vertex 148.697 5.15276 2.4
      vertex 148.98 5.34136 2.4
    endloop
  endfacet
  facet normal 0 -0 1
    outer loop
      vertex 148.697 5.15276 2.4
      vertex 148.7 5.5 2.4
      vertex 148.677 5.14249 2.4
    endloop
  endfacet
  facet normal -0 0 1
    outer loop
      vertex 15.3394 102.766 2.4
      vertex 40.7216 61.666 2.4
      vertex 15.75 102.969 2.4
    endloop
  endfacet
  facet normal 0 0 1
    outer loop
      vertex 39.9 60 2.4
      vertex 17.4701 14.4568 2.4
      vertex 17.5 14 2.4
    endloop
  endfacet
  facet normal 0 0 1
    outer loop
      vertex 40.7216 61.666 2.4
      vertex 15.3394 102.766 2.4
      vertex 40.5151 61.4849 2.4
    endloop
  endfacet
  facet normal 0 0 1
    outer loop
      vertex 39.9 60 2.4
      vertex 17.3807 14.9059 2.4
      vertex 17.4701 14.4568 2.4
    endloop
  endfacet
  facet normal -0 0 1
    outer loop
      vertex 14.9059 102.619 2.4
      vertex 40.5151 61.4849 2.4
      vertex 15.3394 102.766 2.4
    endloop
  endfacet
  facet normal 0 0 1
    outer loop
      vertex 39.9 60 2.4
      vertex 17.2336 15.3394 2.4
      vertex 17.3807 14.9059 2.4
    endloop
  endfacet
  facet normal 0 0 1
    outer loop
      vertex 40.5151 61.4849 2.4
      vertex 14.9059 102.619 2.4
      vertex 40.334 61.2784 2.4
    endloop
  endfacet
  facet normal 0 0 1
    outer loop
      vertex 39.9 60 2.4
      vertex 17.0311 15.75 2.4
      vertex 17.2336 15.3394 2.4
    endloop
  endfacet
  facet normal -0 0 1
    outer loop
      vertex 14.4568 102.53 2.4
      vertex 40.334 61.2784 2.4
      vertex 14.9059 102.619 2.4
    endloop
  endfacet
  facet normal 0 0 1
    outer loop
      vertex 39.9 60 2.4
      vertex 16.7767 16.1307 2.4
      vertex 17.0311 15.75 2.4
    endloop
  endfacet
  facet normal 0 0 1
    outer loop
      vertex 40.334 61.2784 2.4
      vertex 14.4568 102.53 2.4
      vertex 40.1813 61.05 2.4
    endloop
  endfacet
  facet normal 0 0 1
    outer loop
      vertex 39.9 60 2.4
      vertex 16.4749 16.4749 2.4
      vertex 16.7767 16.1307 2.4
    endloop
  endfacet
  facet normal -0 0 1
    outer loop
      vertex 14 102.5 2.4
      vertex 40.1813 61.05 2.4
      vertex 14.4568 102.53 2.4
    endloop
  endfacet
  facet normal 0 0 1
    outer loop
      vertex 39.9 60 2.4
      vertex 16.1307 16.7767 2.4
      vertex 16.4749 16.4749 2.4
    endloop
  endfacet
  facet normal 0 0 1
    outer loop
      vertex 40.1813 61.05 2.4
      vertex 14 102.5 2.4
      vertex 40.0599 60.8036 2.4
    endloop
  endfacet
  facet normal 0 0 1
    outer loop
      vertex 39.9 60 2.4
      vertex 15.75 17.0311 2.4
      vertex 16.1307 16.7767 2.4
    endloop
  endfacet
  facet normal 0 0 1
    outer loop
      vertex 13.5432 102.53 2.4
      vertex 40.0599 60.8036 2.4
      vertex 14 102.5 2.4
    endloop
  endfacet
  facet normal 0 0 1
    outer loop
      vertex 39.9 60 2.4
      vertex 15.3394 17.2336 2.4
      vertex 15.75 17.0311 2.4
    endloop
  endfacet
  facet normal 0 0 1
    outer loop
      vertex 40.0599 60.8036 2.4
      vertex 13.5432 102.53 2.4
      vertex 39.9716 60.5435 2.4
    endloop
  endfacet
  facet normal 0 0 1
    outer loop
      vertex 39.9 60 2.4
      vertex 14.9059 17.3807 2.4
      vertex 15.3394 17.2336 2.4
    endloop
  endfacet
  facet normal 0 0 1
    outer loop
      vertex 13.0941 102.619 2.4
      vertex 39.9716 60.5435 2.4
      vertex 13.5432 102.53 2.4
    endloop
  endfacet
  facet normal 0 0 1
    outer loop
      vertex 39.9 60 2.4
      vertex 14.4568 17.4701 2.4
      vertex 14.9059 17.3807 2.4
    endloop
  endfacet
  facet normal 0 0 1
    outer loop
      vertex 39.9716 60.5435 2.4
      vertex 13.0941 102.619 2.4
      vertex 39.918 60.2741 2.4
    endloop
  endfacet
  facet normal 0 0 1
    outer loop
      vertex 39.9 60 2.4
      vertex 14 17.5 2.4
      vertex 14.4568 17.4701 2.4
    endloop
  endfacet
  facet normal 0 0 1
    outer loop
      vertex 12.6606 102.766 2.4
      vertex 39.918 60.2741 2.4
      vertex 13.0941 102.619 2.4
    endloop
  endfacet
  facet normal 0 0 1
    outer loop
      vertex 39.9 60 2.4
      vertex 13.5432 17.4701 2.4
      vertex 14 17.5 2.4
    endloop
  endfacet
  facet normal 0 0 1
    outer loop
      vertex 39.918 60.2741 2.4
      vertex 12.6606 102.766 2.4
      vertex 39.9 60 2.4
    endloop
  endfacet
  facet normal 0 0 1
    outer loop
      vertex 39.9 60 2.4
      vertex 13.0941 17.3807 2.4
      vertex 13.5432 17.4701 2.4
    endloop
  endfacet
  facet normal 0 0 1
    outer loop
      vertex 12.6606 17.2336 2.4
      vertex 39.9 60 2.4
      vertex 12.6606 102.766 2.4
    endloop
  endfacet
  facet normal 0 0 1
    outer loop
      vertex 39.9 60 2.4
      vertex 12.6606 17.2336 2.4
      vertex 13.0941 17.3807 2.4
    endloop
  endfacet
  facet normal 0 0 1
    outer loop
      vertex 12.25 102.969 2.4
      vertex 12.6606 17.2336 2.4
      vertex 12.6606 102.766 2.4
    endloop
  endfacet
  facet normal 0 0 1
    outer loop
      vertex 12.25 102.969 2.4
      vertex 12.25 17.0311 2.4
      vertex 12.6606 17.2336 2.4
    endloop
  endfacet
  facet normal 0 0 1
    outer loop
      vertex 11.8693 103.223 2.4
      vertex 12.25 17.0311 2.4
      vertex 12.25 102.969 2.4
    endloop
  endfacet
  facet normal 0 0 1
    outer loop
      vertex 11.8693 103.223 2.4
      vertex 11.8693 16.7767 2.4
      vertex 12.25 17.0311 2.4
    endloop
  endfacet
  facet normal 0 0 1
    outer loop
      vertex 11.5251 103.525 2.4
      vertex 11.8693 16.7767 2.4
      vertex 11.8693 103.223 2.4
    endloop
  endfacet
  facet normal 0 0 1
    outer loop
      vertex 11.5251 103.525 2.4
      vertex 11.5251 16.4749 2.4
      vertex 11.8693 16.7767 2.4
    endloop
  endfacet
  facet normal 0 0 1
    outer loop
      vertex 11.2233 103.869 2.4
      vertex 11.5251 16.4749 2.4
      vertex 11.5251 103.525 2.4
    endloop
  endfacet
  facet normal 0 0 1
    outer loop
      vertex 11.2233 103.869 2.4
      vertex 11.2233 16.1307 2.4
      vertex 11.5251 16.4749 2.4
    endloop
  endfacet
  facet normal 0 0 1
    outer loop
      vertex 10.9689 104.25 2.4
      vertex 11.2233 16.1307 2.4
      vertex 11.2233 103.869 2.4
    endloop
  endfacet
  facet normal 0 0 1
    outer loop
      vertex 10.9689 104.25 2.4
      vertex 10.9689 15.75 2.4
      vertex 11.2233 16.1307 2.4
    endloop
  endfacet
  facet normal 0 0 1
    outer loop
      vertex 10.7664 104.661 2.4
      vertex 10.9689 15.75 2.4
      vertex 10.9689 104.25 2.4
    endloop
  endfacet
  facet normal 0 0 1
    outer loop
      vertex 10.7664 104.661 2.4
      vertex 10.7664 15.3394 2.4
      vertex 10.9689 15.75 2.4
    endloop
  endfacet
  facet normal 0 0 1
    outer loop
      vertex 7.79999 110.996 2.4
      vertex 10.7664 104.661 2.4
      vertex 10.6193 105.094 2.4
    endloop
  endfacet
  facet normal 0 0 1
    outer loop
      vertex 10.7664 104.661 2.4
      vertex 7.79999 110.996 2.4
      vertex 10.7664 15.3394 2.4
    endloop
  endfacet
  facet normal 0 0 1
    outer loop
      vertex 7.79999 110.996 2.4
      vertex 10.6193 105.094 2.4
      vertex 10.5299 105.543 2.4
    endloop
  endfacet
  facet normal 0 0 1
    outer loop
      vertex 7.79999 9.02767 2.4
      vertex 10.7664 15.3394 2.4
      vertex 7.79999 110.996 2.4
    endloop
  endfacet
  facet normal 0 0 1
    outer loop
      vertex 7.79999 110.996 2.4
      vertex 10.5299 105.543 2.4
      vertex 10.5 106 2.4
    endloop
  endfacet
  facet normal 0 0 1
    outer loop
      vertex 10.7664 15.3394 2.4
      vertex 7.79999 9.02767 2.4
      vertex 10.6193 14.9059 2.4
    endloop
  endfacet
  facet normal -0 0 1
    outer loop
      vertex 147.832 111.943 2.4
      vertex 150 9.02772 2.4
      vertex 150 115 2.4
    endloop
  endfacet
  facet normal -0 0 1
    outer loop
      vertex 148.664 115.048 2.4
      vertex 150 115 2.4
      vertex 149.957 115.653 2.4
    endloop
  endfacet
  facet normal 0 0 1
    outer loop
      vertex 147.832 111.943 2.4
      vertex 150 115 2.4
      vertex 148.137 112.4 2.4
    endloop
  endfacet
  facet normal -0 0 1
    outer loop
      vertex 147.47 111.53 2.4
      vertex 150 9.02772 2.4
      vertex 147.832 111.943 2.4
    endloop
  endfacet
  facet normal -0 0 1
    outer loop
      vertex 147.057 111.168 2.4
      vertex 150 9.02772 2.4
      vertex 147.47 111.53 2.4
    endloop
  endfacet
  facet normal 0 0 1
    outer loop
      vertex 148.557 115.587 2.4
      vertex 149.957 115.653 2.4
      vertex 149.83 116.294 2.4
    endloop
  endfacet
  facet normal 0 0 1
    outer loop
      vertex 150 115 2.4
      vertex 148.38 112.893 2.4
      vertex 148.137 112.4 2.4
    endloop
  endfacet
  facet normal -0 0 1
    outer loop
      vertex 146.6 110.863 2.4
      vertex 150 9.02772 2.4
      vertex 147.057 111.168 2.4
    endloop
  endfacet
  facet normal 0 0 1
    outer loop
      vertex 148.38 116.107 2.4
      vertex 149.83 116.294 2.4
      vertex 149.619 116.913 2.4
    endloop
  endfacet
  facet normal 0 0 1
    outer loop
      vertex 150 115 2.4
      vertex 148.557 113.413 2.4
      vertex 148.38 112.893 2.4
    endloop
  endfacet
  facet normal -0 0 1
    outer loop
      vertex 146.107 110.62 2.4
      vertex 150 9.02772 2.4
      vertex 146.6 110.863 2.4
    endloop
  endfacet
  facet normal 0 0 1
    outer loop
      vertex 148.137 116.6 2.4
      vertex 149.619 116.913 2.4
      vertex 149.33 117.5 2.4
    endloop
  endfacet
  facet normal 0 0 1
    outer loop
      vertex 150 115 2.4
      vertex 148.664 113.952 2.4
      vertex 148.557 113.413 2.4
    endloop
  endfacet
  facet normal -0 -0 1
    outer loop
      vertex 145.587 9.55689 2.4
      vertex 150 9.02772 2.4
      vertex 139.47 14.4568 2.4
    endloop
  endfacet
  facet normal -0 -0 1
    outer loop
      vertex 146.6 9.13731 2.4
      vertex 150 9.02772 2.4
      vertex 146.107 9.38029 2.4
    endloop
  endfacet
  facet normal 0 0 1
    outer loop
      vertex 147.832 117.057 2.4
      vertex 149.33 117.5 2.4
      vertex 148.967 118.044 2.4
    endloop
  endfacet
  facet normal 0 0 1
    outer loop
      vertex 150 115 2.4
      vertex 148.7 114.5 2.4
      vertex 148.664 113.952 2.4
    endloop
  endfacet
  facet normal 0 -0 1
    outer loop
      vertex 147.057 8.83208 2.4
      vertex 150 9.02772 2.4
      vertex 146.6 9.13731 2.4
    endloop
  endfacet
  facet normal 0 0 1
    outer loop
      vertex 150 115 2.4
      vertex 148.664 115.048 2.4
      vertex 148.7 114.5 2.4
    endloop
  endfacet
  facet normal 0 0 1
    outer loop
      vertex 149.957 115.653 2.4
      vertex 148.557 115.587 2.4
      vertex 148.664 115.048 2.4
    endloop
  endfacet
  facet normal 0 0 1
    outer loop
      vertex 147.47 117.47 2.4
      vertex 148.967 118.044 2.4
      vertex 148.536 118.536 2.4
    endloop
  endfacet
  facet normal 0 0 1
    outer loop
      vertex 149.83 116.294 2.4
      vertex 148.38 116.107 2.4
      vertex 148.557 115.587 2.4
    endloop
  endfacet
  facet normal 0 0 1
    outer loop
      vertex 149.619 116.913 2.4
      vertex 148.137 116.6 2.4
      vertex 148.38 116.107 2.4
    endloop
  endfacet
  facet normal 0 0 1
    outer loop
      vertex 147.47 117.47 2.4
      vertex 148.536 118.536 2.4
      vertex 148.044 118.967 2.4
    endloop
  endfacet
  facet normal 0 0 1
    outer loop
      vertex 149.33 117.5 2.4
      vertex 147.832 117.057 2.4
      vertex 148.137 116.6 2.4
    endloop
  endfacet
  facet normal 0 0 1
    outer loop
      vertex 147.057 117.832 2.4
      vertex 148.044 118.967 2.4
      vertex 147.5 119.33 2.4
    endloop
  endfacet
  facet normal 0 0 1
    outer loop
      vertex 148.967 118.044 2.4
      vertex 147.47 117.47 2.4
      vertex 147.832 117.057 2.4
    endloop
  endfacet
  facet normal 0 0 1
    outer loop
      vertex 148.044 118.967 2.4
      vertex 147.057 117.832 2.4
      vertex 147.47 117.47 2.4
    endloop
  endfacet
  facet normal 0 0 1
    outer loop
      vertex 146.6 118.137 2.4
      vertex 147.5 119.33 2.4
      vertex 146.913 119.619 2.4
    endloop
  endfacet
  facet normal 0 0 1
    outer loop
      vertex 147.5 119.33 2.4
      vertex 146.6 118.137 2.4
      vertex 147.057 117.832 2.4
    endloop
  endfacet
  facet normal 0 0 1
    outer loop
      vertex 146.107 118.38 2.4
      vertex 146.913 119.619 2.4
      vertex 146.294 119.83 2.4
    endloop
  endfacet
  facet normal 0 0 1
    outer loop
      vertex 146.913 119.619 2.4
      vertex 146.107 118.38 2.4
      vertex 146.6 118.137 2.4
    endloop
  endfacet
  facet normal 0 0 1
    outer loop
      vertex 145.587 118.557 2.4
      vertex 146.294 119.83 2.4
      vertex 145.653 119.957 2.4
    endloop
  endfacet
  facet normal 0 0 1
    outer loop
      vertex 146.294 119.83 2.4
      vertex 145.587 118.557 2.4
      vertex 146.107 118.38 2.4
    endloop
  endfacet
  facet normal 0 0 1
    outer loop
      vertex 145.653 119.957 2.4
      vertex 145.048 118.664 2.4
      vertex 145.587 118.557 2.4
    endloop
  endfacet
  facet normal 0 0 1
    outer loop
      vertex 145 120 2.4
      vertex 145.048 118.664 2.4
      vertex 145.653 119.957 2.4
    endloop
  endfacet
  facet normal 0 0 1
    outer loop
      vertex 145 120 2.4
      vertex 144.5 118.7 2.4
      vertex 145.048 118.664 2.4
    endloop
  endfacet
  facet normal 0 0 1
    outer loop
      vertex 145 120 2.4
      vertex 143.952 118.664 2.4
      vertex 144.5 118.7 2.4
    endloop
  endfacet
  facet normal 0 0 1
    outer loop
      vertex 145 120 2.4
      vertex 143.413 118.557 2.4
      vertex 143.952 118.664 2.4
    endloop
  endfacet
  facet normal 0 0 1
    outer loop
      vertex 145 120 2.4
      vertex 142.893 118.38 2.4
      vertex 143.413 118.557 2.4
    endloop
  endfacet
  facet normal 0 0 1
    outer loop
      vertex 145 120 2.4
      vertex 142.4 118.137 2.4
      vertex 142.893 118.38 2.4
    endloop
  endfacet
  facet normal 0 0 1
    outer loop
      vertex 145 120 2.4
      vertex 141.943 117.832 2.4
      vertex 142.4 118.137 2.4
    endloop
  endfacet
  facet normal 0 0 1
    outer loop
      vertex 144.5 9.7 2.4
      vertex 139.47 14.4568 2.4
      vertex 139.5 14 2.4
    endloop
  endfacet
  facet normal 0 0 1
    outer loop
      vertex 140.336 113.952 2.4
      vertex 139.381 14.9059 2.4
      vertex 139.47 14.4568 2.4
    endloop
  endfacet
  facet normal 0 0 1
    outer loop
      vertex 140.336 113.952 2.4
      vertex 139.234 15.3394 2.4
      vertex 139.381 14.9059 2.4
    endloop
  endfacet
  facet normal 0 0 1
    outer loop
      vertex 140.336 113.952 2.4
      vertex 139.031 15.75 2.4
      vertex 139.234 15.3394 2.4
    endloop
  endfacet
  facet normal 0 0 1
    outer loop
      vertex 140.336 113.952 2.4
      vertex 138.777 16.1307 2.4
      vertex 139.031 15.75 2.4
    endloop
  endfacet
  facet normal 0 0 1
    outer loop
      vertex 140.336 113.952 2.4
      vertex 138.475 16.4749 2.4
      vertex 138.777 16.1307 2.4
    endloop
  endfacet
  facet normal 0 0 1
    outer loop
      vertex 140.336 113.952 2.4
      vertex 138.131 16.7767 2.4
      vertex 138.475 16.4749 2.4
    endloop
  endfacet
  facet normal 0 0 1
    outer loop
      vertex 140.336 113.952 2.4
      vertex 118.381 84.0941 2.4
      vertex 138.131 16.7767 2.4
    endloop
  endfacet
  facet normal -0 0 1
    outer loop
      vertex 118.234 83.6606 2.4
      vertex 138.131 16.7767 2.4
      vertex 118.381 84.0941 2.4
    endloop
  endfacet
  facet normal 0 0 1
    outer loop
      vertex 138.131 16.7767 2.4
      vertex 118.234 83.6606 2.4
      vertex 137.75 17.0311 2.4
    endloop
  endfacet
  facet normal -0 0 1
    outer loop
      vertex 118.031 83.25 2.4
      vertex 137.75 17.0311 2.4
      vertex 118.234 83.6606 2.4
    endloop
  endfacet
  facet normal 0 0 1
    outer loop
      vertex 137.75 17.0311 2.4
      vertex 118.031 83.25 2.4
      vertex 137.339 17.2336 2.4
    endloop
  endfacet
  facet normal -0 0 1
    outer loop
      vertex 117.777 82.8693 2.4
      vertex 137.339 17.2336 2.4
      vertex 118.031 83.25 2.4
    endloop
  endfacet
  facet normal -0 0 1
    outer loop
      vertex 110.1 60 2.4
      vertex 137.339 17.2336 2.4
      vertex 117.777 82.8693 2.4
    endloop
  endfacet
  facet normal -0 0 1
    outer loop
      vertex 110.082 59.7259 2.4
      vertex 137.339 17.2336 2.4
      vertex 110.1 60 2.4
    endloop
  endfacet
  facet normal 0 0 1
    outer loop
      vertex 137.339 17.2336 2.4
      vertex 110.082 59.7259 2.4
      vertex 136.906 17.3807 2.4
    endloop
  endfacet
  facet normal -0 0 1
    outer loop
      vertex 110.028 59.4565 2.4
      vertex 136.906 17.3807 2.4
      vertex 110.082 59.7259 2.4
    endloop
  endfacet
  facet normal 0 0 1
    outer loop
      vertex 114.543 88.4701 2.4
      vertex 140.3 114.5 2.4
      vertex 140.336 115.048 2.4
    endloop
  endfacet
  facet normal 0 0 1
    outer loop
      vertex 136.906 17.3807 2.4
      vertex 110.028 59.4565 2.4
      vertex 136.457 17.4701 2.4
    endloop
  endfacet
  facet normal -0 0 1
    outer loop
      vertex 109.819 58.95 2.4
      vertex 136 17.5 2.4
      vertex 109.94 59.1964 2.4
    endloop
  endfacet
  facet normal 0 0 1
    outer loop
      vertex 136 17.5 2.4
      vertex 109.819 58.95 2.4
      vertex 135.543 17.4701 2.4
    endloop
  endfacet
  facet normal -0 0 1
    outer loop
      vertex 109.666 58.7216 2.4
      vertex 135.543 17.4701 2.4
      vertex 109.819 58.95 2.4
    endloop
  endfacet
  facet normal 0 0 1
    outer loop
      vertex 135.543 17.4701 2.4
      vertex 109.666 58.7216 2.4
      vertex 135.094 17.3807 2.4
    endloop
  endfacet
  facet normal -0 0 1
    outer loop
      vertex 109.485 58.5151 2.4
      vertex 135.094 17.3807 2.4
      vertex 109.666 58.7216 2.4
    endloop
  endfacet
  facet normal 0 0 1
    outer loop
      vertex 140.336 113.952 2.4
      vertex 118.47 84.5432 2.4
      vertex 118.381 84.0941 2.4
    endloop
  endfacet
  facet normal 0 0 1
    outer loop
      vertex 140.336 113.952 2.4
      vertex 118.5 85 2.4
      vertex 118.47 84.5432 2.4
    endloop
  endfacet
  facet normal 0 0 1
    outer loop
      vertex 114.094 88.3807 2.4
      vertex 140.336 115.048 2.4
      vertex 140.443 115.587 2.4
    endloop
  endfacet
  facet normal 0 0 1
    outer loop
      vertex 113.661 88.2336 2.4
      vertex 140.443 115.587 2.4
      vertex 140.62 116.107 2.4
    endloop
  endfacet
  facet normal 0 0 1
    outer loop
      vertex 113.25 88.0311 2.4
      vertex 140.62 116.107 2.4
      vertex 140.863 116.6 2.4
    endloop
  endfacet
  facet normal 0 0 1
    outer loop
      vertex 9.02772 120 2.4
      vertex 140.863 116.6 2.4
      vertex 141.168 117.057 2.4
    endloop
  endfacet
  facet normal 0 0 1
    outer loop
      vertex 140.336 113.952 2.4
      vertex 118.47 85.4568 2.4
      vertex 118.5 85 2.4
    endloop
  endfacet
  facet normal 0 0 1
    outer loop
      vertex 140.336 113.952 2.4
      vertex 118.381 85.9059 2.4
      vertex 118.47 85.4568 2.4
    endloop
  endfacet
  facet normal 0 0 1
    outer loop
      vertex 140.336 113.952 2.4
      vertex 118.234 86.3394 2.4
      vertex 118.381 85.9059 2.4
    endloop
  endfacet
  facet normal 0 0 1
    outer loop
      vertex 140.336 113.952 2.4
      vertex 118.031 86.75 2.4
      vertex 118.234 86.3394 2.4
    endloop
  endfacet
  facet normal 0 0 1
    outer loop
      vertex 140.336 113.952 2.4
      vertex 117.777 87.1307 2.4
      vertex 118.031 86.75 2.4
    endloop
  endfacet
  facet normal 0 0 1
    outer loop
      vertex 140.336 113.952 2.4
      vertex 117.475 87.4749 2.4
      vertex 117.777 87.1307 2.4
    endloop
  endfacet
  facet normal 0 0 1
    outer loop
      vertex 140.336 113.952 2.4
      vertex 117.131 87.7767 2.4
      vertex 117.475 87.4749 2.4
    endloop
  endfacet
  facet normal 0 0 1
    outer loop
      vertex 140.336 113.952 2.4
      vertex 116.75 88.0311 2.4
      vertex 117.131 87.7767 2.4
    endloop
  endfacet
  facet normal 0 0 1
    outer loop
      vertex 140.336 113.952 2.4
      vertex 116.339 88.2336 2.4
      vertex 116.75 88.0311 2.4
    endloop
  endfacet
  facet normal 0 0 1
    outer loop
      vertex 140.336 113.952 2.4
      vertex 115.906 88.3807 2.4
      vertex 116.339 88.2336 2.4
    endloop
  endfacet
  facet normal 0 0 1
    outer loop
      vertex 9.02772 120 2.4
      vertex 141.168 117.057 2.4
      vertex 141.53 117.47 2.4
    endloop
  endfacet
  facet normal 0 0 1
    outer loop
      vertex 140.336 113.952 2.4
      vertex 115.457 88.4701 2.4
      vertex 115.906 88.3807 2.4
    endloop
  endfacet
  facet normal 0 0 1
    outer loop
      vertex 140.336 113.952 2.4
      vertex 115 88.5 2.4
      vertex 115.457 88.4701 2.4
    endloop
  endfacet
  facet normal 0 0 1
    outer loop
      vertex 140.3 114.5 2.4
      vertex 114.543 88.4701 2.4
      vertex 115 88.5 2.4
    endloop
  endfacet
  facet normal 0 0 1
    outer loop
      vertex 140.336 115.048 2.4
      vertex 114.094 88.3807 2.4
      vertex 114.543 88.4701 2.4
    endloop
  endfacet
  facet normal 0 0 1
    outer loop
      vertex 140.443 115.587 2.4
      vertex 113.661 88.2336 2.4
      vertex 114.094 88.3807 2.4
    endloop
  endfacet
  facet normal 0 0 1
    outer loop
      vertex 140.62 116.107 2.4
      vertex 113.25 88.0311 2.4
      vertex 113.661 88.2336 2.4
    endloop
  endfacet
  facet normal 0 0 1
    outer loop
      vertex 140.863 116.6 2.4
      vertex 16.7767 108.131 2.4
      vertex 113.25 88.0311 2.4
    endloop
  endfacet
  facet normal -0 -0 1
    outer loop
      vertex 17.0311 107.75 2.4
      vertex 113.25 88.0311 2.4
      vertex 16.7767 108.131 2.4
    endloop
  endfacet
  facet normal 0 0 1
    outer loop
      vertex 117.475 82.5251 2.4
      vertex 110.082 60.2741 2.4
      vertex 110.1 60 2.4
    endloop
  endfacet
  facet normal 0 0 1
    outer loop
      vertex 111.53 84.5432 2.4
      vertex 110.028 60.5435 2.4
      vertex 110.082 60.2741 2.4
    endloop
  endfacet
  facet normal 0 0 1
    outer loop
      vertex 111.53 84.5432 2.4
      vertex 109.94 60.8036 2.4
      vertex 110.028 60.5435 2.4
    endloop
  endfacet
  facet normal 0 0 1
    outer loop
      vertex 111.53 84.5432 2.4
      vertex 109.819 61.05 2.4
      vertex 109.94 60.8036 2.4
    endloop
  endfacet
  facet normal 0 0 1
    outer loop
      vertex 43.4849 61.4849 2.4
      vertex 111.5 85 2.4
      vertex 111.53 85.4568 2.4
    endloop
  endfacet
  facet normal 0 0 1
    outer loop
      vertex 111.53 84.5432 2.4
      vertex 109.666 61.2784 2.4
      vertex 109.819 61.05 2.4
    endloop
  endfacet
  facet normal 0 0 1
    outer loop
      vertex 111.53 84.5432 2.4
      vertex 109.485 61.4849 2.4
      vertex 109.666 61.2784 2.4
    endloop
  endfacet
  facet normal 0 0 1
    outer loop
      vertex 111.53 84.5432 2.4
      vertex 109.278 61.666 2.4
      vertex 109.485 61.4849 2.4
    endloop
  endfacet
  facet normal 0 0 1
    outer loop
      vertex 111.53 84.5432 2.4
      vertex 109.05 61.8187 2.4
      vertex 109.278 61.666 2.4
    endloop
  endfacet
  facet normal 0 0 1
    outer loop
      vertex 111.53 84.5432 2.4
      vertex 108.804 61.9401 2.4
      vertex 109.05 61.8187 2.4
    endloop
  endfacet
  facet normal 0 0 1
    outer loop
      vertex 111.53 84.5432 2.4
      vertex 108.544 62.0284 2.4
      vertex 108.804 61.9401 2.4
    endloop
  endfacet
  facet normal 0 0 1
    outer loop
      vertex 111.53 84.5432 2.4
      vertex 108.274 62.082 2.4
      vertex 108.544 62.0284 2.4
    endloop
  endfacet
  facet normal 0 0 1
    outer loop
      vertex 111.53 84.5432 2.4
      vertex 108 62.1 2.4
      vertex 108.274 62.082 2.4
    endloop
  endfacet
  facet normal 0 0 1
    outer loop
      vertex 111.53 84.5432 2.4
      vertex 107.726 62.082 2.4
      vertex 108 62.1 2.4
    endloop
  endfacet
  facet normal 0 0 1
    outer loop
      vertex 111.53 84.5432 2.4
      vertex 107.456 62.0284 2.4
      vertex 107.726 62.082 2.4
    endloop
  endfacet
  facet normal 0 0 1
    outer loop
      vertex 111.53 84.5432 2.4
      vertex 107.196 61.9401 2.4
      vertex 107.456 62.0284 2.4
    endloop
  endfacet
  facet normal 0 0 1
    outer loop
      vertex 111.53 84.5432 2.4
      vertex 106.95 61.8187 2.4
      vertex 107.196 61.9401 2.4
    endloop
  endfacet
  facet normal 0 0 1
    outer loop
      vertex 111.53 84.5432 2.4
      vertex 106.722 61.666 2.4
      vertex 106.95 61.8187 2.4
    endloop
  endfacet
  facet normal 0 0 1
    outer loop
      vertex 43.2784 61.666 2.4
      vertex 111.53 85.4568 2.4
      vertex 111.619 85.9059 2.4
    endloop
  endfacet
  facet normal 0 0 1
    outer loop
      vertex 111.53 84.5432 2.4
      vertex 106.515 61.4849 2.4
      vertex 106.722 61.666 2.4
    endloop
  endfacet
  facet normal 0 0 1
    outer loop
      vertex 111.53 84.5432 2.4
      vertex 106.334 61.2784 2.4
      vertex 106.515 61.4849 2.4
    endloop
  endfacet
  facet normal 0 0 1
    outer loop
      vertex 111.53 84.5432 2.4
      vertex 106.181 61.05 2.4
      vertex 106.334 61.2784 2.4
    endloop
  endfacet
  facet normal 0 0 1
    outer loop
      vertex 111.53 84.5432 2.4
      vertex 43.8187 61.05 2.4
      vertex 106.181 61.05 2.4
    endloop
  endfacet
  facet normal 0 0 1
    outer loop
      vertex 106.181 61.05 2.4
      vertex 43.8187 61.05 2.4
      vertex 106.06 60.8036 2.4
    endloop
  endfacet
  facet normal 0 0 1
    outer loop
      vertex 105.918 60.2741 2.4
      vertex 44.1 60 2.4
      vertex 105.9 60 2.4
    endloop
  endfacet
  facet normal 0 0 1
    outer loop
      vertex 44.082 60.2741 2.4
      vertex 105.918 60.2741 2.4
      vertex 105.972 60.5435 2.4
    endloop
  endfacet
  facet normal 0 -0 1
    outer loop
      vertex 43.9401 60.8036 2.4
      vertex 106.06 60.8036 2.4
      vertex 43.8187 61.05 2.4
    endloop
  endfacet
  facet normal 0 0 1
    outer loop
      vertex 43.05 61.8187 2.4
      vertex 111.619 85.9059 2.4
      vertex 111.766 86.3394 2.4
    endloop
  endfacet
  facet normal 0 0 1
    outer loop
      vertex 17.5 106 2.4
      vertex 111.766 86.3394 2.4
      vertex 111.969 86.75 2.4
    endloop
  endfacet
  facet normal 0 0 1
    outer loop
      vertex 17.4701 106.457 2.4
      vertex 111.969 86.75 2.4
      vertex 112.223 87.1307 2.4
    endloop
  endfacet
  facet normal 0 0 1
    outer loop
      vertex 17.3807 106.906 2.4
      vertex 112.223 87.1307 2.4
      vertex 112.525 87.4749 2.4
    endloop
  endfacet
  facet normal 0 0 1
    outer loop
      vertex 113.25 88.0311 2.4
      vertex 17.0311 107.75 2.4
      vertex 112.869 87.7767 2.4
    endloop
  endfacet
  facet normal 0 0 1
    outer loop
      vertex 9.02772 120 2.4
      vertex 141.53 117.47 2.4
      vertex 141.943 117.832 2.4
    endloop
  endfacet
  facet normal -0 0 1
    outer loop
      vertex 9.02772 120 2.4
      vertex 141.943 117.832 2.4
      vertex 145 120 2.4
    endloop
  endfacet
  facet normal 0 0 1
    outer loop
      vertex 105.918 60.2741 2.4
      vertex 44.082 60.2741 2.4
      vertex 44.1 60 2.4
    endloop
  endfacet
  facet normal 0 0 1
    outer loop
      vertex 105.972 60.5435 2.4
      vertex 44.0284 60.5435 2.4
      vertex 44.082 60.2741 2.4
    endloop
  endfacet
  facet normal 0 0 1
    outer loop
      vertex 105.972 60.5435 2.4
      vertex 43.9401 60.8036 2.4
      vertex 44.0284 60.5435 2.4
    endloop
  endfacet
  facet normal 0 0 1
    outer loop
      vertex 106.06 60.8036 2.4
      vertex 43.9401 60.8036 2.4
      vertex 105.972 60.5435 2.4
    endloop
  endfacet
  facet normal 0 0 1
    outer loop
      vertex 111.53 84.5432 2.4
      vertex 43.666 61.2784 2.4
      vertex 43.8187 61.05 2.4
    endloop
  endfacet
  facet normal 0 0 1
    outer loop
      vertex 111.5 85 2.4
      vertex 43.4849 61.4849 2.4
      vertex 43.666 61.2784 2.4
    endloop
  endfacet
  facet normal 0 0 1
    outer loop
      vertex 111.53 85.4568 2.4
      vertex 43.2784 61.666 2.4
      vertex 43.4849 61.4849 2.4
    endloop
  endfacet
  facet normal 0 0 1
    outer loop
      vertex 111.969 86.75 2.4
      vertex 17.4701 106.457 2.4
      vertex 17.5 106 2.4
    endloop
  endfacet
  facet normal 0 0 1
    outer loop
      vertex 111.619 85.9059 2.4
      vertex 43.05 61.8187 2.4
      vertex 43.2784 61.666 2.4
    endloop
  endfacet
  facet normal 0 0 1
    outer loop
      vertex 111.766 86.3394 2.4
      vertex 17.5 106 2.4
      vertex 43.05 61.8187 2.4
    endloop
  endfacet
  facet normal 0 0 1
    outer loop
      vertex 43.05 61.8187 2.4
      vertex 17.5 106 2.4
      vertex 42.8036 61.9401 2.4
    endloop
  endfacet
  facet normal -0 0 1
    outer loop
      vertex 17.4701 105.543 2.4
      vertex 42.8036 61.9401 2.4
      vertex 17.5 106 2.4
    endloop
  endfacet
  facet normal 0 0 1
    outer loop
      vertex 42.8036 61.9401 2.4
      vertex 17.4701 105.543 2.4
      vertex 42.5435 62.0284 2.4
    endloop
  endfacet
  facet normal -0 0 1
    outer loop
      vertex 17.3807 105.094 2.4
      vertex 42.5435 62.0284 2.4
      vertex 17.4701 105.543 2.4
    endloop
  endfacet
  facet normal 0 0 1
    outer loop
      vertex 42.5435 62.0284 2.4
      vertex 17.3807 105.094 2.4
      vertex 42.2741 62.082 2.4
    endloop
  endfacet
  facet normal -0 0 1
    outer loop
      vertex 17.2336 104.661 2.4
      vertex 42.2741 62.082 2.4
      vertex 17.3807 105.094 2.4
    endloop
  endfacet
  facet normal -0 0 1
    outer loop
      vertex 15.75 102.969 2.4
      vertex 40.95 61.8187 2.4
      vertex 16.1307 103.223 2.4
    endloop
  endfacet
  facet normal 0 0 1
    outer loop
      vertex 41.1964 61.9401 2.4
      vertex 16.1307 103.223 2.4
      vertex 40.95 61.8187 2.4
    endloop
  endfacet
  facet normal -0 0 1
    outer loop
      vertex 16.1307 103.223 2.4
      vertex 41.1964 61.9401 2.4
      vertex 16.4749 103.525 2.4
    endloop
  endfacet
  facet normal 0 0 1
    outer loop
      vertex 41.4565 62.0284 2.4
      vertex 16.4749 103.525 2.4
      vertex 41.1964 61.9401 2.4
    endloop
  endfacet
  facet normal -0 0 1
    outer loop
      vertex 16.4749 103.525 2.4
      vertex 41.4565 62.0284 2.4
      vertex 16.7767 103.869 2.4
    endloop
  endfacet
  facet normal 0 0 1
    outer loop
      vertex 41.7259 62.082 2.4
      vertex 16.7767 103.869 2.4
      vertex 41.4565 62.0284 2.4
    endloop
  endfacet
  facet normal -0 0 1
    outer loop
      vertex 16.7767 103.869 2.4
      vertex 41.7259 62.082 2.4
      vertex 17.0311 104.25 2.4
    endloop
  endfacet
  facet normal 0 0 1
    outer loop
      vertex 42 62.1 2.4
      vertex 17.0311 104.25 2.4
      vertex 41.7259 62.082 2.4
    endloop
  endfacet
  facet normal 0 0 1
    outer loop
      vertex 42.2741 62.082 2.4
      vertex 17.2336 104.661 2.4
      vertex 42 62.1 2.4
    endloop
  endfacet
  facet normal -0 0 1
    outer loop
      vertex 17.0311 104.25 2.4
      vertex 42 62.1 2.4
      vertex 17.2336 104.661 2.4
    endloop
  endfacet
  facet normal 0 0 1
    outer loop
      vertex 112.223 87.1307 2.4
      vertex 17.3807 106.906 2.4
      vertex 17.4701 106.457 2.4
    endloop
  endfacet
  facet normal 0 0 1
    outer loop
      vertex 112.525 87.4749 2.4
      vertex 17.2336 107.339 2.4
      vertex 17.3807 106.906 2.4
    endloop
  endfacet
  facet normal 0 0 1
    outer loop
      vertex 112.869 87.7767 2.4
      vertex 17.2336 107.339 2.4
      vertex 112.525 87.4749 2.4
    endloop
  endfacet
  facet normal -0 -0 1
    outer loop
      vertex 17.2336 107.339 2.4
      vertex 112.869 87.7767 2.4
      vertex 17.0311 107.75 2.4
    endloop
  endfacet
  facet normal 0 0 1
    outer loop
      vertex 140.863 116.6 2.4
      vertex 9.02772 120 2.4
      vertex 16.7767 108.131 2.4
    endloop
  endfacet
  facet normal 0 0 1
    outer loop
      vertex 16.7767 108.131 2.4
      vertex 9.02772 120 2.4
      vertex 16.4749 108.475 2.4
    endloop
  endfacet
  facet normal 0 0 1
    outer loop
      vertex 16.4749 108.475 2.4
      vertex 9.02772 120 2.4
      vertex 16.1307 108.777 2.4
    endloop
  endfacet
  facet normal 0 0 1
    outer loop
      vertex 16.1307 108.777 2.4
      vertex 9.02772 120 2.4
      vertex 15.75 109.031 2.4
    endloop
  endfacet
  facet normal 0 0 1
    outer loop
      vertex 15.75 109.031 2.4
      vertex 9.02772 120 2.4
      vertex 15.3394 109.234 2.4
    endloop
  endfacet
  facet normal -0 -0 1
    outer loop
      vertex 9.55689 115.587 2.4
      vertex 15.3394 109.234 2.4
      vertex 9.02772 120 2.4
    endloop
  endfacet
  facet normal 0 0 1
    outer loop
      vertex 15.3394 109.234 2.4
      vertex 9.55689 115.587 2.4
      vertex 14.9059 109.381 2.4
    endloop
  endfacet
  facet normal -0 -0 1
    outer loop
      vertex 9.66407 115.048 2.4
      vertex 14.9059 109.381 2.4
      vertex 9.55689 115.587 2.4
    endloop
  endfacet
  facet normal 0 0 1
    outer loop
      vertex 11.5251 108.475 2.4
      vertex 8.46985 111.53 2.4
      vertex 11.2233 108.131 2.4
    endloop
  endfacet
  facet normal 0 0 1
    outer loop
      vertex 11.8693 108.777 2.4
      vertex 8.46985 111.53 2.4
      vertex 11.5251 108.475 2.4
    endloop
  endfacet
  facet normal -0 0 1
    outer loop
      vertex 8.46985 111.53 2.4
      vertex 11.8693 108.777 2.4
      vertex 8.83208 111.943 2.4
    endloop
  endfacet
  facet normal 0 0 1
    outer loop
      vertex 12.25 109.031 2.4
      vertex 8.83208 111.943 2.4
      vertex 11.8693 108.777 2.4
    endloop
  endfacet
  facet normal -0 0 1
    outer loop
      vertex 8.83208 111.943 2.4
      vertex 12.25 109.031 2.4
      vertex 9.13731 112.4 2.4
    endloop
  endfacet
  facet normal 0 0 1
    outer loop
      vertex 12.6606 109.234 2.4
      vertex 9.13731 112.4 2.4
      vertex 12.25 109.031 2.4
    endloop
  endfacet
  facet normal -0 0 1
    outer loop
      vertex 9.13731 112.4 2.4
      vertex 12.6606 109.234 2.4
      vertex 9.38029 112.893 2.4
    endloop
  endfacet
  facet normal 0 0 1
    outer loop
      vertex 13.0941 109.381 2.4
      vertex 9.38029 112.893 2.4
      vertex 12.6606 109.234 2.4
    endloop
  endfacet
  facet normal -0 0 1
    outer loop
      vertex 9.38029 112.893 2.4
      vertex 13.0941 109.381 2.4
      vertex 9.55689 113.413 2.4
    endloop
  endfacet
  facet normal 0 0 1
    outer loop
      vertex 13.5432 109.47 2.4
      vertex 9.55689 113.413 2.4
      vertex 13.0941 109.381 2.4
    endloop
  endfacet
  facet normal -0 0 1
    outer loop
      vertex 9.55689 113.413 2.4
      vertex 13.5432 109.47 2.4
      vertex 9.66407 113.952 2.4
    endloop
  endfacet
  facet normal 0 0 1
    outer loop
      vertex 14 109.5 2.4
      vertex 9.66407 113.952 2.4
      vertex 13.5432 109.47 2.4
    endloop
  endfacet
  facet normal 0 0 1
    outer loop
      vertex 14.9059 109.381 2.4
      vertex 9.66407 115.048 2.4
      vertex 14.4568 109.47 2.4
    endloop
  endfacet
  facet normal -0 0 1
    outer loop
      vertex 9.66407 113.952 2.4
      vertex 14 109.5 2.4
      vertex 9.7 114.5 2.4
    endloop
  endfacet
  facet normal -0 -0 1
    outer loop
      vertex 9.7 114.5 2.4
      vertex 14.4568 109.47 2.4
      vertex 9.66407 115.048 2.4
    endloop
  endfacet
  facet normal 0 0 1
    outer loop
      vertex 14.4568 109.47 2.4
      vertex 9.7 114.5 2.4
      vertex 14 109.5 2.4
    endloop
  endfacet
  facet normal 0 0 1
    outer loop
      vertex 9.55689 115.587 2.4
      vertex 9.02772 120 2.4
      vertex 9.38029 116.107 2.4
    endloop
  endfacet
  facet normal 0 0 1
    outer loop
      vertex 9.38029 116.107 2.4
      vertex 9.02772 120 2.4
      vertex 9.13731 116.6 2.4
    endloop
  endfacet
  facet normal 0 0 1
    outer loop
      vertex 9.02772 120 2.4
      vertex 8.83208 117.057 2.4
      vertex 9.13731 116.6 2.4
    endloop
  endfacet
  facet normal 0 0 1
    outer loop
      vertex 7.79999 118.772 2.4
      vertex 9.02772 120 2.4
      vertex 8.75748 119.982 2.4
    endloop
  endfacet
  facet normal 0 0 1
    outer loop
      vertex 7.81769 119.043 2.4
      vertex 8.75748 119.982 2.4
      vertex 8.61751 119.954 2.4
    endloop
  endfacet
  facet normal 0 0 1
    outer loop
      vertex 7.81769 119.043 2.4
      vertex 8.61751 119.954 2.4
      vertex 8.48218 119.909 2.4
    endloop
  endfacet
  facet normal 0 0 1
    outer loop
      vertex 9.02772 120 2.4
      vertex 8.46985 117.47 2.4
      vertex 8.83208 117.057 2.4
    endloop
  endfacet
  facet normal 0 0 1
    outer loop
      vertex 7.81769 119.043 2.4
      vertex 8.48218 119.909 2.4
      vertex 8.35421 119.845 2.4
    endloop
  endfacet
  facet normal 0 0 1
    outer loop
      vertex 7.81769 119.043 2.4
      vertex 8.35421 119.845 2.4
      vertex 8.2354 119.766 2.4
    endloop
  endfacet
  facet normal 0 0 1
    outer loop
      vertex 7.81769 119.043 2.4
      vertex 8.2354 119.766 2.4
      vertex 8.12809 119.672 2.4
    endloop
  endfacet
  facet normal 0 0 1
    outer loop
      vertex 9.02772 120 2.4
      vertex 7.79999 118.772 2.4
      vertex 8.46985 117.47 2.4
    endloop
  endfacet
  facet normal 0 0 1
    outer loop
      vertex 7.81769 119.043 2.4
      vertex 8.12809 119.672 2.4
      vertex 8.03391 119.565 2.4
    endloop
  endfacet
  facet normal 0 0 1
    outer loop
      vertex 7.81769 119.043 2.4
      vertex 8.03391 119.565 2.4
      vertex 7.95463 119.446 2.4
    endloop
  endfacet
  facet normal 0 0 1
    outer loop
      vertex 7.81769 119.043 2.4
      vertex 7.95463 119.446 2.4
      vertex 7.89149 119.318 2.4
    endloop
  endfacet
  facet normal 0 0 1
    outer loop
      vertex 7.81769 119.043 2.4
      vertex 7.89149 119.318 2.4
      vertex 7.84554 119.182 2.4
    endloop
  endfacet
  facet normal 0 0 1
    outer loop
      vertex 8.75748 119.982 2.4
      vertex 7.81769 119.043 2.4
      vertex 7.79999 118.772 2.4
    endloop
  endfacet
  facet normal 0 0 1
    outer loop
      vertex 8.46985 117.47 2.4
      vertex 7.79999 118.772 2.4
      vertex 8.0568 117.832 2.4
    endloop
  endfacet
  facet normal 0 0 1
    outer loop
      vertex 8.0568 117.832 2.4
      vertex 7.79999 118.772 2.4
      vertex 7.79999 118.004 2.4
    endloop
  endfacet
  facet normal 0 -0 1
    outer loop
      vertex 147.47 8.46985 2.4
      vertex 150 9.02772 2.4
      vertex 147.057 8.83208 2.4
    endloop
  endfacet
  facet normal 0 -0 1
    outer loop
      vertex 148.772 7.79999 2.4
      vertex 150 9.02772 2.4
      vertex 147.47 8.46985 2.4
    endloop
  endfacet
  facet normal 0 0 1
    outer loop
      vertex 150 9.02772 2.4
      vertex 148.772 7.79999 2.4
      vertex 149.982 8.75748 2.4
    endloop
  endfacet
  facet normal 0 -0 1
    outer loop
      vertex 149.042 7.81769 2.4
      vertex 149.982 8.75748 2.4
      vertex 148.772 7.79999 2.4
    endloop
  endfacet
  facet normal 0 0 1
    outer loop
      vertex 149.982 8.75748 2.4
      vertex 149.042 7.81769 2.4
      vertex 149.954 8.61751 2.4
    endloop
  endfacet
  facet normal 0 0 1
    outer loop
      vertex 149.908 8.48218 2.4
      vertex 149.042 7.81769 2.4
      vertex 149.845 8.35421 2.4
    endloop
  endfacet
  facet normal 0 0 1
    outer loop
      vertex 148.772 7.79999 2.4
      vertex 147.832 8.0568 2.4
      vertex 148.004 7.79999 2.4
    endloop
  endfacet
  facet normal 0 0 1
    outer loop
      vertex 149.845 8.35421 2.4
      vertex 149.042 7.81769 2.4
      vertex 149.766 8.2354 2.4
    endloop
  endfacet
  facet normal 0 0 1
    outer loop
      vertex 148.772 7.79999 2.4
      vertex 147.47 8.46985 2.4
      vertex 147.832 8.0568 2.4
    endloop
  endfacet
  facet normal 0 0 1
    outer loop
      vertex 149.766 8.2354 2.4
      vertex 149.042 7.81769 2.4
      vertex 149.672 8.12809 2.4
    endloop
  endfacet
  facet normal 0 0 1
    outer loop
      vertex 149.446 7.95463 2.4
      vertex 149.042 7.81769 2.4
      vertex 149.318 7.89149 2.4
    endloop
  endfacet
  facet normal 0 0 1
    outer loop
      vertex 149.564 8.03391 2.4
      vertex 149.042 7.81769 2.4
      vertex 149.446 7.95463 2.4
    endloop
  endfacet
  facet normal 0 0 1
    outer loop
      vertex 149.318 7.89149 2.4
      vertex 149.042 7.81769 2.4
      vertex 149.182 7.84554 2.4
    endloop
  endfacet
  facet normal 0 0 1
    outer loop
      vertex 150 9.02772 2.4
      vertex 146.107 110.62 2.4
      vertex 139.47 14.4568 2.4
    endloop
  endfacet
  facet normal 0 0 1
    outer loop
      vertex 149.672 8.12809 2.4
      vertex 149.042 7.81769 2.4
      vertex 149.564 8.03391 2.4
    endloop
  endfacet
  facet normal 0 0 1
    outer loop
      vertex 139.47 14.4568 2.4
      vertex 146.107 110.62 2.4
      vertex 145.587 110.443 2.4
    endloop
  endfacet
  facet normal 0 0 1
    outer loop
      vertex 149.954 8.61751 2.4
      vertex 149.042 7.81769 2.4
      vertex 149.908 8.48218 2.4
    endloop
  endfacet
  facet normal 0 0 1
    outer loop
      vertex 139.47 14.4568 2.4
      vertex 145.587 110.443 2.4
      vertex 145.048 110.336 2.4
    endloop
  endfacet
  facet normal 0 0 1
    outer loop
      vertex 150 9.02772 2.4
      vertex 145.587 9.55689 2.4
      vertex 146.107 9.38029 2.4
    endloop
  endfacet
  facet normal 0 0 1
    outer loop
      vertex 139.47 14.4568 2.4
      vertex 145.048 110.336 2.4
      vertex 144.5 110.3 2.4
    endloop
  endfacet
  facet normal 0 0 1
    outer loop
      vertex 139.47 14.4568 2.4
      vertex 145.048 9.66407 2.4
      vertex 145.587 9.55689 2.4
    endloop
  endfacet
  facet normal 0 0 1
    outer loop
      vertex 139.47 14.4568 2.4
      vertex 144.5 110.3 2.4
      vertex 143.952 110.336 2.4
    endloop
  endfacet
  facet normal 0 0 1
    outer loop
      vertex 139.47 14.4568 2.4
      vertex 144.5 9.7 2.4
      vertex 145.048 9.66407 2.4
    endloop
  endfacet
  facet normal 0 0 1
    outer loop
      vertex 139.47 14.4568 2.4
      vertex 143.952 110.336 2.4
      vertex 143.413 110.443 2.4
    endloop
  endfacet
  facet normal 0 0 1
    outer loop
      vertex 144.5 9.7 2.4
      vertex 139.5 14 2.4
      vertex 143.952 9.66407 2.4
    endloop
  endfacet
  facet normal 0 0 1
    outer loop
      vertex 139.47 14.4568 2.4
      vertex 143.413 110.443 2.4
      vertex 142.893 110.62 2.4
    endloop
  endfacet
  facet normal -0 0 1
    outer loop
      vertex 139.47 13.5432 2.4
      vertex 143.952 9.66407 2.4
      vertex 139.5 14 2.4
    endloop
  endfacet
  facet normal 0 0 1
    outer loop
      vertex 139.47 14.4568 2.4
      vertex 142.893 110.62 2.4
      vertex 142.4 110.863 2.4
    endloop
  endfacet
  facet normal 0 0 1
    outer loop
      vertex 143.952 9.66407 2.4
      vertex 139.47 13.5432 2.4
      vertex 143.413 9.55689 2.4
    endloop
  endfacet
  facet normal 0 0 1
    outer loop
      vertex 139.47 14.4568 2.4
      vertex 142.4 110.863 2.4
      vertex 141.943 111.168 2.4
    endloop
  endfacet
  facet normal -0 0 1
    outer loop
      vertex 139.381 13.0941 2.4
      vertex 143.413 9.55689 2.4
      vertex 139.47 13.5432 2.4
    endloop
  endfacet
  facet normal 0 0 1
    outer loop
      vertex 139.47 14.4568 2.4
      vertex 141.943 111.168 2.4
      vertex 141.53 111.53 2.4
    endloop
  endfacet
  facet normal 0 0 1
    outer loop
      vertex 143.413 9.55689 2.4
      vertex 139.381 13.0941 2.4
      vertex 142.893 9.38029 2.4
    endloop
  endfacet
  facet normal 0 0 1
    outer loop
      vertex 139.47 14.4568 2.4
      vertex 141.53 111.53 2.4
      vertex 141.168 111.943 2.4
    endloop
  endfacet
  facet normal -0 0 1
    outer loop
      vertex 139.234 12.6606 2.4
      vertex 142.893 9.38029 2.4
      vertex 139.381 13.0941 2.4
    endloop
  endfacet
  facet normal 0 0 1
    outer loop
      vertex 142.893 9.38029 2.4
      vertex 139.234 12.6606 2.4
      vertex 142.4 9.13731 2.4
    endloop
  endfacet
  facet normal 0 0 1
    outer loop
      vertex 139.47 14.4568 2.4
      vertex 141.168 111.943 2.4
      vertex 140.863 112.4 2.4
    endloop
  endfacet
  facet normal 0 0 1
    outer loop
      vertex 139.47 14.4568 2.4
      vertex 140.863 112.4 2.4
      vertex 140.62 112.893 2.4
    endloop
  endfacet
  facet normal 0 0 1
    outer loop
      vertex 139.47 14.4568 2.4
      vertex 140.62 112.893 2.4
      vertex 140.443 113.413 2.4
    endloop
  endfacet
  facet normal 0 0 1
    outer loop
      vertex 139.47 14.4568 2.4
      vertex 140.443 113.413 2.4
      vertex 140.336 113.952 2.4
    endloop
  endfacet
  facet normal 0 0 1
    outer loop
      vertex 115 88.5 2.4
      vertex 140.336 113.952 2.4
      vertex 140.3 114.5 2.4
    endloop
  endfacet
  facet normal -0 0 1
    outer loop
      vertex 139.031 12.25 2.4
      vertex 142.4 9.13731 2.4
      vertex 139.234 12.6606 2.4
    endloop
  endfacet
  facet normal 0 0 1
    outer loop
      vertex 142.4 9.13731 2.4
      vertex 139.031 12.25 2.4
      vertex 141.943 8.83208 2.4
    endloop
  endfacet
  facet normal -0 0 1
    outer loop
      vertex 138.777 11.8693 2.4
      vertex 141.943 8.83208 2.4
      vertex 139.031 12.25 2.4
    endloop
  endfacet
  facet normal 0 0 1
    outer loop
      vertex 141.943 8.83208 2.4
      vertex 138.777 11.8693 2.4
      vertex 141.53 8.46985 2.4
    endloop
  endfacet
  facet normal -0 0 1
    outer loop
      vertex 138.475 11.5251 2.4
      vertex 141.53 8.46985 2.4
      vertex 138.777 11.8693 2.4
    endloop
  endfacet
  facet normal -0 0 1
    outer loop
      vertex 138.131 11.2233 2.4
      vertex 141.53 8.46985 2.4
      vertex 138.475 11.5251 2.4
    endloop
  endfacet
  facet normal 0 0 1
    outer loop
      vertex 141.53 8.46985 2.4
      vertex 138.131 11.2233 2.4
      vertex 141.168 8.0568 2.4
    endloop
  endfacet
  facet normal 0 0 1
    outer loop
      vertex 141.168 8.0568 2.4
      vertex 138.131 11.2233 2.4
      vertex 140.996 7.79999 2.4
    endloop
  endfacet
  facet normal -0 0 1
    outer loop
      vertex 137.75 10.9689 2.4
      vertex 140.996 7.79999 2.4
      vertex 138.131 11.2233 2.4
    endloop
  endfacet
  facet normal -0 0 1
    outer loop
      vertex 137.339 10.7664 2.4
      vertex 140.996 7.79999 2.4
      vertex 137.75 10.9689 2.4
    endloop
  endfacet
  facet normal -0 0 1
    outer loop
      vertex 136.906 10.6193 2.4
      vertex 140.996 7.79999 2.4
      vertex 137.339 10.7664 2.4
    endloop
  endfacet
  facet normal -0 0 1
    outer loop
      vertex 136.457 10.5299 2.4
      vertex 140.996 7.79999 2.4
      vertex 136.906 10.6193 2.4
    endloop
  endfacet
  facet normal -0 0 1
    outer loop
      vertex 136 10.5 2.4
      vertex 140.996 7.79999 2.4
      vertex 136.457 10.5299 2.4
    endloop
  endfacet
  facet normal 0 0 1
    outer loop
      vertex 135.543 10.5299 2.4
      vertex 140.996 7.79999 2.4
      vertex 136 10.5 2.4
    endloop
  endfacet
  facet normal 0 0 1
    outer loop
      vertex 135.094 10.6193 2.4
      vertex 140.996 7.79999 2.4
      vertex 135.543 10.5299 2.4
    endloop
  endfacet
  facet normal 0 0 1
    outer loop
      vertex 134.661 10.7664 2.4
      vertex 140.996 7.79999 2.4
      vertex 135.094 10.6193 2.4
    endloop
  endfacet
  facet normal 0 0 1
    outer loop
      vertex 135.094 17.3807 2.4
      vertex 109.485 58.5151 2.4
      vertex 134.661 17.2336 2.4
    endloop
  endfacet
  facet normal -0 0 1
    outer loop
      vertex 109.278 58.334 2.4
      vertex 134.661 17.2336 2.4
      vertex 109.485 58.5151 2.4
    endloop
  endfacet
  facet normal 0 0 1
    outer loop
      vertex 134.661 17.2336 2.4
      vertex 109.278 58.334 2.4
      vertex 134.25 17.0311 2.4
    endloop
  endfacet
  facet normal -0 0 1
    outer loop
      vertex 109.05 58.1813 2.4
      vertex 134.25 17.0311 2.4
      vertex 109.278 58.334 2.4
    endloop
  endfacet
  facet normal 0 0 1
    outer loop
      vertex 134.25 17.0311 2.4
      vertex 109.05 58.1813 2.4
      vertex 133.869 16.7767 2.4
    endloop
  endfacet
  facet normal -0 0 1
    outer loop
      vertex 108.804 58.0599 2.4
      vertex 133.869 16.7767 2.4
      vertex 109.05 58.1813 2.4
    endloop
  endfacet
  facet normal -0 0 1
    outer loop
      vertex 109.94 59.1964 2.4
      vertex 136.457 17.4701 2.4
      vertex 110.028 59.4565 2.4
    endloop
  endfacet
  facet normal 0 0 1
    outer loop
      vertex 110.1 60 2.4
      vertex 117.777 82.8693 2.4
      vertex 117.475 82.5251 2.4
    endloop
  endfacet
  facet normal 0 0 1
    outer loop
      vertex 110.082 60.2741 2.4
      vertex 117.475 82.5251 2.4
      vertex 117.131 82.2233 2.4
    endloop
  endfacet
  facet normal 0 0 1
    outer loop
      vertex 110.082 60.2741 2.4
      vertex 117.131 82.2233 2.4
      vertex 116.75 81.9689 2.4
    endloop
  endfacet
  facet normal 0 0 1
    outer loop
      vertex 110.082 60.2741 2.4
      vertex 116.75 81.9689 2.4
      vertex 116.339 81.7664 2.4
    endloop
  endfacet
  facet normal 0 0 1
    outer loop
      vertex 110.082 60.2741 2.4
      vertex 116.339 81.7664 2.4
      vertex 115.906 81.6193 2.4
    endloop
  endfacet
  facet normal 0 0 1
    outer loop
      vertex 110.082 60.2741 2.4
      vertex 115.906 81.6193 2.4
      vertex 115.457 81.5299 2.4
    endloop
  endfacet
  facet normal 0 0 1
    outer loop
      vertex 110.082 60.2741 2.4
      vertex 115.457 81.5299 2.4
      vertex 115 81.5 2.4
    endloop
  endfacet
  facet normal 0 0 1
    outer loop
      vertex 110.082 60.2741 2.4
      vertex 115 81.5 2.4
      vertex 114.543 81.5299 2.4
    endloop
  endfacet
  facet normal 0 0 1
    outer loop
      vertex 110.082 60.2741 2.4
      vertex 114.543 81.5299 2.4
      vertex 114.094 81.6193 2.4
    endloop
  endfacet
  facet normal 0 0 1
    outer loop
      vertex 110.082 60.2741 2.4
      vertex 114.094 81.6193 2.4
      vertex 113.661 81.7664 2.4
    endloop
  endfacet
  facet normal 0 0 1
    outer loop
      vertex 110.082 60.2741 2.4
      vertex 113.661 81.7664 2.4
      vertex 113.25 81.9689 2.4
    endloop
  endfacet
  facet normal 0 0 1
    outer loop
      vertex 110.082 60.2741 2.4
      vertex 113.25 81.9689 2.4
      vertex 112.869 82.2233 2.4
    endloop
  endfacet
  facet normal 0 0 1
    outer loop
      vertex 110.082 60.2741 2.4
      vertex 112.869 82.2233 2.4
      vertex 112.525 82.5251 2.4
    endloop
  endfacet
  facet normal 0 0 1
    outer loop
      vertex 110.082 60.2741 2.4
      vertex 112.525 82.5251 2.4
      vertex 112.223 82.8693 2.4
    endloop
  endfacet
  facet normal 0 0 1
    outer loop
      vertex 110.082 60.2741 2.4
      vertex 112.223 82.8693 2.4
      vertex 111.969 83.25 2.4
    endloop
  endfacet
  facet normal 0 0 1
    outer loop
      vertex 110.082 60.2741 2.4
      vertex 111.969 83.25 2.4
      vertex 111.766 83.6606 2.4
    endloop
  endfacet
  facet normal 0 0 1
    outer loop
      vertex 110.082 60.2741 2.4
      vertex 111.766 83.6606 2.4
      vertex 111.619 84.0941 2.4
    endloop
  endfacet
  facet normal 0 0 1
    outer loop
      vertex 43.666 61.2784 2.4
      vertex 111.53 84.5432 2.4
      vertex 111.5 85 2.4
    endloop
  endfacet
  facet normal 0 0 1
    outer loop
      vertex 110.082 60.2741 2.4
      vertex 111.619 84.0941 2.4
      vertex 111.53 84.5432 2.4
    endloop
  endfacet
  facet normal 0 0 1
    outer loop
      vertex 136.457 17.4701 2.4
      vertex 109.94 59.1964 2.4
      vertex 136 17.5 2.4
    endloop
  endfacet
  facet normal 0 0 1
    outer loop
      vertex 133.869 16.7767 2.4
      vertex 108.804 58.0599 2.4
      vertex 133.525 16.4749 2.4
    endloop
  endfacet
  facet normal -0 0 1
    outer loop
      vertex 108.544 57.9716 2.4
      vertex 133.525 16.4749 2.4
      vertex 108.804 58.0599 2.4
    endloop
  endfacet
  facet normal 0 0 1
    outer loop
      vertex 133.525 16.4749 2.4
      vertex 108.544 57.9716 2.4
      vertex 133.223 16.1307 2.4
    endloop
  endfacet
  facet normal -0 0 1
    outer loop
      vertex 108.274 57.918 2.4
      vertex 133.223 16.1307 2.4
      vertex 108.544 57.9716 2.4
    endloop
  endfacet
  facet normal 0 0 1
    outer loop
      vertex 133.223 16.1307 2.4
      vertex 108.274 57.918 2.4
      vertex 132.969 15.75 2.4
    endloop
  endfacet
  facet normal -0 0 1
    outer loop
      vertex 108 57.9 2.4
      vertex 132.969 15.75 2.4
      vertex 108.274 57.918 2.4
    endloop
  endfacet
  facet normal 0 0 1
    outer loop
      vertex 132.969 15.75 2.4
      vertex 108 57.9 2.4
      vertex 132.766 15.3394 2.4
    endloop
  endfacet
  facet normal 0 0 1
    outer loop
      vertex 107.726 57.918 2.4
      vertex 132.766 15.3394 2.4
      vertex 108 57.9 2.4
    endloop
  endfacet
  facet normal 0 0 1
    outer loop
      vertex 132.766 15.3394 2.4
      vertex 107.726 57.918 2.4
      vertex 132.619 14.9059 2.4
    endloop
  endfacet
  facet normal 0 0 1
    outer loop
      vertex 107.456 57.9716 2.4
      vertex 132.619 14.9059 2.4
      vertex 107.726 57.918 2.4
    endloop
  endfacet
  facet normal 0 0 1
    outer loop
      vertex 132.619 14.9059 2.4
      vertex 107.456 57.9716 2.4
      vertex 132.53 14.4568 2.4
    endloop
  endfacet
  facet normal 0 0 1
    outer loop
      vertex 107.196 58.0599 2.4
      vertex 132.53 14.4568 2.4
      vertex 107.456 57.9716 2.4
    endloop
  endfacet
  facet normal 0 0 1
    outer loop
      vertex 132.53 14.4568 2.4
      vertex 107.196 58.0599 2.4
      vertex 132.5 14 2.4
    endloop
  endfacet
  facet normal 0 0 1
    outer loop
      vertex 106.95 58.1813 2.4
      vertex 132.5 14 2.4
      vertex 107.196 58.0599 2.4
    endloop
  endfacet
  facet normal 0 0 1
    outer loop
      vertex 132.5 14 2.4
      vertex 106.95 58.1813 2.4
      vertex 132.53 13.5432 2.4
    endloop
  endfacet
  facet normal 0 0 1
    outer loop
      vertex 106.722 58.334 2.4
      vertex 132.53 13.5432 2.4
      vertex 106.95 58.1813 2.4
    endloop
  endfacet
  facet normal -0 0 1
    outer loop
      vertex 43.2784 58.334 2.4
      vertex 132.53 13.5432 2.4
      vertex 106.722 58.334 2.4
    endloop
  endfacet
  facet normal -0 0 1
    outer loop
      vertex 43.05 58.1813 2.4
      vertex 132.53 13.5432 2.4
      vertex 43.2784 58.334 2.4
    endloop
  endfacet
  facet normal -0 0 1
    outer loop
      vertex 17.5 14 2.4
      vertex 132.53 13.5432 2.4
      vertex 43.05 58.1813 2.4
    endloop
  endfacet
  facet normal 0 0 1
    outer loop
      vertex 43.2784 58.334 2.4
      vertex 106.722 58.334 2.4
      vertex 106.515 58.5151 2.4
    endloop
  endfacet
  facet normal 0 0 1
    outer loop
      vertex 43.4849 58.5151 2.4
      vertex 106.515 58.5151 2.4
      vertex 106.334 58.7216 2.4
    endloop
  endfacet
  facet normal 0 0 1
    outer loop
      vertex 43.666 58.7216 2.4
      vertex 106.334 58.7216 2.4
      vertex 106.181 58.95 2.4
    endloop
  endfacet
  facet normal -0 0 1
    outer loop
      vertex 44.1 60 2.4
      vertex 105.918 59.7259 2.4
      vertex 105.9 60 2.4
    endloop
  endfacet
  facet normal 0 0 1
    outer loop
      vertex 44.082 59.7259 2.4
      vertex 105.918 59.7259 2.4
      vertex 44.1 60 2.4
    endloop
  endfacet
  facet normal 0 0 1
    outer loop
      vertex 105.918 59.7259 2.4
      vertex 44.082 59.7259 2.4
      vertex 105.972 59.4565 2.4
    endloop
  endfacet
  facet normal 0 0 1
    outer loop
      vertex 44.0284 59.4565 2.4
      vertex 105.972 59.4565 2.4
      vertex 44.082 59.7259 2.4
    endloop
  endfacet
  facet normal 0 0 1
    outer loop
      vertex 105.972 59.4565 2.4
      vertex 44.0284 59.4565 2.4
      vertex 106.06 59.1964 2.4
    endloop
  endfacet
  facet normal 0 0 1
    outer loop
      vertex 43.9401 59.1964 2.4
      vertex 106.06 59.1964 2.4
      vertex 44.0284 59.4565 2.4
    endloop
  endfacet
  facet normal 0 0 1
    outer loop
      vertex 106.06 59.1964 2.4
      vertex 43.9401 59.1964 2.4
      vertex 106.181 58.95 2.4
    endloop
  endfacet
  facet normal 0 0 1
    outer loop
      vertex 43.8187 58.95 2.4
      vertex 106.181 58.95 2.4
      vertex 43.9401 59.1964 2.4
    endloop
  endfacet
  facet normal 0 0 1
    outer loop
      vertex 43.666 58.7216 2.4
      vertex 106.181 58.95 2.4
      vertex 43.8187 58.95 2.4
    endloop
  endfacet
  facet normal 0 0 1
    outer loop
      vertex 106.334 58.7216 2.4
      vertex 43.666 58.7216 2.4
      vertex 43.4849 58.5151 2.4
    endloop
  endfacet
  facet normal 0 0 1
    outer loop
      vertex 106.515 58.5151 2.4
      vertex 43.4849 58.5151 2.4
      vertex 43.2784 58.334 2.4
    endloop
  endfacet
  facet normal 0 0 1
    outer loop
      vertex 17.4701 13.5432 2.4
      vertex 132.53 13.5432 2.4
      vertex 17.5 14 2.4
    endloop
  endfacet
  facet normal 0 0 1
    outer loop
      vertex 132.53 13.5432 2.4
      vertex 17.4701 13.5432 2.4
      vertex 132.619 13.0941 2.4
    endloop
  endfacet
  facet normal 0 0 1
    outer loop
      vertex 17.3807 13.0941 2.4
      vertex 132.619 13.0941 2.4
      vertex 17.4701 13.5432 2.4
    endloop
  endfacet
  facet normal 0 0 1
    outer loop
      vertex 132.619 13.0941 2.4
      vertex 17.3807 13.0941 2.4
      vertex 132.766 12.6606 2.4
    endloop
  endfacet
  facet normal 0 0 1
    outer loop
      vertex 17.2336 12.6606 2.4
      vertex 132.766 12.6606 2.4
      vertex 17.3807 13.0941 2.4
    endloop
  endfacet
  facet normal 0 0 1
    outer loop
      vertex 132.766 12.6606 2.4
      vertex 17.2336 12.6606 2.4
      vertex 132.969 12.25 2.4
    endloop
  endfacet
  facet normal 0 0 1
    outer loop
      vertex 17.5 14 2.4
      vertex 43.05 58.1813 2.4
      vertex 42.8036 58.0599 2.4
    endloop
  endfacet
  facet normal 0 0 1
    outer loop
      vertex 17.5 14 2.4
      vertex 42.8036 58.0599 2.4
      vertex 42.5435 57.9716 2.4
    endloop
  endfacet
  facet normal 0 0 1
    outer loop
      vertex 17.5 14 2.4
      vertex 42.5435 57.9716 2.4
      vertex 42.2741 57.918 2.4
    endloop
  endfacet
  facet normal 0 0 1
    outer loop
      vertex 17.5 14 2.4
      vertex 42.2741 57.918 2.4
      vertex 42 57.9 2.4
    endloop
  endfacet
  facet normal 0 0 1
    outer loop
      vertex 17.5 14 2.4
      vertex 42 57.9 2.4
      vertex 41.7259 57.918 2.4
    endloop
  endfacet
  facet normal 0 0 1
    outer loop
      vertex 17.5 14 2.4
      vertex 41.7259 57.918 2.4
      vertex 41.4565 57.9716 2.4
    endloop
  endfacet
  facet normal 0 0 1
    outer loop
      vertex 17.5 14 2.4
      vertex 41.4565 57.9716 2.4
      vertex 41.1964 58.0599 2.4
    endloop
  endfacet
  facet normal 0 0 1
    outer loop
      vertex 17.5 14 2.4
      vertex 41.1964 58.0599 2.4
      vertex 40.95 58.1813 2.4
    endloop
  endfacet
  facet normal 0 0 1
    outer loop
      vertex 40.95 61.8187 2.4
      vertex 15.75 102.969 2.4
      vertex 40.7216 61.666 2.4
    endloop
  endfacet
  facet normal 0 0 1
    outer loop
      vertex 39.9 60 2.4
      vertex 17.5 14 2.4
      vertex 39.918 59.7259 2.4
    endloop
  endfacet
  facet normal 0 0 1
    outer loop
      vertex 39.918 59.7259 2.4
      vertex 17.5 14 2.4
      vertex 39.9716 59.4565 2.4
    endloop
  endfacet
  facet normal 0 0 1
    outer loop
      vertex 39.9716 59.4565 2.4
      vertex 17.5 14 2.4
      vertex 40.0599 59.1964 2.4
    endloop
  endfacet
  facet normal 0 0 1
    outer loop
      vertex 17.5 14 2.4
      vertex 40.1813 58.95 2.4
      vertex 40.0599 59.1964 2.4
    endloop
  endfacet
  facet normal 0 0 1
    outer loop
      vertex 17.5 14 2.4
      vertex 40.334 58.7216 2.4
      vertex 40.1813 58.95 2.4
    endloop
  endfacet
  facet normal 0 0 1
    outer loop
      vertex 17.5 14 2.4
      vertex 40.5151 58.5151 2.4
      vertex 40.334 58.7216 2.4
    endloop
  endfacet
  facet normal 0 0 1
    outer loop
      vertex 17.5 14 2.4
      vertex 40.7216 58.334 2.4
      vertex 40.5151 58.5151 2.4
    endloop
  endfacet
  facet normal 0 0 1
    outer loop
      vertex 17.5 14 2.4
      vertex 40.95 58.1813 2.4
      vertex 40.7216 58.334 2.4
    endloop
  endfacet
  facet normal 0 0 1
    outer loop
      vertex 17.0311 12.25 2.4
      vertex 132.969 12.25 2.4
      vertex 17.2336 12.6606 2.4
    endloop
  endfacet
  facet normal 0 0 1
    outer loop
      vertex 132.969 12.25 2.4
      vertex 17.0311 12.25 2.4
      vertex 133.223 11.8693 2.4
    endloop
  endfacet
  facet normal 0 0 1
    outer loop
      vertex 16.7767 11.8693 2.4
      vertex 133.223 11.8693 2.4
      vertex 17.0311 12.25 2.4
    endloop
  endfacet
  facet normal 0 0 1
    outer loop
      vertex 133.223 11.8693 2.4
      vertex 16.7767 11.8693 2.4
      vertex 133.525 11.5251 2.4
    endloop
  endfacet
  facet normal 0 0 1
    outer loop
      vertex 16.4749 11.5251 2.4
      vertex 133.525 11.5251 2.4
      vertex 16.7767 11.8693 2.4
    endloop
  endfacet
  facet normal 0 0 1
    outer loop
      vertex 133.525 11.5251 2.4
      vertex 16.4749 11.5251 2.4
      vertex 133.869 11.2233 2.4
    endloop
  endfacet
  facet normal 0 0 1
    outer loop
      vertex 16.1307 11.2233 2.4
      vertex 133.869 11.2233 2.4
      vertex 16.4749 11.5251 2.4
    endloop
  endfacet
  facet normal 0 0 1
    outer loop
      vertex 133.869 11.2233 2.4
      vertex 16.1307 11.2233 2.4
      vertex 134.25 10.9689 2.4
    endloop
  endfacet
  facet normal 0 0 1
    outer loop
      vertex 15.75 10.9689 2.4
      vertex 134.25 10.9689 2.4
      vertex 16.1307 11.2233 2.4
    endloop
  endfacet
  facet normal 0 0 1
    outer loop
      vertex 134.25 10.9689 2.4
      vertex 15.75 10.9689 2.4
      vertex 134.661 10.7664 2.4
    endloop
  endfacet
  facet normal 0 0 1
    outer loop
      vertex 15.3394 10.7664 2.4
      vertex 134.661 10.7664 2.4
      vertex 15.75 10.9689 2.4
    endloop
  endfacet
  facet normal 0 0 1
    outer loop
      vertex 134.661 10.7664 2.4
      vertex 15.3394 10.7664 2.4
      vertex 140.996 7.79999 2.4
    endloop
  endfacet
  facet normal 0 0 1
    outer loop
      vertex 9.02767 7.79999 2.4
      vertex 15.3394 10.7664 2.4
      vertex 14.9059 10.6193 2.4
    endloop
  endfacet
  facet normal 0 0 1
    outer loop
      vertex 9.02767 7.79999 2.4
      vertex 14.9059 10.6193 2.4
      vertex 14.4568 10.5299 2.4
    endloop
  endfacet
  facet normal 0 0 1
    outer loop
      vertex 9.02767 7.79999 2.4
      vertex 14.4568 10.5299 2.4
      vertex 14 10.5 2.4
    endloop
  endfacet
  facet normal -0 0 1
    outer loop
      vertex 8.0568 111.168 2.4
      vertex 11.2233 108.131 2.4
      vertex 8.46985 111.53 2.4
    endloop
  endfacet
  facet normal 0 0 1
    outer loop
      vertex 11.2233 108.131 2.4
      vertex 8.0568 111.168 2.4
      vertex 10.9689 107.75 2.4
    endloop
  endfacet
  facet normal -0 0 1
    outer loop
      vertex 7.79999 110.996 2.4
      vertex 10.9689 107.75 2.4
      vertex 8.0568 111.168 2.4
    endloop
  endfacet
  facet normal 0 0 1
    outer loop
      vertex 10.9689 107.75 2.4
      vertex 7.79999 110.996 2.4
      vertex 10.7664 107.339 2.4
    endloop
  endfacet
  facet normal 0 0 1
    outer loop
      vertex 15.3394 10.7664 2.4
      vertex 9.02767 7.79999 2.4
      vertex 140.996 7.79999 2.4
    endloop
  endfacet
  facet normal 0 0 1
    outer loop
      vertex 13.5432 10.5299 2.4
      vertex 9.02767 7.79999 2.4
      vertex 14 10.5 2.4
    endloop
  endfacet
  facet normal 0 0 1
    outer loop
      vertex 13.0941 10.6193 2.4
      vertex 9.02767 7.79999 2.4
      vertex 13.5432 10.5299 2.4
    endloop
  endfacet
  facet normal 0 0 1
    outer loop
      vertex 12.6606 10.7664 2.4
      vertex 9.02767 7.79999 2.4
      vertex 13.0941 10.6193 2.4
    endloop
  endfacet
  facet normal 0 0 1
    outer loop
      vertex 12.25 10.9689 2.4
      vertex 9.02767 7.79999 2.4
      vertex 12.6606 10.7664 2.4
    endloop
  endfacet
  facet normal 0 0 1
    outer loop
      vertex 11.8693 11.2233 2.4
      vertex 9.02767 7.79999 2.4
      vertex 12.25 10.9689 2.4
    endloop
  endfacet
  facet normal 0 0 1
    outer loop
      vertex 8.46985 8.46985 2.4
      vertex 11.8693 11.2233 2.4
      vertex 11.5251 11.5251 2.4
    endloop
  endfacet
  facet normal 0 0 1
    outer loop
      vertex 8.46985 8.46985 2.4
      vertex 11.5251 11.5251 2.4
      vertex 11.2233 11.8693 2.4
    endloop
  endfacet
  facet normal 0 0 1
    outer loop
      vertex 7.79999 9.02767 2.4
      vertex 11.2233 11.8693 2.4
      vertex 10.9689 12.25 2.4
    endloop
  endfacet
  facet normal 0 0 1
    outer loop
      vertex 7.79999 9.02767 2.4
      vertex 10.9689 12.25 2.4
      vertex 10.7664 12.6606 2.4
    endloop
  endfacet
  facet normal 0 0 1
    outer loop
      vertex 7.79999 9.02767 2.4
      vertex 10.7664 12.6606 2.4
      vertex 10.6193 13.0941 2.4
    endloop
  endfacet
  facet normal 0 0 1
    outer loop
      vertex 7.79999 9.02767 2.4
      vertex 10.6193 13.0941 2.4
      vertex 10.5299 13.5432 2.4
    endloop
  endfacet
  facet normal 0 0 1
    outer loop
      vertex 7.79999 9.02767 2.4
      vertex 10.5299 13.5432 2.4
      vertex 10.5 14 2.4
    endloop
  endfacet
  facet normal 0 0 1
    outer loop
      vertex 10.7664 107.339 2.4
      vertex 7.79999 110.996 2.4
      vertex 10.6193 106.906 2.4
    endloop
  endfacet
  facet normal 0 0 1
    outer loop
      vertex 10.6193 106.906 2.4
      vertex 7.79999 110.996 2.4
      vertex 10.5299 106.457 2.4
    endloop
  endfacet
  facet normal 0 0 1
    outer loop
      vertex 11.8693 11.2233 2.4
      vertex 8.83208 8.0568 2.4
      vertex 9.02767 7.79999 2.4
    endloop
  endfacet
  facet normal 0 0 1
    outer loop
      vertex 9.02767 7.79999 2.4
      vertex 8.83208 8.0568 2.4
      vertex 9.00258 7.80164 2.4
    endloop
  endfacet
  facet normal 0 0 1
    outer loop
      vertex 10.5299 106.457 2.4
      vertex 7.79999 110.996 2.4
      vertex 10.5 106 2.4
    endloop
  endfacet
  facet normal 0 0 1
    outer loop
      vertex 11.8693 11.2233 2.4
      vertex 8.46985 8.46985 2.4
      vertex 8.83208 8.0568 2.4
    endloop
  endfacet
  facet normal 0 0 1
    outer loop
      vertex 10.6193 14.9059 2.4
      vertex 7.79999 9.02767 2.4
      vertex 10.5299 14.4568 2.4
    endloop
  endfacet
  facet normal 0 0 1
    outer loop
      vertex 11.2233 11.8693 2.4
      vertex 8.0568 8.83208 2.4
      vertex 8.46985 8.46985 2.4
    endloop
  endfacet
  facet normal 0 0 1
    outer loop
      vertex 11.2233 11.8693 2.4
      vertex 7.79999 9.02767 2.4
      vertex 8.0568 8.83208 2.4
    endloop
  endfacet
  facet normal 0 0 1
    outer loop
      vertex 10.5299 14.4568 2.4
      vertex 7.79999 9.02767 2.4
      vertex 10.5 14 2.4
    endloop
  endfacet
  facet normal 0 0 1
    outer loop
      vertex 8.0568 8.83208 2.4
      vertex 7.79999 9.02767 2.4
      vertex 7.80164 9.00258 2.4
    endloop
  endfacet
  facet normal 0 0 1
    outer loop
      vertex 4.95179 110.336 2.4
      vertex 5.4 9.69345 2.4
      vertex 5.4 110.307 2.4
    endloop
  endfacet
  facet normal 0 0 1
    outer loop
      vertex 4.95179 110.336 2.4
      vertex 4.95179 9.66407 2.4
      vertex 5.4 9.69345 2.4
    endloop
  endfacet
  facet normal 0 0 1
    outer loop
      vertex 4.79999 110.366 2.4
      vertex 4.95179 9.66407 2.4
      vertex 4.95179 110.336 2.4
    endloop
  endfacet
  facet normal 0 0 1
    outer loop
      vertex 4.95179 9.66407 2.4
      vertex 4.79999 110.366 2.4
      vertex 4.79999 9.63387 2.4
    endloop
  endfacet
  facet normal -0 0 1
    outer loop
      vertex 9.69345 5.4 2.4
      vertex 140.336 4.95179 2.4
      vertex 140.307 5.4 2.4
    endloop
  endfacet
  facet normal 0 0 1
    outer loop
      vertex 9.66407 4.95179 2.4
      vertex 140.336 4.95179 2.4
      vertex 9.69345 5.4 2.4
    endloop
  endfacet
  facet normal 0 0 1
    outer loop
      vertex 140.336 4.95179 2.4
      vertex 9.66407 4.95179 2.4
      vertex 140.366 4.79999 2.4
    endloop
  endfacet
  facet normal 0 0 1
    outer loop
      vertex 140.366 4.79999 2.4
      vertex 9.66407 4.95179 2.4
      vertex 9.63387 4.79999 2.4
    endloop
  endfacet
  facet normal 0.0645929 -0.997912 0
    outer loop
      vertex 7.06135 119.973 2.4
      vertex 7.47848 120 9
      vertex 7.06135 119.973 9
    endloop
  endfacet
  facet normal 0.0645929 -0.997912 0
    outer loop
      vertex 7.47848 120 9
      vertex 7.06135 119.973 2.4
      vertex 7.47848 120 2.4
    endloop
  endfacet
  facet normal 0.554523 -0.832168 0
    outer loop
      vertex 5.82035 119.459 2.4
      vertex 6.10248 119.647 9
      vertex 5.82035 119.459 9
    endloop
  endfacet
  facet normal 0.554523 -0.832168 0
    outer loop
      vertex 6.10248 119.647 9
      vertex 5.82035 119.459 2.4
      vertex 6.10248 119.647 2.4
    endloop
  endfacet
  facet normal 0.321174 -0.94702 0
    outer loop
      vertex 6.40703 119.797 2.4
      vertex 6.72843 119.906 9
      vertex 6.40703 119.797 9
    endloop
  endfacet
  facet normal 0.321174 -0.94702 0
    outer loop
      vertex 6.72843 119.906 9
      vertex 6.40703 119.797 2.4
      vertex 6.72843 119.906 2.4
    endloop
  endfacet
  facet normal 0.659686 -0.751541 0
    outer loop
      vertex 5.56516 119.235 2.4
      vertex 5.82035 119.459 9
      vertex 5.56516 119.235 9
    endloop
  endfacet
  facet normal 0.659686 -0.751541 0
    outer loop
      vertex 5.82035 119.459 9
      vertex 5.56516 119.235 2.4
      vertex 5.82035 119.459 2.4
    endloop
  endfacet
  facet normal 0.832141 -0.554564 0
    outer loop
      vertex 5.15276 118.697 9
      vertex 5.34136 118.98 2.4
      vertex 5.34136 118.98 9
    endloop
  endfacet
  facet normal 0.832141 -0.554564 0
    outer loop
      vertex 5.34136 118.98 2.4
      vertex 5.15276 118.697 9
      vertex 5.15276 118.697 2.4
    endloop
  endfacet
  facet normal -0.897092 0.441845 0
    outer loop
      vertex 149.647 6.10248 2.4
      vertex 149.797 6.40703 9
      vertex 149.797 6.40703 2.4
    endloop
  endfacet
  facet normal -0.897092 0.441845 0
    outer loop
      vertex 149.797 6.40703 9
      vertex 149.647 6.10248 2.4
      vertex 149.647 6.10248 9
    endloop
  endfacet
  facet normal -0.980344 0.197294 0
    outer loop
      vertex 149.906 6.72843 2.4
      vertex 149.973 7.06135 9
      vertex 149.973 7.06135 2.4
    endloop
  endfacet
  facet normal -0.980344 0.197294 0
    outer loop
      vertex 149.973 7.06135 9
      vertex 149.906 6.72843 2.4
      vertex 149.906 6.72843 9
    endloop
  endfacet
  facet normal -0.456795 0.889572 0
    outer loop
      vertex 148.697 5.15276 2.4
      vertex 148.677 5.14249 9
      vertex 148.697 5.15276 9
    endloop
  endfacet
  facet normal -0.456795 0.889572 0
    outer loop
      vertex 148.677 5.14249 9
      vertex 148.697 5.15276 2.4
      vertex 148.677 5.14249 2.4
    endloop
  endfacet
  facet normal 0.441845 -0.897092 0
    outer loop
      vertex 6.10248 119.647 2.4
      vertex 6.40703 119.797 9
      vertex 6.10248 119.647 9
    endloop
  endfacet
  facet normal 0.441845 -0.897092 0
    outer loop
      vertex 6.40703 119.797 9
      vertex 6.10248 119.647 2.4
      vertex 6.40703 119.797 2.4
    endloop
  endfacet
  facet normal 0.889572 -0.456795 0
    outer loop
      vertex 5.14249 118.677 9
      vertex 5.15276 118.697 2.4
      vertex 5.15276 118.697 9
    endloop
  endfacet
  facet normal 0.889572 -0.456795 0
    outer loop
      vertex 5.15276 118.697 2.4
      vertex 5.14249 118.677 9
      vertex 5.14249 118.677 2.4
    endloop
  endfacet
  facet normal -0.94702 0.321174 0
    outer loop
      vertex 149.797 6.40703 2.4
      vertex 149.906 6.72843 9
      vertex 149.906 6.72843 2.4
    endloop
  endfacet
  facet normal -0.94702 0.321174 0
    outer loop
      vertex 149.906 6.72843 9
      vertex 149.797 6.40703 2.4
      vertex 149.797 6.40703 9
    endloop
  endfacet
  facet normal -0.832168 0.554523 0
    outer loop
      vertex 149.459 5.82035 2.4
      vertex 149.647 6.10248 9
      vertex 149.647 6.10248 2.4
    endloop
  endfacet
  facet normal -0.832168 0.554523 0
    outer loop
      vertex 149.647 6.10248 9
      vertex 149.459 5.82035 2.4
      vertex 149.459 5.82035 9
    endloop
  endfacet
  facet normal -0.659631 0.75159 0
    outer loop
      vertex 149.235 5.56516 2.4
      vertex 148.98 5.34136 9
      vertex 149.235 5.56516 9
    endloop
  endfacet
  facet normal -0.659631 0.75159 0
    outer loop
      vertex 148.98 5.34136 9
      vertex 149.235 5.56516 2.4
      vertex 148.98 5.34136 2.4
    endloop
  endfacet
  facet normal -0.751541 0.659686 0
    outer loop
      vertex 149.235 5.56516 2.4
      vertex 149.459 5.82035 9
      vertex 149.459 5.82035 2.4
    endloop
  endfacet
  facet normal -0.751541 0.659686 0
    outer loop
      vertex 149.459 5.82035 9
      vertex 149.235 5.56516 2.4
      vertex 149.235 5.56516 9
    endloop
  endfacet
  facet normal -0.554564 0.832141 0
    outer loop
      vertex 148.98 5.34136 2.4
      vertex 148.697 5.15276 9
      vertex 148.98 5.34136 9
    endloop
  endfacet
  facet normal -0.554564 0.832141 0
    outer loop
      vertex 148.697 5.15276 9
      vertex 148.98 5.34136 2.4
      vertex 148.697 5.15276 2.4
    endloop
  endfacet
  facet normal 0 -1 0
    outer loop
      vertex 9.69345 5.4 2.4
      vertex 140.307 5.4 9
      vertex 9.69345 5.4 9
    endloop
  endfacet
  facet normal 0 -1 -0
    outer loop
      vertex 140.307 5.4 9
      vertex 9.69345 5.4 2.4
      vertex 140.307 5.4 2.4
    endloop
  endfacet
  facet normal 0 -1 0
    outer loop
      vertex 140.307 5.4 9
      vertex 147.612 5.4 11
      vertex 7.78832 5.4 11
    endloop
  endfacet
  facet normal 0 -1 0
    outer loop
      vertex 9.69345 5.4 9
      vertex 7.78832 5.4 11
      vertex 7.78832 5.4 9
    endloop
  endfacet
  facet normal 0 -1 0
    outer loop
      vertex 140.307 5.4 9
      vertex 7.78832 5.4 11
      vertex 9.69345 5.4 9
    endloop
  endfacet
  facet normal 0 -1 0
    outer loop
      vertex 147.612 5.4 11
      vertex 140.307 5.4 9
      vertex 142.307 5.4 9.2
    endloop
  endfacet
  facet normal 0 -1 -0
    outer loop
      vertex 142.307 5.4 9.2
      vertex 140.307 5.4 9
      vertex 142.362 5.4 9
    endloop
  endfacet
  facet normal 0 -1 0
    outer loop
      vertex 146.693 5.4 9.2
      vertex 147.612 5.4 11
      vertex 142.307 5.4 9.2
    endloop
  endfacet
  facet normal 0 -1 0
    outer loop
      vertex 147.612 5.4 9
      vertex 146.693 5.4 9.2
      vertex 146.638 5.4 9
    endloop
  endfacet
  facet normal 0 -1 0
    outer loop
      vertex 146.693 5.4 9.2
      vertex 147.612 5.4 9
      vertex 147.612 5.4 11
    endloop
  endfacet
  facet normal 0.442637 -0.896701 0
    outer loop
      vertex 148.691 5.6362 9
      vertex 148.578 5.58042 11
      vertex 148.578 5.58042 9
    endloop
  endfacet
  facet normal 0.44254 -0.896749 -6.78395e-06
    outer loop
      vertex 148.578 5.58042 11
      vertex 148.691 5.6362 9
      vertex 148.847 5.71317 11
    endloop
  endfacet
  facet normal 0.44247 -0.896783 0
    outer loop
      vertex 148.847 5.71317 2.4
      vertex 148.691 5.6362 9
      vertex 148.691 5.6362 2.4
    endloop
  endfacet
  facet normal 0.44247 -0.896783 0
    outer loop
      vertex 148.691 5.6362 9
      vertex 148.847 5.71317 2.4
      vertex 148.847 5.71317 11
    endloop
  endfacet
  facet normal 1 -0 0
    outer loop
      vertex 150 7.78842 11
      vertex 150 9.02776 2.3
      vertex 150 9.02776 11
    endloop
  endfacet
  facet normal 1 0 0
    outer loop
      vertex 150 9.02776 2.3
      vertex 150 7.78842 11
      vertex 150 7.78842 2.3
    endloop
  endfacet
  facet normal -0.0643178 0.997929 2.99153e-07
    outer loop
      vertex 7.78842 120 11
      vertex 7.78838 120 2.4
      vertex 7.40053 119.975 11
    endloop
  endfacet
  facet normal 0 1 -0
    outer loop
      vertex 7.78842 120 2.3
      vertex 7.78838 120 2.4
      vertex 7.78842 120 11
    endloop
  endfacet
  facet normal 0 1 0
    outer loop
      vertex 7.78838 120 2.4
      vertex 7.78842 120 2.3
      vertex 7.78838 120 2.3
    endloop
  endfacet
  facet normal -0.0643244 0.997929 0
    outer loop
      vertex 7.40053 119.975 11
      vertex 7.78838 120 2.4
      vertex 7.40053 119.975 2.4
    endloop
  endfacet
  facet normal 0.831045 -0.556206 0
    outer loop
      vertex 149.52 6.30339 11
      vertex 149.687 6.55291 2.4
      vertex 149.687 6.55291 11
    endloop
  endfacet
  facet normal 0.831045 -0.556206 0
    outer loop
      vertex 149.687 6.55291 2.4
      vertex 149.52 6.30339 11
      vertex 149.52 6.30339 2.4
    endloop
  endfacet
  facet normal -0.065356 -0.997862 0
    outer loop
      vertex 7.69385 5.40619 9.2
      vertex 7.40055 5.4254 11
      vertex 7.40055 5.4254 9.2
    endloop
  endfacet
  facet normal -0.0653627 -0.997862 -1.08409e-06
    outer loop
      vertex 7.40055 5.4254 11
      vertex 7.69385 5.40619 9.2
      vertex 7.78832 5.4 11
    endloop
  endfacet
  facet normal -0.0653832 -0.99786 0
    outer loop
      vertex 7.69385 5.40619 9.2
      vertex 7.78832 5.4 9
      vertex 7.78832 5.4 11
    endloop
  endfacet
  facet normal -0.0653517 -0.997862 1.49689e-05
    outer loop
      vertex 7.78832 5.4 9
      vertex 7.69385 5.40619 9.2
      vertex 7.63853 5.40981 9
    endloop
  endfacet
  facet normal -0.99786 -0.0653832 0
    outer loop
      vertex 5.4 7.78832 9
      vertex 5.40619 7.69385 9.2
      vertex 5.4 7.78832 11
    endloop
  endfacet
  facet normal -0.997862 -0.0653517 1.49689e-05
    outer loop
      vertex 5.40619 7.69385 9.2
      vertex 5.4 7.78832 9
      vertex 5.40981 7.63853 9
    endloop
  endfacet
  facet normal -0.997862 -0.065356 -0
    outer loop
      vertex 5.4254 7.40055 11
      vertex 5.40619 7.69385 9.2
      vertex 5.4254 7.40055 9.2
    endloop
  endfacet
  facet normal -0.997862 -0.0653627 -1.08409e-06
    outer loop
      vertex 5.40619 7.69385 9.2
      vertex 5.4254 7.40055 11
      vertex 5.4 7.78832 11
    endloop
  endfacet
  facet normal 0 0 1
    outer loop
      vertex 7.84554 119.182 11
      vertex 7.10623 119.916 11
      vertex 7.81769 119.043 11
    endloop
  endfacet
  facet normal -0 0 1
    outer loop
      vertex 7.10623 119.916 11
      vertex 7.84554 119.182 11
      vertex 7.40053 119.975 11
    endloop
  endfacet
  facet normal 0 0 1
    outer loop
      vertex 7.89149 119.318 11
      vertex 7.40053 119.975 11
      vertex 7.84554 119.182 11
    endloop
  endfacet
  facet normal 0 0 1
    outer loop
      vertex 7.95463 119.446 11
      vertex 7.40053 119.975 11
      vertex 7.89149 119.318 11
    endloop
  endfacet
  facet normal -0 0 1
    outer loop
      vertex 7.40053 119.975 11
      vertex 7.95463 119.446 11
      vertex 7.78842 120 11
    endloop
  endfacet
  facet normal 0 0 1
    outer loop
      vertex 8.03391 119.565 11
      vertex 7.78842 120 11
      vertex 7.95463 119.446 11
    endloop
  endfacet
  facet normal 0 0 1
    outer loop
      vertex 8.12809 119.672 11
      vertex 7.78842 120 11
      vertex 8.03391 119.565 11
    endloop
  endfacet
  facet normal 0 0 1
    outer loop
      vertex 8.2354 119.766 11
      vertex 7.78842 120 11
      vertex 8.12809 119.672 11
    endloop
  endfacet
  facet normal 0 0 1
    outer loop
      vertex 8.35421 119.845 11
      vertex 7.78842 120 11
      vertex 8.2354 119.766 11
    endloop
  endfacet
  facet normal 0 0 1
    outer loop
      vertex 8.48218 119.909 11
      vertex 7.78842 120 11
      vertex 8.35421 119.845 11
    endloop
  endfacet
  facet normal 0 0 1
    outer loop
      vertex 8.61751 119.954 11
      vertex 7.78842 120 11
      vertex 8.48218 119.909 11
    endloop
  endfacet
  facet normal 0 0 1
    outer loop
      vertex 8.75748 119.982 11
      vertex 7.78842 120 11
      vertex 8.61751 119.954 11
    endloop
  endfacet
  facet normal -0 0 1
    outer loop
      vertex 7.78842 120 11
      vertex 8.75748 119.982 11
      vertex 9.02776 120 11
    endloop
  endfacet
  facet normal -0 0 1
    outer loop
      vertex 149.982 8.75748 11
      vertex 150 7.78842 11
      vertex 150 9.02776 11
    endloop
  endfacet
  facet normal -0 0 1
    outer loop
      vertex 149.954 8.61751 11
      vertex 150 7.78842 11
      vertex 149.982 8.75748 11
    endloop
  endfacet
  facet normal -0 0 1
    outer loop
      vertex 149.908 8.48218 11
      vertex 150 7.78842 11
      vertex 149.954 8.61751 11
    endloop
  endfacet
  facet normal -0 0 1
    outer loop
      vertex 149.845 8.35421 11
      vertex 150 7.78842 11
      vertex 149.908 8.48218 11
    endloop
  endfacet
  facet normal -0 0 1
    outer loop
      vertex 149.766 8.2354 11
      vertex 150 7.78842 11
      vertex 149.845 8.35421 11
    endloop
  endfacet
  facet normal -0 0 1
    outer loop
      vertex 149.672 8.12809 11
      vertex 150 7.78842 11
      vertex 149.766 8.2354 11
    endloop
  endfacet
  facet normal -0 0 1
    outer loop
      vertex 149.564 8.03391 11
      vertex 150 7.78842 11
      vertex 149.672 8.12809 11
    endloop
  endfacet
  facet normal -0 0 1
    outer loop
      vertex 149.446 7.95463 11
      vertex 150 7.78842 11
      vertex 149.564 8.03391 11
    endloop
  endfacet
  facet normal 0 0 1
    outer loop
      vertex 150 7.78842 11
      vertex 149.446 7.95463 11
      vertex 149.975 7.40053 11
    endloop
  endfacet
  facet normal -0 0 1
    outer loop
      vertex 149.318 7.89149 11
      vertex 149.975 7.40053 11
      vertex 149.446 7.95463 11
    endloop
  endfacet
  facet normal 0 0 1
    outer loop
      vertex 149.975 7.40053 11
      vertex 149.318 7.89149 11
      vertex 149.916 7.10623 11
    endloop
  endfacet
  facet normal -0 0 1
    outer loop
      vertex 149.182 7.84554 11
      vertex 149.916 7.10623 11
      vertex 149.318 7.89149 11
    endloop
  endfacet
  facet normal 0 0 1
    outer loop
      vertex 149.916 7.10623 11
      vertex 149.182 7.84554 11
      vertex 149.82 6.82205 11
    endloop
  endfacet
  facet normal -0 0 1
    outer loop
      vertex 149.042 7.81769 11
      vertex 149.82 6.82205 11
      vertex 149.182 7.84554 11
    endloop
  endfacet
  facet normal 0 0 1
    outer loop
      vertex 149.82 6.82205 11
      vertex 149.042 7.81769 11
      vertex 149.687 6.55291 11
    endloop
  endfacet
  facet normal -0 0 1
    outer loop
      vertex 148.772 7.79999 11
      vertex 149.687 6.55291 11
      vertex 149.042 7.81769 11
    endloop
  endfacet
  facet normal 0 0 1
    outer loop
      vertex 149.687 6.55291 11
      vertex 148.772 7.79999 11
      vertex 149.52 6.30339 11
    endloop
  endfacet
  facet normal 0 0 1
    outer loop
      vertex 149.52 6.30339 11
      vertex 148.772 7.79999 11
      vertex 149.322 6.07775 11
    endloop
  endfacet
  facet normal 0 0 1
    outer loop
      vertex 149.322 6.07775 11
      vertex 148.772 7.79999 11
      vertex 149.097 5.87981 11
    endloop
  endfacet
  facet normal 0 0 1
    outer loop
      vertex 149.097 5.87981 11
      vertex 148.772 7.79999 11
      vertex 148.847 5.71317 11
    endloop
  endfacet
  facet normal 0 0 1
    outer loop
      vertex 148.772 7.79999 11
      vertex 148.578 5.58042 11
      vertex 148.847 5.71317 11
    endloop
  endfacet
  facet normal 0 0 1
    outer loop
      vertex 148.772 7.79999 11
      vertex 148.294 5.48395 11
      vertex 148.578 5.58042 11
    endloop
  endfacet
  facet normal 0 0 1
    outer loop
      vertex 148.772 7.79999 11
      vertex 147.999 5.42542 11
      vertex 148.294 5.48395 11
    endloop
  endfacet
  facet normal 0 0 1
    outer loop
      vertex 148.772 7.79999 11
      vertex 147.612 5.4 11
      vertex 147.999 5.42542 11
    endloop
  endfacet
  facet normal -0 0 1
    outer loop
      vertex 9.02767 7.79999 11
      vertex 147.612 5.4 11
      vertex 148.772 7.79999 11
    endloop
  endfacet
  facet normal 0 0 1
    outer loop
      vertex 9.02767 7.79999 11
      vertex 7.78832 5.4 11
      vertex 147.612 5.4 11
    endloop
  endfacet
  facet normal 0 0 1
    outer loop
      vertex 8.75748 7.81769 11
      vertex 7.78832 5.4 11
      vertex 9.02767 7.79999 11
    endloop
  endfacet
  facet normal 0 0 1
    outer loop
      vertex 8.61751 7.84554 11
      vertex 7.78832 5.4 11
      vertex 8.75748 7.81769 11
    endloop
  endfacet
  facet normal 0 0 1
    outer loop
      vertex 8.48218 7.89149 11
      vertex 7.78832 5.4 11
      vertex 8.61751 7.84554 11
    endloop
  endfacet
  facet normal 0 0 1
    outer loop
      vertex 8.35421 7.9546 11
      vertex 7.78832 5.4 11
      vertex 8.48218 7.89149 11
    endloop
  endfacet
  facet normal 0 0 1
    outer loop
      vertex 7.40055 5.4254 11
      vertex 8.35421 7.9546 11
      vertex 8.2354 8.03397 11
    endloop
  endfacet
  facet normal 0 0 1
    outer loop
      vertex 6.55291 5.71314 11
      vertex 8.2354 8.03397 11
      vertex 8.12809 8.12809 11
    endloop
  endfacet
  facet normal 0 0 1
    outer loop
      vertex 5.87987 6.30339 11
      vertex 8.12809 8.12809 11
      vertex 8.03397 8.2354 11
    endloop
  endfacet
  facet normal 0 0 1
    outer loop
      vertex 5.48395 7.10623 11
      vertex 8.03397 8.2354 11
      vertex 7.9546 8.35421 11
    endloop
  endfacet
  facet normal 0 0 1
    outer loop
      vertex 5.4 7.78832 11
      vertex 7.9546 8.35421 11
      vertex 7.89149 8.48218 11
    endloop
  endfacet
  facet normal 0 0 1
    outer loop
      vertex 5.4 7.78832 11
      vertex 7.89149 8.48218 11
      vertex 7.84554 8.61751 11
    endloop
  endfacet
  facet normal 0 0 1
    outer loop
      vertex 5.4 7.78832 11
      vertex 7.84554 8.61751 11
      vertex 7.81769 8.75748 11
    endloop
  endfacet
  facet normal 0 0 1
    outer loop
      vertex 5.4 7.78832 11
      vertex 7.81769 8.75748 11
      vertex 7.79999 9.02767 11
    endloop
  endfacet
  facet normal 0 0 1
    outer loop
      vertex 7.79999 118.772 11
      vertex 5.4 117.612 11
      vertex 7.79999 9.02767 11
    endloop
  endfacet
  facet normal 0 0 1
    outer loop
      vertex 7.9546 8.35421 11
      vertex 5.4 7.78832 11
      vertex 5.4254 7.40055 11
    endloop
  endfacet
  facet normal -0 0 1
    outer loop
      vertex 6.82205 119.82 11
      vertex 7.81769 119.043 11
      vertex 7.10623 119.916 11
    endloop
  endfacet
  facet normal -0 0 1
    outer loop
      vertex 6.55291 119.687 11
      vertex 7.81769 119.043 11
      vertex 6.82205 119.82 11
    endloop
  endfacet
  facet normal 0 0 1
    outer loop
      vertex 7.79999 9.02767 11
      vertex 5.4 117.612 11
      vertex 5.4 7.78832 11
    endloop
  endfacet
  facet normal 0 0 1
    outer loop
      vertex 7.81769 119.043 11
      vertex 6.55291 119.687 11
      vertex 7.79999 118.772 11
    endloop
  endfacet
  facet normal 0 0 1
    outer loop
      vertex 8.35421 7.9546 11
      vertex 7.40055 5.4254 11
      vertex 7.78832 5.4 11
    endloop
  endfacet
  facet normal -0 0 1
    outer loop
      vertex 6.30339 119.52 11
      vertex 7.79999 118.772 11
      vertex 6.55291 119.687 11
    endloop
  endfacet
  facet normal 0 0 1
    outer loop
      vertex 7.9546 8.35421 11
      vertex 5.4254 7.40055 11
      vertex 5.48395 7.10623 11
    endloop
  endfacet
  facet normal -0 0 1
    outer loop
      vertex 6.07775 119.322 11
      vertex 7.79999 118.772 11
      vertex 6.30339 119.52 11
    endloop
  endfacet
  facet normal 0 0 1
    outer loop
      vertex 8.2354 8.03397 11
      vertex 7.10623 5.48395 11
      vertex 7.40055 5.4254 11
    endloop
  endfacet
  facet normal -0 0 1
    outer loop
      vertex 5.87981 119.097 11
      vertex 7.79999 118.772 11
      vertex 6.07775 119.322 11
    endloop
  endfacet
  facet normal 0 0 1
    outer loop
      vertex 8.2354 8.03397 11
      vertex 6.82205 5.58042 11
      vertex 7.10623 5.48395 11
    endloop
  endfacet
  facet normal 0 0 1
    outer loop
      vertex 8.12809 8.12809 11
      vertex 6.30339 5.87987 11
      vertex 6.55291 5.71314 11
    endloop
  endfacet
  facet normal -0 0 1
    outer loop
      vertex 5.71317 118.847 11
      vertex 7.79999 118.772 11
      vertex 5.87981 119.097 11
    endloop
  endfacet
  facet normal 0 0 1
    outer loop
      vertex 5.58042 118.578 11
      vertex 7.79999 118.772 11
      vertex 5.71317 118.847 11
    endloop
  endfacet
  facet normal 0 0 1
    outer loop
      vertex 8.2354 8.03397 11
      vertex 6.55291 5.71314 11
      vertex 6.82205 5.58042 11
    endloop
  endfacet
  facet normal 0 0 1
    outer loop
      vertex 5.48395 118.294 11
      vertex 7.79999 118.772 11
      vertex 5.58042 118.578 11
    endloop
  endfacet
  facet normal 0 0 1
    outer loop
      vertex 8.12809 8.12809 11
      vertex 6.07775 6.07775 11
      vertex 6.30339 5.87987 11
    endloop
  endfacet
  facet normal 0 0 1
    outer loop
      vertex 7.79999 118.772 11
      vertex 5.48395 118.294 11
      vertex 5.42542 117.999 11
    endloop
  endfacet
  facet normal 0 0 1
    outer loop
      vertex 8.12809 8.12809 11
      vertex 5.87987 6.30339 11
      vertex 6.07775 6.07775 11
    endloop
  endfacet
  facet normal 0 0 1
    outer loop
      vertex 7.79999 118.772 11
      vertex 5.42542 117.999 11
      vertex 5.4 117.612 11
    endloop
  endfacet
  facet normal 0 0 1
    outer loop
      vertex 8.03397 8.2354 11
      vertex 5.71314 6.55291 11
      vertex 5.87987 6.30339 11
    endloop
  endfacet
  facet normal 0 0 1
    outer loop
      vertex 8.03397 8.2354 11
      vertex 5.58042 6.82205 11
      vertex 5.71314 6.55291 11
    endloop
  endfacet
  facet normal 0 0 1
    outer loop
      vertex 8.03397 8.2354 11
      vertex 5.48395 7.10623 11
      vertex 5.58042 6.82205 11
    endloop
  endfacet
  facet normal 0.0655435 -0.99785 0
    outer loop
      vertex 147.612 5.4 9
      vertex 147.999 5.42542 11
      vertex 147.612 5.4 11
    endloop
  endfacet
  facet normal 0.0655435 -0.99785 0
    outer loop
      vertex 147.999 5.42542 11
      vertex 147.612 5.4 9
      vertex 147.999 5.42542 9
    endloop
  endfacet
  facet normal -0.19511 -0.980781 0
    outer loop
      vertex 7.10623 5.48395 9.2
      vertex 7.40055 5.4254 11
      vertex 7.10623 5.48395 11
    endloop
  endfacet
  facet normal -0.19511 -0.980781 -0
    outer loop
      vertex 7.40055 5.4254 11
      vertex 7.10623 5.48395 9.2
      vertex 7.40055 5.4254 9.2
    endloop
  endfacet
  facet normal -0.555584 -0.83146 0
    outer loop
      vertex 6.30339 5.87987 9.2
      vertex 6.55291 5.71314 11
      vertex 6.30339 5.87987 11
    endloop
  endfacet
  facet normal -0.555584 -0.83146 -0
    outer loop
      vertex 6.55291 5.71314 11
      vertex 6.30339 5.87987 9.2
      vertex 6.55291 5.71314 9.2
    endloop
  endfacet
  facet normal -1 0 0
    outer loop
      vertex 5.4 110.307 2.4
      vertex 5.4 9.69345 2.4
      vertex 5.4 110.307 9
    endloop
  endfacet
  facet normal -1 0 0
    outer loop
      vertex 5.4 112.362 9
      vertex 5.4 110.307 9
      vertex 5.4 112.307 9.2
    endloop
  endfacet
  facet normal -1 0 0
    outer loop
      vertex 5.4 117.612 9
      vertex 5.4 116.693 9.2
      vertex 5.4 117.612 11
    endloop
  endfacet
  facet normal -1 0 -0
    outer loop
      vertex 5.4 116.693 9.2
      vertex 5.4 117.612 9
      vertex 5.4 116.638 9
    endloop
  endfacet
  facet normal -1 0 0
    outer loop
      vertex 5.4 112.307 9.2
      vertex 5.4 117.612 11
      vertex 5.4 116.693 9.2
    endloop
  endfacet
  facet normal -1 0 0
    outer loop
      vertex 5.4 110.307 9
      vertex 5.4 117.612 11
      vertex 5.4 112.307 9.2
    endloop
  endfacet
  facet normal -1 0 0
    outer loop
      vertex 5.4 9.69345 9
      vertex 5.4 110.307 9
      vertex 5.4 9.69345 2.4
    endloop
  endfacet
  facet normal -1 0 0
    outer loop
      vertex 5.4 7.78832 11
      vertex 5.4 110.307 9
      vertex 5.4 9.69345 9
    endloop
  endfacet
  facet normal -1 0 0
    outer loop
      vertex 5.4 7.78832 11
      vertex 5.4 9.69345 9
      vertex 5.4 7.78832 9
    endloop
  endfacet
  facet normal -1 0 0
    outer loop
      vertex 5.4 110.307 9
      vertex 5.4 7.78832 11
      vertex 5.4 117.612 11
    endloop
  endfacet
  facet normal -0.196565 0.980491 0
    outer loop
      vertex 7.40053 119.975 2.4
      vertex 7.10623 119.916 11
      vertex 7.40053 119.975 11
    endloop
  endfacet
  facet normal -0.196565 0.980491 0
    outer loop
      vertex 7.10623 119.916 11
      vertex 7.40053 119.975 2.4
      vertex 7.10623 119.916 2.4
    endloop
  endfacet
  facet normal 0 1 -0
    outer loop
      vertex 9.02776 120 2.3
      vertex 7.78842 120 11
      vertex 9.02776 120 11
    endloop
  endfacet
  facet normal 0 1 0
    outer loop
      vertex 7.78842 120 11
      vertex 9.02776 120 2.3
      vertex 7.78842 120 2.3
    endloop
  endfacet
  facet normal 0.321634 -0.946864 0
    outer loop
      vertex 148.294 5.48395 9
      vertex 148.578 5.58042 11
      vertex 148.294 5.48395 11
    endloop
  endfacet
  facet normal 0.321634 -0.946864 0
    outer loop
      vertex 148.578 5.58042 11
      vertex 148.294 5.48395 9
      vertex 148.578 5.58042 9
    endloop
  endfacet
  facet normal 0.554639 -0.832091 0
    outer loop
      vertex 148.847 5.71317 2.4
      vertex 149.097 5.87981 11
      vertex 148.847 5.71317 11
    endloop
  endfacet
  facet normal 0.554639 -0.832091 0
    outer loop
      vertex 149.097 5.87981 11
      vertex 148.847 5.71317 2.4
      vertex 149.097 5.87981 2.4
    endloop
  endfacet
  facet normal 0.194613 -0.98088 0
    outer loop
      vertex 147.999 5.42542 9
      vertex 148.294 5.48395 11
      vertex 147.999 5.42542 11
    endloop
  endfacet
  facet normal 0.194613 -0.98088 0
    outer loop
      vertex 148.294 5.48395 11
      vertex 147.999 5.42542 9
      vertex 148.294 5.48395 9
    endloop
  endfacet
  facet normal -0.321451 -0.946926 0
    outer loop
      vertex 6.82205 5.58042 9.2
      vertex 7.10623 5.48395 11
      vertex 6.82205 5.58042 11
    endloop
  endfacet
  facet normal -0.321451 -0.946926 -0
    outer loop
      vertex 7.10623 5.48395 11
      vertex 6.82205 5.58042 9.2
      vertex 7.10623 5.48395 9.2
    endloop
  endfacet
  facet normal -0.442275 -0.89688 0
    outer loop
      vertex 6.55291 5.71314 9.2
      vertex 6.82205 5.58042 11
      vertex 6.55291 5.71314 11
    endloop
  endfacet
  facet normal -0.442275 -0.89688 -0
    outer loop
      vertex 6.82205 5.58042 11
      vertex 6.55291 5.71314 9.2
      vertex 6.82205 5.58042 9.2
    endloop
  endfacet
  facet normal -0.832091 0.554639 0
    outer loop
      vertex 5.71317 118.847 2.4
      vertex 5.87981 119.097 11
      vertex 5.87981 119.097 2.4
    endloop
  endfacet
  facet normal -0.832091 0.554639 0
    outer loop
      vertex 5.87981 119.097 11
      vertex 5.71317 118.847 2.4
      vertex 5.71317 118.847 11
    endloop
  endfacet
  facet normal -0.99785 0.0655435 0
    outer loop
      vertex 5.4 117.612 9
      vertex 5.42542 117.999 11
      vertex 5.42542 117.999 9
    endloop
  endfacet
  facet normal -0.99785 0.0655435 0
    outer loop
      vertex 5.42542 117.999 11
      vertex 5.4 117.612 9
      vertex 5.4 117.612 11
    endloop
  endfacet
  facet normal -0.751841 -0.659344 0
    outer loop
      vertex 6.07775 6.07775 9.2
      vertex 5.87987 6.30339 11
      vertex 5.87987 6.30339 9.2
    endloop
  endfacet
  facet normal -0.751841 -0.659344 0
    outer loop
      vertex 5.87987 6.30339 11
      vertex 6.07775 6.07775 9.2
      vertex 6.07775 6.07775 11
    endloop
  endfacet
  facet normal 0 0 0
    outer loop
      vertex 9.02776 120 2.3
      vertex 9.02772 120 2.3
      vertex 7.78838 120 2.3
    endloop
  endfacet
  facet normal 0 0 0
    outer loop
      vertex 9.02776 120 2.3
      vertex 7.78838 120 2.3
      vertex 7.78842 120 2.3
    endloop
  endfacet
  facet normal -0 0 0
    outer loop
      vertex 150 7.78842 2.3
      vertex 150 7.78838 2.3
      vertex 150 9.02772 2.3
    endloop
  endfacet
  facet normal 0 0 0
    outer loop
      vertex 150 9.02776 2.3
      vertex 150 7.78842 2.3
      vertex 150 9.02772 2.3
    endloop
  endfacet
  facet normal -0.320046 0.947402 0
    outer loop
      vertex 7.10623 119.916 2.4
      vertex 6.82205 119.82 11
      vertex 7.10623 119.916 11
    endloop
  endfacet
  facet normal -0.320046 0.947402 0
    outer loop
      vertex 6.82205 119.82 11
      vertex 7.10623 119.916 2.4
      vertex 6.82205 119.82 2.4
    endloop
  endfacet
  facet normal 0.660515 -0.750813 0
    outer loop
      vertex 149.097 5.87981 2.4
      vertex 149.322 6.07775 11
      vertex 149.097 5.87981 11
    endloop
  endfacet
  facet normal 0.660515 -0.750813 0
    outer loop
      vertex 149.322 6.07775 11
      vertex 149.097 5.87981 2.4
      vertex 149.322 6.07775 2.4
    endloop
  endfacet
  facet normal -0.65957 0.751643 0
    outer loop
      vertex 6.30339 119.52 2.4
      vertex 6.07775 119.322 11
      vertex 6.30339 119.52 11
    endloop
  endfacet
  facet normal -0.65957 0.751643 0
    outer loop
      vertex 6.07775 119.322 11
      vertex 6.30339 119.52 2.4
      vertex 6.07775 119.322 2.4
    endloop
  endfacet
  facet normal -0.443025 0.896509 0
    outer loop
      vertex 6.82205 119.82 2.4
      vertex 6.55291 119.687 11
      vertex 6.82205 119.82 11
    endloop
  endfacet
  facet normal -0.443025 0.896509 0
    outer loop
      vertex 6.55291 119.687 11
      vertex 6.82205 119.82 2.4
      vertex 6.55291 119.687 2.4
    endloop
  endfacet
  facet normal -0.750813 0.660515 0
    outer loop
      vertex 5.87981 119.097 2.4
      vertex 6.07775 119.322 11
      vertex 6.07775 119.322 2.4
    endloop
  endfacet
  facet normal -0.750813 0.660515 0
    outer loop
      vertex 6.07775 119.322 11
      vertex 5.87981 119.097 2.4
      vertex 5.87981 119.097 11
    endloop
  endfacet
  facet normal -0.946864 0.321634 0
    outer loop
      vertex 5.48395 118.294 9
      vertex 5.58042 118.578 11
      vertex 5.58042 118.578 9
    endloop
  endfacet
  facet normal -0.946864 0.321634 0
    outer loop
      vertex 5.58042 118.578 11
      vertex 5.48395 118.294 9
      vertex 5.48395 118.294 11
    endloop
  endfacet
  facet normal -0.896783 0.44247 0
    outer loop
      vertex 5.6362 118.691 9
      vertex 5.71317 118.847 2.4
      vertex 5.6362 118.691 2.4
    endloop
  endfacet
  facet normal -0.896783 0.44247 0
    outer loop
      vertex 5.71317 118.847 2.4
      vertex 5.6362 118.691 9
      vertex 5.71317 118.847 11
    endloop
  endfacet
  facet normal -0.896701 0.442637 0
    outer loop
      vertex 5.58042 118.578 11
      vertex 5.6362 118.691 9
      vertex 5.58042 118.578 9
    endloop
  endfacet
  facet normal -0.896749 0.44254 -6.78395e-06
    outer loop
      vertex 5.6362 118.691 9
      vertex 5.58042 118.578 11
      vertex 5.71317 118.847 11
    endloop
  endfacet
  facet normal -0.98088 0.194613 0
    outer loop
      vertex 5.42542 117.999 9
      vertex 5.48395 118.294 11
      vertex 5.48395 118.294 9
    endloop
  endfacet
  facet normal -0.98088 0.194613 0
    outer loop
      vertex 5.48395 118.294 11
      vertex 5.42542 117.999 9
      vertex 5.42542 117.999 11
    endloop
  endfacet
  facet normal -0.946926 -0.321451 0
    outer loop
      vertex 5.58042 6.82205 9.2
      vertex 5.48395 7.10623 11
      vertex 5.48395 7.10623 9.2
    endloop
  endfacet
  facet normal -0.946926 -0.321451 0
    outer loop
      vertex 5.48395 7.10623 11
      vertex 5.58042 6.82205 9.2
      vertex 5.58042 6.82205 11
    endloop
  endfacet
  facet normal -0.980781 -0.19511 0
    outer loop
      vertex 5.48395 7.10623 9.2
      vertex 5.4254 7.40055 11
      vertex 5.4254 7.40055 9.2
    endloop
  endfacet
  facet normal -0.980781 -0.19511 0
    outer loop
      vertex 5.4254 7.40055 11
      vertex 5.48395 7.10623 9.2
      vertex 5.48395 7.10623 11
    endloop
  endfacet
  facet normal -0.659344 -0.751841 0
    outer loop
      vertex 6.07775 6.07775 9.2
      vertex 6.30339 5.87987 11
      vertex 6.07775 6.07775 11
    endloop
  endfacet
  facet normal -0.659344 -0.751841 -0
    outer loop
      vertex 6.30339 5.87987 11
      vertex 6.07775 6.07775 9.2
      vertex 6.30339 5.87987 9.2
    endloop
  endfacet
  facet normal 0.947402 -0.320046 0
    outer loop
      vertex 149.82 6.82205 11
      vertex 149.916 7.10623 2.4
      vertex 149.916 7.10623 11
    endloop
  endfacet
  facet normal 0.947402 -0.320046 0
    outer loop
      vertex 149.916 7.10623 2.4
      vertex 149.82 6.82205 11
      vertex 149.82 6.82205 2.4
    endloop
  endfacet
  facet normal 1 0 0
    outer loop
      vertex 150 7.78842 11
      vertex 150 7.78838 2.4
      vertex 150 7.78842 2.3
    endloop
  endfacet
  facet normal 0.997929 -0.0643178 2.99153e-07
    outer loop
      vertex 149.975 7.40053 11
      vertex 150 7.78838 2.4
      vertex 150 7.78842 11
    endloop
  endfacet
  facet normal 0.997929 -0.0643244 0
    outer loop
      vertex 150 7.78838 2.4
      vertex 149.975 7.40053 11
      vertex 149.975 7.40053 2.4
    endloop
  endfacet
  facet normal 1 0 0
    outer loop
      vertex 150 7.78842 2.3
      vertex 150 7.78838 2.4
      vertex 150 7.78838 2.3
    endloop
  endfacet
  facet normal 0.980491 -0.196565 0
    outer loop
      vertex 149.916 7.10623 11
      vertex 149.975 7.40053 2.4
      vertex 149.975 7.40053 11
    endloop
  endfacet
  facet normal 0.980491 -0.196565 0
    outer loop
      vertex 149.975 7.40053 2.4
      vertex 149.916 7.10623 11
      vertex 149.916 7.10623 2.4
    endloop
  endfacet
  facet normal -0.556206 0.831045 0
    outer loop
      vertex 6.55291 119.687 2.4
      vertex 6.30339 119.52 11
      vertex 6.55291 119.687 11
    endloop
  endfacet
  facet normal -0.556206 0.831045 0
    outer loop
      vertex 6.30339 119.52 11
      vertex 6.55291 119.687 2.4
      vertex 6.30339 119.52 2.4
    endloop
  endfacet
  facet normal -0.83146 -0.555584 0
    outer loop
      vertex 5.87987 6.30339 9.2
      vertex 5.71314 6.55291 11
      vertex 5.71314 6.55291 9.2
    endloop
  endfacet
  facet normal -0.83146 -0.555584 0
    outer loop
      vertex 5.71314 6.55291 11
      vertex 5.87987 6.30339 9.2
      vertex 5.87987 6.30339 11
    endloop
  endfacet
  facet normal -0.89688 -0.442275 0
    outer loop
      vertex 5.71314 6.55291 9.2
      vertex 5.58042 6.82205 11
      vertex 5.58042 6.82205 9.2
    endloop
  endfacet
  facet normal -0.89688 -0.442275 0
    outer loop
      vertex 5.58042 6.82205 11
      vertex 5.71314 6.55291 9.2
      vertex 5.71314 6.55291 11
    endloop
  endfacet
  facet normal 0.751643 -0.65957 0
    outer loop
      vertex 149.322 6.07775 11
      vertex 149.52 6.30339 2.4
      vertex 149.52 6.30339 11
    endloop
  endfacet
  facet normal 0.751643 -0.65957 0
    outer loop
      vertex 149.52 6.30339 2.4
      vertex 149.322 6.07775 11
      vertex 149.322 6.07775 2.4
    endloop
  endfacet
  facet normal 0.896509 -0.443025 0
    outer loop
      vertex 149.687 6.55291 11
      vertex 149.82 6.82205 2.4
      vertex 149.82 6.82205 11
    endloop
  endfacet
  facet normal 0.896509 -0.443025 0
    outer loop
      vertex 149.82 6.82205 2.4
      vertex 149.687 6.55291 11
      vertex 149.687 6.55291 2.4
    endloop
  endfacet
  facet normal -0.442387 0.896824 0
    outer loop
      vertex 149.446 7.95463 2.4
      vertex 149.318 7.89149 11
      vertex 149.446 7.95463 11
    endloop
  endfacet
  facet normal -0.442387 0.896824 0
    outer loop
      vertex 149.318 7.89149 11
      vertex 149.446 7.95463 2.4
      vertex 149.318 7.89149 2.4
    endloop
  endfacet
  facet normal -0.557684 0.830054 0
    outer loop
      vertex 149.564 8.03391 2.4
      vertex 149.446 7.95463 11
      vertex 149.564 8.03391 11
    endloop
  endfacet
  facet normal -0.557684 0.830054 0
    outer loop
      vertex 149.446 7.95463 11
      vertex 149.564 8.03391 2.4
      vertex 149.446 7.95463 2.4
    endloop
  endfacet
  facet normal 0.658916 -0.752216 0
    outer loop
      vertex 8.12809 119.672 2.4
      vertex 8.2354 119.766 11
      vertex 8.12809 119.672 11
    endloop
  endfacet
  facet normal 0.658916 -0.752216 0
    outer loop
      vertex 8.2354 119.766 11
      vertex 8.12809 119.672 2.4
      vertex 8.2354 119.766 2.4
    endloop
  endfacet
  facet normal 0.0653693 0.997861 3.17706e-06
    outer loop
      vertex 9.02767 7.79999 11
      vertex 9.00258 7.80164 9
      vertex 8.75748 7.81769 11
    endloop
  endfacet
  facet normal 0.0656215 0.997845 -0
    outer loop
      vertex 9.02767 7.79999 2.4
      vertex 9.00258 7.80164 9
      vertex 9.02767 7.79999 11
    endloop
  endfacet
  facet normal 0.0656215 0.997845 0
    outer loop
      vertex 9.00258 7.80164 9
      vertex 9.02767 7.79999 2.4
      vertex 9.00258 7.80164 2.4
    endloop
  endfacet
  facet normal 0.0653435 0.997863 0
    outer loop
      vertex 8.75748 7.81769 11
      vertex 9.00258 7.80164 9
      vertex 8.75748 7.81769 9
    endloop
  endfacet
  facet normal 0.997874 -0.0651748 0
    outer loop
      vertex 7.79999 118.772 11
      vertex 7.81769 119.043 2.4
      vertex 7.81769 119.043 11
    endloop
  endfacet
  facet normal 0.997874 -0.0651748 0
    outer loop
      vertex 7.81769 119.043 2.4
      vertex 7.79999 118.772 11
      vertex 7.79999 118.772 2.4
    endloop
  endfacet
  facet normal 1 0 0
    outer loop
      vertex 7.79999 118.772 11
      vertex 7.79999 118.004 9
      vertex 7.79999 118.772 2.4
    endloop
  endfacet
  facet normal 1 0 0
    outer loop
      vertex 7.79999 118.772 11
      vertex 7.79999 110.996 9
      vertex 7.79999 118.004 9
    endloop
  endfacet
  facet normal 1 -0 0
    outer loop
      vertex 7.79999 9.02767 11
      vertex 7.79999 110.996 9
      vertex 7.79999 118.772 11
    endloop
  endfacet
  facet normal 1 0 0
    outer loop
      vertex 7.79999 9.02767 2.4
      vertex 7.79999 110.996 9
      vertex 7.79999 9.02767 11
    endloop
  endfacet
  facet normal 1 0 0
    outer loop
      vertex 7.79999 110.996 9
      vertex 7.79999 9.02767 2.4
      vertex 7.79999 110.996 2.4
    endloop
  endfacet
  facet normal 1 0 0
    outer loop
      vertex 7.79999 118.772 2.4
      vertex 7.79999 118.004 9
      vertex 7.79999 118.004 2.4
    endloop
  endfacet
  facet normal 0 1 0
    outer loop
      vertex 140.996 7.79999 9
      vertex 148.772 7.79999 11
      vertex 148.004 7.79999 9
    endloop
  endfacet
  facet normal 0 1 -0
    outer loop
      vertex 148.772 7.79999 2.4
      vertex 148.004 7.79999 9
      vertex 148.772 7.79999 11
    endloop
  endfacet
  facet normal 0 1 0
    outer loop
      vertex 148.004 7.79999 9
      vertex 148.772 7.79999 2.4
      vertex 148.004 7.79999 2.4
    endloop
  endfacet
  facet normal 0 1 0
    outer loop
      vertex 148.772 7.79999 11
      vertex 140.996 7.79999 9
      vertex 9.02767 7.79999 11
    endloop
  endfacet
  facet normal 0 1 0
    outer loop
      vertex 9.02767 7.79999 2.4
      vertex 140.996 7.79999 9
      vertex 140.996 7.79999 2.4
    endloop
  endfacet
  facet normal 0 1 0
    outer loop
      vertex 140.996 7.79999 9
      vertex 9.02767 7.79999 2.4
      vertex 9.02767 7.79999 11
    endloop
  endfacet
  facet normal -0.897172 0.441681 0
    outer loop
      vertex 149.845 8.35421 2.4
      vertex 149.908 8.48218 11
      vertex 149.908 8.48218 2.4
    endloop
  endfacet
  facet normal -0.897172 0.441681 0
    outer loop
      vertex 149.908 8.48218 11
      vertex 149.845 8.35421 2.4
      vertex 149.845 8.35421 11
    endloop
  endfacet
  facet normal 0.750644 -0.660707 0
    outer loop
      vertex 8.03391 119.565 11
      vertex 8.12809 119.672 2.4
      vertex 8.12809 119.672 11
    endloop
  endfacet
  facet normal 0.750644 -0.660707 0
    outer loop
      vertex 8.12809 119.672 2.4
      vertex 8.03391 119.565 11
      vertex 8.03391 119.565 2.4
    endloop
  endfacet
  facet normal 0.751799 0.659392 0
    outer loop
      vertex 8.12809 8.12809 11
      vertex 8.03397 8.2354 9
      vertex 8.03397 8.2354 11
    endloop
  endfacet
  facet normal 0.751799 0.659392 0
    outer loop
      vertex 8.03397 8.2354 9
      vertex 8.12809 8.12809 11
      vertex 8.12809 8.12809 9
    endloop
  endfacet
  facet normal 0.195146 0.980774 -0
    outer loop
      vertex 8.75748 7.81769 9
      vertex 8.61751 7.84554 11
      vertex 8.75748 7.81769 11
    endloop
  endfacet
  facet normal 0.195146 0.980774 0
    outer loop
      vertex 8.61751 7.84554 11
      vertex 8.75748 7.81769 9
      vertex 8.61751 7.84554 9
    endloop
  endfacet
  facet normal -0.0654151 0.997858 0
    outer loop
      vertex 149.042 7.81769 2.4
      vertex 148.772 7.79999 11
      vertex 149.042 7.81769 11
    endloop
  endfacet
  facet normal -0.0654151 0.997858 0
    outer loop
      vertex 148.772 7.79999 11
      vertex 149.042 7.81769 2.4
      vertex 148.772 7.79999 2.4
    endloop
  endfacet
  facet normal 0.553697 -0.832718 0
    outer loop
      vertex 8.2354 119.766 2.4
      vertex 8.35421 119.845 11
      vertex 8.2354 119.766 11
    endloop
  endfacet
  facet normal 0.553697 -0.832718 0
    outer loop
      vertex 8.35421 119.845 11
      vertex 8.2354 119.766 2.4
      vertex 8.35421 119.845 2.4
    endloop
  endfacet
  facet normal 0.832222 -0.554442 0
    outer loop
      vertex 7.95463 119.446 11
      vertex 8.03391 119.565 2.4
      vertex 8.03391 119.565 11
    endloop
  endfacet
  facet normal 0.832222 -0.554442 0
    outer loop
      vertex 8.03391 119.565 2.4
      vertex 7.95463 119.446 11
      vertex 7.95463 119.446 2.4
    endloop
  endfacet
  facet normal 0.896824 -0.442387 0
    outer loop
      vertex 7.89149 119.318 11
      vertex 7.95463 119.446 2.4
      vertex 7.95463 119.446 11
    endloop
  endfacet
  facet normal 0.896824 -0.442387 0
    outer loop
      vertex 7.95463 119.446 2.4
      vertex 7.89149 119.318 11
      vertex 7.89149 119.318 2.4
    endloop
  endfacet
  facet normal 0.980513 -0.196455 0
    outer loop
      vertex 7.81769 119.043 11
      vertex 7.84554 119.182 2.4
      vertex 7.84554 119.182 11
    endloop
  endfacet
  facet normal 0.980513 -0.196455 0
    outer loop
      vertex 7.84554 119.182 2.4
      vertex 7.81769 119.043 11
      vertex 7.81769 119.043 2.4
    endloop
  endfacet
  facet normal 0.947387 -0.320091 0
    outer loop
      vertex 7.84554 119.182 11
      vertex 7.89149 119.318 2.4
      vertex 7.89149 119.318 11
    endloop
  endfacet
  facet normal 0.947387 -0.320091 0
    outer loop
      vertex 7.89149 119.318 2.4
      vertex 7.84554 119.182 11
      vertex 7.84554 119.182 2.4
    endloop
  endfacet
  facet normal 0.997845 0.0656215 0
    outer loop
      vertex 7.79999 9.02767 11
      vertex 7.80164 9.00258 9
      vertex 7.79999 9.02767 2.4
    endloop
  endfacet
  facet normal 0.997861 0.0653693 3.17706e-06
    outer loop
      vertex 7.81769 8.75748 11
      vertex 7.80164 9.00258 9
      vertex 7.79999 9.02767 11
    endloop
  endfacet
  facet normal 0.997863 0.0653435 0
    outer loop
      vertex 7.80164 9.00258 9
      vertex 7.81769 8.75748 11
      vertex 7.81769 8.75748 9
    endloop
  endfacet
  facet normal 0.997845 0.0656215 0
    outer loop
      vertex 7.79999 9.02767 2.4
      vertex 7.80164 9.00258 9
      vertex 7.80164 9.00258 2.4
    endloop
  endfacet
  facet normal 0.321513 0.946905 -0
    outer loop
      vertex 8.61751 7.84554 9
      vertex 8.48218 7.89149 11
      vertex 8.61751 7.84554 11
    endloop
  endfacet
  facet normal 0.321513 0.946905 0
    outer loop
      vertex 8.48218 7.89149 11
      vertex 8.61751 7.84554 9
      vertex 8.48218 7.89149 9
    endloop
  endfacet
  facet normal 0.555491 0.831522 -0
    outer loop
      vertex 8.35421 7.9546 9
      vertex 8.2354 8.03397 11
      vertex 8.35421 7.9546 11
    endloop
  endfacet
  facet normal 0.555491 0.831522 0
    outer loop
      vertex 8.2354 8.03397 11
      vertex 8.35421 7.9546 9
      vertex 8.2354 8.03397 9
    endloop
  endfacet
  facet normal 0.442301 0.896867 -0
    outer loop
      vertex 8.48218 7.89149 9
      vertex 8.35421 7.9546 11
      vertex 8.48218 7.89149 11
    endloop
  endfacet
  facet normal 0.442301 0.896867 0
    outer loop
      vertex 8.35421 7.9546 11
      vertex 8.48218 7.89149 9
      vertex 8.35421 7.9546 9
    endloop
  endfacet
  facet normal -0.195106 0.980782 0
    outer loop
      vertex 149.182 7.84554 2.4
      vertex 149.042 7.81769 11
      vertex 149.182 7.84554 11
    endloop
  endfacet
  facet normal -0.195106 0.980782 0
    outer loop
      vertex 149.042 7.81769 11
      vertex 149.182 7.84554 2.4
      vertex 149.042 7.81769 2.4
    endloop
  endfacet
  facet normal 0.315534 -0.948914 0
    outer loop
      vertex 8.48218 119.909 2.4
      vertex 8.61751 119.954 11
      vertex 8.48218 119.909 11
    endloop
  endfacet
  facet normal 0.315534 -0.948914 0
    outer loop
      vertex 8.61751 119.954 11
      vertex 8.48218 119.909 2.4
      vertex 8.61751 119.954 2.4
    endloop
  endfacet
  facet normal 0.196157 -0.980573 0
    outer loop
      vertex 8.61751 119.954 2.4
      vertex 8.75748 119.982 11
      vertex 8.61751 119.954 11
    endloop
  endfacet
  facet normal 0.196157 -0.980573 0
    outer loop
      vertex 8.75748 119.982 11
      vertex 8.61751 119.954 2.4
      vertex 8.75748 119.982 2.4
    endloop
  endfacet
  facet normal -1 0 0
    outer loop
      vertex 150 9.02772 2.4
      vertex 150 9.02776 2.3
      vertex 150 9.02772 2.3
    endloop
  endfacet
  facet normal -1 0 0
    outer loop
      vertex 150 9.02776 2.3
      vertex 150 9.02772 2.4
      vertex 150 9.02776 11
    endloop
  endfacet
  facet normal -0.997789 0.0664602 -3.09117e-07
    outer loop
      vertex 149.982 8.75748 2.4
      vertex 150 9.02776 11
      vertex 150 9.02772 2.4
    endloop
  endfacet
  facet normal -0.99779 0.0664504 0
    outer loop
      vertex 150 9.02776 11
      vertex 149.982 8.75748 2.4
      vertex 149.982 8.75748 11
    endloop
  endfacet
  facet normal -0.657239 0.753682 0
    outer loop
      vertex 149.672 8.12809 2.4
      vertex 149.564 8.03391 11
      vertex 149.672 8.12809 11
    endloop
  endfacet
  facet normal -0.657239 0.753682 0
    outer loop
      vertex 149.564 8.03391 11
      vertex 149.672 8.12809 2.4
      vertex 149.564 8.03391 2.4
    endloop
  endfacet
  facet normal 0.659392 0.751799 -0
    outer loop
      vertex 8.2354 8.03397 9
      vertex 8.12809 8.12809 11
      vertex 8.2354 8.03397 11
    endloop
  endfacet
  facet normal 0.659392 0.751799 0
    outer loop
      vertex 8.12809 8.12809 11
      vertex 8.2354 8.03397 9
      vertex 8.12809 8.12809 9
    endloop
  endfacet
  facet normal 0.980774 0.195146 0
    outer loop
      vertex 7.84554 8.61751 11
      vertex 7.81769 8.75748 9
      vertex 7.81769 8.75748 11
    endloop
  endfacet
  facet normal 0.980774 0.195146 0
    outer loop
      vertex 7.81769 8.75748 9
      vertex 7.84554 8.61751 11
      vertex 7.84554 8.61751 9
    endloop
  endfacet
  facet normal 0.896867 0.442301 0
    outer loop
      vertex 7.9546 8.35421 11
      vertex 7.89149 8.48218 9
      vertex 7.89149 8.48218 11
    endloop
  endfacet
  facet normal 0.896867 0.442301 0
    outer loop
      vertex 7.89149 8.48218 9
      vertex 7.9546 8.35421 11
      vertex 7.9546 8.35421 9
    endloop
  endfacet
  facet normal -0.320091 0.947387 0
    outer loop
      vertex 149.318 7.89149 2.4
      vertex 149.182 7.84554 11
      vertex 149.318 7.89149 11
    endloop
  endfacet
  facet normal -0.320091 0.947387 0
    outer loop
      vertex 149.182 7.84554 11
      vertex 149.318 7.89149 2.4
      vertex 149.182 7.84554 2.4
    endloop
  endfacet
  facet normal 0.447297 -0.894385 0
    outer loop
      vertex 8.35421 119.845 2.4
      vertex 8.48218 119.909 11
      vertex 8.35421 119.845 11
    endloop
  endfacet
  facet normal 0.447297 -0.894385 0
    outer loop
      vertex 8.48218 119.909 11
      vertex 8.35421 119.845 2.4
      vertex 8.48218 119.909 2.4
    endloop
  endfacet
  facet normal 0.0664504 -0.99779 0
    outer loop
      vertex 8.75748 119.982 2.4
      vertex 9.02776 120 11
      vertex 8.75748 119.982 11
    endloop
  endfacet
  facet normal 0.0664602 -0.997789 -3.09117e-07
    outer loop
      vertex 9.02772 120 2.4
      vertex 9.02776 120 11
      vertex 8.75748 119.982 2.4
    endloop
  endfacet
  facet normal 0 -1 0
    outer loop
      vertex 9.02776 120 2.3
      vertex 9.02772 120 2.4
      vertex 9.02772 120 2.3
    endloop
  endfacet
  facet normal 0 -1 0
    outer loop
      vertex 9.02772 120 2.4
      vertex 9.02776 120 2.3
      vertex 9.02776 120 11
    endloop
  endfacet
  facet normal -0.946799 0.321826 0
    outer loop
      vertex 149.908 8.48218 2.4
      vertex 149.954 8.61751 11
      vertex 149.954 8.61751 2.4
    endloop
  endfacet
  facet normal -0.946799 0.321826 0
    outer loop
      vertex 149.954 8.61751 11
      vertex 149.908 8.48218 2.4
      vertex 149.908 8.48218 11
    endloop
  endfacet
  facet normal -0.832718 0.553697 0
    outer loop
      vertex 149.766 8.2354 2.4
      vertex 149.845 8.35421 11
      vertex 149.845 8.35421 2.4
    endloop
  endfacet
  facet normal -0.832718 0.553697 0
    outer loop
      vertex 149.845 8.35421 11
      vertex 149.766 8.2354 2.4
      vertex 149.766 8.2354 11
    endloop
  endfacet
  facet normal -0.752216 0.658916 0
    outer loop
      vertex 149.672 8.12809 2.4
      vertex 149.766 8.2354 11
      vertex 149.766 8.2354 2.4
    endloop
  endfacet
  facet normal -0.752216 0.658916 0
    outer loop
      vertex 149.766 8.2354 11
      vertex 149.672 8.12809 2.4
      vertex 149.672 8.12809 11
    endloop
  endfacet
  facet normal 0.946905 0.321513 0
    outer loop
      vertex 7.89149 8.48218 11
      vertex 7.84554 8.61751 9
      vertex 7.84554 8.61751 11
    endloop
  endfacet
  facet normal 0.946905 0.321513 0
    outer loop
      vertex 7.84554 8.61751 9
      vertex 7.89149 8.48218 11
      vertex 7.89149 8.48218 9
    endloop
  endfacet
  facet normal 0.831522 0.555491 0
    outer loop
      vertex 8.03397 8.2354 11
      vertex 7.9546 8.35421 9
      vertex 7.9546 8.35421 11
    endloop
  endfacet
  facet normal 0.831522 0.555491 0
    outer loop
      vertex 7.9546 8.35421 9
      vertex 8.03397 8.2354 11
      vertex 8.03397 8.2354 9
    endloop
  endfacet
  facet normal -0.980573 0.196157 0
    outer loop
      vertex 149.954 8.61751 2.4
      vertex 149.982 8.75748 11
      vertex 149.982 8.75748 2.4
    endloop
  endfacet
  facet normal -0.980573 0.196157 0
    outer loop
      vertex 149.982 8.75748 11
      vertex 149.954 8.61751 2.4
      vertex 149.954 8.61751 11
    endloop
  endfacet
  facet normal 0.997867 0.0652871 0
    outer loop
      vertex 17.5 106 5.8
      vertex 17.4701 106.457 2.4
      vertex 17.4701 106.457 5.8
    endloop
  endfacet
  facet normal 0.997867 0.0652871 0
    outer loop
      vertex 17.4701 106.457 2.4
      vertex 17.5 106 5.8
      vertex 17.5 106 2.4
    endloop
  endfacet
  facet normal -0.0655331 0.99785 0
    outer loop
      vertex 14 109.5 2.4
      vertex 13.5432 109.47 5.8
      vertex 14 109.5 5.8
    endloop
  endfacet
  facet normal -0.0655331 0.99785 0
    outer loop
      vertex 13.5432 109.47 5.8
      vertex 14 109.5 2.4
      vertex 13.5432 109.47 2.4
    endloop
  endfacet
  facet normal 0.659524 0.751683 -0
    outer loop
      vertex 16.4749 108.475 2.4
      vertex 16.1307 108.777 5.8
      vertex 16.4749 108.475 5.8
    endloop
  endfacet
  facet normal 0.659524 0.751683 0
    outer loop
      vertex 16.1307 108.777 5.8
      vertex 16.4749 108.475 2.4
      vertex 16.1307 108.777 2.4
    endloop
  endfacet
  facet normal -0.75171 0.659494 0
    outer loop
      vertex 11.2233 108.131 2.4
      vertex 11.5251 108.475 5.8
      vertex 11.5251 108.475 2.4
    endloop
  endfacet
  facet normal -0.75171 0.659494 0
    outer loop
      vertex 11.5251 108.475 5.8
      vertex 11.2233 108.131 2.4
      vertex 11.2233 108.131 5.8
    endloop
  endfacet
  facet normal -0.443192 0.896427 0
    outer loop
      vertex 12.6606 109.234 2.4
      vertex 12.25 109.031 5.8
      vertex 12.6606 109.234 5.8
    endloop
  endfacet
  facet normal -0.443192 0.896427 0
    outer loop
      vertex 12.25 109.031 5.8
      vertex 12.6606 109.234 2.4
      vertex 12.25 109.031 2.4
    endloop
  endfacet
  facet normal 0.831647 -0.555305 0
    outer loop
      vertex 16.7767 103.869 5.8
      vertex 17.0311 104.25 2.4
      vertex 17.0311 104.25 5.8
    endloop
  endfacet
  facet normal 0.831647 -0.555305 0
    outer loop
      vertex 17.0311 104.25 2.4
      vertex 16.7767 103.869 5.8
      vertex 16.7767 103.869 2.4
    endloop
  endfacet
  facet normal -0.897031 -0.441968 0
    outer loop
      vertex 10.9689 104.25 2.4
      vertex 10.7664 104.661 5.8
      vertex 10.7664 104.661 2.4
    endloop
  endfacet
  facet normal -0.897031 -0.441968 0
    outer loop
      vertex 10.7664 104.661 5.8
      vertex 10.9689 104.25 2.4
      vertex 10.9689 104.25 5.8
    endloop
  endfacet
  facet normal 0.897031 0.441968 0
    outer loop
      vertex 17.2336 107.339 5.8
      vertex 17.0311 107.75 2.4
      vertex 17.0311 107.75 5.8
    endloop
  endfacet
  facet normal 0.897031 0.441968 0
    outer loop
      vertex 17.0311 107.75 2.4
      vertex 17.2336 107.339 5.8
      vertex 17.2336 107.339 2.4
    endloop
  endfacet
  facet normal 0.980748 0.195276 0
    outer loop
      vertex 17.4701 106.457 5.8
      vertex 17.3807 106.906 2.4
      vertex 17.3807 106.906 5.8
    endloop
  endfacet
  facet normal 0.980748 0.195276 0
    outer loop
      vertex 17.3807 106.906 2.4
      vertex 17.4701 106.457 5.8
      vertex 17.4701 106.457 2.4
    endloop
  endfacet
  facet normal 0.321139 0.947032 -0
    outer loop
      vertex 15.3394 109.234 2.4
      vertex 14.9059 109.381 5.8
      vertex 15.3394 109.234 5.8
    endloop
  endfacet
  facet normal 0.321139 0.947032 0
    outer loop
      vertex 14.9059 109.381 5.8
      vertex 15.3394 109.234 2.4
      vertex 14.9059 109.381 2.4
    endloop
  endfacet
  facet normal 0.555003 0.831849 -0
    outer loop
      vertex 16.1307 108.777 2.4
      vertex 15.75 109.031 5.8
      vertex 16.1307 108.777 5.8
    endloop
  endfacet
  facet normal 0.555003 0.831849 0
    outer loop
      vertex 15.75 109.031 5.8
      vertex 16.1307 108.777 2.4
      vertex 15.75 109.031 2.4
    endloop
  endfacet
  facet normal -0.946853 0.321668 0
    outer loop
      vertex 10.6193 106.906 2.4
      vertex 10.7664 107.339 5.8
      vertex 10.7664 107.339 2.4
    endloop
  endfacet
  facet normal -0.946853 0.321668 0
    outer loop
      vertex 10.7664 107.339 5.8
      vertex 10.6193 106.906 2.4
      vertex 10.6193 106.906 5.8
    endloop
  endfacet
  facet normal -0.831647 0.555305 0
    outer loop
      vertex 10.9689 107.75 2.4
      vertex 11.2233 108.131 5.8
      vertex 11.2233 108.131 2.4
    endloop
  endfacet
  facet normal -0.831647 0.555305 0
    outer loop
      vertex 11.2233 108.131 5.8
      vertex 10.9689 107.75 2.4
      vertex 10.9689 107.75 5.8
    endloop
  endfacet
  facet normal -0.980748 0.195276 0
    outer loop
      vertex 10.5299 106.457 2.4
      vertex 10.6193 106.906 5.8
      vertex 10.6193 106.906 2.4
    endloop
  endfacet
  facet normal -0.980748 0.195276 0
    outer loop
      vertex 10.6193 106.906 5.8
      vertex 10.5299 106.457 2.4
      vertex 10.5299 106.457 5.8
    endloop
  endfacet
  facet normal -0.194394 0.980924 0
    outer loop
      vertex 13.5432 109.47 2.4
      vertex 13.0941 109.381 5.8
      vertex 13.5432 109.47 5.8
    endloop
  endfacet
  facet normal -0.194394 0.980924 0
    outer loop
      vertex 13.0941 109.381 5.8
      vertex 13.5432 109.47 2.4
      vertex 13.0941 109.381 2.4
    endloop
  endfacet
  facet normal 0.194394 -0.980924 0
    outer loop
      vertex 14.4568 102.53 2.4
      vertex 14.9059 102.619 5.8
      vertex 14.4568 102.53 5.8
    endloop
  endfacet
  facet normal 0.194394 -0.980924 0
    outer loop
      vertex 14.9059 102.619 5.8
      vertex 14.4568 102.53 2.4
      vertex 14.9059 102.619 2.4
    endloop
  endfacet
  facet normal -0.321139 -0.947032 0
    outer loop
      vertex 12.6606 102.766 2.4
      vertex 13.0941 102.619 5.8
      vertex 12.6606 102.766 5.8
    endloop
  endfacet
  facet normal -0.321139 -0.947032 -0
    outer loop
      vertex 13.0941 102.619 5.8
      vertex 12.6606 102.766 2.4
      vertex 13.0941 102.619 2.4
    endloop
  endfacet
  facet normal -0.555003 -0.831849 0
    outer loop
      vertex 11.8693 103.223 2.4
      vertex 12.25 102.969 5.8
      vertex 11.8693 103.223 5.8
    endloop
  endfacet
  facet normal -0.555003 -0.831849 -0
    outer loop
      vertex 12.25 102.969 5.8
      vertex 11.8693 103.223 2.4
      vertex 12.25 102.969 2.4
    endloop
  endfacet
  facet normal -0.194394 -0.980924 0
    outer loop
      vertex 13.0941 102.619 2.4
      vertex 13.5432 102.53 5.8
      vertex 13.0941 102.619 5.8
    endloop
  endfacet
  facet normal -0.194394 -0.980924 -0
    outer loop
      vertex 13.5432 102.53 5.8
      vertex 13.0941 102.619 2.4
      vertex 13.5432 102.53 2.4
    endloop
  endfacet
  facet normal -0.980748 -0.195276 0
    outer loop
      vertex 10.6193 105.094 2.4
      vertex 10.5299 105.543 5.8
      vertex 10.5299 105.543 2.4
    endloop
  endfacet
  facet normal -0.980748 -0.195276 0
    outer loop
      vertex 10.5299 105.543 5.8
      vertex 10.6193 105.094 2.4
      vertex 10.6193 105.094 5.8
    endloop
  endfacet
  facet normal 0.946853 0.321668 0
    outer loop
      vertex 17.3807 106.906 5.8
      vertex 17.2336 107.339 2.4
      vertex 17.2336 107.339 5.8
    endloop
  endfacet
  facet normal 0.946853 0.321668 0
    outer loop
      vertex 17.2336 107.339 2.4
      vertex 17.3807 106.906 5.8
      vertex 17.3807 106.906 2.4
    endloop
  endfacet
  facet normal 0.75171 0.659494 0
    outer loop
      vertex 16.7767 108.131 5.8
      vertex 16.4749 108.475 2.4
      vertex 16.4749 108.475 5.8
    endloop
  endfacet
  facet normal 0.75171 0.659494 0
    outer loop
      vertex 16.4749 108.475 2.4
      vertex 16.7767 108.131 5.8
      vertex 16.7767 108.131 2.4
    endloop
  endfacet
  facet normal 0.831647 0.555305 0
    outer loop
      vertex 17.0311 107.75 5.8
      vertex 16.7767 108.131 2.4
      vertex 16.7767 108.131 5.8
    endloop
  endfacet
  facet normal 0.831647 0.555305 0
    outer loop
      vertex 16.7767 108.131 2.4
      vertex 17.0311 107.75 5.8
      vertex 17.0311 107.75 2.4
    endloop
  endfacet
  facet normal 0.194394 0.980924 -0
    outer loop
      vertex 14.9059 109.381 2.4
      vertex 14.4568 109.47 5.8
      vertex 14.9059 109.381 5.8
    endloop
  endfacet
  facet normal 0.194394 0.980924 0
    outer loop
      vertex 14.4568 109.47 5.8
      vertex 14.9059 109.381 2.4
      vertex 14.4568 109.47 2.4
    endloop
  endfacet
  facet normal 0.0655331 0.99785 -0
    outer loop
      vertex 14.4568 109.47 2.4
      vertex 14 109.5 5.8
      vertex 14.4568 109.47 5.8
    endloop
  endfacet
  facet normal 0.0655331 0.99785 0
    outer loop
      vertex 14 109.5 5.8
      vertex 14.4568 109.47 2.4
      vertex 14 109.5 2.4
    endloop
  endfacet
  facet normal 0.443192 0.896427 -0
    outer loop
      vertex 15.75 109.031 2.4
      vertex 15.3394 109.234 5.8
      vertex 15.75 109.031 5.8
    endloop
  endfacet
  facet normal 0.443192 0.896427 0
    outer loop
      vertex 15.3394 109.234 5.8
      vertex 15.75 109.031 2.4
      vertex 15.3394 109.234 2.4
    endloop
  endfacet
  facet normal -0.897031 0.441968 0
    outer loop
      vertex 10.7664 107.339 2.4
      vertex 10.9689 107.75 5.8
      vertex 10.9689 107.75 2.4
    endloop
  endfacet
  facet normal -0.897031 0.441968 0
    outer loop
      vertex 10.9689 107.75 5.8
      vertex 10.7664 107.339 2.4
      vertex 10.7664 107.339 5.8
    endloop
  endfacet
  facet normal -0.997867 0.0652871 0
    outer loop
      vertex 10.5 106 2.4
      vertex 10.5299 106.457 5.8
      vertex 10.5299 106.457 2.4
    endloop
  endfacet
  facet normal -0.997867 0.0652871 0
    outer loop
      vertex 10.5299 106.457 5.8
      vertex 10.5 106 2.4
      vertex 10.5 106 5.8
    endloop
  endfacet
  facet normal 0 0 1
    outer loop
      vertex 15.05 106 5.8
      vertex 17.5 106 5.8
      vertex 17.4701 106.457 5.8
    endloop
  endfacet
  facet normal 0 0 1
    outer loop
      vertex 15.041 106.137 5.8
      vertex 17.4701 106.457 5.8
      vertex 17.3807 106.906 5.8
    endloop
  endfacet
  facet normal 0 0 1
    outer loop
      vertex 17.5 106 5.8
      vertex 15.05 106 5.8
      vertex 17.4701 105.543 5.8
    endloop
  endfacet
  facet normal 0 0 1
    outer loop
      vertex 15.0142 106.272 5.8
      vertex 17.3807 106.906 5.8
      vertex 17.2336 107.339 5.8
    endloop
  endfacet
  facet normal -0 0 1
    outer loop
      vertex 15.041 105.863 5.8
      vertex 17.4701 105.543 5.8
      vertex 15.05 106 5.8
    endloop
  endfacet
  facet normal 0 0 1
    outer loop
      vertex 14.9701 106.402 5.8
      vertex 17.2336 107.339 5.8
      vertex 17.0311 107.75 5.8
    endloop
  endfacet
  facet normal 0 0 1
    outer loop
      vertex 17.4701 105.543 5.8
      vertex 15.041 105.863 5.8
      vertex 17.3807 105.094 5.8
    endloop
  endfacet
  facet normal 0 0 1
    outer loop
      vertex 14.9093 106.525 5.8
      vertex 17.0311 107.75 5.8
      vertex 16.7767 108.131 5.8
    endloop
  endfacet
  facet normal -0 0 1
    outer loop
      vertex 15.0142 105.728 5.8
      vertex 17.3807 105.094 5.8
      vertex 15.041 105.863 5.8
    endloop
  endfacet
  facet normal 0 0 1
    outer loop
      vertex 14.833 106.639 5.8
      vertex 16.7767 108.131 5.8
      vertex 16.4749 108.475 5.8
    endloop
  endfacet
  facet normal 0 0 1
    outer loop
      vertex 17.3807 105.094 5.8
      vertex 15.0142 105.728 5.8
      vertex 17.2336 104.661 5.8
    endloop
  endfacet
  facet normal 0 0 1
    outer loop
      vertex 14.7425 106.742 5.8
      vertex 16.4749 108.475 5.8
      vertex 16.1307 108.777 5.8
    endloop
  endfacet
  facet normal -0 0 1
    outer loop
      vertex 14.9701 105.598 5.8
      vertex 17.2336 104.661 5.8
      vertex 15.0142 105.728 5.8
    endloop
  endfacet
  facet normal 0 0 1
    outer loop
      vertex 14.6392 106.833 5.8
      vertex 16.1307 108.777 5.8
      vertex 15.75 109.031 5.8
    endloop
  endfacet
  facet normal 0 0 1
    outer loop
      vertex 17.2336 104.661 5.8
      vertex 14.9701 105.598 5.8
      vertex 17.0311 104.25 5.8
    endloop
  endfacet
  facet normal 0 0 1
    outer loop
      vertex 14.525 106.909 5.8
      vertex 15.75 109.031 5.8
      vertex 15.3394 109.234 5.8
    endloop
  endfacet
  facet normal -0 0 1
    outer loop
      vertex 14.9093 105.475 5.8
      vertex 17.0311 104.25 5.8
      vertex 14.9701 105.598 5.8
    endloop
  endfacet
  facet normal 0 0 1
    outer loop
      vertex 17.0311 104.25 5.8
      vertex 14.9093 105.475 5.8
      vertex 16.7767 103.869 5.8
    endloop
  endfacet
  facet normal 0 0 1
    outer loop
      vertex 17.4701 106.457 5.8
      vertex 15.041 106.137 5.8
      vertex 15.05 106 5.8
    endloop
  endfacet
  facet normal 0 0 1
    outer loop
      vertex 17.3807 106.906 5.8
      vertex 15.0142 106.272 5.8
      vertex 15.041 106.137 5.8
    endloop
  endfacet
  facet normal 0 0 1
    outer loop
      vertex 17.2336 107.339 5.8
      vertex 14.9701 106.402 5.8
      vertex 15.0142 106.272 5.8
    endloop
  endfacet
  facet normal 0 0 1
    outer loop
      vertex 17.0311 107.75 5.8
      vertex 14.9093 106.525 5.8
      vertex 14.9701 106.402 5.8
    endloop
  endfacet
  facet normal 0 0 1
    outer loop
      vertex 14.4018 106.97 5.8
      vertex 15.3394 109.234 5.8
      vertex 14.9059 109.381 5.8
    endloop
  endfacet
  facet normal 0 0 1
    outer loop
      vertex 16.7767 108.131 5.8
      vertex 14.833 106.639 5.8
      vertex 14.9093 106.525 5.8
    endloop
  endfacet
  facet normal 0 0 1
    outer loop
      vertex 16.4749 108.475 5.8
      vertex 14.7425 106.742 5.8
      vertex 14.833 106.639 5.8
    endloop
  endfacet
  facet normal 0 0 1
    outer loop
      vertex 16.1307 108.777 5.8
      vertex 14.6392 106.833 5.8
      vertex 14.7425 106.742 5.8
    endloop
  endfacet
  facet normal 0 0 1
    outer loop
      vertex 15.75 109.031 5.8
      vertex 14.525 106.909 5.8
      vertex 14.6392 106.833 5.8
    endloop
  endfacet
  facet normal 0 0 1
    outer loop
      vertex 14.2718 107.014 5.8
      vertex 14.9059 109.381 5.8
      vertex 14.4568 109.47 5.8
    endloop
  endfacet
  facet normal 0 0 1
    outer loop
      vertex 15.3394 109.234 5.8
      vertex 14.4018 106.97 5.8
      vertex 14.525 106.909 5.8
    endloop
  endfacet
  facet normal 0 0 1
    outer loop
      vertex 14.9059 109.381 5.8
      vertex 14.2718 107.014 5.8
      vertex 14.4018 106.97 5.8
    endloop
  endfacet
  facet normal 0 0 1
    outer loop
      vertex 14.4568 109.47 5.8
      vertex 14.1371 107.041 5.8
      vertex 14.2718 107.014 5.8
    endloop
  endfacet
  facet normal 0 0 1
    outer loop
      vertex 14 109.5 5.8
      vertex 14.1371 107.041 5.8
      vertex 14.4568 109.47 5.8
    endloop
  endfacet
  facet normal 0 0 1
    outer loop
      vertex 14 109.5 5.8
      vertex 14 107.05 5.8
      vertex 14.1371 107.041 5.8
    endloop
  endfacet
  facet normal 0 0 1
    outer loop
      vertex 14 109.5 5.8
      vertex 13.8629 107.041 5.8
      vertex 14 107.05 5.8
    endloop
  endfacet
  facet normal -0 0 1
    outer loop
      vertex 13.5432 109.47 5.8
      vertex 13.8629 107.041 5.8
      vertex 14 109.5 5.8
    endloop
  endfacet
  facet normal 0 0 1
    outer loop
      vertex 13.8629 107.041 5.8
      vertex 13.5432 109.47 5.8
      vertex 13.7282 107.014 5.8
    endloop
  endfacet
  facet normal -0 0 1
    outer loop
      vertex 13.0941 109.381 5.8
      vertex 13.7282 107.014 5.8
      vertex 13.5432 109.47 5.8
    endloop
  endfacet
  facet normal 0 0 1
    outer loop
      vertex 13.7282 107.014 5.8
      vertex 13.0941 109.381 5.8
      vertex 13.5982 106.97 5.8
    endloop
  endfacet
  facet normal -0 0 1
    outer loop
      vertex 12.6606 109.234 5.8
      vertex 13.5982 106.97 5.8
      vertex 13.0941 109.381 5.8
    endloop
  endfacet
  facet normal 0 0 1
    outer loop
      vertex 13.5982 106.97 5.8
      vertex 12.6606 109.234 5.8
      vertex 13.475 106.909 5.8
    endloop
  endfacet
  facet normal -0 0 1
    outer loop
      vertex 12.25 109.031 5.8
      vertex 13.475 106.909 5.8
      vertex 12.6606 109.234 5.8
    endloop
  endfacet
  facet normal 0 0 1
    outer loop
      vertex 13.475 106.909 5.8
      vertex 12.25 109.031 5.8
      vertex 13.3608 106.833 5.8
    endloop
  endfacet
  facet normal -0 0 1
    outer loop
      vertex 11.8693 108.777 5.8
      vertex 13.3608 106.833 5.8
      vertex 12.25 109.031 5.8
    endloop
  endfacet
  facet normal 0 0 1
    outer loop
      vertex 13.3608 106.833 5.8
      vertex 11.8693 108.777 5.8
      vertex 13.2575 106.742 5.8
    endloop
  endfacet
  facet normal -0 0 1
    outer loop
      vertex 11.5251 108.475 5.8
      vertex 13.2575 106.742 5.8
      vertex 11.8693 108.777 5.8
    endloop
  endfacet
  facet normal 0 0 1
    outer loop
      vertex 13.2575 106.742 5.8
      vertex 11.5251 108.475 5.8
      vertex 13.167 106.639 5.8
    endloop
  endfacet
  facet normal -0 0 1
    outer loop
      vertex 11.2233 108.131 5.8
      vertex 13.167 106.639 5.8
      vertex 11.5251 108.475 5.8
    endloop
  endfacet
  facet normal 0 0 1
    outer loop
      vertex 13.167 106.639 5.8
      vertex 11.2233 108.131 5.8
      vertex 13.0907 106.525 5.8
    endloop
  endfacet
  facet normal -0 0 1
    outer loop
      vertex 14.833 105.361 5.8
      vertex 16.7767 103.869 5.8
      vertex 14.9093 105.475 5.8
    endloop
  endfacet
  facet normal 0 0 1
    outer loop
      vertex 16.7767 103.869 5.8
      vertex 14.833 105.361 5.8
      vertex 16.4749 103.525 5.8
    endloop
  endfacet
  facet normal -0 0 1
    outer loop
      vertex 14.7425 105.258 5.8
      vertex 16.4749 103.525 5.8
      vertex 14.833 105.361 5.8
    endloop
  endfacet
  facet normal 0 0 1
    outer loop
      vertex 16.4749 103.525 5.8
      vertex 14.7425 105.258 5.8
      vertex 16.1307 103.223 5.8
    endloop
  endfacet
  facet normal -0 0 1
    outer loop
      vertex 14.6392 105.167 5.8
      vertex 16.1307 103.223 5.8
      vertex 14.7425 105.258 5.8
    endloop
  endfacet
  facet normal 0 0 1
    outer loop
      vertex 16.1307 103.223 5.8
      vertex 14.6392 105.167 5.8
      vertex 15.75 102.969 5.8
    endloop
  endfacet
  facet normal -0 0 1
    outer loop
      vertex 14.525 105.091 5.8
      vertex 15.75 102.969 5.8
      vertex 14.6392 105.167 5.8
    endloop
  endfacet
  facet normal 0 0 1
    outer loop
      vertex 15.75 102.969 5.8
      vertex 14.525 105.091 5.8
      vertex 15.3394 102.766 5.8
    endloop
  endfacet
  facet normal -0 0 1
    outer loop
      vertex 14.4018 105.03 5.8
      vertex 15.3394 102.766 5.8
      vertex 14.525 105.091 5.8
    endloop
  endfacet
  facet normal 0 0 1
    outer loop
      vertex 15.3394 102.766 5.8
      vertex 14.4018 105.03 5.8
      vertex 14.9059 102.619 5.8
    endloop
  endfacet
  facet normal -0 0 1
    outer loop
      vertex 14.2718 104.986 5.8
      vertex 14.9059 102.619 5.8
      vertex 14.4018 105.03 5.8
    endloop
  endfacet
  facet normal 0 0 1
    outer loop
      vertex 14.9059 102.619 5.8
      vertex 14.2718 104.986 5.8
      vertex 14.4568 102.53 5.8
    endloop
  endfacet
  facet normal -0 0 1
    outer loop
      vertex 14.1371 104.959 5.8
      vertex 14.4568 102.53 5.8
      vertex 14.2718 104.986 5.8
    endloop
  endfacet
  facet normal -0 0 1
    outer loop
      vertex 14 104.95 5.8
      vertex 14.4568 102.53 5.8
      vertex 14.1371 104.959 5.8
    endloop
  endfacet
  facet normal 0 0 1
    outer loop
      vertex 14 104.95 5.8
      vertex 14 102.5 5.8
      vertex 14.4568 102.53 5.8
    endloop
  endfacet
  facet normal 0 0 1
    outer loop
      vertex 13.8629 104.959 5.8
      vertex 14 102.5 5.8
      vertex 14 104.95 5.8
    endloop
  endfacet
  facet normal 0 0 1
    outer loop
      vertex 13.5432 102.53 5.8
      vertex 13.8629 104.959 5.8
      vertex 13.7282 104.986 5.8
    endloop
  endfacet
  facet normal 0 0 1
    outer loop
      vertex 13.0941 102.619 5.8
      vertex 13.7282 104.986 5.8
      vertex 13.5982 105.03 5.8
    endloop
  endfacet
  facet normal 0 0 1
    outer loop
      vertex 13.8629 104.959 5.8
      vertex 13.5432 102.53 5.8
      vertex 14 102.5 5.8
    endloop
  endfacet
  facet normal 0 0 1
    outer loop
      vertex 12.6606 102.766 5.8
      vertex 13.5982 105.03 5.8
      vertex 13.475 105.091 5.8
    endloop
  endfacet
  facet normal 0 0 1
    outer loop
      vertex 12.25 102.969 5.8
      vertex 13.475 105.091 5.8
      vertex 13.3608 105.167 5.8
    endloop
  endfacet
  facet normal 0 0 1
    outer loop
      vertex 11.8693 103.223 5.8
      vertex 13.3608 105.167 5.8
      vertex 13.2575 105.258 5.8
    endloop
  endfacet
  facet normal 0 0 1
    outer loop
      vertex 11.5251 103.525 5.8
      vertex 13.2575 105.258 5.8
      vertex 13.167 105.361 5.8
    endloop
  endfacet
  facet normal 0 0 1
    outer loop
      vertex 13.7282 104.986 5.8
      vertex 13.0941 102.619 5.8
      vertex 13.5432 102.53 5.8
    endloop
  endfacet
  facet normal 0 0 1
    outer loop
      vertex 11.2233 103.869 5.8
      vertex 13.167 105.361 5.8
      vertex 13.0907 105.475 5.8
    endloop
  endfacet
  facet normal 0 0 1
    outer loop
      vertex 10.9689 104.25 5.8
      vertex 13.0907 105.475 5.8
      vertex 13.0299 105.598 5.8
    endloop
  endfacet
  facet normal 0 0 1
    outer loop
      vertex 10.7664 104.661 5.8
      vertex 13.0299 105.598 5.8
      vertex 12.9858 105.728 5.8
    endloop
  endfacet
  facet normal 0 0 1
    outer loop
      vertex 10.6193 105.094 5.8
      vertex 12.9858 105.728 5.8
      vertex 12.959 105.863 5.8
    endloop
  endfacet
  facet normal 0 0 1
    outer loop
      vertex 10.5299 105.543 5.8
      vertex 12.959 105.863 5.8
      vertex 12.95 106 5.8
    endloop
  endfacet
  facet normal -0 0 1
    outer loop
      vertex 10.9689 107.75 5.8
      vertex 13.0907 106.525 5.8
      vertex 11.2233 108.131 5.8
    endloop
  endfacet
  facet normal 0 0 1
    outer loop
      vertex 13.5982 105.03 5.8
      vertex 12.6606 102.766 5.8
      vertex 13.0941 102.619 5.8
    endloop
  endfacet
  facet normal 0 0 1
    outer loop
      vertex 13.0907 106.525 5.8
      vertex 10.9689 107.75 5.8
      vertex 13.0299 106.402 5.8
    endloop
  endfacet
  facet normal 0 0 1
    outer loop
      vertex 13.475 105.091 5.8
      vertex 12.25 102.969 5.8
      vertex 12.6606 102.766 5.8
    endloop
  endfacet
  facet normal -0 0 1
    outer loop
      vertex 10.7664 107.339 5.8
      vertex 13.0299 106.402 5.8
      vertex 10.9689 107.75 5.8
    endloop
  endfacet
  facet normal 0 0 1
    outer loop
      vertex 13.3608 105.167 5.8
      vertex 11.8693 103.223 5.8
      vertex 12.25 102.969 5.8
    endloop
  endfacet
  facet normal 0 0 1
    outer loop
      vertex 13.0299 106.402 5.8
      vertex 10.7664 107.339 5.8
      vertex 12.9858 106.272 5.8
    endloop
  endfacet
  facet normal 0 0 1
    outer loop
      vertex 13.2575 105.258 5.8
      vertex 11.5251 103.525 5.8
      vertex 11.8693 103.223 5.8
    endloop
  endfacet
  facet normal -0 0 1
    outer loop
      vertex 10.6193 106.906 5.8
      vertex 12.9858 106.272 5.8
      vertex 10.7664 107.339 5.8
    endloop
  endfacet
  facet normal 0 0 1
    outer loop
      vertex 13.167 105.361 5.8
      vertex 11.2233 103.869 5.8
      vertex 11.5251 103.525 5.8
    endloop
  endfacet
  facet normal 0 0 1
    outer loop
      vertex 12.9858 106.272 5.8
      vertex 10.6193 106.906 5.8
      vertex 12.959 106.137 5.8
    endloop
  endfacet
  facet normal 0 0 1
    outer loop
      vertex 13.0907 105.475 5.8
      vertex 10.9689 104.25 5.8
      vertex 11.2233 103.869 5.8
    endloop
  endfacet
  facet normal -0 0 1
    outer loop
      vertex 10.5299 106.457 5.8
      vertex 12.959 106.137 5.8
      vertex 10.6193 106.906 5.8
    endloop
  endfacet
  facet normal 0 0 1
    outer loop
      vertex 13.0299 105.598 5.8
      vertex 10.7664 104.661 5.8
      vertex 10.9689 104.25 5.8
    endloop
  endfacet
  facet normal 0 0 1
    outer loop
      vertex 12.959 106.137 5.8
      vertex 10.5299 106.457 5.8
      vertex 12.95 106 5.8
    endloop
  endfacet
  facet normal 0 0 1
    outer loop
      vertex 12.9858 105.728 5.8
      vertex 10.6193 105.094 5.8
      vertex 10.7664 104.661 5.8
    endloop
  endfacet
  facet normal 0 0 1
    outer loop
      vertex 10.5 106 5.8
      vertex 12.95 106 5.8
      vertex 10.5299 106.457 5.8
    endloop
  endfacet
  facet normal 0 0 1
    outer loop
      vertex 12.959 105.863 5.8
      vertex 10.5299 105.543 5.8
      vertex 10.6193 105.094 5.8
    endloop
  endfacet
  facet normal 0 0 1
    outer loop
      vertex 12.95 106 5.8
      vertex 10.5 106 5.8
      vertex 10.5299 105.543 5.8
    endloop
  endfacet
  facet normal -0.555003 0.831849 0
    outer loop
      vertex 12.25 109.031 2.4
      vertex 11.8693 108.777 5.8
      vertex 12.25 109.031 5.8
    endloop
  endfacet
  facet normal -0.555003 0.831849 0
    outer loop
      vertex 11.8693 108.777 5.8
      vertex 12.25 109.031 2.4
      vertex 11.8693 108.777 2.4
    endloop
  endfacet
  facet normal -0.659524 0.751683 0
    outer loop
      vertex 11.8693 108.777 2.4
      vertex 11.5251 108.475 5.8
      vertex 11.8693 108.777 5.8
    endloop
  endfacet
  facet normal -0.659524 0.751683 0
    outer loop
      vertex 11.5251 108.475 5.8
      vertex 11.8693 108.777 2.4
      vertex 11.5251 108.475 2.4
    endloop
  endfacet
  facet normal -0.321139 0.947032 0
    outer loop
      vertex 13.0941 109.381 2.4
      vertex 12.6606 109.234 5.8
      vertex 13.0941 109.381 5.8
    endloop
  endfacet
  facet normal -0.321139 0.947032 0
    outer loop
      vertex 12.6606 109.234 5.8
      vertex 13.0941 109.381 2.4
      vertex 12.6606 109.234 2.4
    endloop
  endfacet
  facet normal 0.321139 -0.947032 0
    outer loop
      vertex 14.9059 102.619 2.4
      vertex 15.3394 102.766 5.8
      vertex 14.9059 102.619 5.8
    endloop
  endfacet
  facet normal 0.321139 -0.947032 0
    outer loop
      vertex 15.3394 102.766 5.8
      vertex 14.9059 102.619 2.4
      vertex 15.3394 102.766 2.4
    endloop
  endfacet
  facet normal 0.75171 -0.659494 0
    outer loop
      vertex 16.4749 103.525 5.8
      vertex 16.7767 103.869 2.4
      vertex 16.7767 103.869 5.8
    endloop
  endfacet
  facet normal 0.75171 -0.659494 0
    outer loop
      vertex 16.7767 103.869 2.4
      vertex 16.4749 103.525 5.8
      vertex 16.4749 103.525 2.4
    endloop
  endfacet
  facet normal 0.555003 -0.831849 0
    outer loop
      vertex 15.75 102.969 2.4
      vertex 16.1307 103.223 5.8
      vertex 15.75 102.969 5.8
    endloop
  endfacet
  facet normal 0.555003 -0.831849 0
    outer loop
      vertex 16.1307 103.223 5.8
      vertex 15.75 102.969 2.4
      vertex 16.1307 103.223 2.4
    endloop
  endfacet
  facet normal 0.980748 -0.195276 0
    outer loop
      vertex 17.3807 105.094 5.8
      vertex 17.4701 105.543 2.4
      vertex 17.4701 105.543 5.8
    endloop
  endfacet
  facet normal 0.980748 -0.195276 0
    outer loop
      vertex 17.4701 105.543 2.4
      vertex 17.3807 105.094 5.8
      vertex 17.3807 105.094 2.4
    endloop
  endfacet
  facet normal -0.443192 -0.896427 0
    outer loop
      vertex 12.25 102.969 2.4
      vertex 12.6606 102.766 5.8
      vertex 12.25 102.969 5.8
    endloop
  endfacet
  facet normal -0.443192 -0.896427 -0
    outer loop
      vertex 12.6606 102.766 5.8
      vertex 12.25 102.969 2.4
      vertex 12.6606 102.766 2.4
    endloop
  endfacet
  facet normal -0.0655331 -0.99785 0
    outer loop
      vertex 13.5432 102.53 2.4
      vertex 14 102.5 5.8
      vertex 13.5432 102.53 5.8
    endloop
  endfacet
  facet normal -0.0655331 -0.99785 -0
    outer loop
      vertex 14 102.5 5.8
      vertex 13.5432 102.53 2.4
      vertex 14 102.5 2.4
    endloop
  endfacet
  facet normal -0.831647 -0.555305 0
    outer loop
      vertex 11.2233 103.869 2.4
      vertex 10.9689 104.25 5.8
      vertex 10.9689 104.25 2.4
    endloop
  endfacet
  facet normal -0.831647 -0.555305 0
    outer loop
      vertex 10.9689 104.25 5.8
      vertex 11.2233 103.869 2.4
      vertex 11.2233 103.869 5.8
    endloop
  endfacet
  facet normal -0.659524 -0.751683 0
    outer loop
      vertex 11.5251 103.525 2.4
      vertex 11.8693 103.223 5.8
      vertex 11.5251 103.525 5.8
    endloop
  endfacet
  facet normal -0.659524 -0.751683 -0
    outer loop
      vertex 11.8693 103.223 5.8
      vertex 11.5251 103.525 2.4
      vertex 11.8693 103.223 2.4
    endloop
  endfacet
  facet normal -0.946853 -0.321668 0
    outer loop
      vertex 10.7664 104.661 2.4
      vertex 10.6193 105.094 5.8
      vertex 10.6193 105.094 2.4
    endloop
  endfacet
  facet normal -0.946853 -0.321668 0
    outer loop
      vertex 10.6193 105.094 5.8
      vertex 10.7664 104.661 2.4
      vertex 10.7664 104.661 5.8
    endloop
  endfacet
  facet normal -0.997867 -0.0652871 0
    outer loop
      vertex 10.5299 105.543 2.4
      vertex 10.5 106 5.8
      vertex 10.5 106 2.4
    endloop
  endfacet
  facet normal -0.997867 -0.0652871 0
    outer loop
      vertex 10.5 106 5.8
      vertex 10.5299 105.543 2.4
      vertex 10.5299 105.543 5.8
    endloop
  endfacet
  facet normal 0.443192 -0.896427 0
    outer loop
      vertex 15.3394 102.766 2.4
      vertex 15.75 102.969 5.8
      vertex 15.3394 102.766 5.8
    endloop
  endfacet
  facet normal 0.443192 -0.896427 0
    outer loop
      vertex 15.75 102.969 5.8
      vertex 15.3394 102.766 2.4
      vertex 15.75 102.969 2.4
    endloop
  endfacet
  facet normal 0.659524 -0.751683 0
    outer loop
      vertex 16.1307 103.223 2.4
      vertex 16.4749 103.525 5.8
      vertex 16.1307 103.223 5.8
    endloop
  endfacet
  facet normal 0.659524 -0.751683 0
    outer loop
      vertex 16.4749 103.525 5.8
      vertex 16.1307 103.223 2.4
      vertex 16.4749 103.525 2.4
    endloop
  endfacet
  facet normal 0.897031 -0.441968 0
    outer loop
      vertex 17.0311 104.25 5.8
      vertex 17.2336 104.661 2.4
      vertex 17.2336 104.661 5.8
    endloop
  endfacet
  facet normal 0.897031 -0.441968 0
    outer loop
      vertex 17.2336 104.661 2.4
      vertex 17.0311 104.25 5.8
      vertex 17.0311 104.25 2.4
    endloop
  endfacet
  facet normal 0.997867 -0.0652871 0
    outer loop
      vertex 17.4701 105.543 5.8
      vertex 17.5 106 2.4
      vertex 17.5 106 5.8
    endloop
  endfacet
  facet normal 0.997867 -0.0652871 0
    outer loop
      vertex 17.5 106 2.4
      vertex 17.4701 105.543 5.8
      vertex 17.4701 105.543 2.4
    endloop
  endfacet
  facet normal 0.0655331 -0.99785 0
    outer loop
      vertex 14 102.5 2.4
      vertex 14.4568 102.53 5.8
      vertex 14 102.5 5.8
    endloop
  endfacet
  facet normal 0.0655331 -0.99785 0
    outer loop
      vertex 14.4568 102.53 5.8
      vertex 14 102.5 2.4
      vertex 14.4568 102.53 2.4
    endloop
  endfacet
  facet normal -0.75171 -0.659494 0
    outer loop
      vertex 11.5251 103.525 2.4
      vertex 11.2233 103.869 5.8
      vertex 11.2233 103.869 2.4
    endloop
  endfacet
  facet normal -0.75171 -0.659494 0
    outer loop
      vertex 11.2233 103.869 5.8
      vertex 11.5251 103.525 2.4
      vertex 11.5251 103.525 5.8
    endloop
  endfacet
  facet normal 0.946853 -0.321668 0
    outer loop
      vertex 17.2336 104.661 5.8
      vertex 17.3807 105.094 2.4
      vertex 17.3807 105.094 5.8
    endloop
  endfacet
  facet normal 0.946853 -0.321668 0
    outer loop
      vertex 17.3807 105.094 2.4
      vertex 17.2336 104.661 5.8
      vertex 17.2336 104.661 2.4
    endloop
  endfacet
  facet normal 0.555305 0.831647 -0
    outer loop
      vertex 117.131 87.7767 2.4
      vertex 116.75 88.0311 5.8
      vertex 117.131 87.7767 5.8
    endloop
  endfacet
  facet normal 0.555305 0.831647 0
    outer loop
      vertex 116.75 88.0311 5.8
      vertex 117.131 87.7767 2.4
      vertex 116.75 88.0311 2.4
    endloop
  endfacet
  facet normal -0.980924 0.194394 0
    outer loop
      vertex 111.53 85.4568 2.4
      vertex 111.619 85.9059 5.8
      vertex 111.619 85.9059 2.4
    endloop
  endfacet
  facet normal -0.980924 0.194394 0
    outer loop
      vertex 111.619 85.9059 5.8
      vertex 111.53 85.4568 2.4
      vertex 111.53 85.4568 5.8
    endloop
  endfacet
  facet normal -0.195276 -0.980748 0
    outer loop
      vertex 114.094 81.6193 2.4
      vertex 114.543 81.5299 5.8
      vertex 114.094 81.6193 5.8
    endloop
  endfacet
  facet normal -0.195276 -0.980748 -0
    outer loop
      vertex 114.543 81.5299 5.8
      vertex 114.094 81.6193 2.4
      vertex 114.543 81.5299 2.4
    endloop
  endfacet
  facet normal -0.441968 0.897031 0
    outer loop
      vertex 113.661 88.2336 2.4
      vertex 113.25 88.0311 5.8
      vertex 113.661 88.2336 5.8
    endloop
  endfacet
  facet normal -0.441968 0.897031 0
    outer loop
      vertex 113.25 88.0311 5.8
      vertex 113.661 88.2336 2.4
      vertex 113.25 88.0311 2.4
    endloop
  endfacet
  facet normal -0.947032 0.321139 0
    outer loop
      vertex 111.619 85.9059 2.4
      vertex 111.766 86.3394 5.8
      vertex 111.766 86.3394 2.4
    endloop
  endfacet
  facet normal -0.947032 0.321139 0
    outer loop
      vertex 111.766 86.3394 5.8
      vertex 111.619 85.9059 2.4
      vertex 111.619 85.9059 5.8
    endloop
  endfacet
  facet normal 0.947032 -0.321139 0
    outer loop
      vertex 118.234 83.6606 5.8
      vertex 118.381 84.0941 2.4
      vertex 118.381 84.0941 5.8
    endloop
  endfacet
  facet normal 0.947032 -0.321139 0
    outer loop
      vertex 118.381 84.0941 2.4
      vertex 118.234 83.6606 5.8
      vertex 118.234 83.6606 2.4
    endloop
  endfacet
  facet normal -0.321668 -0.946853 0
    outer loop
      vertex 113.661 81.7664 2.4
      vertex 114.094 81.6193 5.8
      vertex 113.661 81.7664 5.8
    endloop
  endfacet
  facet normal -0.321668 -0.946853 -0
    outer loop
      vertex 114.094 81.6193 5.8
      vertex 113.661 81.7664 2.4
      vertex 114.094 81.6193 2.4
    endloop
  endfacet
  facet normal 0.896427 0.443192 0
    outer loop
      vertex 118.234 86.3394 5.8
      vertex 118.031 86.75 2.4
      vertex 118.031 86.75 5.8
    endloop
  endfacet
  facet normal 0.896427 0.443192 0
    outer loop
      vertex 118.031 86.75 2.4
      vertex 118.234 86.3394 5.8
      vertex 118.234 86.3394 2.4
    endloop
  endfacet
  facet normal 0.980924 0.194394 0
    outer loop
      vertex 118.47 85.4568 5.8
      vertex 118.381 85.9059 2.4
      vertex 118.381 85.9059 5.8
    endloop
  endfacet
  facet normal 0.980924 0.194394 0
    outer loop
      vertex 118.381 85.9059 2.4
      vertex 118.47 85.4568 5.8
      vertex 118.47 85.4568 2.4
    endloop
  endfacet
  facet normal 0.831849 0.555003 0
    outer loop
      vertex 118.031 86.75 5.8
      vertex 117.777 87.1307 2.4
      vertex 117.777 87.1307 5.8
    endloop
  endfacet
  facet normal 0.831849 0.555003 0
    outer loop
      vertex 117.777 87.1307 2.4
      vertex 118.031 86.75 5.8
      vertex 118.031 86.75 2.4
    endloop
  endfacet
  facet normal 0.659494 0.75171 -0
    outer loop
      vertex 117.475 87.4749 2.4
      vertex 117.131 87.7767 5.8
      vertex 117.475 87.4749 5.8
    endloop
  endfacet
  facet normal 0.659494 0.75171 0
    outer loop
      vertex 117.131 87.7767 5.8
      vertex 117.475 87.4749 2.4
      vertex 117.131 87.7767 2.4
    endloop
  endfacet
  facet normal 0.321668 0.946853 -0
    outer loop
      vertex 116.339 88.2336 2.4
      vertex 115.906 88.3807 5.8
      vertex 116.339 88.2336 5.8
    endloop
  endfacet
  facet normal 0.321668 0.946853 0
    outer loop
      vertex 115.906 88.3807 5.8
      vertex 116.339 88.2336 2.4
      vertex 115.906 88.3807 2.4
    endloop
  endfacet
  facet normal -0.0652871 0.997867 0
    outer loop
      vertex 115 88.5 2.4
      vertex 114.543 88.4701 5.8
      vertex 115 88.5 5.8
    endloop
  endfacet
  facet normal -0.0652871 0.997867 0
    outer loop
      vertex 114.543 88.4701 5.8
      vertex 115 88.5 2.4
      vertex 114.543 88.4701 2.4
    endloop
  endfacet
  facet normal -0.99785 0.0655331 0
    outer loop
      vertex 111.5 85 2.4
      vertex 111.53 85.4568 5.8
      vertex 111.53 85.4568 2.4
    endloop
  endfacet
  facet normal -0.99785 0.0655331 0
    outer loop
      vertex 111.53 85.4568 5.8
      vertex 111.5 85 2.4
      vertex 111.5 85 5.8
    endloop
  endfacet
  facet normal -0.831849 0.555003 0
    outer loop
      vertex 111.969 86.75 2.4
      vertex 112.223 87.1307 5.8
      vertex 112.223 87.1307 2.4
    endloop
  endfacet
  facet normal -0.831849 0.555003 0
    outer loop
      vertex 112.223 87.1307 5.8
      vertex 111.969 86.75 2.4
      vertex 111.969 86.75 5.8
    endloop
  endfacet
  facet normal -0.195276 0.980748 0
    outer loop
      vertex 114.543 88.4701 2.4
      vertex 114.094 88.3807 5.8
      vertex 114.543 88.4701 5.8
    endloop
  endfacet
  facet normal -0.195276 0.980748 0
    outer loop
      vertex 114.094 88.3807 5.8
      vertex 114.543 88.4701 2.4
      vertex 114.094 88.3807 2.4
    endloop
  endfacet
  facet normal -0.751683 0.659524 0
    outer loop
      vertex 112.223 87.1307 2.4
      vertex 112.525 87.4749 5.8
      vertex 112.525 87.4749 2.4
    endloop
  endfacet
  facet normal -0.751683 0.659524 0
    outer loop
      vertex 112.525 87.4749 5.8
      vertex 112.223 87.1307 2.4
      vertex 112.223 87.1307 5.8
    endloop
  endfacet
  facet normal 0.99785 0.0655331 0
    outer loop
      vertex 118.5 85 5.8
      vertex 118.47 85.4568 2.4
      vertex 118.47 85.4568 5.8
    endloop
  endfacet
  facet normal 0.99785 0.0655331 0
    outer loop
      vertex 118.47 85.4568 2.4
      vertex 118.5 85 5.8
      vertex 118.5 85 2.4
    endloop
  endfacet
  facet normal 0.195276 -0.980748 0
    outer loop
      vertex 115.457 81.5299 2.4
      vertex 115.906 81.6193 5.8
      vertex 115.457 81.5299 5.8
    endloop
  endfacet
  facet normal 0.195276 -0.980748 0
    outer loop
      vertex 115.906 81.6193 5.8
      vertex 115.457 81.5299 2.4
      vertex 115.906 81.6193 2.4
    endloop
  endfacet
  facet normal 0.831849 -0.555003 0
    outer loop
      vertex 117.777 82.8693 5.8
      vertex 118.031 83.25 2.4
      vertex 118.031 83.25 5.8
    endloop
  endfacet
  facet normal 0.831849 -0.555003 0
    outer loop
      vertex 118.031 83.25 2.4
      vertex 117.777 82.8693 5.8
      vertex 117.777 82.8693 2.4
    endloop
  endfacet
  facet normal -0.0652871 -0.997867 0
    outer loop
      vertex 114.543 81.5299 2.4
      vertex 115 81.5 5.8
      vertex 114.543 81.5299 5.8
    endloop
  endfacet
  facet normal -0.0652871 -0.997867 -0
    outer loop
      vertex 115 81.5 5.8
      vertex 114.543 81.5299 2.4
      vertex 115 81.5 2.4
    endloop
  endfacet
  facet normal -0.555305 -0.831647 0
    outer loop
      vertex 112.869 82.2233 2.4
      vertex 113.25 81.9689 5.8
      vertex 112.869 82.2233 5.8
    endloop
  endfacet
  facet normal -0.555305 -0.831647 -0
    outer loop
      vertex 113.25 81.9689 5.8
      vertex 112.869 82.2233 2.4
      vertex 113.25 81.9689 2.4
    endloop
  endfacet
  facet normal -0.980924 -0.194394 0
    outer loop
      vertex 111.619 84.0941 2.4
      vertex 111.53 84.5432 5.8
      vertex 111.53 84.5432 2.4
    endloop
  endfacet
  facet normal -0.980924 -0.194394 0
    outer loop
      vertex 111.53 84.5432 5.8
      vertex 111.619 84.0941 2.4
      vertex 111.619 84.0941 5.8
    endloop
  endfacet
  facet normal 0.947032 0.321139 0
    outer loop
      vertex 118.381 85.9059 5.8
      vertex 118.234 86.3394 2.4
      vertex 118.234 86.3394 5.8
    endloop
  endfacet
  facet normal 0.947032 0.321139 0
    outer loop
      vertex 118.234 86.3394 2.4
      vertex 118.381 85.9059 5.8
      vertex 118.381 85.9059 2.4
    endloop
  endfacet
  facet normal 0.751683 0.659524 0
    outer loop
      vertex 117.777 87.1307 5.8
      vertex 117.475 87.4749 2.4
      vertex 117.475 87.4749 5.8
    endloop
  endfacet
  facet normal 0.751683 0.659524 0
    outer loop
      vertex 117.475 87.4749 2.4
      vertex 117.777 87.1307 5.8
      vertex 117.777 87.1307 2.4
    endloop
  endfacet
  facet normal 0.441968 0.897031 -0
    outer loop
      vertex 116.75 88.0311 2.4
      vertex 116.339 88.2336 5.8
      vertex 116.75 88.0311 5.8
    endloop
  endfacet
  facet normal 0.441968 0.897031 0
    outer loop
      vertex 116.339 88.2336 5.8
      vertex 116.75 88.0311 2.4
      vertex 116.339 88.2336 2.4
    endloop
  endfacet
  facet normal 0.195276 0.980748 -0
    outer loop
      vertex 115.906 88.3807 2.4
      vertex 115.457 88.4701 5.8
      vertex 115.906 88.3807 5.8
    endloop
  endfacet
  facet normal 0.195276 0.980748 0
    outer loop
      vertex 115.457 88.4701 5.8
      vertex 115.906 88.3807 2.4
      vertex 115.457 88.4701 2.4
    endloop
  endfacet
  facet normal 0.0652871 0.997867 -0
    outer loop
      vertex 115.457 88.4701 2.4
      vertex 115 88.5 5.8
      vertex 115.457 88.4701 5.8
    endloop
  endfacet
  facet normal 0.0652871 0.997867 0
    outer loop
      vertex 115 88.5 5.8
      vertex 115.457 88.4701 2.4
      vertex 115 88.5 2.4
    endloop
  endfacet
  facet normal 0 0 1
    outer loop
      vertex 116.05 85 5.8
      vertex 118.5 85 5.8
      vertex 118.47 85.4568 5.8
    endloop
  endfacet
  facet normal 0 0 1
    outer loop
      vertex 116.041 85.1371 5.8
      vertex 118.47 85.4568 5.8
      vertex 118.381 85.9059 5.8
    endloop
  endfacet
  facet normal 0 0 1
    outer loop
      vertex 118.5 85 5.8
      vertex 116.05 85 5.8
      vertex 118.47 84.5432 5.8
    endloop
  endfacet
  facet normal 0 0 1
    outer loop
      vertex 116.014 85.2718 5.8
      vertex 118.381 85.9059 5.8
      vertex 118.234 86.3394 5.8
    endloop
  endfacet
  facet normal -0 0 1
    outer loop
      vertex 116.041 84.8629 5.8
      vertex 118.47 84.5432 5.8
      vertex 116.05 85 5.8
    endloop
  endfacet
  facet normal 0 0 1
    outer loop
      vertex 115.97 85.4018 5.8
      vertex 118.234 86.3394 5.8
      vertex 118.031 86.75 5.8
    endloop
  endfacet
  facet normal 0 0 1
    outer loop
      vertex 118.47 84.5432 5.8
      vertex 116.041 84.8629 5.8
      vertex 118.381 84.0941 5.8
    endloop
  endfacet
  facet normal 0 0 1
    outer loop
      vertex 115.909 85.525 5.8
      vertex 118.031 86.75 5.8
      vertex 117.777 87.1307 5.8
    endloop
  endfacet
  facet normal -0 0 1
    outer loop
      vertex 116.014 84.7282 5.8
      vertex 118.381 84.0941 5.8
      vertex 116.041 84.8629 5.8
    endloop
  endfacet
  facet normal 0 0 1
    outer loop
      vertex 115.833 85.6392 5.8
      vertex 117.777 87.1307 5.8
      vertex 117.475 87.4749 5.8
    endloop
  endfacet
  facet normal 0 0 1
    outer loop
      vertex 118.381 84.0941 5.8
      vertex 116.014 84.7282 5.8
      vertex 118.234 83.6606 5.8
    endloop
  endfacet
  facet normal 0 0 1
    outer loop
      vertex 115.742 85.7425 5.8
      vertex 117.475 87.4749 5.8
      vertex 117.131 87.7767 5.8
    endloop
  endfacet
  facet normal -0 0 1
    outer loop
      vertex 115.97 84.5982 5.8
      vertex 118.234 83.6606 5.8
      vertex 116.014 84.7282 5.8
    endloop
  endfacet
  facet normal 0 0 1
    outer loop
      vertex 115.639 85.833 5.8
      vertex 117.131 87.7767 5.8
      vertex 116.75 88.0311 5.8
    endloop
  endfacet
  facet normal 0 0 1
    outer loop
      vertex 118.234 83.6606 5.8
      vertex 115.97 84.5982 5.8
      vertex 118.031 83.25 5.8
    endloop
  endfacet
  facet normal 0 0 1
    outer loop
      vertex 115.525 85.9093 5.8
      vertex 116.75 88.0311 5.8
      vertex 116.339 88.2336 5.8
    endloop
  endfacet
  facet normal -0 0 1
    outer loop
      vertex 115.909 84.475 5.8
      vertex 118.031 83.25 5.8
      vertex 115.97 84.5982 5.8
    endloop
  endfacet
  facet normal 0 0 1
    outer loop
      vertex 118.031 83.25 5.8
      vertex 115.909 84.475 5.8
      vertex 117.777 82.8693 5.8
    endloop
  endfacet
  facet normal 0 0 1
    outer loop
      vertex 118.47 85.4568 5.8
      vertex 116.041 85.1371 5.8
      vertex 116.05 85 5.8
    endloop
  endfacet
  facet normal 0 0 1
    outer loop
      vertex 118.381 85.9059 5.8
      vertex 116.014 85.2718 5.8
      vertex 116.041 85.1371 5.8
    endloop
  endfacet
  facet normal 0 0 1
    outer loop
      vertex 118.234 86.3394 5.8
      vertex 115.97 85.4018 5.8
      vertex 116.014 85.2718 5.8
    endloop
  endfacet
  facet normal 0 0 1
    outer loop
      vertex 118.031 86.75 5.8
      vertex 115.909 85.525 5.8
      vertex 115.97 85.4018 5.8
    endloop
  endfacet
  facet normal 0 0 1
    outer loop
      vertex 115.402 85.9701 5.8
      vertex 116.339 88.2336 5.8
      vertex 115.906 88.3807 5.8
    endloop
  endfacet
  facet normal 0 0 1
    outer loop
      vertex 117.777 87.1307 5.8
      vertex 115.833 85.6392 5.8
      vertex 115.909 85.525 5.8
    endloop
  endfacet
  facet normal 0 0 1
    outer loop
      vertex 117.475 87.4749 5.8
      vertex 115.742 85.7425 5.8
      vertex 115.833 85.6392 5.8
    endloop
  endfacet
  facet normal 0 0 1
    outer loop
      vertex 117.131 87.7767 5.8
      vertex 115.639 85.833 5.8
      vertex 115.742 85.7425 5.8
    endloop
  endfacet
  facet normal 0 0 1
    outer loop
      vertex 116.75 88.0311 5.8
      vertex 115.525 85.9093 5.8
      vertex 115.639 85.833 5.8
    endloop
  endfacet
  facet normal 0 0 1
    outer loop
      vertex 115.272 86.0142 5.8
      vertex 115.906 88.3807 5.8
      vertex 115.457 88.4701 5.8
    endloop
  endfacet
  facet normal 0 0 1
    outer loop
      vertex 116.339 88.2336 5.8
      vertex 115.402 85.9701 5.8
      vertex 115.525 85.9093 5.8
    endloop
  endfacet
  facet normal 0 0 1
    outer loop
      vertex 115.906 88.3807 5.8
      vertex 115.272 86.0142 5.8
      vertex 115.402 85.9701 5.8
    endloop
  endfacet
  facet normal 0 0 1
    outer loop
      vertex 115.457 88.4701 5.8
      vertex 115.137 86.041 5.8
      vertex 115.272 86.0142 5.8
    endloop
  endfacet
  facet normal 0 0 1
    outer loop
      vertex 115 88.5 5.8
      vertex 115.137 86.041 5.8
      vertex 115.457 88.4701 5.8
    endloop
  endfacet
  facet normal 0 0 1
    outer loop
      vertex 115 88.5 5.8
      vertex 115 86.05 5.8
      vertex 115.137 86.041 5.8
    endloop
  endfacet
  facet normal 0 0 1
    outer loop
      vertex 115 88.5 5.8
      vertex 114.863 86.041 5.8
      vertex 115 86.05 5.8
    endloop
  endfacet
  facet normal -0 0 1
    outer loop
      vertex 114.543 88.4701 5.8
      vertex 114.863 86.041 5.8
      vertex 115 88.5 5.8
    endloop
  endfacet
  facet normal 0 0 1
    outer loop
      vertex 114.863 86.041 5.8
      vertex 114.543 88.4701 5.8
      vertex 114.728 86.0142 5.8
    endloop
  endfacet
  facet normal -0 0 1
    outer loop
      vertex 114.094 88.3807 5.8
      vertex 114.728 86.0142 5.8
      vertex 114.543 88.4701 5.8
    endloop
  endfacet
  facet normal 0 0 1
    outer loop
      vertex 114.728 86.0142 5.8
      vertex 114.094 88.3807 5.8
      vertex 114.598 85.9701 5.8
    endloop
  endfacet
  facet normal -0 0 1
    outer loop
      vertex 113.661 88.2336 5.8
      vertex 114.598 85.9701 5.8
      vertex 114.094 88.3807 5.8
    endloop
  endfacet
  facet normal 0 0 1
    outer loop
      vertex 114.598 85.9701 5.8
      vertex 113.661 88.2336 5.8
      vertex 114.475 85.9093 5.8
    endloop
  endfacet
  facet normal -0 0 1
    outer loop
      vertex 113.25 88.0311 5.8
      vertex 114.475 85.9093 5.8
      vertex 113.661 88.2336 5.8
    endloop
  endfacet
  facet normal 0 0 1
    outer loop
      vertex 114.475 85.9093 5.8
      vertex 113.25 88.0311 5.8
      vertex 114.361 85.833 5.8
    endloop
  endfacet
  facet normal -0 0 1
    outer loop
      vertex 112.869 87.7767 5.8
      vertex 114.361 85.833 5.8
      vertex 113.25 88.0311 5.8
    endloop
  endfacet
  facet normal 0 0 1
    outer loop
      vertex 114.361 85.833 5.8
      vertex 112.869 87.7767 5.8
      vertex 114.258 85.7425 5.8
    endloop
  endfacet
  facet normal -0 0 1
    outer loop
      vertex 112.525 87.4749 5.8
      vertex 114.258 85.7425 5.8
      vertex 112.869 87.7767 5.8
    endloop
  endfacet
  facet normal 0 0 1
    outer loop
      vertex 114.258 85.7425 5.8
      vertex 112.525 87.4749 5.8
      vertex 114.167 85.6392 5.8
    endloop
  endfacet
  facet normal -0 0 1
    outer loop
      vertex 112.223 87.1307 5.8
      vertex 114.167 85.6392 5.8
      vertex 112.525 87.4749 5.8
    endloop
  endfacet
  facet normal 0 0 1
    outer loop
      vertex 114.167 85.6392 5.8
      vertex 112.223 87.1307 5.8
      vertex 114.091 85.525 5.8
    endloop
  endfacet
  facet normal -0 0 1
    outer loop
      vertex 115.833 84.3608 5.8
      vertex 117.777 82.8693 5.8
      vertex 115.909 84.475 5.8
    endloop
  endfacet
  facet normal 0 0 1
    outer loop
      vertex 117.777 82.8693 5.8
      vertex 115.833 84.3608 5.8
      vertex 117.475 82.5251 5.8
    endloop
  endfacet
  facet normal -0 0 1
    outer loop
      vertex 115.742 84.2575 5.8
      vertex 117.475 82.5251 5.8
      vertex 115.833 84.3608 5.8
    endloop
  endfacet
  facet normal 0 0 1
    outer loop
      vertex 117.475 82.5251 5.8
      vertex 115.742 84.2575 5.8
      vertex 117.131 82.2233 5.8
    endloop
  endfacet
  facet normal -0 0 1
    outer loop
      vertex 115.639 84.167 5.8
      vertex 117.131 82.2233 5.8
      vertex 115.742 84.2575 5.8
    endloop
  endfacet
  facet normal 0 0 1
    outer loop
      vertex 117.131 82.2233 5.8
      vertex 115.639 84.167 5.8
      vertex 116.75 81.9689 5.8
    endloop
  endfacet
  facet normal -0 0 1
    outer loop
      vertex 115.525 84.0907 5.8
      vertex 116.75 81.9689 5.8
      vertex 115.639 84.167 5.8
    endloop
  endfacet
  facet normal 0 0 1
    outer loop
      vertex 116.75 81.9689 5.8
      vertex 115.525 84.0907 5.8
      vertex 116.339 81.7664 5.8
    endloop
  endfacet
  facet normal -0 0 1
    outer loop
      vertex 115.402 84.0299 5.8
      vertex 116.339 81.7664 5.8
      vertex 115.525 84.0907 5.8
    endloop
  endfacet
  facet normal 0 0 1
    outer loop
      vertex 116.339 81.7664 5.8
      vertex 115.402 84.0299 5.8
      vertex 115.906 81.6193 5.8
    endloop
  endfacet
  facet normal -0 0 1
    outer loop
      vertex 115.272 83.9858 5.8
      vertex 115.906 81.6193 5.8
      vertex 115.402 84.0299 5.8
    endloop
  endfacet
  facet normal 0 0 1
    outer loop
      vertex 115.906 81.6193 5.8
      vertex 115.272 83.9858 5.8
      vertex 115.457 81.5299 5.8
    endloop
  endfacet
  facet normal -0 0 1
    outer loop
      vertex 115.137 83.959 5.8
      vertex 115.457 81.5299 5.8
      vertex 115.272 83.9858 5.8
    endloop
  endfacet
  facet normal -0 0 1
    outer loop
      vertex 115 83.95 5.8
      vertex 115.457 81.5299 5.8
      vertex 115.137 83.959 5.8
    endloop
  endfacet
  facet normal 0 0 1
    outer loop
      vertex 115 83.95 5.8
      vertex 115 81.5 5.8
      vertex 115.457 81.5299 5.8
    endloop
  endfacet
  facet normal 0 0 1
    outer loop
      vertex 114.863 83.959 5.8
      vertex 115 81.5 5.8
      vertex 115 83.95 5.8
    endloop
  endfacet
  facet normal 0 0 1
    outer loop
      vertex 114.543 81.5299 5.8
      vertex 114.863 83.959 5.8
      vertex 114.728 83.9858 5.8
    endloop
  endfacet
  facet normal 0 0 1
    outer loop
      vertex 114.094 81.6193 5.8
      vertex 114.728 83.9858 5.8
      vertex 114.598 84.0299 5.8
    endloop
  endfacet
  facet normal 0 0 1
    outer loop
      vertex 114.863 83.959 5.8
      vertex 114.543 81.5299 5.8
      vertex 115 81.5 5.8
    endloop
  endfacet
  facet normal 0 0 1
    outer loop
      vertex 113.661 81.7664 5.8
      vertex 114.598 84.0299 5.8
      vertex 114.475 84.0907 5.8
    endloop
  endfacet
  facet normal 0 0 1
    outer loop
      vertex 113.25 81.9689 5.8
      vertex 114.475 84.0907 5.8
      vertex 114.361 84.167 5.8
    endloop
  endfacet
  facet normal 0 0 1
    outer loop
      vertex 112.869 82.2233 5.8
      vertex 114.361 84.167 5.8
      vertex 114.258 84.2575 5.8
    endloop
  endfacet
  facet normal 0 0 1
    outer loop
      vertex 112.525 82.5251 5.8
      vertex 114.258 84.2575 5.8
      vertex 114.167 84.3608 5.8
    endloop
  endfacet
  facet normal 0 0 1
    outer loop
      vertex 114.728 83.9858 5.8
      vertex 114.094 81.6193 5.8
      vertex 114.543 81.5299 5.8
    endloop
  endfacet
  facet normal 0 0 1
    outer loop
      vertex 112.223 82.8693 5.8
      vertex 114.167 84.3608 5.8
      vertex 114.091 84.475 5.8
    endloop
  endfacet
  facet normal 0 0 1
    outer loop
      vertex 111.969 83.25 5.8
      vertex 114.091 84.475 5.8
      vertex 114.03 84.5982 5.8
    endloop
  endfacet
  facet normal 0 0 1
    outer loop
      vertex 111.766 83.6606 5.8
      vertex 114.03 84.5982 5.8
      vertex 113.986 84.7282 5.8
    endloop
  endfacet
  facet normal 0 0 1
    outer loop
      vertex 111.619 84.0941 5.8
      vertex 113.986 84.7282 5.8
      vertex 113.959 84.8629 5.8
    endloop
  endfacet
  facet normal 0 0 1
    outer loop
      vertex 111.53 84.5432 5.8
      vertex 113.959 84.8629 5.8
      vertex 113.95 85 5.8
    endloop
  endfacet
  facet normal -0 0 1
    outer loop
      vertex 111.969 86.75 5.8
      vertex 114.091 85.525 5.8
      vertex 112.223 87.1307 5.8
    endloop
  endfacet
  facet normal 0 0 1
    outer loop
      vertex 114.598 84.0299 5.8
      vertex 113.661 81.7664 5.8
      vertex 114.094 81.6193 5.8
    endloop
  endfacet
  facet normal 0 0 1
    outer loop
      vertex 114.091 85.525 5.8
      vertex 111.969 86.75 5.8
      vertex 114.03 85.4018 5.8
    endloop
  endfacet
  facet normal 0 0 1
    outer loop
      vertex 114.475 84.0907 5.8
      vertex 113.25 81.9689 5.8
      vertex 113.661 81.7664 5.8
    endloop
  endfacet
  facet normal -0 0 1
    outer loop
      vertex 111.766 86.3394 5.8
      vertex 114.03 85.4018 5.8
      vertex 111.969 86.75 5.8
    endloop
  endfacet
  facet normal 0 0 1
    outer loop
      vertex 114.361 84.167 5.8
      vertex 112.869 82.2233 5.8
      vertex 113.25 81.9689 5.8
    endloop
  endfacet
  facet normal 0 0 1
    outer loop
      vertex 114.03 85.4018 5.8
      vertex 111.766 86.3394 5.8
      vertex 113.986 85.2718 5.8
    endloop
  endfacet
  facet normal 0 0 1
    outer loop
      vertex 114.258 84.2575 5.8
      vertex 112.525 82.5251 5.8
      vertex 112.869 82.2233 5.8
    endloop
  endfacet
  facet normal -0 0 1
    outer loop
      vertex 111.619 85.9059 5.8
      vertex 113.986 85.2718 5.8
      vertex 111.766 86.3394 5.8
    endloop
  endfacet
  facet normal 0 0 1
    outer loop
      vertex 114.167 84.3608 5.8
      vertex 112.223 82.8693 5.8
      vertex 112.525 82.5251 5.8
    endloop
  endfacet
  facet normal 0 0 1
    outer loop
      vertex 113.986 85.2718 5.8
      vertex 111.619 85.9059 5.8
      vertex 113.959 85.1371 5.8
    endloop
  endfacet
  facet normal 0 0 1
    outer loop
      vertex 114.091 84.475 5.8
      vertex 111.969 83.25 5.8
      vertex 112.223 82.8693 5.8
    endloop
  endfacet
  facet normal -0 0 1
    outer loop
      vertex 111.53 85.4568 5.8
      vertex 113.959 85.1371 5.8
      vertex 111.619 85.9059 5.8
    endloop
  endfacet
  facet normal 0 0 1
    outer loop
      vertex 114.03 84.5982 5.8
      vertex 111.766 83.6606 5.8
      vertex 111.969 83.25 5.8
    endloop
  endfacet
  facet normal 0 0 1
    outer loop
      vertex 113.959 85.1371 5.8
      vertex 111.53 85.4568 5.8
      vertex 113.95 85 5.8
    endloop
  endfacet
  facet normal 0 0 1
    outer loop
      vertex 113.986 84.7282 5.8
      vertex 111.619 84.0941 5.8
      vertex 111.766 83.6606 5.8
    endloop
  endfacet
  facet normal 0 0 1
    outer loop
      vertex 111.5 85 5.8
      vertex 113.95 85 5.8
      vertex 111.53 85.4568 5.8
    endloop
  endfacet
  facet normal 0 0 1
    outer loop
      vertex 113.959 84.8629 5.8
      vertex 111.53 84.5432 5.8
      vertex 111.619 84.0941 5.8
    endloop
  endfacet
  facet normal 0 0 1
    outer loop
      vertex 113.95 85 5.8
      vertex 111.5 85 5.8
      vertex 111.53 84.5432 5.8
    endloop
  endfacet
  facet normal -0.896427 0.443192 0
    outer loop
      vertex 111.766 86.3394 2.4
      vertex 111.969 86.75 5.8
      vertex 111.969 86.75 2.4
    endloop
  endfacet
  facet normal -0.896427 0.443192 0
    outer loop
      vertex 111.969 86.75 5.8
      vertex 111.766 86.3394 2.4
      vertex 111.766 86.3394 5.8
    endloop
  endfacet
  facet normal -0.321668 0.946853 0
    outer loop
      vertex 114.094 88.3807 2.4
      vertex 113.661 88.2336 5.8
      vertex 114.094 88.3807 5.8
    endloop
  endfacet
  facet normal -0.321668 0.946853 0
    outer loop
      vertex 113.661 88.2336 5.8
      vertex 114.094 88.3807 2.4
      vertex 113.661 88.2336 2.4
    endloop
  endfacet
  facet normal -0.659494 0.75171 0
    outer loop
      vertex 112.869 87.7767 2.4
      vertex 112.525 87.4749 5.8
      vertex 112.869 87.7767 5.8
    endloop
  endfacet
  facet normal -0.659494 0.75171 0
    outer loop
      vertex 112.525 87.4749 5.8
      vertex 112.869 87.7767 2.4
      vertex 112.525 87.4749 2.4
    endloop
  endfacet
  facet normal -0.555305 0.831647 0
    outer loop
      vertex 113.25 88.0311 2.4
      vertex 112.869 87.7767 5.8
      vertex 113.25 88.0311 5.8
    endloop
  endfacet
  facet normal -0.555305 0.831647 0
    outer loop
      vertex 112.869 87.7767 5.8
      vertex 113.25 88.0311 2.4
      vertex 112.869 87.7767 2.4
    endloop
  endfacet
  facet normal 0.980924 -0.194394 0
    outer loop
      vertex 118.381 84.0941 5.8
      vertex 118.47 84.5432 2.4
      vertex 118.47 84.5432 5.8
    endloop
  endfacet
  facet normal 0.980924 -0.194394 0
    outer loop
      vertex 118.47 84.5432 2.4
      vertex 118.381 84.0941 5.8
      vertex 118.381 84.0941 2.4
    endloop
  endfacet
  facet normal 0.321668 -0.946853 0
    outer loop
      vertex 115.906 81.6193 2.4
      vertex 116.339 81.7664 5.8
      vertex 115.906 81.6193 5.8
    endloop
  endfacet
  facet normal 0.321668 -0.946853 0
    outer loop
      vertex 116.339 81.7664 5.8
      vertex 115.906 81.6193 2.4
      vertex 116.339 81.7664 2.4
    endloop
  endfacet
  facet normal 0.751683 -0.659524 0
    outer loop
      vertex 117.475 82.5251 5.8
      vertex 117.777 82.8693 2.4
      vertex 117.777 82.8693 5.8
    endloop
  endfacet
  facet normal 0.751683 -0.659524 0
    outer loop
      vertex 117.777 82.8693 2.4
      vertex 117.475 82.5251 5.8
      vertex 117.475 82.5251 2.4
    endloop
  endfacet
  facet normal 0.555305 -0.831647 0
    outer loop
      vertex 116.75 81.9689 2.4
      vertex 117.131 82.2233 5.8
      vertex 116.75 81.9689 5.8
    endloop
  endfacet
  facet normal 0.555305 -0.831647 0
    outer loop
      vertex 117.131 82.2233 5.8
      vertex 116.75 81.9689 2.4
      vertex 117.131 82.2233 2.4
    endloop
  endfacet
  facet normal 0.896427 -0.443192 0
    outer loop
      vertex 118.031 83.25 5.8
      vertex 118.234 83.6606 2.4
      vertex 118.234 83.6606 5.8
    endloop
  endfacet
  facet normal 0.896427 -0.443192 0
    outer loop
      vertex 118.234 83.6606 2.4
      vertex 118.031 83.25 5.8
      vertex 118.031 83.25 2.4
    endloop
  endfacet
  facet normal -0.441968 -0.897031 0
    outer loop
      vertex 113.25 81.9689 2.4
      vertex 113.661 81.7664 5.8
      vertex 113.25 81.9689 5.8
    endloop
  endfacet
  facet normal -0.441968 -0.897031 -0
    outer loop
      vertex 113.661 81.7664 5.8
      vertex 113.25 81.9689 2.4
      vertex 113.661 81.7664 2.4
    endloop
  endfacet
  facet normal -0.947032 -0.321139 0
    outer loop
      vertex 111.766 83.6606 2.4
      vertex 111.619 84.0941 5.8
      vertex 111.619 84.0941 2.4
    endloop
  endfacet
  facet normal -0.947032 -0.321139 0
    outer loop
      vertex 111.619 84.0941 5.8
      vertex 111.766 83.6606 2.4
      vertex 111.766 83.6606 5.8
    endloop
  endfacet
  facet normal -0.659494 -0.75171 0
    outer loop
      vertex 112.525 82.5251 2.4
      vertex 112.869 82.2233 5.8
      vertex 112.525 82.5251 5.8
    endloop
  endfacet
  facet normal -0.659494 -0.75171 -0
    outer loop
      vertex 112.869 82.2233 5.8
      vertex 112.525 82.5251 2.4
      vertex 112.869 82.2233 2.4
    endloop
  endfacet
  facet normal -0.831849 -0.555003 0
    outer loop
      vertex 112.223 82.8693 2.4
      vertex 111.969 83.25 5.8
      vertex 111.969 83.25 2.4
    endloop
  endfacet
  facet normal -0.831849 -0.555003 0
    outer loop
      vertex 111.969 83.25 5.8
      vertex 112.223 82.8693 2.4
      vertex 112.223 82.8693 5.8
    endloop
  endfacet
  facet normal -0.99785 -0.0655331 0
    outer loop
      vertex 111.53 84.5432 2.4
      vertex 111.5 85 5.8
      vertex 111.5 85 2.4
    endloop
  endfacet
  facet normal -0.99785 -0.0655331 0
    outer loop
      vertex 111.5 85 5.8
      vertex 111.53 84.5432 2.4
      vertex 111.53 84.5432 5.8
    endloop
  endfacet
  facet normal 0.99785 -0.0655331 0
    outer loop
      vertex 118.47 84.5432 5.8
      vertex 118.5 85 2.4
      vertex 118.5 85 5.8
    endloop
  endfacet
  facet normal 0.99785 -0.0655331 0
    outer loop
      vertex 118.5 85 2.4
      vertex 118.47 84.5432 5.8
      vertex 118.47 84.5432 2.4
    endloop
  endfacet
  facet normal 0.441968 -0.897031 0
    outer loop
      vertex 116.339 81.7664 2.4
      vertex 116.75 81.9689 5.8
      vertex 116.339 81.7664 5.8
    endloop
  endfacet
  facet normal 0.441968 -0.897031 0
    outer loop
      vertex 116.75 81.9689 5.8
      vertex 116.339 81.7664 2.4
      vertex 116.75 81.9689 2.4
    endloop
  endfacet
  facet normal 0.659494 -0.75171 0
    outer loop
      vertex 117.131 82.2233 2.4
      vertex 117.475 82.5251 5.8
      vertex 117.131 82.2233 5.8
    endloop
  endfacet
  facet normal 0.659494 -0.75171 0
    outer loop
      vertex 117.475 82.5251 5.8
      vertex 117.131 82.2233 2.4
      vertex 117.475 82.5251 2.4
    endloop
  endfacet
  facet normal 0.0652871 -0.997867 0
    outer loop
      vertex 115 81.5 2.4
      vertex 115.457 81.5299 5.8
      vertex 115 81.5 5.8
    endloop
  endfacet
  facet normal 0.0652871 -0.997867 0
    outer loop
      vertex 115.457 81.5299 5.8
      vertex 115 81.5 2.4
      vertex 115.457 81.5299 2.4
    endloop
  endfacet
  facet normal -0.896427 -0.443192 0
    outer loop
      vertex 111.969 83.25 2.4
      vertex 111.766 83.6606 5.8
      vertex 111.766 83.6606 2.4
    endloop
  endfacet
  facet normal -0.896427 -0.443192 0
    outer loop
      vertex 111.766 83.6606 5.8
      vertex 111.969 83.25 2.4
      vertex 111.969 83.25 5.8
    endloop
  endfacet
  facet normal -0.751683 -0.659524 0
    outer loop
      vertex 112.525 82.5251 2.4
      vertex 112.223 82.8693 5.8
      vertex 112.223 82.8693 2.4
    endloop
  endfacet
  facet normal -0.751683 -0.659524 0
    outer loop
      vertex 112.223 82.8693 5.8
      vertex 112.525 82.5251 2.4
      vertex 112.525 82.5251 5.8
    endloop
  endfacet
  facet normal 0.555607 0.831445 -0
    outer loop
      vertex 16.1307 16.7767 2.4
      vertex 15.75 17.0311 5.8
      vertex 16.1307 16.7767 5.8
    endloop
  endfacet
  facet normal 0.555607 0.831445 0
    outer loop
      vertex 15.75 17.0311 5.8
      vertex 16.1307 16.7767 2.4
      vertex 15.75 17.0311 2.4
    endloop
  endfacet
  facet normal -0.980757 0.195234 0
    outer loop
      vertex 10.5299 14.4568 2.4
      vertex 10.6193 14.9059 5.8
      vertex 10.6193 14.9059 2.4
    endloop
  endfacet
  facet normal -0.980757 0.195234 0
    outer loop
      vertex 10.6193 14.9059 5.8
      vertex 10.5299 14.4568 2.4
      vertex 10.5299 14.4568 5.8
    endloop
  endfacet
  facet normal -0.195234 -0.980757 0
    outer loop
      vertex 13.0941 10.6193 2.4
      vertex 13.5432 10.5299 5.8
      vertex 13.0941 10.6193 5.8
    endloop
  endfacet
  facet normal -0.195234 -0.980757 -0
    outer loop
      vertex 13.5432 10.5299 5.8
      vertex 13.0941 10.6193 2.4
      vertex 13.5432 10.5299 2.4
    endloop
  endfacet
  facet normal -0.442314 0.89686 0
    outer loop
      vertex 12.6606 17.2336 2.4
      vertex 12.25 17.0311 5.8
      vertex 12.6606 17.2336 5.8
    endloop
  endfacet
  facet normal -0.442314 0.89686 0
    outer loop
      vertex 12.25 17.0311 5.8
      vertex 12.6606 17.2336 2.4
      vertex 12.25 17.0311 2.4
    endloop
  endfacet
  facet normal -0.946966 0.321335 0
    outer loop
      vertex 10.6193 14.9059 2.4
      vertex 10.7664 15.3394 5.8
      vertex 10.7664 15.3394 2.4
    endloop
  endfacet
  facet normal -0.946966 0.321335 0
    outer loop
      vertex 10.7664 15.3394 5.8
      vertex 10.6193 14.9059 2.4
      vertex 10.6193 14.9059 5.8
    endloop
  endfacet
  facet normal 0.89686 0.442314 0
    outer loop
      vertex 17.2336 15.3394 5.8
      vertex 17.0311 15.75 2.4
      vertex 17.0311 15.75 5.8
    endloop
  endfacet
  facet normal 0.89686 0.442314 0
    outer loop
      vertex 17.0311 15.75 2.4
      vertex 17.2336 15.3394 5.8
      vertex 17.2336 15.3394 2.4
    endloop
  endfacet
  facet normal 0.980757 0.195234 0
    outer loop
      vertex 17.4701 14.4568 5.8
      vertex 17.3807 14.9059 2.4
      vertex 17.3807 14.9059 5.8
    endloop
  endfacet
  facet normal 0.980757 0.195234 0
    outer loop
      vertex 17.3807 14.9059 2.4
      vertex 17.4701 14.4568 5.8
      vertex 17.4701 14.4568 2.4
    endloop
  endfacet
  facet normal 0.831445 0.555607 0
    outer loop
      vertex 17.0311 15.75 5.8
      vertex 16.7767 16.1307 2.4
      vertex 16.7767 16.1307 5.8
    endloop
  endfacet
  facet normal 0.831445 0.555607 0
    outer loop
      vertex 16.7767 16.1307 2.4
      vertex 17.0311 15.75 5.8
      vertex 17.0311 15.75 2.4
    endloop
  endfacet
  facet normal 0.659278 0.7519 -0
    outer loop
      vertex 16.4749 16.4749 2.4
      vertex 16.1307 16.7767 5.8
      vertex 16.4749 16.4749 5.8
    endloop
  endfacet
  facet normal 0.659278 0.7519 0
    outer loop
      vertex 16.1307 16.7767 5.8
      vertex 16.4749 16.4749 2.4
      vertex 16.1307 16.7767 2.4
    endloop
  endfacet
  facet normal 0.321335 0.946966 -0
    outer loop
      vertex 15.3394 17.2336 2.4
      vertex 14.9059 17.3807 5.8
      vertex 15.3394 17.2336 5.8
    endloop
  endfacet
  facet normal 0.321335 0.946966 0
    outer loop
      vertex 14.9059 17.3807 5.8
      vertex 15.3394 17.2336 2.4
      vertex 14.9059 17.3807 2.4
    endloop
  endfacet
  facet normal -0.0653156 0.997865 0
    outer loop
      vertex 14 17.5 2.4
      vertex 13.5432 17.4701 5.8
      vertex 14 17.5 5.8
    endloop
  endfacet
  facet normal -0.0653156 0.997865 0
    outer loop
      vertex 13.5432 17.4701 5.8
      vertex 14 17.5 2.4
      vertex 13.5432 17.4701 2.4
    endloop
  endfacet
  facet normal -0.997865 0.0653156 0
    outer loop
      vertex 10.5 14 2.4
      vertex 10.5299 14.4568 5.8
      vertex 10.5299 14.4568 2.4
    endloop
  endfacet
  facet normal -0.997865 0.0653156 0
    outer loop
      vertex 10.5299 14.4568 5.8
      vertex 10.5 14 2.4
      vertex 10.5 14 5.8
    endloop
  endfacet
  facet normal -0.831445 0.555607 0
    outer loop
      vertex 10.9689 15.75 2.4
      vertex 11.2233 16.1307 5.8
      vertex 11.2233 16.1307 2.4
    endloop
  endfacet
  facet normal -0.831445 0.555607 0
    outer loop
      vertex 11.2233 16.1307 5.8
      vertex 10.9689 15.75 2.4
      vertex 10.9689 15.75 5.8
    endloop
  endfacet
  facet normal -0.195234 0.980757 0
    outer loop
      vertex 13.5432 17.4701 2.4
      vertex 13.0941 17.3807 5.8
      vertex 13.5432 17.4701 5.8
    endloop
  endfacet
  facet normal -0.195234 0.980757 0
    outer loop
      vertex 13.0941 17.3807 5.8
      vertex 13.5432 17.4701 2.4
      vertex 13.0941 17.3807 2.4
    endloop
  endfacet
  facet normal -0.7519 0.659278 0
    outer loop
      vertex 11.2233 16.1307 2.4
      vertex 11.5251 16.4749 5.8
      vertex 11.5251 16.4749 2.4
    endloop
  endfacet
  facet normal -0.7519 0.659278 0
    outer loop
      vertex 11.5251 16.4749 5.8
      vertex 11.2233 16.1307 2.4
      vertex 11.2233 16.1307 5.8
    endloop
  endfacet
  facet normal 0.997865 0.0653156 0
    outer loop
      vertex 17.5 14 5.8
      vertex 17.4701 14.4568 2.4
      vertex 17.4701 14.4568 5.8
    endloop
  endfacet
  facet normal 0.997865 0.0653156 0
    outer loop
      vertex 17.4701 14.4568 2.4
      vertex 17.5 14 5.8
      vertex 17.5 14 2.4
    endloop
  endfacet
  facet normal 0.195234 -0.980757 0
    outer loop
      vertex 14.4568 10.5299 2.4
      vertex 14.9059 10.6193 5.8
      vertex 14.4568 10.5299 5.8
    endloop
  endfacet
  facet normal 0.195234 -0.980757 0
    outer loop
      vertex 14.9059 10.6193 5.8
      vertex 14.4568 10.5299 2.4
      vertex 14.9059 10.6193 2.4
    endloop
  endfacet
  facet normal 0.831445 -0.555607 0
    outer loop
      vertex 16.7767 11.8693 5.8
      vertex 17.0311 12.25 2.4
      vertex 17.0311 12.25 5.8
    endloop
  endfacet
  facet normal 0.831445 -0.555607 0
    outer loop
      vertex 17.0311 12.25 2.4
      vertex 16.7767 11.8693 5.8
      vertex 16.7767 11.8693 2.4
    endloop
  endfacet
  facet normal -0.0653156 -0.997865 0
    outer loop
      vertex 13.5432 10.5299 2.4
      vertex 14 10.5 5.8
      vertex 13.5432 10.5299 5.8
    endloop
  endfacet
  facet normal -0.0653156 -0.997865 -0
    outer loop
      vertex 14 10.5 5.8
      vertex 13.5432 10.5299 2.4
      vertex 14 10.5 2.4
    endloop
  endfacet
  facet normal -0.555607 -0.831445 0
    outer loop
      vertex 11.8693 11.2233 2.4
      vertex 12.25 10.9689 5.8
      vertex 11.8693 11.2233 5.8
    endloop
  endfacet
  facet normal -0.555607 -0.831445 -0
    outer loop
      vertex 12.25 10.9689 5.8
      vertex 11.8693 11.2233 2.4
      vertex 12.25 10.9689 2.4
    endloop
  endfacet
  facet normal -0.980757 -0.195234 0
    outer loop
      vertex 10.6193 13.0941 2.4
      vertex 10.5299 13.5432 5.8
      vertex 10.5299 13.5432 2.4
    endloop
  endfacet
  facet normal -0.980757 -0.195234 0
    outer loop
      vertex 10.5299 13.5432 5.8
      vertex 10.6193 13.0941 2.4
      vertex 10.6193 13.0941 5.8
    endloop
  endfacet
  facet normal 0.946966 0.321335 0
    outer loop
      vertex 17.3807 14.9059 5.8
      vertex 17.2336 15.3394 2.4
      vertex 17.2336 15.3394 5.8
    endloop
  endfacet
  facet normal 0.946966 0.321335 0
    outer loop
      vertex 17.2336 15.3394 2.4
      vertex 17.3807 14.9059 5.8
      vertex 17.3807 14.9059 2.4
    endloop
  endfacet
  facet normal 0.7519 0.659278 0
    outer loop
      vertex 16.7767 16.1307 5.8
      vertex 16.4749 16.4749 2.4
      vertex 16.4749 16.4749 5.8
    endloop
  endfacet
  facet normal 0.7519 0.659278 0
    outer loop
      vertex 16.4749 16.4749 2.4
      vertex 16.7767 16.1307 5.8
      vertex 16.7767 16.1307 2.4
    endloop
  endfacet
  facet normal 0.442314 0.89686 -0
    outer loop
      vertex 15.75 17.0311 2.4
      vertex 15.3394 17.2336 5.8
      vertex 15.75 17.0311 5.8
    endloop
  endfacet
  facet normal 0.442314 0.89686 0
    outer loop
      vertex 15.3394 17.2336 5.8
      vertex 15.75 17.0311 2.4
      vertex 15.3394 17.2336 2.4
    endloop
  endfacet
  facet normal 0.195234 0.980757 -0
    outer loop
      vertex 14.9059 17.3807 2.4
      vertex 14.4568 17.4701 5.8
      vertex 14.9059 17.3807 5.8
    endloop
  endfacet
  facet normal 0.195234 0.980757 0
    outer loop
      vertex 14.4568 17.4701 5.8
      vertex 14.9059 17.3807 2.4
      vertex 14.4568 17.4701 2.4
    endloop
  endfacet
  facet normal 0.0653156 0.997865 -0
    outer loop
      vertex 14.4568 17.4701 2.4
      vertex 14 17.5 5.8
      vertex 14.4568 17.4701 5.8
    endloop
  endfacet
  facet normal 0.0653156 0.997865 0
    outer loop
      vertex 14 17.5 5.8
      vertex 14.4568 17.4701 2.4
      vertex 14 17.5 2.4
    endloop
  endfacet
  facet normal -0.997865 -0.0653156 0
    outer loop
      vertex 10.5299 13.5432 2.4
      vertex 10.5 14 5.8
      vertex 10.5 14 2.4
    endloop
  endfacet
  facet normal -0.997865 -0.0653156 0
    outer loop
      vertex 10.5 14 5.8
      vertex 10.5299 13.5432 2.4
      vertex 10.5299 13.5432 5.8
    endloop
  endfacet
  facet normal 0 0 1
    outer loop
      vertex 15.05 14 5.8
      vertex 17.5 14 5.8
      vertex 17.4701 14.4568 5.8
    endloop
  endfacet
  facet normal 0 0 1
    outer loop
      vertex 15.041 14.1371 5.8
      vertex 17.4701 14.4568 5.8
      vertex 17.3807 14.9059 5.8
    endloop
  endfacet
  facet normal 0 0 1
    outer loop
      vertex 17.5 14 5.8
      vertex 15.05 14 5.8
      vertex 17.4701 13.5432 5.8
    endloop
  endfacet
  facet normal 0 0 1
    outer loop
      vertex 15.0142 14.2718 5.8
      vertex 17.3807 14.9059 5.8
      vertex 17.2336 15.3394 5.8
    endloop
  endfacet
  facet normal -0 0 1
    outer loop
      vertex 15.041 13.8629 5.8
      vertex 17.4701 13.5432 5.8
      vertex 15.05 14 5.8
    endloop
  endfacet
  facet normal 0 0 1
    outer loop
      vertex 14.9701 14.4018 5.8
      vertex 17.2336 15.3394 5.8
      vertex 17.0311 15.75 5.8
    endloop
  endfacet
  facet normal 0 0 1
    outer loop
      vertex 17.4701 13.5432 5.8
      vertex 15.041 13.8629 5.8
      vertex 17.3807 13.0941 5.8
    endloop
  endfacet
  facet normal 0 0 1
    outer loop
      vertex 14.9093 14.525 5.8
      vertex 17.0311 15.75 5.8
      vertex 16.7767 16.1307 5.8
    endloop
  endfacet
  facet normal -0 0 1
    outer loop
      vertex 15.0142 13.7282 5.8
      vertex 17.3807 13.0941 5.8
      vertex 15.041 13.8629 5.8
    endloop
  endfacet
  facet normal 0 0 1
    outer loop
      vertex 14.833 14.6392 5.8
      vertex 16.7767 16.1307 5.8
      vertex 16.4749 16.4749 5.8
    endloop
  endfacet
  facet normal 0 0 1
    outer loop
      vertex 17.3807 13.0941 5.8
      vertex 15.0142 13.7282 5.8
      vertex 17.2336 12.6606 5.8
    endloop
  endfacet
  facet normal 0 0 1
    outer loop
      vertex 14.7425 14.7425 5.8
      vertex 16.4749 16.4749 5.8
      vertex 16.1307 16.7767 5.8
    endloop
  endfacet
  facet normal -0 0 1
    outer loop
      vertex 14.9701 13.5982 5.8
      vertex 17.2336 12.6606 5.8
      vertex 15.0142 13.7282 5.8
    endloop
  endfacet
  facet normal 0 0 1
    outer loop
      vertex 14.6392 14.833 5.8
      vertex 16.1307 16.7767 5.8
      vertex 15.75 17.0311 5.8
    endloop
  endfacet
  facet normal 0 0 1
    outer loop
      vertex 17.2336 12.6606 5.8
      vertex 14.9701 13.5982 5.8
      vertex 17.0311 12.25 5.8
    endloop
  endfacet
  facet normal 0 0 1
    outer loop
      vertex 14.525 14.9093 5.8
      vertex 15.75 17.0311 5.8
      vertex 15.3394 17.2336 5.8
    endloop
  endfacet
  facet normal -0 0 1
    outer loop
      vertex 14.9093 13.475 5.8
      vertex 17.0311 12.25 5.8
      vertex 14.9701 13.5982 5.8
    endloop
  endfacet
  facet normal 0 0 1
    outer loop
      vertex 17.0311 12.25 5.8
      vertex 14.9093 13.475 5.8
      vertex 16.7767 11.8693 5.8
    endloop
  endfacet
  facet normal 0 0 1
    outer loop
      vertex 17.4701 14.4568 5.8
      vertex 15.041 14.1371 5.8
      vertex 15.05 14 5.8
    endloop
  endfacet
  facet normal 0 0 1
    outer loop
      vertex 17.3807 14.9059 5.8
      vertex 15.0142 14.2718 5.8
      vertex 15.041 14.1371 5.8
    endloop
  endfacet
  facet normal 0 0 1
    outer loop
      vertex 17.2336 15.3394 5.8
      vertex 14.9701 14.4018 5.8
      vertex 15.0142 14.2718 5.8
    endloop
  endfacet
  facet normal 0 0 1
    outer loop
      vertex 17.0311 15.75 5.8
      vertex 14.9093 14.525 5.8
      vertex 14.9701 14.4018 5.8
    endloop
  endfacet
  facet normal 0 0 1
    outer loop
      vertex 14.4018 14.9701 5.8
      vertex 15.3394 17.2336 5.8
      vertex 14.9059 17.3807 5.8
    endloop
  endfacet
  facet normal 0 0 1
    outer loop
      vertex 16.7767 16.1307 5.8
      vertex 14.833 14.6392 5.8
      vertex 14.9093 14.525 5.8
    endloop
  endfacet
  facet normal 0 0 1
    outer loop
      vertex 16.4749 16.4749 5.8
      vertex 14.7425 14.7425 5.8
      vertex 14.833 14.6392 5.8
    endloop
  endfacet
  facet normal 0 0 1
    outer loop
      vertex 16.1307 16.7767 5.8
      vertex 14.6392 14.833 5.8
      vertex 14.7425 14.7425 5.8
    endloop
  endfacet
  facet normal 0 0 1
    outer loop
      vertex 15.75 17.0311 5.8
      vertex 14.525 14.9093 5.8
      vertex 14.6392 14.833 5.8
    endloop
  endfacet
  facet normal 0 0 1
    outer loop
      vertex 14.2718 15.0142 5.8
      vertex 14.9059 17.3807 5.8
      vertex 14.4568 17.4701 5.8
    endloop
  endfacet
  facet normal 0 0 1
    outer loop
      vertex 15.3394 17.2336 5.8
      vertex 14.4018 14.9701 5.8
      vertex 14.525 14.9093 5.8
    endloop
  endfacet
  facet normal 0 0 1
    outer loop
      vertex 14.9059 17.3807 5.8
      vertex 14.2718 15.0142 5.8
      vertex 14.4018 14.9701 5.8
    endloop
  endfacet
  facet normal 0 0 1
    outer loop
      vertex 14.4568 17.4701 5.8
      vertex 14.1371 15.041 5.8
      vertex 14.2718 15.0142 5.8
    endloop
  endfacet
  facet normal 0 0 1
    outer loop
      vertex 14 17.5 5.8
      vertex 14.1371 15.041 5.8
      vertex 14.4568 17.4701 5.8
    endloop
  endfacet
  facet normal 0 0 1
    outer loop
      vertex 14 17.5 5.8
      vertex 14 15.05 5.8
      vertex 14.1371 15.041 5.8
    endloop
  endfacet
  facet normal 0 0 1
    outer loop
      vertex 14 17.5 5.8
      vertex 13.8629 15.041 5.8
      vertex 14 15.05 5.8
    endloop
  endfacet
  facet normal -0 0 1
    outer loop
      vertex 13.5432 17.4701 5.8
      vertex 13.8629 15.041 5.8
      vertex 14 17.5 5.8
    endloop
  endfacet
  facet normal 0 0 1
    outer loop
      vertex 13.8629 15.041 5.8
      vertex 13.5432 17.4701 5.8
      vertex 13.7282 15.0142 5.8
    endloop
  endfacet
  facet normal -0 0 1
    outer loop
      vertex 13.0941 17.3807 5.8
      vertex 13.7282 15.0142 5.8
      vertex 13.5432 17.4701 5.8
    endloop
  endfacet
  facet normal 0 0 1
    outer loop
      vertex 13.7282 15.0142 5.8
      vertex 13.0941 17.3807 5.8
      vertex 13.5982 14.9701 5.8
    endloop
  endfacet
  facet normal -0 0 1
    outer loop
      vertex 12.6606 17.2336 5.8
      vertex 13.5982 14.9701 5.8
      vertex 13.0941 17.3807 5.8
    endloop
  endfacet
  facet normal 0 0 1
    outer loop
      vertex 13.5982 14.9701 5.8
      vertex 12.6606 17.2336 5.8
      vertex 13.475 14.9093 5.8
    endloop
  endfacet
  facet normal -0 0 1
    outer loop
      vertex 12.25 17.0311 5.8
      vertex 13.475 14.9093 5.8
      vertex 12.6606 17.2336 5.8
    endloop
  endfacet
  facet normal 0 0 1
    outer loop
      vertex 13.475 14.9093 5.8
      vertex 12.25 17.0311 5.8
      vertex 13.3608 14.833 5.8
    endloop
  endfacet
  facet normal -0 0 1
    outer loop
      vertex 11.8693 16.7767 5.8
      vertex 13.3608 14.833 5.8
      vertex 12.25 17.0311 5.8
    endloop
  endfacet
  facet normal 0 0 1
    outer loop
      vertex 13.3608 14.833 5.8
      vertex 11.8693 16.7767 5.8
      vertex 13.2575 14.7425 5.8
    endloop
  endfacet
  facet normal -0 0 1
    outer loop
      vertex 11.5251 16.4749 5.8
      vertex 13.2575 14.7425 5.8
      vertex 11.8693 16.7767 5.8
    endloop
  endfacet
  facet normal 0 0 1
    outer loop
      vertex 13.2575 14.7425 5.8
      vertex 11.5251 16.4749 5.8
      vertex 13.167 14.6392 5.8
    endloop
  endfacet
  facet normal -0 0 1
    outer loop
      vertex 11.2233 16.1307 5.8
      vertex 13.167 14.6392 5.8
      vertex 11.5251 16.4749 5.8
    endloop
  endfacet
  facet normal 0 0 1
    outer loop
      vertex 13.167 14.6392 5.8
      vertex 11.2233 16.1307 5.8
      vertex 13.0907 14.525 5.8
    endloop
  endfacet
  facet normal -0 0 1
    outer loop
      vertex 14.833 13.3608 5.8
      vertex 16.7767 11.8693 5.8
      vertex 14.9093 13.475 5.8
    endloop
  endfacet
  facet normal 0 0 1
    outer loop
      vertex 16.7767 11.8693 5.8
      vertex 14.833 13.3608 5.8
      vertex 16.4749 11.5251 5.8
    endloop
  endfacet
  facet normal -0 0 1
    outer loop
      vertex 14.7425 13.2575 5.8
      vertex 16.4749 11.5251 5.8
      vertex 14.833 13.3608 5.8
    endloop
  endfacet
  facet normal 0 0 1
    outer loop
      vertex 16.4749 11.5251 5.8
      vertex 14.7425 13.2575 5.8
      vertex 16.1307 11.2233 5.8
    endloop
  endfacet
  facet normal -0 0 1
    outer loop
      vertex 14.6392 13.167 5.8
      vertex 16.1307 11.2233 5.8
      vertex 14.7425 13.2575 5.8
    endloop
  endfacet
  facet normal 0 0 1
    outer loop
      vertex 16.1307 11.2233 5.8
      vertex 14.6392 13.167 5.8
      vertex 15.75 10.9689 5.8
    endloop
  endfacet
  facet normal -0 0 1
    outer loop
      vertex 14.525 13.0907 5.8
      vertex 15.75 10.9689 5.8
      vertex 14.6392 13.167 5.8
    endloop
  endfacet
  facet normal 0 0 1
    outer loop
      vertex 15.75 10.9689 5.8
      vertex 14.525 13.0907 5.8
      vertex 15.3394 10.7664 5.8
    endloop
  endfacet
  facet normal -0 0 1
    outer loop
      vertex 14.4018 13.0299 5.8
      vertex 15.3394 10.7664 5.8
      vertex 14.525 13.0907 5.8
    endloop
  endfacet
  facet normal 0 0 1
    outer loop
      vertex 15.3394 10.7664 5.8
      vertex 14.4018 13.0299 5.8
      vertex 14.9059 10.6193 5.8
    endloop
  endfacet
  facet normal -0 0 1
    outer loop
      vertex 14.2718 12.9858 5.8
      vertex 14.9059 10.6193 5.8
      vertex 14.4018 13.0299 5.8
    endloop
  endfacet
  facet normal 0 0 1
    outer loop
      vertex 14.9059 10.6193 5.8
      vertex 14.2718 12.9858 5.8
      vertex 14.4568 10.5299 5.8
    endloop
  endfacet
  facet normal -0 0 1
    outer loop
      vertex 14.1371 12.959 5.8
      vertex 14.4568 10.5299 5.8
      vertex 14.2718 12.9858 5.8
    endloop
  endfacet
  facet normal -0 0 1
    outer loop
      vertex 14 12.95 5.8
      vertex 14.4568 10.5299 5.8
      vertex 14.1371 12.959 5.8
    endloop
  endfacet
  facet normal 0 0 1
    outer loop
      vertex 14 12.95 5.8
      vertex 14 10.5 5.8
      vertex 14.4568 10.5299 5.8
    endloop
  endfacet
  facet normal 0 0 1
    outer loop
      vertex 13.8629 12.959 5.8
      vertex 14 10.5 5.8
      vertex 14 12.95 5.8
    endloop
  endfacet
  facet normal 0 0 1
    outer loop
      vertex 13.5432 10.5299 5.8
      vertex 13.8629 12.959 5.8
      vertex 13.7282 12.9858 5.8
    endloop
  endfacet
  facet normal 0 0 1
    outer loop
      vertex 13.0941 10.6193 5.8
      vertex 13.7282 12.9858 5.8
      vertex 13.5982 13.0299 5.8
    endloop
  endfacet
  facet normal 0 0 1
    outer loop
      vertex 13.8629 12.959 5.8
      vertex 13.5432 10.5299 5.8
      vertex 14 10.5 5.8
    endloop
  endfacet
  facet normal 0 0 1
    outer loop
      vertex 12.6606 10.7664 5.8
      vertex 13.5982 13.0299 5.8
      vertex 13.475 13.0907 5.8
    endloop
  endfacet
  facet normal 0 0 1
    outer loop
      vertex 12.25 10.9689 5.8
      vertex 13.475 13.0907 5.8
      vertex 13.3608 13.167 5.8
    endloop
  endfacet
  facet normal 0 0 1
    outer loop
      vertex 11.8693 11.2233 5.8
      vertex 13.3608 13.167 5.8
      vertex 13.2575 13.2575 5.8
    endloop
  endfacet
  facet normal 0 0 1
    outer loop
      vertex 11.5251 11.5251 5.8
      vertex 13.2575 13.2575 5.8
      vertex 13.167 13.3608 5.8
    endloop
  endfacet
  facet normal 0 0 1
    outer loop
      vertex 13.7282 12.9858 5.8
      vertex 13.0941 10.6193 5.8
      vertex 13.5432 10.5299 5.8
    endloop
  endfacet
  facet normal 0 0 1
    outer loop
      vertex 11.2233 11.8693 5.8
      vertex 13.167 13.3608 5.8
      vertex 13.0907 13.475 5.8
    endloop
  endfacet
  facet normal 0 0 1
    outer loop
      vertex 10.9689 12.25 5.8
      vertex 13.0907 13.475 5.8
      vertex 13.0299 13.5982 5.8
    endloop
  endfacet
  facet normal 0 0 1
    outer loop
      vertex 10.7664 12.6606 5.8
      vertex 13.0299 13.5982 5.8
      vertex 12.9858 13.7282 5.8
    endloop
  endfacet
  facet normal 0 0 1
    outer loop
      vertex 10.6193 13.0941 5.8
      vertex 12.9858 13.7282 5.8
      vertex 12.959 13.8629 5.8
    endloop
  endfacet
  facet normal 0 0 1
    outer loop
      vertex 10.5299 13.5432 5.8
      vertex 12.959 13.8629 5.8
      vertex 12.95 14 5.8
    endloop
  endfacet
  facet normal -0 0 1
    outer loop
      vertex 10.9689 15.75 5.8
      vertex 13.0907 14.525 5.8
      vertex 11.2233 16.1307 5.8
    endloop
  endfacet
  facet normal 0 0 1
    outer loop
      vertex 13.5982 13.0299 5.8
      vertex 12.6606 10.7664 5.8
      vertex 13.0941 10.6193 5.8
    endloop
  endfacet
  facet normal 0 0 1
    outer loop
      vertex 13.0907 14.525 5.8
      vertex 10.9689 15.75 5.8
      vertex 13.0299 14.4018 5.8
    endloop
  endfacet
  facet normal 0 0 1
    outer loop
      vertex 13.475 13.0907 5.8
      vertex 12.25 10.9689 5.8
      vertex 12.6606 10.7664 5.8
    endloop
  endfacet
  facet normal -0 0 1
    outer loop
      vertex 10.7664 15.3394 5.8
      vertex 13.0299 14.4018 5.8
      vertex 10.9689 15.75 5.8
    endloop
  endfacet
  facet normal 0 0 1
    outer loop
      vertex 13.3608 13.167 5.8
      vertex 11.8693 11.2233 5.8
      vertex 12.25 10.9689 5.8
    endloop
  endfacet
  facet normal 0 0 1
    outer loop
      vertex 13.0299 14.4018 5.8
      vertex 10.7664 15.3394 5.8
      vertex 12.9858 14.2718 5.8
    endloop
  endfacet
  facet normal 0 0 1
    outer loop
      vertex 13.2575 13.2575 5.8
      vertex 11.5251 11.5251 5.8
      vertex 11.8693 11.2233 5.8
    endloop
  endfacet
  facet normal -0 0 1
    outer loop
      vertex 10.6193 14.9059 5.8
      vertex 12.9858 14.2718 5.8
      vertex 10.7664 15.3394 5.8
    endloop
  endfacet
  facet normal 0 0 1
    outer loop
      vertex 13.167 13.3608 5.8
      vertex 11.2233 11.8693 5.8
      vertex 11.5251 11.5251 5.8
    endloop
  endfacet
  facet normal 0 0 1
    outer loop
      vertex 12.9858 14.2718 5.8
      vertex 10.6193 14.9059 5.8
      vertex 12.959 14.1371 5.8
    endloop
  endfacet
  facet normal 0 0 1
    outer loop
      vertex 13.0907 13.475 5.8
      vertex 10.9689 12.25 5.8
      vertex 11.2233 11.8693 5.8
    endloop
  endfacet
  facet normal -0 0 1
    outer loop
      vertex 10.5299 14.4568 5.8
      vertex 12.959 14.1371 5.8
      vertex 10.6193 14.9059 5.8
    endloop
  endfacet
  facet normal 0 0 1
    outer loop
      vertex 13.0299 13.5982 5.8
      vertex 10.7664 12.6606 5.8
      vertex 10.9689 12.25 5.8
    endloop
  endfacet
  facet normal 0 0 1
    outer loop
      vertex 12.959 14.1371 5.8
      vertex 10.5299 14.4568 5.8
      vertex 12.95 14 5.8
    endloop
  endfacet
  facet normal 0 0 1
    outer loop
      vertex 12.9858 13.7282 5.8
      vertex 10.6193 13.0941 5.8
      vertex 10.7664 12.6606 5.8
    endloop
  endfacet
  facet normal 0 0 1
    outer loop
      vertex 10.5 14 5.8
      vertex 12.95 14 5.8
      vertex 10.5299 14.4568 5.8
    endloop
  endfacet
  facet normal 0 0 1
    outer loop
      vertex 12.959 13.8629 5.8
      vertex 10.5299 13.5432 5.8
      vertex 10.6193 13.0941 5.8
    endloop
  endfacet
  facet normal 0 0 1
    outer loop
      vertex 12.95 14 5.8
      vertex 10.5 14 5.8
      vertex 10.5299 13.5432 5.8
    endloop
  endfacet
  facet normal -0.89686 0.442314 0
    outer loop
      vertex 10.7664 15.3394 2.4
      vertex 10.9689 15.75 5.8
      vertex 10.9689 15.75 2.4
    endloop
  endfacet
  facet normal -0.89686 0.442314 0
    outer loop
      vertex 10.9689 15.75 5.8
      vertex 10.7664 15.3394 2.4
      vertex 10.7664 15.3394 5.8
    endloop
  endfacet
  facet normal -0.321335 0.946966 0
    outer loop
      vertex 13.0941 17.3807 2.4
      vertex 12.6606 17.2336 5.8
      vertex 13.0941 17.3807 5.8
    endloop
  endfacet
  facet normal -0.321335 0.946966 0
    outer loop
      vertex 12.6606 17.2336 5.8
      vertex 13.0941 17.3807 2.4
      vertex 12.6606 17.2336 2.4
    endloop
  endfacet
  facet normal -0.659278 0.7519 0
    outer loop
      vertex 11.8693 16.7767 2.4
      vertex 11.5251 16.4749 5.8
      vertex 11.8693 16.7767 5.8
    endloop
  endfacet
  facet normal -0.659278 0.7519 0
    outer loop
      vertex 11.5251 16.4749 5.8
      vertex 11.8693 16.7767 2.4
      vertex 11.5251 16.4749 2.4
    endloop
  endfacet
  facet normal -0.555607 0.831445 0
    outer loop
      vertex 12.25 17.0311 2.4
      vertex 11.8693 16.7767 5.8
      vertex 12.25 17.0311 5.8
    endloop
  endfacet
  facet normal -0.555607 0.831445 0
    outer loop
      vertex 11.8693 16.7767 5.8
      vertex 12.25 17.0311 2.4
      vertex 11.8693 16.7767 2.4
    endloop
  endfacet
  facet normal 0.980757 -0.195234 0
    outer loop
      vertex 17.3807 13.0941 5.8
      vertex 17.4701 13.5432 2.4
      vertex 17.4701 13.5432 5.8
    endloop
  endfacet
  facet normal 0.980757 -0.195234 0
    outer loop
      vertex 17.4701 13.5432 2.4
      vertex 17.3807 13.0941 5.8
      vertex 17.3807 13.0941 2.4
    endloop
  endfacet
  facet normal 0.321335 -0.946966 0
    outer loop
      vertex 14.9059 10.6193 2.4
      vertex 15.3394 10.7664 5.8
      vertex 14.9059 10.6193 5.8
    endloop
  endfacet
  facet normal 0.321335 -0.946966 0
    outer loop
      vertex 15.3394 10.7664 5.8
      vertex 14.9059 10.6193 2.4
      vertex 15.3394 10.7664 2.4
    endloop
  endfacet
  facet normal 0.7519 -0.659278 0
    outer loop
      vertex 16.4749 11.5251 5.8
      vertex 16.7767 11.8693 2.4
      vertex 16.7767 11.8693 5.8
    endloop
  endfacet
  facet normal 0.7519 -0.659278 0
    outer loop
      vertex 16.7767 11.8693 2.4
      vertex 16.4749 11.5251 5.8
      vertex 16.4749 11.5251 2.4
    endloop
  endfacet
  facet normal 0.555607 -0.831445 0
    outer loop
      vertex 15.75 10.9689 2.4
      vertex 16.1307 11.2233 5.8
      vertex 15.75 10.9689 5.8
    endloop
  endfacet
  facet normal 0.555607 -0.831445 0
    outer loop
      vertex 16.1307 11.2233 5.8
      vertex 15.75 10.9689 2.4
      vertex 16.1307 11.2233 2.4
    endloop
  endfacet
  facet normal 0.89686 -0.442314 0
    outer loop
      vertex 17.0311 12.25 5.8
      vertex 17.2336 12.6606 2.4
      vertex 17.2336 12.6606 5.8
    endloop
  endfacet
  facet normal 0.89686 -0.442314 0
    outer loop
      vertex 17.2336 12.6606 2.4
      vertex 17.0311 12.25 5.8
      vertex 17.0311 12.25 2.4
    endloop
  endfacet
  facet normal 0.0653156 -0.997865 0
    outer loop
      vertex 14 10.5 2.4
      vertex 14.4568 10.5299 5.8
      vertex 14 10.5 5.8
    endloop
  endfacet
  facet normal 0.0653156 -0.997865 0
    outer loop
      vertex 14.4568 10.5299 5.8
      vertex 14 10.5 2.4
      vertex 14.4568 10.5299 2.4
    endloop
  endfacet
  facet normal -0.442314 -0.89686 0
    outer loop
      vertex 12.25 10.9689 2.4
      vertex 12.6606 10.7664 5.8
      vertex 12.25 10.9689 5.8
    endloop
  endfacet
  facet normal -0.442314 -0.89686 -0
    outer loop
      vertex 12.6606 10.7664 5.8
      vertex 12.25 10.9689 2.4
      vertex 12.6606 10.7664 2.4
    endloop
  endfacet
  facet normal -0.946966 -0.321335 0
    outer loop
      vertex 10.7664 12.6606 2.4
      vertex 10.6193 13.0941 5.8
      vertex 10.6193 13.0941 2.4
    endloop
  endfacet
  facet normal -0.946966 -0.321335 0
    outer loop
      vertex 10.6193 13.0941 5.8
      vertex 10.7664 12.6606 2.4
      vertex 10.7664 12.6606 5.8
    endloop
  endfacet
  facet normal -0.659278 -0.7519 0
    outer loop
      vertex 11.5251 11.5251 2.4
      vertex 11.8693 11.2233 5.8
      vertex 11.5251 11.5251 5.8
    endloop
  endfacet
  facet normal -0.659278 -0.7519 -0
    outer loop
      vertex 11.8693 11.2233 5.8
      vertex 11.5251 11.5251 2.4
      vertex 11.8693 11.2233 2.4
    endloop
  endfacet
  facet normal -0.831445 -0.555607 0
    outer loop
      vertex 11.2233 11.8693 2.4
      vertex 10.9689 12.25 5.8
      vertex 10.9689 12.25 2.4
    endloop
  endfacet
  facet normal -0.831445 -0.555607 0
    outer loop
      vertex 10.9689 12.25 5.8
      vertex 11.2233 11.8693 2.4
      vertex 11.2233 11.8693 5.8
    endloop
  endfacet
  facet normal 0.997865 -0.0653156 0
    outer loop
      vertex 17.4701 13.5432 5.8
      vertex 17.5 14 2.4
      vertex 17.5 14 5.8
    endloop
  endfacet
  facet normal 0.997865 -0.0653156 0
    outer loop
      vertex 17.5 14 2.4
      vertex 17.4701 13.5432 5.8
      vertex 17.4701 13.5432 2.4
    endloop
  endfacet
  facet normal 0.442314 -0.89686 0
    outer loop
      vertex 15.3394 10.7664 2.4
      vertex 15.75 10.9689 5.8
      vertex 15.3394 10.7664 5.8
    endloop
  endfacet
  facet normal 0.442314 -0.89686 0
    outer loop
      vertex 15.75 10.9689 5.8
      vertex 15.3394 10.7664 2.4
      vertex 15.75 10.9689 2.4
    endloop
  endfacet
  facet normal 0.659278 -0.7519 0
    outer loop
      vertex 16.1307 11.2233 2.4
      vertex 16.4749 11.5251 5.8
      vertex 16.1307 11.2233 5.8
    endloop
  endfacet
  facet normal 0.659278 -0.7519 0
    outer loop
      vertex 16.4749 11.5251 5.8
      vertex 16.1307 11.2233 2.4
      vertex 16.4749 11.5251 2.4
    endloop
  endfacet
  facet normal 0.946966 -0.321335 0
    outer loop
      vertex 17.2336 12.6606 5.8
      vertex 17.3807 13.0941 2.4
      vertex 17.3807 13.0941 5.8
    endloop
  endfacet
  facet normal 0.946966 -0.321335 0
    outer loop
      vertex 17.3807 13.0941 2.4
      vertex 17.2336 12.6606 5.8
      vertex 17.2336 12.6606 2.4
    endloop
  endfacet
  facet normal -0.321335 -0.946966 0
    outer loop
      vertex 12.6606 10.7664 2.4
      vertex 13.0941 10.6193 5.8
      vertex 12.6606 10.7664 5.8
    endloop
  endfacet
  facet normal -0.321335 -0.946966 -0
    outer loop
      vertex 13.0941 10.6193 5.8
      vertex 12.6606 10.7664 2.4
      vertex 13.0941 10.6193 2.4
    endloop
  endfacet
  facet normal -0.89686 -0.442314 0
    outer loop
      vertex 10.9689 12.25 2.4
      vertex 10.7664 12.6606 5.8
      vertex 10.7664 12.6606 2.4
    endloop
  endfacet
  facet normal -0.89686 -0.442314 0
    outer loop
      vertex 10.7664 12.6606 5.8
      vertex 10.9689 12.25 2.4
      vertex 10.9689 12.25 5.8
    endloop
  endfacet
  facet normal -0.7519 -0.659278 0
    outer loop
      vertex 11.5251 11.5251 2.4
      vertex 11.2233 11.8693 5.8
      vertex 11.2233 11.8693 2.4
    endloop
  endfacet
  facet normal -0.7519 -0.659278 0
    outer loop
      vertex 11.2233 11.8693 5.8
      vertex 11.5251 11.5251 2.4
      vertex 11.5251 11.5251 5.8
    endloop
  endfacet
  facet normal 0.99785 0.0655331 0
    outer loop
      vertex 139.5 14 5.8
      vertex 139.47 14.4568 2.4
      vertex 139.47 14.4568 5.8
    endloop
  endfacet
  facet normal 0.99785 0.0655331 0
    outer loop
      vertex 139.47 14.4568 2.4
      vertex 139.5 14 5.8
      vertex 139.5 14 2.4
    endloop
  endfacet
  facet normal -0.99785 -0.0655331 0
    outer loop
      vertex 132.53 13.5432 2.4
      vertex 132.5 14 5.8
      vertex 132.5 14 2.4
    endloop
  endfacet
  facet normal -0.99785 -0.0655331 0
    outer loop
      vertex 132.5 14 5.8
      vertex 132.53 13.5432 2.4
      vertex 132.53 13.5432 5.8
    endloop
  endfacet
  facet normal -0.0652871 0.997867 0
    outer loop
      vertex 136 17.5 2.4
      vertex 135.543 17.4701 5.8
      vertex 136 17.5 5.8
    endloop
  endfacet
  facet normal -0.0652871 0.997867 0
    outer loop
      vertex 135.543 17.4701 5.8
      vertex 136 17.5 2.4
      vertex 135.543 17.4701 2.4
    endloop
  endfacet
  facet normal 0.0652871 -0.997867 0
    outer loop
      vertex 136 10.5 2.4
      vertex 136.457 10.5299 5.8
      vertex 136 10.5 5.8
    endloop
  endfacet
  facet normal 0.0652871 -0.997867 0
    outer loop
      vertex 136.457 10.5299 5.8
      vertex 136 10.5 2.4
      vertex 136.457 10.5299 2.4
    endloop
  endfacet
  facet normal 0.659494 0.75171 -0
    outer loop
      vertex 138.475 16.4749 2.4
      vertex 138.131 16.7767 5.8
      vertex 138.475 16.4749 5.8
    endloop
  endfacet
  facet normal 0.659494 0.75171 0
    outer loop
      vertex 138.131 16.7767 5.8
      vertex 138.475 16.4749 2.4
      vertex 138.131 16.7767 2.4
    endloop
  endfacet
  facet normal -0.751683 0.659524 0
    outer loop
      vertex 133.223 16.1307 2.4
      vertex 133.525 16.4749 5.8
      vertex 133.525 16.4749 2.4
    endloop
  endfacet
  facet normal -0.751683 0.659524 0
    outer loop
      vertex 133.525 16.4749 5.8
      vertex 133.223 16.1307 2.4
      vertex 133.223 16.1307 5.8
    endloop
  endfacet
  facet normal -0.441968 0.897031 0
    outer loop
      vertex 134.661 17.2336 2.4
      vertex 134.25 17.0311 5.8
      vertex 134.661 17.2336 5.8
    endloop
  endfacet
  facet normal -0.441968 0.897031 0
    outer loop
      vertex 134.25 17.0311 5.8
      vertex 134.661 17.2336 2.4
      vertex 134.25 17.0311 2.4
    endloop
  endfacet
  facet normal 0.831849 -0.555003 0
    outer loop
      vertex 138.777 11.8693 5.8
      vertex 139.031 12.25 2.4
      vertex 139.031 12.25 5.8
    endloop
  endfacet
  facet normal 0.831849 -0.555003 0
    outer loop
      vertex 139.031 12.25 2.4
      vertex 138.777 11.8693 5.8
      vertex 138.777 11.8693 2.4
    endloop
  endfacet
  facet normal -0.947032 -0.321139 0
    outer loop
      vertex 132.766 12.6606 2.4
      vertex 132.619 13.0941 5.8
      vertex 132.619 13.0941 2.4
    endloop
  endfacet
  facet normal -0.947032 -0.321139 0
    outer loop
      vertex 132.619 13.0941 5.8
      vertex 132.766 12.6606 2.4
      vertex 132.766 12.6606 5.8
    endloop
  endfacet
  facet normal 0.896427 0.443192 0
    outer loop
      vertex 139.234 15.3394 5.8
      vertex 139.031 15.75 2.4
      vertex 139.031 15.75 5.8
    endloop
  endfacet
  facet normal 0.896427 0.443192 0
    outer loop
      vertex 139.031 15.75 2.4
      vertex 139.234 15.3394 5.8
      vertex 139.234 15.3394 2.4
    endloop
  endfacet
  facet normal 0.980924 0.194394 0
    outer loop
      vertex 139.47 14.4568 5.8
      vertex 139.381 14.9059 2.4
      vertex 139.381 14.9059 5.8
    endloop
  endfacet
  facet normal 0.980924 0.194394 0
    outer loop
      vertex 139.381 14.9059 2.4
      vertex 139.47 14.4568 5.8
      vertex 139.47 14.4568 2.4
    endloop
  endfacet
  facet normal 0.321668 0.946853 -0
    outer loop
      vertex 137.339 17.2336 2.4
      vertex 136.906 17.3807 5.8
      vertex 137.339 17.2336 5.8
    endloop
  endfacet
  facet normal 0.321668 0.946853 0
    outer loop
      vertex 136.906 17.3807 5.8
      vertex 137.339 17.2336 2.4
      vertex 136.906 17.3807 2.4
    endloop
  endfacet
  facet normal 0.555305 0.831647 -0
    outer loop
      vertex 138.131 16.7767 2.4
      vertex 137.75 17.0311 5.8
      vertex 138.131 16.7767 5.8
    endloop
  endfacet
  facet normal 0.555305 0.831647 0
    outer loop
      vertex 137.75 17.0311 5.8
      vertex 138.131 16.7767 2.4
      vertex 137.75 17.0311 2.4
    endloop
  endfacet
  facet normal -0.896427 0.443192 0
    outer loop
      vertex 132.766 15.3394 2.4
      vertex 132.969 15.75 5.8
      vertex 132.969 15.75 2.4
    endloop
  endfacet
  facet normal -0.896427 0.443192 0
    outer loop
      vertex 132.969 15.75 5.8
      vertex 132.766 15.3394 2.4
      vertex 132.766 15.3394 5.8
    endloop
  endfacet
  facet normal -0.831849 0.555003 0
    outer loop
      vertex 132.969 15.75 2.4
      vertex 133.223 16.1307 5.8
      vertex 133.223 16.1307 2.4
    endloop
  endfacet
  facet normal -0.831849 0.555003 0
    outer loop
      vertex 133.223 16.1307 5.8
      vertex 132.969 15.75 2.4
      vertex 132.969 15.75 5.8
    endloop
  endfacet
  facet normal -0.980924 0.194394 0
    outer loop
      vertex 132.53 14.4568 2.4
      vertex 132.619 14.9059 5.8
      vertex 132.619 14.9059 2.4
    endloop
  endfacet
  facet normal -0.980924 0.194394 0
    outer loop
      vertex 132.619 14.9059 5.8
      vertex 132.53 14.4568 2.4
      vertex 132.53 14.4568 5.8
    endloop
  endfacet
  facet normal -0.659494 0.75171 0
    outer loop
      vertex 133.869 16.7767 2.4
      vertex 133.525 16.4749 5.8
      vertex 133.869 16.7767 5.8
    endloop
  endfacet
  facet normal -0.659494 0.75171 0
    outer loop
      vertex 133.525 16.4749 5.8
      vertex 133.869 16.7767 2.4
      vertex 133.525 16.4749 2.4
    endloop
  endfacet
  facet normal -0.195276 0.980748 0
    outer loop
      vertex 135.543 17.4701 2.4
      vertex 135.094 17.3807 5.8
      vertex 135.543 17.4701 5.8
    endloop
  endfacet
  facet normal -0.195276 0.980748 0
    outer loop
      vertex 135.094 17.3807 5.8
      vertex 135.543 17.4701 2.4
      vertex 135.094 17.3807 2.4
    endloop
  endfacet
  facet normal 0.947032 -0.321139 0
    outer loop
      vertex 139.234 12.6606 5.8
      vertex 139.381 13.0941 2.4
      vertex 139.381 13.0941 5.8
    endloop
  endfacet
  facet normal 0.947032 -0.321139 0
    outer loop
      vertex 139.381 13.0941 2.4
      vertex 139.234 12.6606 5.8
      vertex 139.234 12.6606 2.4
    endloop
  endfacet
  facet normal 0.321668 -0.946853 0
    outer loop
      vertex 136.906 10.6193 2.4
      vertex 137.339 10.7664 5.8
      vertex 136.906 10.6193 5.8
    endloop
  endfacet
  facet normal 0.321668 -0.946853 0
    outer loop
      vertex 137.339 10.7664 5.8
      vertex 136.906 10.6193 2.4
      vertex 137.339 10.7664 2.4
    endloop
  endfacet
  facet normal 0.195276 -0.980748 0
    outer loop
      vertex 136.457 10.5299 2.4
      vertex 136.906 10.6193 5.8
      vertex 136.457 10.5299 5.8
    endloop
  endfacet
  facet normal 0.195276 -0.980748 0
    outer loop
      vertex 136.906 10.6193 5.8
      vertex 136.457 10.5299 2.4
      vertex 136.906 10.6193 2.4
    endloop
  endfacet
  facet normal -0.555305 -0.831647 0
    outer loop
      vertex 133.869 11.2233 2.4
      vertex 134.25 10.9689 5.8
      vertex 133.869 11.2233 5.8
    endloop
  endfacet
  facet normal -0.555305 -0.831647 -0
    outer loop
      vertex 134.25 10.9689 5.8
      vertex 133.869 11.2233 2.4
      vertex 134.25 10.9689 2.4
    endloop
  endfacet
  facet normal -0.195276 -0.980748 0
    outer loop
      vertex 135.094 10.6193 2.4
      vertex 135.543 10.5299 5.8
      vertex 135.094 10.6193 5.8
    endloop
  endfacet
  facet normal -0.195276 -0.980748 -0
    outer loop
      vertex 135.543 10.5299 5.8
      vertex 135.094 10.6193 2.4
      vertex 135.543 10.5299 2.4
    endloop
  endfacet
  facet normal -0.659494 -0.75171 0
    outer loop
      vertex 133.525 11.5251 2.4
      vertex 133.869 11.2233 5.8
      vertex 133.525 11.5251 5.8
    endloop
  endfacet
  facet normal -0.659494 -0.75171 -0
    outer loop
      vertex 133.869 11.2233 5.8
      vertex 133.525 11.5251 2.4
      vertex 133.869 11.2233 2.4
    endloop
  endfacet
  facet normal -0.980924 -0.194394 0
    outer loop
      vertex 132.619 13.0941 2.4
      vertex 132.53 13.5432 5.8
      vertex 132.53 13.5432 2.4
    endloop
  endfacet
  facet normal -0.980924 -0.194394 0
    outer loop
      vertex 132.53 13.5432 5.8
      vertex 132.619 13.0941 2.4
      vertex 132.619 13.0941 5.8
    endloop
  endfacet
  facet normal 0.947032 0.321139 0
    outer loop
      vertex 139.381 14.9059 5.8
      vertex 139.234 15.3394 2.4
      vertex 139.234 15.3394 5.8
    endloop
  endfacet
  facet normal 0.947032 0.321139 0
    outer loop
      vertex 139.234 15.3394 2.4
      vertex 139.381 14.9059 5.8
      vertex 139.381 14.9059 2.4
    endloop
  endfacet
  facet normal 0.751683 0.659524 0
    outer loop
      vertex 138.777 16.1307 5.8
      vertex 138.475 16.4749 2.4
      vertex 138.475 16.4749 5.8
    endloop
  endfacet
  facet normal 0.751683 0.659524 0
    outer loop
      vertex 138.475 16.4749 2.4
      vertex 138.777 16.1307 5.8
      vertex 138.777 16.1307 2.4
    endloop
  endfacet
  facet normal 0.831849 0.555003 0
    outer loop
      vertex 139.031 15.75 5.8
      vertex 138.777 16.1307 2.4
      vertex 138.777 16.1307 5.8
    endloop
  endfacet
  facet normal 0.831849 0.555003 0
    outer loop
      vertex 138.777 16.1307 2.4
      vertex 139.031 15.75 5.8
      vertex 139.031 15.75 2.4
    endloop
  endfacet
  facet normal 0.195276 0.980748 -0
    outer loop
      vertex 136.906 17.3807 2.4
      vertex 136.457 17.4701 5.8
      vertex 136.906 17.3807 5.8
    endloop
  endfacet
  facet normal 0.195276 0.980748 0
    outer loop
      vertex 136.457 17.4701 5.8
      vertex 136.906 17.3807 2.4
      vertex 136.457 17.4701 2.4
    endloop
  endfacet
  facet normal 0.0652871 0.997867 -0
    outer loop
      vertex 136.457 17.4701 2.4
      vertex 136 17.5 5.8
      vertex 136.457 17.4701 5.8
    endloop
  endfacet
  facet normal 0.0652871 0.997867 0
    outer loop
      vertex 136 17.5 5.8
      vertex 136.457 17.4701 2.4
      vertex 136 17.5 2.4
    endloop
  endfacet
  facet normal 0.441968 0.897031 -0
    outer loop
      vertex 137.75 17.0311 2.4
      vertex 137.339 17.2336 5.8
      vertex 137.75 17.0311 5.8
    endloop
  endfacet
  facet normal 0.441968 0.897031 0
    outer loop
      vertex 137.339 17.2336 5.8
      vertex 137.75 17.0311 2.4
      vertex 137.339 17.2336 2.4
    endloop
  endfacet
  facet normal -0.947032 0.321139 0
    outer loop
      vertex 132.619 14.9059 2.4
      vertex 132.766 15.3394 5.8
      vertex 132.766 15.3394 2.4
    endloop
  endfacet
  facet normal -0.947032 0.321139 0
    outer loop
      vertex 132.766 15.3394 5.8
      vertex 132.619 14.9059 2.4
      vertex 132.619 14.9059 5.8
    endloop
  endfacet
  facet normal -0.99785 0.0655331 0
    outer loop
      vertex 132.5 14 2.4
      vertex 132.53 14.4568 5.8
      vertex 132.53 14.4568 2.4
    endloop
  endfacet
  facet normal -0.99785 0.0655331 0
    outer loop
      vertex 132.53 14.4568 5.8
      vertex 132.5 14 2.4
      vertex 132.5 14 5.8
    endloop
  endfacet
  facet normal 0 0 1
    outer loop
      vertex 137.05 14 5.8
      vertex 139.5 14 5.8
      vertex 139.47 14.4568 5.8
    endloop
  endfacet
  facet normal 0 0 1
    outer loop
      vertex 137.041 14.1371 5.8
      vertex 139.47 14.4568 5.8
      vertex 139.381 14.9059 5.8
    endloop
  endfacet
  facet normal 0 0 1
    outer loop
      vertex 139.5 14 5.8
      vertex 137.05 14 5.8
      vertex 139.47 13.5432 5.8
    endloop
  endfacet
  facet normal 0 0 1
    outer loop
      vertex 137.014 14.2718 5.8
      vertex 139.381 14.9059 5.8
      vertex 139.234 15.3394 5.8
    endloop
  endfacet
  facet normal -0 0 1
    outer loop
      vertex 137.041 13.8629 5.8
      vertex 139.47 13.5432 5.8
      vertex 137.05 14 5.8
    endloop
  endfacet
  facet normal 0 0 1
    outer loop
      vertex 136.97 14.4018 5.8
      vertex 139.234 15.3394 5.8
      vertex 139.031 15.75 5.8
    endloop
  endfacet
  facet normal 0 0 1
    outer loop
      vertex 139.47 13.5432 5.8
      vertex 137.041 13.8629 5.8
      vertex 139.381 13.0941 5.8
    endloop
  endfacet
  facet normal 0 0 1
    outer loop
      vertex 136.909 14.525 5.8
      vertex 139.031 15.75 5.8
      vertex 138.777 16.1307 5.8
    endloop
  endfacet
  facet normal -0 0 1
    outer loop
      vertex 137.014 13.7282 5.8
      vertex 139.381 13.0941 5.8
      vertex 137.041 13.8629 5.8
    endloop
  endfacet
  facet normal 0 0 1
    outer loop
      vertex 136.833 14.6392 5.8
      vertex 138.777 16.1307 5.8
      vertex 138.475 16.4749 5.8
    endloop
  endfacet
  facet normal 0 0 1
    outer loop
      vertex 139.381 13.0941 5.8
      vertex 137.014 13.7282 5.8
      vertex 139.234 12.6606 5.8
    endloop
  endfacet
  facet normal 0 0 1
    outer loop
      vertex 136.742 14.7425 5.8
      vertex 138.475 16.4749 5.8
      vertex 138.131 16.7767 5.8
    endloop
  endfacet
  facet normal -0 0 1
    outer loop
      vertex 136.97 13.5982 5.8
      vertex 139.234 12.6606 5.8
      vertex 137.014 13.7282 5.8
    endloop
  endfacet
  facet normal 0 0 1
    outer loop
      vertex 136.639 14.833 5.8
      vertex 138.131 16.7767 5.8
      vertex 137.75 17.0311 5.8
    endloop
  endfacet
  facet normal 0 0 1
    outer loop
      vertex 139.234 12.6606 5.8
      vertex 136.97 13.5982 5.8
      vertex 139.031 12.25 5.8
    endloop
  endfacet
  facet normal 0 0 1
    outer loop
      vertex 136.525 14.9093 5.8
      vertex 137.75 17.0311 5.8
      vertex 137.339 17.2336 5.8
    endloop
  endfacet
  facet normal -0 0 1
    outer loop
      vertex 136.909 13.475 5.8
      vertex 139.031 12.25 5.8
      vertex 136.97 13.5982 5.8
    endloop
  endfacet
  facet normal 0 0 1
    outer loop
      vertex 139.031 12.25 5.8
      vertex 136.909 13.475 5.8
      vertex 138.777 11.8693 5.8
    endloop
  endfacet
  facet normal 0 0 1
    outer loop
      vertex 139.47 14.4568 5.8
      vertex 137.041 14.1371 5.8
      vertex 137.05 14 5.8
    endloop
  endfacet
  facet normal 0 0 1
    outer loop
      vertex 139.381 14.9059 5.8
      vertex 137.014 14.2718 5.8
      vertex 137.041 14.1371 5.8
    endloop
  endfacet
  facet normal 0 0 1
    outer loop
      vertex 139.234 15.3394 5.8
      vertex 136.97 14.4018 5.8
      vertex 137.014 14.2718 5.8
    endloop
  endfacet
  facet normal 0 0 1
    outer loop
      vertex 139.031 15.75 5.8
      vertex 136.909 14.525 5.8
      vertex 136.97 14.4018 5.8
    endloop
  endfacet
  facet normal 0 0 1
    outer loop
      vertex 136.402 14.9701 5.8
      vertex 137.339 17.2336 5.8
      vertex 136.906 17.3807 5.8
    endloop
  endfacet
  facet normal 0 0 1
    outer loop
      vertex 138.777 16.1307 5.8
      vertex 136.833 14.6392 5.8
      vertex 136.909 14.525 5.8
    endloop
  endfacet
  facet normal 0 0 1
    outer loop
      vertex 138.475 16.4749 5.8
      vertex 136.742 14.7425 5.8
      vertex 136.833 14.6392 5.8
    endloop
  endfacet
  facet normal 0 0 1
    outer loop
      vertex 138.131 16.7767 5.8
      vertex 136.639 14.833 5.8
      vertex 136.742 14.7425 5.8
    endloop
  endfacet
  facet normal 0 0 1
    outer loop
      vertex 137.75 17.0311 5.8
      vertex 136.525 14.9093 5.8
      vertex 136.639 14.833 5.8
    endloop
  endfacet
  facet normal 0 0 1
    outer loop
      vertex 136.272 15.0142 5.8
      vertex 136.906 17.3807 5.8
      vertex 136.457 17.4701 5.8
    endloop
  endfacet
  facet normal 0 0 1
    outer loop
      vertex 137.339 17.2336 5.8
      vertex 136.402 14.9701 5.8
      vertex 136.525 14.9093 5.8
    endloop
  endfacet
  facet normal 0 0 1
    outer loop
      vertex 136.906 17.3807 5.8
      vertex 136.272 15.0142 5.8
      vertex 136.402 14.9701 5.8
    endloop
  endfacet
  facet normal 0 0 1
    outer loop
      vertex 136.457 17.4701 5.8
      vertex 136.137 15.041 5.8
      vertex 136.272 15.0142 5.8
    endloop
  endfacet
  facet normal 0 0 1
    outer loop
      vertex 136 17.5 5.8
      vertex 136.137 15.041 5.8
      vertex 136.457 17.4701 5.8
    endloop
  endfacet
  facet normal 0 0 1
    outer loop
      vertex 136 17.5 5.8
      vertex 136 15.05 5.8
      vertex 136.137 15.041 5.8
    endloop
  endfacet
  facet normal 0 0 1
    outer loop
      vertex 136 17.5 5.8
      vertex 135.863 15.041 5.8
      vertex 136 15.05 5.8
    endloop
  endfacet
  facet normal -0 0 1
    outer loop
      vertex 135.543 17.4701 5.8
      vertex 135.863 15.041 5.8
      vertex 136 17.5 5.8
    endloop
  endfacet
  facet normal 0 0 1
    outer loop
      vertex 135.863 15.041 5.8
      vertex 135.543 17.4701 5.8
      vertex 135.728 15.0142 5.8
    endloop
  endfacet
  facet normal -0 0 1
    outer loop
      vertex 135.094 17.3807 5.8
      vertex 135.728 15.0142 5.8
      vertex 135.543 17.4701 5.8
    endloop
  endfacet
  facet normal 0 0 1
    outer loop
      vertex 135.728 15.0142 5.8
      vertex 135.094 17.3807 5.8
      vertex 135.598 14.9701 5.8
    endloop
  endfacet
  facet normal -0 0 1
    outer loop
      vertex 134.661 17.2336 5.8
      vertex 135.598 14.9701 5.8
      vertex 135.094 17.3807 5.8
    endloop
  endfacet
  facet normal 0 0 1
    outer loop
      vertex 135.598 14.9701 5.8
      vertex 134.661 17.2336 5.8
      vertex 135.475 14.9093 5.8
    endloop
  endfacet
  facet normal -0 0 1
    outer loop
      vertex 134.25 17.0311 5.8
      vertex 135.475 14.9093 5.8
      vertex 134.661 17.2336 5.8
    endloop
  endfacet
  facet normal 0 0 1
    outer loop
      vertex 135.475 14.9093 5.8
      vertex 134.25 17.0311 5.8
      vertex 135.361 14.833 5.8
    endloop
  endfacet
  facet normal -0 0 1
    outer loop
      vertex 133.869 16.7767 5.8
      vertex 135.361 14.833 5.8
      vertex 134.25 17.0311 5.8
    endloop
  endfacet
  facet normal 0 0 1
    outer loop
      vertex 135.361 14.833 5.8
      vertex 133.869 16.7767 5.8
      vertex 135.258 14.7425 5.8
    endloop
  endfacet
  facet normal -0 0 1
    outer loop
      vertex 133.525 16.4749 5.8
      vertex 135.258 14.7425 5.8
      vertex 133.869 16.7767 5.8
    endloop
  endfacet
  facet normal 0 0 1
    outer loop
      vertex 135.258 14.7425 5.8
      vertex 133.525 16.4749 5.8
      vertex 135.167 14.6392 5.8
    endloop
  endfacet
  facet normal -0 0 1
    outer loop
      vertex 133.223 16.1307 5.8
      vertex 135.167 14.6392 5.8
      vertex 133.525 16.4749 5.8
    endloop
  endfacet
  facet normal 0 0 1
    outer loop
      vertex 135.167 14.6392 5.8
      vertex 133.223 16.1307 5.8
      vertex 135.091 14.525 5.8
    endloop
  endfacet
  facet normal -0 0 1
    outer loop
      vertex 136.833 13.3608 5.8
      vertex 138.777 11.8693 5.8
      vertex 136.909 13.475 5.8
    endloop
  endfacet
  facet normal 0 0 1
    outer loop
      vertex 138.777 11.8693 5.8
      vertex 136.833 13.3608 5.8
      vertex 138.475 11.5251 5.8
    endloop
  endfacet
  facet normal -0 0 1
    outer loop
      vertex 136.742 13.2575 5.8
      vertex 138.475 11.5251 5.8
      vertex 136.833 13.3608 5.8
    endloop
  endfacet
  facet normal 0 0 1
    outer loop
      vertex 138.475 11.5251 5.8
      vertex 136.742 13.2575 5.8
      vertex 138.131 11.2233 5.8
    endloop
  endfacet
  facet normal -0 0 1
    outer loop
      vertex 136.639 13.167 5.8
      vertex 138.131 11.2233 5.8
      vertex 136.742 13.2575 5.8
    endloop
  endfacet
  facet normal 0 0 1
    outer loop
      vertex 138.131 11.2233 5.8
      vertex 136.639 13.167 5.8
      vertex 137.75 10.9689 5.8
    endloop
  endfacet
  facet normal -0 0 1
    outer loop
      vertex 136.525 13.0907 5.8
      vertex 137.75 10.9689 5.8
      vertex 136.639 13.167 5.8
    endloop
  endfacet
  facet normal 0 0 1
    outer loop
      vertex 137.75 10.9689 5.8
      vertex 136.525 13.0907 5.8
      vertex 137.339 10.7664 5.8
    endloop
  endfacet
  facet normal -0 0 1
    outer loop
      vertex 136.402 13.0299 5.8
      vertex 137.339 10.7664 5.8
      vertex 136.525 13.0907 5.8
    endloop
  endfacet
  facet normal 0 0 1
    outer loop
      vertex 137.339 10.7664 5.8
      vertex 136.402 13.0299 5.8
      vertex 136.906 10.6193 5.8
    endloop
  endfacet
  facet normal -0 0 1
    outer loop
      vertex 136.272 12.9858 5.8
      vertex 136.906 10.6193 5.8
      vertex 136.402 13.0299 5.8
    endloop
  endfacet
  facet normal 0 0 1
    outer loop
      vertex 136.906 10.6193 5.8
      vertex 136.272 12.9858 5.8
      vertex 136.457 10.5299 5.8
    endloop
  endfacet
  facet normal -0 0 1
    outer loop
      vertex 136.137 12.959 5.8
      vertex 136.457 10.5299 5.8
      vertex 136.272 12.9858 5.8
    endloop
  endfacet
  facet normal -0 0 1
    outer loop
      vertex 136 12.95 5.8
      vertex 136.457 10.5299 5.8
      vertex 136.137 12.959 5.8
    endloop
  endfacet
  facet normal 0 0 1
    outer loop
      vertex 136 12.95 5.8
      vertex 136 10.5 5.8
      vertex 136.457 10.5299 5.8
    endloop
  endfacet
  facet normal 0 0 1
    outer loop
      vertex 135.863 12.959 5.8
      vertex 136 10.5 5.8
      vertex 136 12.95 5.8
    endloop
  endfacet
  facet normal 0 0 1
    outer loop
      vertex 135.543 10.5299 5.8
      vertex 135.863 12.959 5.8
      vertex 135.728 12.9858 5.8
    endloop
  endfacet
  facet normal 0 0 1
    outer loop
      vertex 135.094 10.6193 5.8
      vertex 135.728 12.9858 5.8
      vertex 135.598 13.0299 5.8
    endloop
  endfacet
  facet normal 0 0 1
    outer loop
      vertex 135.863 12.959 5.8
      vertex 135.543 10.5299 5.8
      vertex 136 10.5 5.8
    endloop
  endfacet
  facet normal 0 0 1
    outer loop
      vertex 134.661 10.7664 5.8
      vertex 135.598 13.0299 5.8
      vertex 135.475 13.0907 5.8
    endloop
  endfacet
  facet normal 0 0 1
    outer loop
      vertex 134.25 10.9689 5.8
      vertex 135.475 13.0907 5.8
      vertex 135.361 13.167 5.8
    endloop
  endfacet
  facet normal 0 0 1
    outer loop
      vertex 133.869 11.2233 5.8
      vertex 135.361 13.167 5.8
      vertex 135.258 13.2575 5.8
    endloop
  endfacet
  facet normal 0 0 1
    outer loop
      vertex 133.525 11.5251 5.8
      vertex 135.258 13.2575 5.8
      vertex 135.167 13.3608 5.8
    endloop
  endfacet
  facet normal 0 0 1
    outer loop
      vertex 135.728 12.9858 5.8
      vertex 135.094 10.6193 5.8
      vertex 135.543 10.5299 5.8
    endloop
  endfacet
  facet normal 0 0 1
    outer loop
      vertex 133.223 11.8693 5.8
      vertex 135.167 13.3608 5.8
      vertex 135.091 13.475 5.8
    endloop
  endfacet
  facet normal 0 0 1
    outer loop
      vertex 132.969 12.25 5.8
      vertex 135.091 13.475 5.8
      vertex 135.03 13.5982 5.8
    endloop
  endfacet
  facet normal 0 0 1
    outer loop
      vertex 132.766 12.6606 5.8
      vertex 135.03 13.5982 5.8
      vertex 134.986 13.7282 5.8
    endloop
  endfacet
  facet normal 0 0 1
    outer loop
      vertex 132.619 13.0941 5.8
      vertex 134.986 13.7282 5.8
      vertex 134.959 13.8629 5.8
    endloop
  endfacet
  facet normal 0 0 1
    outer loop
      vertex 132.53 13.5432 5.8
      vertex 134.959 13.8629 5.8
      vertex 134.95 14 5.8
    endloop
  endfacet
  facet normal -0 0 1
    outer loop
      vertex 132.969 15.75 5.8
      vertex 135.091 14.525 5.8
      vertex 133.223 16.1307 5.8
    endloop
  endfacet
  facet normal 0 0 1
    outer loop
      vertex 135.598 13.0299 5.8
      vertex 134.661 10.7664 5.8
      vertex 135.094 10.6193 5.8
    endloop
  endfacet
  facet normal 0 0 1
    outer loop
      vertex 135.091 14.525 5.8
      vertex 132.969 15.75 5.8
      vertex 135.03 14.4018 5.8
    endloop
  endfacet
  facet normal 0 0 1
    outer loop
      vertex 135.475 13.0907 5.8
      vertex 134.25 10.9689 5.8
      vertex 134.661 10.7664 5.8
    endloop
  endfacet
  facet normal -0 0 1
    outer loop
      vertex 132.766 15.3394 5.8
      vertex 135.03 14.4018 5.8
      vertex 132.969 15.75 5.8
    endloop
  endfacet
  facet normal 0 0 1
    outer loop
      vertex 135.361 13.167 5.8
      vertex 133.869 11.2233 5.8
      vertex 134.25 10.9689 5.8
    endloop
  endfacet
  facet normal 0 0 1
    outer loop
      vertex 135.03 14.4018 5.8
      vertex 132.766 15.3394 5.8
      vertex 134.986 14.2718 5.8
    endloop
  endfacet
  facet normal 0 0 1
    outer loop
      vertex 135.258 13.2575 5.8
      vertex 133.525 11.5251 5.8
      vertex 133.869 11.2233 5.8
    endloop
  endfacet
  facet normal -0 0 1
    outer loop
      vertex 132.619 14.9059 5.8
      vertex 134.986 14.2718 5.8
      vertex 132.766 15.3394 5.8
    endloop
  endfacet
  facet normal 0 0 1
    outer loop
      vertex 135.167 13.3608 5.8
      vertex 133.223 11.8693 5.8
      vertex 133.525 11.5251 5.8
    endloop
  endfacet
  facet normal 0 0 1
    outer loop
      vertex 134.986 14.2718 5.8
      vertex 132.619 14.9059 5.8
      vertex 134.959 14.1371 5.8
    endloop
  endfacet
  facet normal 0 0 1
    outer loop
      vertex 135.091 13.475 5.8
      vertex 132.969 12.25 5.8
      vertex 133.223 11.8693 5.8
    endloop
  endfacet
  facet normal -0 0 1
    outer loop
      vertex 132.53 14.4568 5.8
      vertex 134.959 14.1371 5.8
      vertex 132.619 14.9059 5.8
    endloop
  endfacet
  facet normal 0 0 1
    outer loop
      vertex 135.03 13.5982 5.8
      vertex 132.766 12.6606 5.8
      vertex 132.969 12.25 5.8
    endloop
  endfacet
  facet normal 0 0 1
    outer loop
      vertex 134.959 14.1371 5.8
      vertex 132.53 14.4568 5.8
      vertex 134.95 14 5.8
    endloop
  endfacet
  facet normal 0 0 1
    outer loop
      vertex 134.986 13.7282 5.8
      vertex 132.619 13.0941 5.8
      vertex 132.766 12.6606 5.8
    endloop
  endfacet
  facet normal 0 0 1
    outer loop
      vertex 132.5 14 5.8
      vertex 134.95 14 5.8
      vertex 132.53 14.4568 5.8
    endloop
  endfacet
  facet normal 0 0 1
    outer loop
      vertex 134.959 13.8629 5.8
      vertex 132.53 13.5432 5.8
      vertex 132.619 13.0941 5.8
    endloop
  endfacet
  facet normal 0 0 1
    outer loop
      vertex 134.95 14 5.8
      vertex 132.5 14 5.8
      vertex 132.53 13.5432 5.8
    endloop
  endfacet
  facet normal -0.321668 0.946853 0
    outer loop
      vertex 135.094 17.3807 2.4
      vertex 134.661 17.2336 5.8
      vertex 135.094 17.3807 5.8
    endloop
  endfacet
  facet normal -0.321668 0.946853 0
    outer loop
      vertex 134.661 17.2336 5.8
      vertex 135.094 17.3807 2.4
      vertex 134.661 17.2336 2.4
    endloop
  endfacet
  facet normal 0.555305 -0.831647 0
    outer loop
      vertex 137.75 10.9689 2.4
      vertex 138.131 11.2233 5.8
      vertex 137.75 10.9689 5.8
    endloop
  endfacet
  facet normal 0.555305 -0.831647 0
    outer loop
      vertex 138.131 11.2233 5.8
      vertex 137.75 10.9689 2.4
      vertex 138.131 11.2233 2.4
    endloop
  endfacet
  facet normal 0.751683 -0.659524 0
    outer loop
      vertex 138.475 11.5251 5.8
      vertex 138.777 11.8693 2.4
      vertex 138.777 11.8693 5.8
    endloop
  endfacet
  facet normal 0.751683 -0.659524 0
    outer loop
      vertex 138.777 11.8693 2.4
      vertex 138.475 11.5251 5.8
      vertex 138.475 11.5251 2.4
    endloop
  endfacet
  facet normal 0.980924 -0.194394 0
    outer loop
      vertex 139.381 13.0941 5.8
      vertex 139.47 13.5432 2.4
      vertex 139.47 13.5432 5.8
    endloop
  endfacet
  facet normal 0.980924 -0.194394 0
    outer loop
      vertex 139.47 13.5432 2.4
      vertex 139.381 13.0941 5.8
      vertex 139.381 13.0941 2.4
    endloop
  endfacet
  facet normal -0.441968 -0.897031 0
    outer loop
      vertex 134.25 10.9689 2.4
      vertex 134.661 10.7664 5.8
      vertex 134.25 10.9689 5.8
    endloop
  endfacet
  facet normal -0.441968 -0.897031 -0
    outer loop
      vertex 134.661 10.7664 5.8
      vertex 134.25 10.9689 2.4
      vertex 134.661 10.7664 2.4
    endloop
  endfacet
  facet normal -0.0652871 -0.997867 0
    outer loop
      vertex 135.543 10.5299 2.4
      vertex 136 10.5 5.8
      vertex 135.543 10.5299 5.8
    endloop
  endfacet
  facet normal -0.0652871 -0.997867 -0
    outer loop
      vertex 136 10.5 5.8
      vertex 135.543 10.5299 2.4
      vertex 136 10.5 2.4
    endloop
  endfacet
  facet normal -0.831849 -0.555003 0
    outer loop
      vertex 133.223 11.8693 2.4
      vertex 132.969 12.25 5.8
      vertex 132.969 12.25 2.4
    endloop
  endfacet
  facet normal -0.831849 -0.555003 0
    outer loop
      vertex 132.969 12.25 5.8
      vertex 133.223 11.8693 2.4
      vertex 133.223 11.8693 5.8
    endloop
  endfacet
  facet normal -0.555305 0.831647 0
    outer loop
      vertex 134.25 17.0311 2.4
      vertex 133.869 16.7767 5.8
      vertex 134.25 17.0311 5.8
    endloop
  endfacet
  facet normal -0.555305 0.831647 0
    outer loop
      vertex 133.869 16.7767 5.8
      vertex 134.25 17.0311 2.4
      vertex 133.869 16.7767 2.4
    endloop
  endfacet
  facet normal 0.441968 -0.897031 0
    outer loop
      vertex 137.339 10.7664 2.4
      vertex 137.75 10.9689 5.8
      vertex 137.339 10.7664 5.8
    endloop
  endfacet
  facet normal 0.441968 -0.897031 0
    outer loop
      vertex 137.75 10.9689 5.8
      vertex 137.339 10.7664 2.4
      vertex 137.75 10.9689 2.4
    endloop
  endfacet
  facet normal 0.659494 -0.75171 0
    outer loop
      vertex 138.131 11.2233 2.4
      vertex 138.475 11.5251 5.8
      vertex 138.131 11.2233 5.8
    endloop
  endfacet
  facet normal 0.659494 -0.75171 0
    outer loop
      vertex 138.475 11.5251 5.8
      vertex 138.131 11.2233 2.4
      vertex 138.475 11.5251 2.4
    endloop
  endfacet
  facet normal 0.896427 -0.443192 0
    outer loop
      vertex 139.031 12.25 5.8
      vertex 139.234 12.6606 2.4
      vertex 139.234 12.6606 5.8
    endloop
  endfacet
  facet normal 0.896427 -0.443192 0
    outer loop
      vertex 139.234 12.6606 2.4
      vertex 139.031 12.25 5.8
      vertex 139.031 12.25 2.4
    endloop
  endfacet
  facet normal 0.99785 -0.0655331 0
    outer loop
      vertex 139.47 13.5432 5.8
      vertex 139.5 14 2.4
      vertex 139.5 14 5.8
    endloop
  endfacet
  facet normal 0.99785 -0.0655331 0
    outer loop
      vertex 139.5 14 2.4
      vertex 139.47 13.5432 5.8
      vertex 139.47 13.5432 2.4
    endloop
  endfacet
  facet normal -0.321668 -0.946853 0
    outer loop
      vertex 134.661 10.7664 2.4
      vertex 135.094 10.6193 5.8
      vertex 134.661 10.7664 5.8
    endloop
  endfacet
  facet normal -0.321668 -0.946853 -0
    outer loop
      vertex 135.094 10.6193 5.8
      vertex 134.661 10.7664 2.4
      vertex 135.094 10.6193 2.4
    endloop
  endfacet
  facet normal -0.751683 -0.659524 0
    outer loop
      vertex 133.525 11.5251 2.4
      vertex 133.223 11.8693 5.8
      vertex 133.223 11.8693 2.4
    endloop
  endfacet
  facet normal -0.751683 -0.659524 0
    outer loop
      vertex 133.223 11.8693 5.8
      vertex 133.525 11.5251 2.4
      vertex 133.525 11.5251 5.8
    endloop
  endfacet
  facet normal -0.896427 -0.443192 0
    outer loop
      vertex 132.969 12.25 2.4
      vertex 132.766 12.6606 5.8
      vertex 132.766 12.6606 2.4
    endloop
  endfacet
  facet normal -0.896427 -0.443192 0
    outer loop
      vertex 132.766 12.6606 5.8
      vertex 132.969 12.25 2.4
      vertex 132.969 12.25 5.8
    endloop
  endfacet
  facet normal -0.0654093 0.997859 0
    outer loop
      vertex 5.4 9.69345 2.4
      vertex 4.95179 9.66407 9
      vertex 5.4 9.69345 9
    endloop
  endfacet
  facet normal -0.0654093 0.997859 0
    outer loop
      vertex 4.95179 9.66407 9
      vertex 5.4 9.69345 2.4
      vertex 4.95179 9.66407 2.4
    endloop
  endfacet
  facet normal 0.659341 0.751844 -0
    outer loop
      vertex 8.46985 8.46985 2.4
      vertex 8.0568 8.83208 9
      vertex 8.46985 8.46985 9
    endloop
  endfacet
  facet normal 0.659341 0.751844 0
    outer loop
      vertex 8.0568 8.83208 9
      vertex 8.46985 8.46985 2.4
      vertex 8.0568 8.83208 2.4
    endloop
  endfacet
  facet normal 0.831458 0.555587 0
    outer loop
      vertex 9.00258 7.80164 9
      vertex 8.83208 8.0568 2.4
      vertex 8.83208 8.0568 9
    endloop
  endfacet
  facet normal 0.831458 0.555587 0
    outer loop
      vertex 8.83208 8.0568 2.4
      vertex 9.00258 7.80164 9
      vertex 9.00258 7.80164 2.4
    endloop
  endfacet
  facet normal 0.751844 0.659341 0
    outer loop
      vertex 8.83208 8.0568 9
      vertex 8.46985 8.46985 2.4
      vertex 8.46985 8.46985 9
    endloop
  endfacet
  facet normal 0.751844 0.659341 0
    outer loop
      vertex 8.46985 8.46985 2.4
      vertex 8.83208 8.0568 9
      vertex 8.83208 8.0568 2.4
    endloop
  endfacet
  facet normal 0.555587 0.831458 -0
    outer loop
      vertex 8.0568 8.83208 2.4
      vertex 7.80164 9.00258 9
      vertex 8.0568 8.83208 9
    endloop
  endfacet
  facet normal 0.555587 0.831458 0
    outer loop
      vertex 7.80164 9.00258 9
      vertex 8.0568 8.83208 2.4
      vertex 7.80164 9.00258 2.4
    endloop
  endfacet
  facet normal -0.195122 0.980779 0
    outer loop
      vertex 4.95179 9.66407 2.4
      vertex 4.79999 9.63387 9
      vertex 4.95179 9.66407 9
    endloop
  endfacet
  facet normal -0.195122 0.980779 0
    outer loop
      vertex 4.79999 9.63387 9
      vertex 4.95179 9.66407 2.4
      vertex 4.79999 9.63387 2.4
    endloop
  endfacet
  facet normal 0.980779 -0.195122 0
    outer loop
      vertex 9.63387 4.79999 9
      vertex 9.66407 4.95179 2.4
      vertex 9.66407 4.95179 9
    endloop
  endfacet
  facet normal 0.980779 -0.195122 0
    outer loop
      vertex 9.66407 4.95179 2.4
      vertex 9.63387 4.79999 9
      vertex 9.63387 4.79999 2.4
    endloop
  endfacet
  facet normal 0.997859 -0.0654093 0
    outer loop
      vertex 9.66407 4.95179 9
      vertex 9.69345 5.4 2.4
      vertex 9.69345 5.4 9
    endloop
  endfacet
  facet normal 0.997859 -0.0654093 0
    outer loop
      vertex 9.69345 5.4 2.4
      vertex 9.66407 4.95179 9
      vertex 9.66407 4.95179 2.4
    endloop
  endfacet
  facet normal 0.997824 0.0659355 0
    outer loop
      vertex 148.7 5.5 9
      vertex 148.691 5.6362 2.4
      vertex 148.691 5.6362 9
    endloop
  endfacet
  facet normal 0.997824 0.0659355 0
    outer loop
      vertex 148.691 5.6362 2.4
      vertex 148.7 5.5 9
      vertex 148.7 5.5 2.4
    endloop
  endfacet
  facet normal -0.0654252 0.997857 0
    outer loop
      vertex 144.5 9.7 2.4
      vertex 143.952 9.66407 9
      vertex 144.5 9.7 9
    endloop
  endfacet
  facet normal -0.0654252 0.997857 0
    outer loop
      vertex 143.952 9.66407 9
      vertex 144.5 9.7 2.4
      vertex 143.952 9.66407 2.4
    endloop
  endfacet
  facet normal 0.659386 0.751805 -0
    outer loop
      vertex 147.47 8.46985 2.4
      vertex 147.057 8.83208 9
      vertex 147.47 8.46985 9
    endloop
  endfacet
  facet normal 0.659386 0.751805 0
    outer loop
      vertex 147.057 8.83208 9
      vertex 147.47 8.46985 2.4
      vertex 147.057 8.83208 2.4
    endloop
  endfacet
  facet normal -0.752052 0.659104 0
    outer loop
      vertex 141.168 8.0568 2.4
      vertex 141.53 8.46985 9
      vertex 141.53 8.46985 2.4
    endloop
  endfacet
  facet normal -0.752052 0.659104 0
    outer loop
      vertex 141.53 8.46985 9
      vertex 141.168 8.0568 2.4
      vertex 141.168 8.0568 9
    endloop
  endfacet
  facet normal -0.442083 0.896974 0
    outer loop
      vertex 142.893 9.38029 2.4
      vertex 142.4 9.13731 9
      vertex 142.893 9.38029 9
    endloop
  endfacet
  facet normal -0.442083 0.896974 0
    outer loop
      vertex 142.4 9.13731 9
      vertex 142.893 9.38029 2.4
      vertex 142.4 9.13731 2.4
    endloop
  endfacet
  facet normal 0.830864 0.556476 0
    outer loop
      vertex 148.004 7.79999 9
      vertex 147.832 8.0568 2.4
      vertex 147.832 8.0568 9
    endloop
  endfacet
  facet normal 0.830864 0.556476 0
    outer loop
      vertex 147.832 8.0568 2.4
      vertex 148.004 7.79999 9
      vertex 148.004 7.79999 2.4
    endloop
  endfacet
  facet normal 0.321576 0.946884 -0
    outer loop
      vertex 146.107 9.38029 2.4
      vertex 145.587 9.55689 9
      vertex 146.107 9.38029 9
    endloop
  endfacet
  facet normal 0.321576 0.946884 0
    outer loop
      vertex 145.587 9.55689 9
      vertex 146.107 9.38029 2.4
      vertex 145.587 9.55689 2.4
    endloop
  endfacet
  facet normal 0.195031 0.980797 -0
    outer loop
      vertex 145.587 9.55689 2.4
      vertex 145.048 9.66407 9
      vertex 145.587 9.55689 9
    endloop
  endfacet
  facet normal 0.195031 0.980797 0
    outer loop
      vertex 145.048 9.66407 9
      vertex 145.587 9.55689 2.4
      vertex 145.048 9.66407 2.4
    endloop
  endfacet
  facet normal 0.442083 0.896974 -0
    outer loop
      vertex 146.6 9.13731 2.4
      vertex 146.107 9.38029 9
      vertex 146.6 9.13731 9
    endloop
  endfacet
  facet normal 0.442083 0.896974 0
    outer loop
      vertex 146.107 9.38029 9
      vertex 146.6 9.13731 2.4
      vertex 146.107 9.38029 2.4
    endloop
  endfacet
  facet normal -0.55541 0.831577 0
    outer loop
      vertex 142.4 9.13731 2.4
      vertex 141.943 8.83208 9
      vertex 142.4 9.13731 9
    endloop
  endfacet
  facet normal -0.55541 0.831577 0
    outer loop
      vertex 141.943 8.83208 9
      vertex 142.4 9.13731 2.4
      vertex 141.943 8.83208 2.4
    endloop
  endfacet
  facet normal -0.321576 0.946884 0
    outer loop
      vertex 143.413 9.55689 2.4
      vertex 142.893 9.38029 9
      vertex 143.413 9.55689 9
    endloop
  endfacet
  facet normal -0.321576 0.946884 0
    outer loop
      vertex 142.893 9.38029 9
      vertex 143.413 9.55689 2.4
      vertex 142.893 9.38029 2.4
    endloop
  endfacet
  facet normal 0.752052 0.659104 0
    outer loop
      vertex 147.832 8.0568 9
      vertex 147.47 8.46985 2.4
      vertex 147.47 8.46985 9
    endloop
  endfacet
  facet normal 0.752052 0.659104 0
    outer loop
      vertex 147.47 8.46985 2.4
      vertex 147.832 8.0568 9
      vertex 147.832 8.0568 2.4
    endloop
  endfacet
  facet normal 0.0654252 0.997857 -0
    outer loop
      vertex 145.048 9.66407 2.4
      vertex 144.5 9.7 9
      vertex 145.048 9.66407 9
    endloop
  endfacet
  facet normal 0.0654252 0.997857 0
    outer loop
      vertex 144.5 9.7 9
      vertex 145.048 9.66407 2.4
      vertex 144.5 9.7 2.4
    endloop
  endfacet
  facet normal 0.55541 0.831577 -0
    outer loop
      vertex 147.057 8.83208 2.4
      vertex 146.6 9.13731 9
      vertex 147.057 8.83208 9
    endloop
  endfacet
  facet normal 0.55541 0.831577 0
    outer loop
      vertex 146.6 9.13731 9
      vertex 147.057 8.83208 2.4
      vertex 146.6 9.13731 2.4
    endloop
  endfacet
  facet normal -0.830864 0.556476 0
    outer loop
      vertex 140.996 7.79999 2.4
      vertex 141.168 8.0568 9
      vertex 141.168 8.0568 2.4
    endloop
  endfacet
  facet normal -0.830864 0.556476 0
    outer loop
      vertex 141.168 8.0568 9
      vertex 140.996 7.79999 2.4
      vertex 140.996 7.79999 9
    endloop
  endfacet
  facet normal -0.659386 0.751805 0
    outer loop
      vertex 141.943 8.83208 2.4
      vertex 141.53 8.46985 9
      vertex 141.943 8.83208 9
    endloop
  endfacet
  facet normal -0.659386 0.751805 0
    outer loop
      vertex 141.53 8.46985 9
      vertex 141.943 8.83208 2.4
      vertex 141.53 8.46985 2.4
    endloop
  endfacet
  facet normal -0.195031 0.980797 0
    outer loop
      vertex 143.952 9.66407 2.4
      vertex 143.413 9.55689 9
      vertex 143.952 9.66407 9
    endloop
  endfacet
  facet normal -0.195031 0.980797 0
    outer loop
      vertex 143.413 9.55689 9
      vertex 143.952 9.66407 2.4
      vertex 143.413 9.55689 2.4
    endloop
  endfacet
  facet normal -0.997913 -0.0645668 0
    outer loop
      vertex 140.336 4.95179 2.4
      vertex 140.307 5.4 9
      vertex 140.307 5.4 2.4
    endloop
  endfacet
  facet normal -0.997913 -0.0645668 0
    outer loop
      vertex 140.307 5.4 9
      vertex 140.336 4.95179 2.4
      vertex 140.336 4.95179 9
    endloop
  endfacet
  facet normal 0.997937 -0.0642011 0
    outer loop
      vertex 148.677 5.14249 9
      vertex 148.7 5.5 2.4
      vertex 148.7 5.5 9
    endloop
  endfacet
  facet normal 0.997937 -0.0642011 0
    outer loop
      vertex 148.7 5.5 2.4
      vertex 148.677 5.14249 9
      vertex 148.677 5.14249 2.4
    endloop
  endfacet
  facet normal -0.981026 -0.193879 0
    outer loop
      vertex 140.366 4.79999 2.4
      vertex 140.336 4.95179 9
      vertex 140.336 4.95179 2.4
    endloop
  endfacet
  facet normal -0.981026 -0.193879 0
    outer loop
      vertex 140.336 4.95179 9
      vertex 140.366 4.79999 2.4
      vertex 140.366 4.79999 9
    endloop
  endfacet
  facet normal 0.997857 0.0654252 0
    outer loop
      vertex 9.7 114.5 9
      vertex 9.66407 115.048 2.4
      vertex 9.66407 115.048 9
    endloop
  endfacet
  facet normal 0.997857 0.0654252 0
    outer loop
      vertex 9.66407 115.048 2.4
      vertex 9.7 114.5 9
      vertex 9.7 114.5 2.4
    endloop
  endfacet
  facet normal -0.0642011 0.997937 0
    outer loop
      vertex 5.5 118.7 2.4
      vertex 5.14249 118.677 9
      vertex 5.5 118.7 9
    endloop
  endfacet
  facet normal -0.0642011 0.997937 0
    outer loop
      vertex 5.14249 118.677 9
      vertex 5.5 118.7 2.4
      vertex 5.14249 118.677 2.4
    endloop
  endfacet
  facet normal 0.659104 0.752052 -0
    outer loop
      vertex 8.46985 117.47 2.4
      vertex 8.0568 117.832 9
      vertex 8.46985 117.47 9
    endloop
  endfacet
  facet normal 0.659104 0.752052 0
    outer loop
      vertex 8.0568 117.832 9
      vertex 8.46985 117.47 2.4
      vertex 8.0568 117.832 2.4
    endloop
  endfacet
  facet normal 0.896974 0.442083 0
    outer loop
      vertex 9.38029 116.107 9
      vertex 9.13731 116.6 2.4
      vertex 9.13731 116.6 9
    endloop
  endfacet
  facet normal 0.896974 0.442083 0
    outer loop
      vertex 9.13731 116.6 2.4
      vertex 9.38029 116.107 9
      vertex 9.38029 116.107 2.4
    endloop
  endfacet
  facet normal 0.831577 0.55541 0
    outer loop
      vertex 9.13731 116.6 9
      vertex 8.83208 117.057 2.4
      vertex 8.83208 117.057 9
    endloop
  endfacet
  facet normal 0.831577 0.55541 0
    outer loop
      vertex 8.83208 117.057 2.4
      vertex 9.13731 116.6 9
      vertex 9.13731 116.6 2.4
    endloop
  endfacet
  facet normal 0.556476 0.830864 -0
    outer loop
      vertex 8.0568 117.832 2.4
      vertex 7.79999 118.004 9
      vertex 8.0568 117.832 9
    endloop
  endfacet
  facet normal 0.556476 0.830864 0
    outer loop
      vertex 7.79999 118.004 9
      vertex 8.0568 117.832 2.4
      vertex 7.79999 118.004 2.4
    endloop
  endfacet
  facet normal 0.831577 -0.55541 0
    outer loop
      vertex 8.83208 111.943 9
      vertex 9.13731 112.4 2.4
      vertex 9.13731 112.4 9
    endloop
  endfacet
  facet normal 0.831577 -0.55541 0
    outer loop
      vertex 9.13731 112.4 2.4
      vertex 8.83208 111.943 9
      vertex 8.83208 111.943 2.4
    endloop
  endfacet
  facet normal -0.193879 -0.981026 0
    outer loop
      vertex 4.79999 110.366 2.4
      vertex 4.95179 110.336 9
      vertex 4.79999 110.366 9
    endloop
  endfacet
  facet normal -0.193879 -0.981026 -0
    outer loop
      vertex 4.95179 110.336 9
      vertex 4.79999 110.366 2.4
      vertex 4.95179 110.336 2.4
    endloop
  endfacet
  facet normal 0.946884 0.321576 0
    outer loop
      vertex 9.55689 115.587 9
      vertex 9.38029 116.107 2.4
      vertex 9.38029 116.107 9
    endloop
  endfacet
  facet normal 0.946884 0.321576 0
    outer loop
      vertex 9.38029 116.107 2.4
      vertex 9.55689 115.587 9
      vertex 9.55689 115.587 2.4
    endloop
  endfacet
  facet normal 0.980797 0.195031 0
    outer loop
      vertex 9.66407 115.048 9
      vertex 9.55689 115.587 2.4
      vertex 9.55689 115.587 9
    endloop
  endfacet
  facet normal 0.980797 0.195031 0
    outer loop
      vertex 9.55689 115.587 2.4
      vertex 9.66407 115.048 9
      vertex 9.66407 115.048 2.4
    endloop
  endfacet
  facet normal 0.751805 0.659386 0
    outer loop
      vertex 8.83208 117.057 9
      vertex 8.46985 117.47 2.4
      vertex 8.46985 117.47 9
    endloop
  endfacet
  facet normal 0.751805 0.659386 0
    outer loop
      vertex 8.46985 117.47 2.4
      vertex 8.83208 117.057 9
      vertex 8.83208 117.057 2.4
    endloop
  endfacet
  facet normal 0.0659355 0.997824 -0
    outer loop
      vertex 5.6362 118.691 2.4
      vertex 5.5 118.7 9
      vertex 5.6362 118.691 9
    endloop
  endfacet
  facet normal 0.0659355 0.997824 0
    outer loop
      vertex 5.5 118.7 9
      vertex 5.6362 118.691 2.4
      vertex 5.5 118.7 2.4
    endloop
  endfacet
  facet normal 0.556476 -0.830864 0
    outer loop
      vertex 7.79999 110.996 2.4
      vertex 8.0568 111.168 9
      vertex 7.79999 110.996 9
    endloop
  endfacet
  facet normal 0.556476 -0.830864 0
    outer loop
      vertex 8.0568 111.168 9
      vertex 7.79999 110.996 2.4
      vertex 8.0568 111.168 2.4
    endloop
  endfacet
  facet normal 0.946884 -0.321576 0
    outer loop
      vertex 9.38029 112.893 9
      vertex 9.55689 113.413 2.4
      vertex 9.55689 113.413 9
    endloop
  endfacet
  facet normal 0.946884 -0.321576 0
    outer loop
      vertex 9.55689 113.413 2.4
      vertex 9.38029 112.893 9
      vertex 9.38029 112.893 2.4
    endloop
  endfacet
  facet normal 0.896974 -0.442083 0
    outer loop
      vertex 9.13731 112.4 9
      vertex 9.38029 112.893 2.4
      vertex 9.38029 112.893 9
    endloop
  endfacet
  facet normal 0.896974 -0.442083 0
    outer loop
      vertex 9.38029 112.893 2.4
      vertex 9.13731 112.4 9
      vertex 9.13731 112.4 2.4
    endloop
  endfacet
  facet normal 0.980797 -0.195031 0
    outer loop
      vertex 9.55689 113.413 9
      vertex 9.66407 113.952 2.4
      vertex 9.66407 113.952 9
    endloop
  endfacet
  facet normal 0.980797 -0.195031 0
    outer loop
      vertex 9.66407 113.952 2.4
      vertex 9.55689 113.413 9
      vertex 9.55689 113.413 2.4
    endloop
  endfacet
  facet normal -0.0645668 -0.997913 0
    outer loop
      vertex 4.95179 110.336 2.4
      vertex 5.4 110.307 9
      vertex 4.95179 110.336 9
    endloop
  endfacet
  facet normal -0.0645668 -0.997913 -0
    outer loop
      vertex 5.4 110.307 9
      vertex 4.95179 110.336 2.4
      vertex 5.4 110.307 2.4
    endloop
  endfacet
  facet normal 0.997857 -0.0654252 0
    outer loop
      vertex 9.66407 113.952 9
      vertex 9.7 114.5 2.4
      vertex 9.7 114.5 9
    endloop
  endfacet
  facet normal 0.997857 -0.0654252 0
    outer loop
      vertex 9.7 114.5 2.4
      vertex 9.66407 113.952 9
      vertex 9.66407 113.952 2.4
    endloop
  endfacet
  facet normal 0.659104 -0.752052 0
    outer loop
      vertex 8.0568 111.168 2.4
      vertex 8.46985 111.53 9
      vertex 8.0568 111.168 9
    endloop
  endfacet
  facet normal 0.659104 -0.752052 0
    outer loop
      vertex 8.46985 111.53 9
      vertex 8.0568 111.168 2.4
      vertex 8.46985 111.53 2.4
    endloop
  endfacet
  facet normal 0.751805 -0.659386 0
    outer loop
      vertex 8.46985 111.53 9
      vertex 8.83208 111.943 2.4
      vertex 8.83208 111.943 9
    endloop
  endfacet
  facet normal 0.751805 -0.659386 0
    outer loop
      vertex 8.83208 111.943 2.4
      vertex 8.46985 111.53 9
      vertex 8.46985 111.53 2.4
    endloop
  endfacet
  facet normal 0.997849 0.0655521 0
    outer loop
      vertex 148.7 114.5 9
      vertex 148.664 115.048 2.4
      vertex 148.664 115.048 9
    endloop
  endfacet
  facet normal 0.997849 0.0655521 0
    outer loop
      vertex 148.664 115.048 2.4
      vertex 148.7 114.5 9
      vertex 148.7 114.5 2.4
    endloop
  endfacet
  facet normal -0.0655521 0.997849 0
    outer loop
      vertex 144.5 118.7 2.4
      vertex 143.952 118.664 9
      vertex 144.5 118.7 9
    endloop
  endfacet
  facet normal -0.0655521 0.997849 0
    outer loop
      vertex 143.952 118.664 9
      vertex 144.5 118.7 2.4
      vertex 143.952 118.664 2.4
    endloop
  endfacet
  facet normal 0.659149 0.752012 -0
    outer loop
      vertex 147.47 117.47 2.4
      vertex 147.057 117.832 9
      vertex 147.47 117.47 9
    endloop
  endfacet
  facet normal 0.659149 0.752012 0
    outer loop
      vertex 147.057 117.832 9
      vertex 147.47 117.47 2.4
      vertex 147.057 117.832 2.4
    endloop
  endfacet
  facet normal -0.752012 0.659149 0
    outer loop
      vertex 141.168 117.057 2.4
      vertex 141.53 117.47 9
      vertex 141.53 117.47 2.4
    endloop
  endfacet
  facet normal -0.752012 0.659149 0
    outer loop
      vertex 141.53 117.47 9
      vertex 141.168 117.057 2.4
      vertex 141.168 117.057 9
    endloop
  endfacet
  facet normal -0.442112 0.89696 0
    outer loop
      vertex 142.893 118.38 2.4
      vertex 142.4 118.137 9
      vertex 142.893 118.38 9
    endloop
  endfacet
  facet normal -0.442112 0.89696 0
    outer loop
      vertex 142.4 118.137 9
      vertex 142.893 118.38 2.4
      vertex 142.4 118.137 2.4
    endloop
  endfacet
  facet normal 0.89696 0.442112 0
    outer loop
      vertex 148.38 116.107 9
      vertex 148.137 116.6 2.4
      vertex 148.137 116.6 9
    endloop
  endfacet
  facet normal 0.89696 0.442112 0
    outer loop
      vertex 148.137 116.6 2.4
      vertex 148.38 116.107 9
      vertex 148.38 116.107 2.4
    endloop
  endfacet
  facet normal 0.83177 0.55512 0
    outer loop
      vertex 148.137 116.6 9
      vertex 147.832 117.057 2.4
      vertex 147.832 117.057 9
    endloop
  endfacet
  facet normal 0.83177 0.55512 0
    outer loop
      vertex 147.832 117.057 2.4
      vertex 148.137 116.6 9
      vertex 148.137 116.6 2.4
    endloop
  endfacet
  facet normal 0.322229 0.946662 -0
    outer loop
      vertex 146.107 118.38 2.4
      vertex 145.587 118.557 9
      vertex 146.107 118.38 9
    endloop
  endfacet
  facet normal 0.322229 0.946662 0
    outer loop
      vertex 145.587 118.557 9
      vertex 146.107 118.38 2.4
      vertex 145.587 118.557 2.4
    endloop
  endfacet
  facet normal 0.194716 0.98086 -0
    outer loop
      vertex 145.587 118.557 2.4
      vertex 145.048 118.664 9
      vertex 145.587 118.557 9
    endloop
  endfacet
  facet normal 0.194716 0.98086 0
    outer loop
      vertex 145.048 118.664 9
      vertex 145.587 118.557 2.4
      vertex 145.048 118.664 2.4
    endloop
  endfacet
  facet normal 0.55512 0.83177 -0
    outer loop
      vertex 147.057 117.832 2.4
      vertex 146.6 118.137 9
      vertex 147.057 117.832 9
    endloop
  endfacet
  facet normal 0.55512 0.83177 0
    outer loop
      vertex 146.6 118.137 9
      vertex 147.057 117.832 2.4
      vertex 146.6 118.137 2.4
    endloop
  endfacet
  facet normal -0.946662 0.322229 0
    outer loop
      vertex 140.443 115.587 2.4
      vertex 140.62 116.107 9
      vertex 140.62 116.107 2.4
    endloop
  endfacet
  facet normal -0.946662 0.322229 0
    outer loop
      vertex 140.62 116.107 9
      vertex 140.443 115.587 2.4
      vertex 140.443 115.587 9
    endloop
  endfacet
  facet normal -0.89696 0.442112 0
    outer loop
      vertex 140.62 116.107 2.4
      vertex 140.863 116.6 9
      vertex 140.863 116.6 2.4
    endloop
  endfacet
  facet normal -0.89696 0.442112 0
    outer loop
      vertex 140.863 116.6 9
      vertex 140.62 116.107 2.4
      vertex 140.62 116.107 9
    endloop
  endfacet
  facet normal -0.98086 0.194716 0
    outer loop
      vertex 140.336 115.048 2.4
      vertex 140.443 115.587 9
      vertex 140.443 115.587 2.4
    endloop
  endfacet
  facet normal -0.98086 0.194716 0
    outer loop
      vertex 140.443 115.587 9
      vertex 140.336 115.048 2.4
      vertex 140.336 115.048 9
    endloop
  endfacet
  facet normal -0.997849 -0.0655521 0
    outer loop
      vertex 140.336 113.952 2.4
      vertex 140.3 114.5 9
      vertex 140.3 114.5 2.4
    endloop
  endfacet
  facet normal -0.997849 -0.0655521 0
    outer loop
      vertex 140.3 114.5 9
      vertex 140.336 113.952 2.4
      vertex 140.336 113.952 9
    endloop
  endfacet
  facet normal -0.55512 0.83177 0
    outer loop
      vertex 142.4 118.137 2.4
      vertex 141.943 117.832 9
      vertex 142.4 118.137 9
    endloop
  endfacet
  facet normal -0.55512 0.83177 0
    outer loop
      vertex 141.943 117.832 9
      vertex 142.4 118.137 2.4
      vertex 141.943 117.832 2.4
    endloop
  endfacet
  facet normal -0.194716 0.98086 0
    outer loop
      vertex 143.952 118.664 2.4
      vertex 143.413 118.557 9
      vertex 143.952 118.664 9
    endloop
  endfacet
  facet normal -0.194716 0.98086 0
    outer loop
      vertex 143.413 118.557 9
      vertex 143.952 118.664 2.4
      vertex 143.413 118.557 2.4
    endloop
  endfacet
  facet normal 0.83177 -0.55512 0
    outer loop
      vertex 147.832 111.943 9
      vertex 148.137 112.4 2.4
      vertex 148.137 112.4 9
    endloop
  endfacet
  facet normal 0.83177 -0.55512 0
    outer loop
      vertex 148.137 112.4 2.4
      vertex 147.832 111.943 9
      vertex 147.832 111.943 2.4
    endloop
  endfacet
  facet normal -0.194716 -0.98086 0
    outer loop
      vertex 143.413 110.443 2.4
      vertex 143.952 110.336 9
      vertex 143.413 110.443 9
    endloop
  endfacet
  facet normal -0.194716 -0.98086 -0
    outer loop
      vertex 143.952 110.336 9
      vertex 143.413 110.443 2.4
      vertex 143.952 110.336 2.4
    endloop
  endfacet
  facet normal 0.194716 -0.98086 0
    outer loop
      vertex 145.048 110.336 2.4
      vertex 145.587 110.443 9
      vertex 145.048 110.336 9
    endloop
  endfacet
  facet normal 0.194716 -0.98086 0
    outer loop
      vertex 145.587 110.443 9
      vertex 145.048 110.336 2.4
      vertex 145.587 110.443 2.4
    endloop
  endfacet
  facet normal 0.946662 0.322229 0
    outer loop
      vertex 148.557 115.587 9
      vertex 148.38 116.107 2.4
      vertex 148.38 116.107 9
    endloop
  endfacet
  facet normal 0.946662 0.322229 0
    outer loop
      vertex 148.38 116.107 2.4
      vertex 148.557 115.587 9
      vertex 148.557 115.587 2.4
    endloop
  endfacet
  facet normal 0.98086 0.194716 0
    outer loop
      vertex 148.664 115.048 9
      vertex 148.557 115.587 2.4
      vertex 148.557 115.587 9
    endloop
  endfacet
  facet normal 0.98086 0.194716 0
    outer loop
      vertex 148.557 115.587 2.4
      vertex 148.664 115.048 9
      vertex 148.664 115.048 2.4
    endloop
  endfacet
  facet normal 0.752012 0.659149 0
    outer loop
      vertex 147.832 117.057 9
      vertex 147.47 117.47 2.4
      vertex 147.47 117.47 9
    endloop
  endfacet
  facet normal 0.752012 0.659149 0
    outer loop
      vertex 147.47 117.47 2.4
      vertex 147.832 117.057 9
      vertex 147.832 117.057 2.4
    endloop
  endfacet
  facet normal 0.0655521 0.997849 -0
    outer loop
      vertex 145.048 118.664 2.4
      vertex 144.5 118.7 9
      vertex 145.048 118.664 9
    endloop
  endfacet
  facet normal 0.0655521 0.997849 0
    outer loop
      vertex 144.5 118.7 9
      vertex 145.048 118.664 2.4
      vertex 144.5 118.7 2.4
    endloop
  endfacet
  facet normal 0.442112 0.89696 -0
    outer loop
      vertex 146.6 118.137 2.4
      vertex 146.107 118.38 9
      vertex 146.6 118.137 9
    endloop
  endfacet
  facet normal 0.442112 0.89696 0
    outer loop
      vertex 146.107 118.38 9
      vertex 146.6 118.137 2.4
      vertex 146.107 118.38 2.4
    endloop
  endfacet
  facet normal -0.997849 0.0655521 0
    outer loop
      vertex 140.3 114.5 2.4
      vertex 140.336 115.048 9
      vertex 140.336 115.048 2.4
    endloop
  endfacet
  facet normal -0.997849 0.0655521 0
    outer loop
      vertex 140.336 115.048 9
      vertex 140.3 114.5 2.4
      vertex 140.3 114.5 9
    endloop
  endfacet
  facet normal -0.322229 0.946662 0
    outer loop
      vertex 143.413 118.557 2.4
      vertex 142.893 118.38 9
      vertex 143.413 118.557 9
    endloop
  endfacet
  facet normal -0.322229 0.946662 0
    outer loop
      vertex 142.893 118.38 9
      vertex 143.413 118.557 2.4
      vertex 142.893 118.38 2.4
    endloop
  endfacet
  facet normal 0.55512 -0.83177 0
    outer loop
      vertex 146.6 110.863 2.4
      vertex 147.057 111.168 9
      vertex 146.6 110.863 9
    endloop
  endfacet
  facet normal 0.55512 -0.83177 0
    outer loop
      vertex 147.057 111.168 9
      vertex 146.6 110.863 2.4
      vertex 147.057 111.168 2.4
    endloop
  endfacet
  facet normal 0.946662 -0.322229 0
    outer loop
      vertex 148.38 112.893 9
      vertex 148.557 113.413 2.4
      vertex 148.557 113.413 9
    endloop
  endfacet
  facet normal 0.946662 -0.322229 0
    outer loop
      vertex 148.557 113.413 2.4
      vertex 148.38 112.893 9
      vertex 148.38 112.893 2.4
    endloop
  endfacet
  facet normal 0.89696 -0.442112 0
    outer loop
      vertex 148.137 112.4 9
      vertex 148.38 112.893 2.4
      vertex 148.38 112.893 9
    endloop
  endfacet
  facet normal 0.89696 -0.442112 0
    outer loop
      vertex 148.38 112.893 2.4
      vertex 148.137 112.4 9
      vertex 148.137 112.4 2.4
    endloop
  endfacet
  facet normal 0.98086 -0.194716 0
    outer loop
      vertex 148.557 113.413 9
      vertex 148.664 113.952 2.4
      vertex 148.664 113.952 9
    endloop
  endfacet
  facet normal 0.98086 -0.194716 0
    outer loop
      vertex 148.664 113.952 2.4
      vertex 148.557 113.413 9
      vertex 148.557 113.413 2.4
    endloop
  endfacet
  facet normal -0.0655521 -0.997849 0
    outer loop
      vertex 143.952 110.336 2.4
      vertex 144.5 110.3 9
      vertex 143.952 110.336 9
    endloop
  endfacet
  facet normal -0.0655521 -0.997849 -0
    outer loop
      vertex 144.5 110.3 9
      vertex 143.952 110.336 2.4
      vertex 144.5 110.3 2.4
    endloop
  endfacet
  facet normal -0.752012 -0.659149 0
    outer loop
      vertex 141.53 111.53 2.4
      vertex 141.168 111.943 9
      vertex 141.168 111.943 2.4
    endloop
  endfacet
  facet normal -0.752012 -0.659149 0
    outer loop
      vertex 141.168 111.943 9
      vertex 141.53 111.53 2.4
      vertex 141.53 111.53 9
    endloop
  endfacet
  facet normal -0.83177 -0.55512 0
    outer loop
      vertex 141.168 111.943 2.4
      vertex 140.863 112.4 9
      vertex 140.863 112.4 2.4
    endloop
  endfacet
  facet normal -0.83177 -0.55512 0
    outer loop
      vertex 140.863 112.4 9
      vertex 141.168 111.943 2.4
      vertex 141.168 111.943 9
    endloop
  endfacet
  facet normal -0.89696 -0.442112 0
    outer loop
      vertex 140.863 112.4 2.4
      vertex 140.62 112.893 9
      vertex 140.62 112.893 2.4
    endloop
  endfacet
  facet normal -0.89696 -0.442112 0
    outer loop
      vertex 140.62 112.893 9
      vertex 140.863 112.4 2.4
      vertex 140.863 112.4 9
    endloop
  endfacet
  facet normal 0.442112 -0.89696 0
    outer loop
      vertex 146.107 110.62 2.4
      vertex 146.6 110.863 9
      vertex 146.107 110.62 9
    endloop
  endfacet
  facet normal 0.442112 -0.89696 0
    outer loop
      vertex 146.6 110.863 9
      vertex 146.107 110.62 2.4
      vertex 146.6 110.863 2.4
    endloop
  endfacet
  facet normal 0.322229 -0.946662 0
    outer loop
      vertex 145.587 110.443 2.4
      vertex 146.107 110.62 9
      vertex 145.587 110.443 9
    endloop
  endfacet
  facet normal 0.322229 -0.946662 0
    outer loop
      vertex 146.107 110.62 9
      vertex 145.587 110.443 2.4
      vertex 146.107 110.62 2.4
    endloop
  endfacet
  facet normal -0.83177 0.55512 0
    outer loop
      vertex 140.863 116.6 2.4
      vertex 141.168 117.057 9
      vertex 141.168 117.057 2.4
    endloop
  endfacet
  facet normal -0.83177 0.55512 0
    outer loop
      vertex 141.168 117.057 9
      vertex 140.863 116.6 2.4
      vertex 140.863 116.6 9
    endloop
  endfacet
  facet normal -0 0 1
    outer loop
      vertex 146.641 114.557 9
      vertex 148.7 114.5 9
      vertex 148.664 115.048 9
    endloop
  endfacet
  facet normal 0 0 1
    outer loop
      vertex 146.582 114.999 9
      vertex 148.664 115.048 9
      vertex 148.557 115.587 9
    endloop
  endfacet
  facet normal 0 0 1
    outer loop
      vertex 148.7 114.5 9
      vertex 146.641 114.557 9
      vertex 146.644 114.5 9
    endloop
  endfacet
  facet normal 0 0 1
    outer loop
      vertex 146.499 115.267 9
      vertex 148.557 115.587 9
      vertex 148.38 116.107 9
    endloop
  endfacet
  facet normal 0 0 1
    outer loop
      vertex 146.641 114.443 9
      vertex 148.7 114.5 9
      vertex 146.644 114.5 9
    endloop
  endfacet
  facet normal 0 0 1
    outer loop
      vertex 146.456 115.371 9
      vertex 148.38 116.107 9
      vertex 148.137 116.6 9
    endloop
  endfacet
  facet normal 0 0 1
    outer loop
      vertex 148.7 114.5 9
      vertex 146.641 114.443 9
      vertex 148.664 113.952 9
    endloop
  endfacet
  facet normal 0 0 1
    outer loop
      vertex 146.233 115.758 9
      vertex 148.137 116.6 9
      vertex 147.832 117.057 9
    endloop
  endfacet
  facet normal -0 0 1
    outer loop
      vertex 146.626 114.22 9
      vertex 148.664 113.952 9
      vertex 146.641 114.443 9
    endloop
  endfacet
  facet normal 0 0 1
    outer loop
      vertex 146.054 115.974 9
      vertex 147.832 117.057 9
      vertex 147.47 117.47 9
    endloop
  endfacet
  facet normal -0 0 1
    outer loop
      vertex 146.582 114.001 9
      vertex 148.664 113.952 9
      vertex 146.626 114.22 9
    endloop
  endfacet
  facet normal 0 0 1
    outer loop
      vertex 145.974 116.054 9
      vertex 147.47 117.47 9
      vertex 147.057 117.832 9
    endloop
  endfacet
  facet normal 0 0 1
    outer loop
      vertex 148.664 113.952 9
      vertex 146.582 114.001 9
      vertex 148.557 113.413 9
    endloop
  endfacet
  facet normal -0 0 1
    outer loop
      vertex 146.499 113.733 9
      vertex 148.557 113.413 9
      vertex 146.571 113.945 9
    endloop
  endfacet
  facet normal -0 0 1
    outer loop
      vertex 146.571 113.945 9
      vertex 148.557 113.413 9
      vertex 146.582 114.001 9
    endloop
  endfacet
  facet normal 0 0 1
    outer loop
      vertex 148.664 115.048 9
      vertex 146.626 114.78 9
      vertex 146.641 114.557 9
    endloop
  endfacet
  facet normal 0 0 1
    outer loop
      vertex 145.758 116.233 9
      vertex 147.057 117.832 9
      vertex 146.6 118.137 9
    endloop
  endfacet
  facet normal 0 0 1
    outer loop
      vertex 148.664 115.048 9
      vertex 146.582 114.999 9
      vertex 146.626 114.78 9
    endloop
  endfacet
  facet normal 0 0 1
    outer loop
      vertex 148.557 115.587 9
      vertex 146.571 115.055 9
      vertex 146.582 114.999 9
    endloop
  endfacet
  facet normal 0 0 1
    outer loop
      vertex 148.557 115.587 9
      vertex 146.499 115.267 9
      vertex 146.571 115.055 9
    endloop
  endfacet
  facet normal 0 0 1
    outer loop
      vertex 148.38 116.107 9
      vertex 146.481 115.321 9
      vertex 146.499 115.267 9
    endloop
  endfacet
  facet normal 0 0 1
    outer loop
      vertex 148.38 116.107 9
      vertex 146.456 115.371 9
      vertex 146.481 115.321 9
    endloop
  endfacet
  facet normal 0 0 1
    outer loop
      vertex 148.137 116.6 9
      vertex 146.357 115.572 9
      vertex 146.456 115.371 9
    endloop
  endfacet
  facet normal 0 0 1
    outer loop
      vertex 148.137 116.6 9
      vertex 146.233 115.758 9
      vertex 146.357 115.572 9
    endloop
  endfacet
  facet normal 0 0 1
    outer loop
      vertex 147.832 117.057 9
      vertex 146.201 115.805 9
      vertex 146.233 115.758 9
    endloop
  endfacet
  facet normal 0 0 1
    outer loop
      vertex 145.371 116.456 9
      vertex 146.6 118.137 9
      vertex 146.107 118.38 9
    endloop
  endfacet
  facet normal 0 0 1
    outer loop
      vertex 147.832 117.057 9
      vertex 146.054 115.974 9
      vertex 146.201 115.805 9
    endloop
  endfacet
  facet normal 0 0 1
    outer loop
      vertex 147.47 117.47 9
      vertex 146.016 116.016 9
      vertex 146.054 115.974 9
    endloop
  endfacet
  facet normal 0 0 1
    outer loop
      vertex 147.47 117.47 9
      vertex 145.974 116.054 9
      vertex 146.016 116.016 9
    endloop
  endfacet
  facet normal 0 0 1
    outer loop
      vertex 147.057 117.832 9
      vertex 145.805 116.201 9
      vertex 145.974 116.054 9
    endloop
  endfacet
  facet normal 0 0 1
    outer loop
      vertex 147.057 117.832 9
      vertex 145.758 116.233 9
      vertex 145.805 116.201 9
    endloop
  endfacet
  facet normal 0 0 1
    outer loop
      vertex 145.267 116.499 9
      vertex 146.107 118.38 9
      vertex 145.587 118.557 9
    endloop
  endfacet
  facet normal 0 0 1
    outer loop
      vertex 146.6 118.137 9
      vertex 145.572 116.357 9
      vertex 145.758 116.233 9
    endloop
  endfacet
  facet normal 0 0 1
    outer loop
      vertex 146.6 118.137 9
      vertex 145.371 116.456 9
      vertex 145.572 116.357 9
    endloop
  endfacet
  facet normal 0 0 1
    outer loop
      vertex 146.107 118.38 9
      vertex 145.321 116.481 9
      vertex 145.371 116.456 9
    endloop
  endfacet
  facet normal 0 0 1
    outer loop
      vertex 146.107 118.38 9
      vertex 145.267 116.499 9
      vertex 145.321 116.481 9
    endloop
  endfacet
  facet normal 0 0 1
    outer loop
      vertex 145.587 118.557 9
      vertex 145.055 116.571 9
      vertex 145.267 116.499 9
    endloop
  endfacet
  facet normal 0 0 1
    outer loop
      vertex 144.999 116.582 9
      vertex 145.587 118.557 9
      vertex 145.048 118.664 9
    endloop
  endfacet
  facet normal 0 0 1
    outer loop
      vertex 145.587 118.557 9
      vertex 144.999 116.582 9
      vertex 145.055 116.571 9
    endloop
  endfacet
  facet normal 0 0 1
    outer loop
      vertex 145.048 118.664 9
      vertex 144.78 116.626 9
      vertex 144.999 116.582 9
    endloop
  endfacet
  facet normal 0 0 1
    outer loop
      vertex 145.048 118.664 9
      vertex 144.557 116.641 9
      vertex 144.78 116.626 9
    endloop
  endfacet
  facet normal 0 0 1
    outer loop
      vertex 144.5 118.7 9
      vertex 144.557 116.641 9
      vertex 145.048 118.664 9
    endloop
  endfacet
  facet normal 0 0 1
    outer loop
      vertex 144.5 118.7 9
      vertex 144.5 116.644 9
      vertex 144.557 116.641 9
    endloop
  endfacet
  facet normal 0 0 1
    outer loop
      vertex 144.5 118.7 9
      vertex 144.443 116.641 9
      vertex 144.5 116.644 9
    endloop
  endfacet
  facet normal -0 0 1
    outer loop
      vertex 143.952 118.664 9
      vertex 144.443 116.641 9
      vertex 144.5 118.7 9
    endloop
  endfacet
  facet normal 0 0 1
    outer loop
      vertex 144.443 116.641 9
      vertex 143.952 118.664 9
      vertex 144.22 116.626 9
    endloop
  endfacet
  facet normal 0 0 1
    outer loop
      vertex 144.22 116.626 9
      vertex 143.952 118.664 9
      vertex 144.001 116.582 9
    endloop
  endfacet
  facet normal -0 0 1
    outer loop
      vertex 143.413 118.557 9
      vertex 144.001 116.582 9
      vertex 143.952 118.664 9
    endloop
  endfacet
  facet normal 0 0 1
    outer loop
      vertex 144.001 116.582 9
      vertex 143.413 118.557 9
      vertex 143.945 116.571 9
    endloop
  endfacet
  facet normal 0 0 1
    outer loop
      vertex 143.945 116.571 9
      vertex 143.413 118.557 9
      vertex 143.733 116.499 9
    endloop
  endfacet
  facet normal -0 0 1
    outer loop
      vertex 142.893 118.38 9
      vertex 143.733 116.499 9
      vertex 143.413 118.557 9
    endloop
  endfacet
  facet normal 0 0 1
    outer loop
      vertex 143.733 116.499 9
      vertex 142.893 118.38 9
      vertex 143.679 116.481 9
    endloop
  endfacet
  facet normal 0 0 1
    outer loop
      vertex 143.679 116.481 9
      vertex 142.893 118.38 9
      vertex 143.629 116.456 9
    endloop
  endfacet
  facet normal -0 0 1
    outer loop
      vertex 142.4 118.137 9
      vertex 143.629 116.456 9
      vertex 142.893 118.38 9
    endloop
  endfacet
  facet normal 0 0 1
    outer loop
      vertex 143.629 116.456 9
      vertex 142.4 118.137 9
      vertex 143.428 116.357 9
    endloop
  endfacet
  facet normal 0 0 1
    outer loop
      vertex 143.428 116.357 9
      vertex 142.4 118.137 9
      vertex 143.242 116.233 9
    endloop
  endfacet
  facet normal -0 0 1
    outer loop
      vertex 141.943 117.832 9
      vertex 143.242 116.233 9
      vertex 142.4 118.137 9
    endloop
  endfacet
  facet normal 0 0 1
    outer loop
      vertex 143.242 116.233 9
      vertex 141.943 117.832 9
      vertex 143.195 116.201 9
    endloop
  endfacet
  facet normal 0 0 1
    outer loop
      vertex 143.195 116.201 9
      vertex 141.943 117.832 9
      vertex 143.026 116.054 9
    endloop
  endfacet
  facet normal -0 0 1
    outer loop
      vertex 141.53 117.47 9
      vertex 143.026 116.054 9
      vertex 141.943 117.832 9
    endloop
  endfacet
  facet normal 0 0 1
    outer loop
      vertex 143.026 116.054 9
      vertex 141.53 117.47 9
      vertex 142.984 116.016 9
    endloop
  endfacet
  facet normal 0 0 1
    outer loop
      vertex 142.984 116.016 9
      vertex 141.53 117.47 9
      vertex 142.946 115.974 9
    endloop
  endfacet
  facet normal -0 0 1
    outer loop
      vertex 141.168 117.057 9
      vertex 142.946 115.974 9
      vertex 141.53 117.47 9
    endloop
  endfacet
  facet normal 0 0 1
    outer loop
      vertex 142.946 115.974 9
      vertex 141.168 117.057 9
      vertex 142.799 115.805 9
    endloop
  endfacet
  facet normal 0 0 1
    outer loop
      vertex 142.799 115.805 9
      vertex 141.168 117.057 9
      vertex 142.767 115.758 9
    endloop
  endfacet
  facet normal -0 0 1
    outer loop
      vertex 140.863 116.6 9
      vertex 142.767 115.758 9
      vertex 141.168 117.057 9
    endloop
  endfacet
  facet normal 0 0 1
    outer loop
      vertex 142.767 115.758 9
      vertex 140.863 116.6 9
      vertex 142.643 115.572 9
    endloop
  endfacet
  facet normal 0 0 1
    outer loop
      vertex 142.643 115.572 9
      vertex 140.863 116.6 9
      vertex 142.544 115.371 9
    endloop
  endfacet
  facet normal -0 0 1
    outer loop
      vertex 140.62 116.107 9
      vertex 142.544 115.371 9
      vertex 140.863 116.6 9
    endloop
  endfacet
  facet normal 0 0 1
    outer loop
      vertex 142.544 115.371 9
      vertex 140.62 116.107 9
      vertex 142.519 115.321 9
    endloop
  endfacet
  facet normal 0 0 1
    outer loop
      vertex 142.519 115.321 9
      vertex 140.62 116.107 9
      vertex 142.501 115.267 9
    endloop
  endfacet
  facet normal -0 0 1
    outer loop
      vertex 140.443 115.587 9
      vertex 142.501 115.267 9
      vertex 140.62 116.107 9
    endloop
  endfacet
  facet normal 0 0 1
    outer loop
      vertex 148.557 113.413 9
      vertex 146.499 113.733 9
      vertex 148.38 112.893 9
    endloop
  endfacet
  facet normal -0 0 1
    outer loop
      vertex 146.481 113.679 9
      vertex 148.38 112.893 9
      vertex 146.499 113.733 9
    endloop
  endfacet
  facet normal -0 0 1
    outer loop
      vertex 146.456 113.629 9
      vertex 148.38 112.893 9
      vertex 146.481 113.679 9
    endloop
  endfacet
  facet normal 0 0 1
    outer loop
      vertex 148.38 112.893 9
      vertex 146.456 113.629 9
      vertex 148.137 112.4 9
    endloop
  endfacet
  facet normal -0 0 1
    outer loop
      vertex 146.357 113.428 9
      vertex 148.137 112.4 9
      vertex 146.456 113.629 9
    endloop
  endfacet
  facet normal -0 0 1
    outer loop
      vertex 146.233 113.242 9
      vertex 148.137 112.4 9
      vertex 146.357 113.428 9
    endloop
  endfacet
  facet normal 0 0 1
    outer loop
      vertex 148.137 112.4 9
      vertex 146.233 113.242 9
      vertex 147.832 111.943 9
    endloop
  endfacet
  facet normal -0 0 1
    outer loop
      vertex 146.201 113.195 9
      vertex 147.832 111.943 9
      vertex 146.233 113.242 9
    endloop
  endfacet
  facet normal -0 0 1
    outer loop
      vertex 146.054 113.026 9
      vertex 147.832 111.943 9
      vertex 146.201 113.195 9
    endloop
  endfacet
  facet normal 0 0 1
    outer loop
      vertex 147.832 111.943 9
      vertex 146.054 113.026 9
      vertex 147.47 111.53 9
    endloop
  endfacet
  facet normal -0 0 1
    outer loop
      vertex 146.016 112.984 9
      vertex 147.47 111.53 9
      vertex 146.054 113.026 9
    endloop
  endfacet
  facet normal -0 0 1
    outer loop
      vertex 145.974 112.946 9
      vertex 147.47 111.53 9
      vertex 146.016 112.984 9
    endloop
  endfacet
  facet normal 0 0 1
    outer loop
      vertex 147.47 111.53 9
      vertex 145.974 112.946 9
      vertex 147.057 111.168 9
    endloop
  endfacet
  facet normal -0 0 1
    outer loop
      vertex 145.805 112.799 9
      vertex 147.057 111.168 9
      vertex 145.974 112.946 9
    endloop
  endfacet
  facet normal -0 0 1
    outer loop
      vertex 145.758 112.767 9
      vertex 147.057 111.168 9
      vertex 145.805 112.799 9
    endloop
  endfacet
  facet normal 0 0 1
    outer loop
      vertex 147.057 111.168 9
      vertex 145.758 112.767 9
      vertex 146.6 110.863 9
    endloop
  endfacet
  facet normal -0 0 1
    outer loop
      vertex 145.572 112.643 9
      vertex 146.6 110.863 9
      vertex 145.758 112.767 9
    endloop
  endfacet
  facet normal -0 0 1
    outer loop
      vertex 145.371 112.544 9
      vertex 146.6 110.863 9
      vertex 145.572 112.643 9
    endloop
  endfacet
  facet normal 0 0 1
    outer loop
      vertex 146.6 110.863 9
      vertex 145.371 112.544 9
      vertex 146.107 110.62 9
    endloop
  endfacet
  facet normal -0 0 1
    outer loop
      vertex 145.321 112.519 9
      vertex 146.107 110.62 9
      vertex 145.371 112.544 9
    endloop
  endfacet
  facet normal -0 0 1
    outer loop
      vertex 145.267 112.501 9
      vertex 146.107 110.62 9
      vertex 145.321 112.519 9
    endloop
  endfacet
  facet normal 0 0 1
    outer loop
      vertex 146.107 110.62 9
      vertex 145.267 112.501 9
      vertex 145.587 110.443 9
    endloop
  endfacet
  facet normal -0 0 1
    outer loop
      vertex 145.055 112.429 9
      vertex 145.587 110.443 9
      vertex 145.267 112.501 9
    endloop
  endfacet
  facet normal -0 0 1
    outer loop
      vertex 144.999 112.418 9
      vertex 145.587 110.443 9
      vertex 145.055 112.429 9
    endloop
  endfacet
  facet normal 0 0 1
    outer loop
      vertex 145.587 110.443 9
      vertex 144.999 112.418 9
      vertex 145.048 110.336 9
    endloop
  endfacet
  facet normal -0 0 1
    outer loop
      vertex 144.78 112.374 9
      vertex 145.048 110.336 9
      vertex 144.999 112.418 9
    endloop
  endfacet
  facet normal -0 0 1
    outer loop
      vertex 144.557 112.359 9
      vertex 145.048 110.336 9
      vertex 144.78 112.374 9
    endloop
  endfacet
  facet normal 0 0 1
    outer loop
      vertex 144.5 110.3 9
      vertex 144.557 112.359 9
      vertex 144.5 112.356 9
    endloop
  endfacet
  facet normal 0 0 1
    outer loop
      vertex 144.557 112.359 9
      vertex 144.5 110.3 9
      vertex 145.048 110.336 9
    endloop
  endfacet
  facet normal 0 0 1
    outer loop
      vertex 144.443 112.359 9
      vertex 144.5 110.3 9
      vertex 144.5 112.356 9
    endloop
  endfacet
  facet normal 0 0 1
    outer loop
      vertex 143.952 110.336 9
      vertex 144.443 112.359 9
      vertex 144.22 112.374 9
    endloop
  endfacet
  facet normal 0 0 1
    outer loop
      vertex 143.952 110.336 9
      vertex 144.22 112.374 9
      vertex 144.001 112.418 9
    endloop
  endfacet
  facet normal 0 0 1
    outer loop
      vertex 144.443 112.359 9
      vertex 143.952 110.336 9
      vertex 144.5 110.3 9
    endloop
  endfacet
  facet normal 0 0 1
    outer loop
      vertex 143.413 110.443 9
      vertex 144.001 112.418 9
      vertex 143.945 112.429 9
    endloop
  endfacet
  facet normal 0 0 1
    outer loop
      vertex 143.413 110.443 9
      vertex 143.945 112.429 9
      vertex 143.733 112.501 9
    endloop
  endfacet
  facet normal 0 0 1
    outer loop
      vertex 142.893 110.62 9
      vertex 143.733 112.501 9
      vertex 143.679 112.519 9
    endloop
  endfacet
  facet normal 0 0 1
    outer loop
      vertex 142.893 110.62 9
      vertex 143.679 112.519 9
      vertex 143.629 112.544 9
    endloop
  endfacet
  facet normal 0 0 1
    outer loop
      vertex 142.4 110.863 9
      vertex 143.629 112.544 9
      vertex 143.428 112.643 9
    endloop
  endfacet
  facet normal 0 0 1
    outer loop
      vertex 144.001 112.418 9
      vertex 143.413 110.443 9
      vertex 143.952 110.336 9
    endloop
  endfacet
  facet normal 0 0 1
    outer loop
      vertex 142.4 110.863 9
      vertex 143.428 112.643 9
      vertex 143.242 112.767 9
    endloop
  endfacet
  facet normal 0 0 1
    outer loop
      vertex 141.943 111.168 9
      vertex 143.242 112.767 9
      vertex 143.195 112.799 9
    endloop
  endfacet
  facet normal 0 0 1
    outer loop
      vertex 141.943 111.168 9
      vertex 143.195 112.799 9
      vertex 143.026 112.946 9
    endloop
  endfacet
  facet normal 0 0 1
    outer loop
      vertex 141.53 111.53 9
      vertex 143.026 112.946 9
      vertex 142.984 112.984 9
    endloop
  endfacet
  facet normal 0 0 1
    outer loop
      vertex 141.53 111.53 9
      vertex 142.984 112.984 9
      vertex 142.946 113.026 9
    endloop
  endfacet
  facet normal 0 0 1
    outer loop
      vertex 143.733 112.501 9
      vertex 142.893 110.62 9
      vertex 143.413 110.443 9
    endloop
  endfacet
  facet normal 0 0 1
    outer loop
      vertex 141.168 111.943 9
      vertex 142.946 113.026 9
      vertex 142.799 113.195 9
    endloop
  endfacet
  facet normal 0 0 1
    outer loop
      vertex 141.168 111.943 9
      vertex 142.799 113.195 9
      vertex 142.767 113.242 9
    endloop
  endfacet
  facet normal 0 0 1
    outer loop
      vertex 140.863 112.4 9
      vertex 142.767 113.242 9
      vertex 142.643 113.428 9
    endloop
  endfacet
  facet normal 0 0 1
    outer loop
      vertex 140.863 112.4 9
      vertex 142.643 113.428 9
      vertex 142.544 113.629 9
    endloop
  endfacet
  facet normal 0 0 1
    outer loop
      vertex 140.62 112.893 9
      vertex 142.544 113.629 9
      vertex 142.519 113.679 9
    endloop
  endfacet
  facet normal 0 0 1
    outer loop
      vertex 140.62 112.893 9
      vertex 142.519 113.679 9
      vertex 142.501 113.733 9
    endloop
  endfacet
  facet normal 0 0 1
    outer loop
      vertex 140.443 113.413 9
      vertex 142.501 113.733 9
      vertex 142.429 113.945 9
    endloop
  endfacet
  facet normal 0 0 1
    outer loop
      vertex 140.443 113.413 9
      vertex 142.429 113.945 9
      vertex 142.418 114.001 9
    endloop
  endfacet
  facet normal 0 0 1
    outer loop
      vertex 143.629 112.544 9
      vertex 142.4 110.863 9
      vertex 142.893 110.62 9
    endloop
  endfacet
  facet normal 0 0 1
    outer loop
      vertex 140.336 113.952 9
      vertex 142.418 114.001 9
      vertex 142.374 114.22 9
    endloop
  endfacet
  facet normal 0 0 1
    outer loop
      vertex 140.336 113.952 9
      vertex 142.374 114.22 9
      vertex 142.359 114.443 9
    endloop
  endfacet
  facet normal -0 0 1
    outer loop
      vertex 140.3 114.5 9
      vertex 142.359 114.443 9
      vertex 142.356 114.5 9
    endloop
  endfacet
  facet normal 0 0 1
    outer loop
      vertex 142.501 115.267 9
      vertex 140.443 115.587 9
      vertex 142.429 115.055 9
    endloop
  endfacet
  facet normal 0 0 1
    outer loop
      vertex 143.242 112.767 9
      vertex 141.943 111.168 9
      vertex 142.4 110.863 9
    endloop
  endfacet
  facet normal 0 0 1
    outer loop
      vertex 142.429 115.055 9
      vertex 140.443 115.587 9
      vertex 142.418 114.999 9
    endloop
  endfacet
  facet normal 0 0 1
    outer loop
      vertex 143.026 112.946 9
      vertex 141.53 111.53 9
      vertex 141.943 111.168 9
    endloop
  endfacet
  facet normal -0 0 1
    outer loop
      vertex 140.336 115.048 9
      vertex 142.418 114.999 9
      vertex 140.443 115.587 9
    endloop
  endfacet
  facet normal 0 0 1
    outer loop
      vertex 142.946 113.026 9
      vertex 141.168 111.943 9
      vertex 141.53 111.53 9
    endloop
  endfacet
  facet normal 0 0 1
    outer loop
      vertex 142.418 114.999 9
      vertex 140.336 115.048 9
      vertex 142.374 114.78 9
    endloop
  endfacet
  facet normal 0 0 1
    outer loop
      vertex 142.767 113.242 9
      vertex 140.863 112.4 9
      vertex 141.168 111.943 9
    endloop
  endfacet
  facet normal 0 0 1
    outer loop
      vertex 142.374 114.78 9
      vertex 140.336 115.048 9
      vertex 142.359 114.557 9
    endloop
  endfacet
  facet normal 0 0 1
    outer loop
      vertex 142.544 113.629 9
      vertex 140.62 112.893 9
      vertex 140.863 112.4 9
    endloop
  endfacet
  facet normal 0 0 1
    outer loop
      vertex 140.3 114.5 9
      vertex 142.359 114.557 9
      vertex 140.336 115.048 9
    endloop
  endfacet
  facet normal 0 0 1
    outer loop
      vertex 142.501 113.733 9
      vertex 140.443 113.413 9
      vertex 140.62 112.893 9
    endloop
  endfacet
  facet normal 0 0 1
    outer loop
      vertex 142.359 114.557 9
      vertex 140.3 114.5 9
      vertex 142.356 114.5 9
    endloop
  endfacet
  facet normal 0 0 1
    outer loop
      vertex 142.418 114.001 9
      vertex 140.336 113.952 9
      vertex 140.443 113.413 9
    endloop
  endfacet
  facet normal 0 0 1
    outer loop
      vertex 142.359 114.443 9
      vertex 140.3 114.5 9
      vertex 140.336 113.952 9
    endloop
  endfacet
  facet normal -0.659149 0.752012 0
    outer loop
      vertex 141.943 117.832 2.4
      vertex 141.53 117.47 9
      vertex 141.943 117.832 9
    endloop
  endfacet
  facet normal -0.659149 0.752012 0
    outer loop
      vertex 141.53 117.47 9
      vertex 141.943 117.832 2.4
      vertex 141.53 117.47 2.4
    endloop
  endfacet
  facet normal 0.997849 -0.0655521 0
    outer loop
      vertex 148.664 113.952 9
      vertex 148.7 114.5 2.4
      vertex 148.7 114.5 9
    endloop
  endfacet
  facet normal 0.997849 -0.0655521 0
    outer loop
      vertex 148.7 114.5 2.4
      vertex 148.664 113.952 9
      vertex 148.664 113.952 2.4
    endloop
  endfacet
  facet normal -0.322229 -0.946662 0
    outer loop
      vertex 142.893 110.62 2.4
      vertex 143.413 110.443 9
      vertex 142.893 110.62 9
    endloop
  endfacet
  facet normal -0.322229 -0.946662 -0
    outer loop
      vertex 143.413 110.443 9
      vertex 142.893 110.62 2.4
      vertex 143.413 110.443 2.4
    endloop
  endfacet
  facet normal -0.98086 -0.194716 0
    outer loop
      vertex 140.443 113.413 2.4
      vertex 140.336 113.952 9
      vertex 140.336 113.952 2.4
    endloop
  endfacet
  facet normal -0.98086 -0.194716 0
    outer loop
      vertex 140.336 113.952 9
      vertex 140.443 113.413 2.4
      vertex 140.443 113.413 9
    endloop
  endfacet
  facet normal 0.659149 -0.752012 0
    outer loop
      vertex 147.057 111.168 2.4
      vertex 147.47 111.53 9
      vertex 147.057 111.168 9
    endloop
  endfacet
  facet normal 0.659149 -0.752012 0
    outer loop
      vertex 147.47 111.53 9
      vertex 147.057 111.168 2.4
      vertex 147.47 111.53 2.4
    endloop
  endfacet
  facet normal 0.0655521 -0.997849 0
    outer loop
      vertex 144.5 110.3 2.4
      vertex 145.048 110.336 9
      vertex 144.5 110.3 9
    endloop
  endfacet
  facet normal 0.0655521 -0.997849 0
    outer loop
      vertex 145.048 110.336 9
      vertex 144.5 110.3 2.4
      vertex 145.048 110.336 2.4
    endloop
  endfacet
  facet normal -0.55512 -0.83177 0
    outer loop
      vertex 141.943 111.168 2.4
      vertex 142.4 110.863 9
      vertex 141.943 111.168 9
    endloop
  endfacet
  facet normal -0.55512 -0.83177 -0
    outer loop
      vertex 142.4 110.863 9
      vertex 141.943 111.168 2.4
      vertex 142.4 110.863 2.4
    endloop
  endfacet
  facet normal -0.442112 -0.89696 0
    outer loop
      vertex 142.4 110.863 2.4
      vertex 142.893 110.62 9
      vertex 142.4 110.863 9
    endloop
  endfacet
  facet normal -0.442112 -0.89696 -0
    outer loop
      vertex 142.893 110.62 9
      vertex 142.4 110.863 2.4
      vertex 142.893 110.62 2.4
    endloop
  endfacet
  facet normal -0.659149 -0.752012 0
    outer loop
      vertex 141.53 111.53 2.4
      vertex 141.943 111.168 9
      vertex 141.53 111.53 9
    endloop
  endfacet
  facet normal -0.659149 -0.752012 -0
    outer loop
      vertex 141.943 111.168 9
      vertex 141.53 111.53 2.4
      vertex 141.943 111.168 2.4
    endloop
  endfacet
  facet normal -0.946662 -0.322229 0
    outer loop
      vertex 140.62 112.893 2.4
      vertex 140.443 113.413 9
      vertex 140.443 113.413 2.4
    endloop
  endfacet
  facet normal -0.946662 -0.322229 0
    outer loop
      vertex 140.443 113.413 9
      vertex 140.62 112.893 2.4
      vertex 140.62 112.893 9
    endloop
  endfacet
  facet normal 0.752012 -0.659149 0
    outer loop
      vertex 147.47 111.53 9
      vertex 147.832 111.943 2.4
      vertex 147.832 111.943 9
    endloop
  endfacet
  facet normal 0.752012 -0.659149 0
    outer loop
      vertex 147.832 111.943 2.4
      vertex 147.47 111.53 9
      vertex 147.47 111.53 2.4
    endloop
  endfacet
  facet normal -0.554027 -0.832499 0
    outer loop
      vertex 14.525 106.909 2.3
      vertex 14.6392 106.833 5.8
      vertex 14.525 106.909 5.8
    endloop
  endfacet
  facet normal -0.554027 -0.832499 -0
    outer loop
      vertex 14.6392 106.833 5.8
      vertex 14.525 106.909 2.3
      vertex 14.6392 106.833 2.3
    endloop
  endfacet
  facet normal 0.980859 -0.194719 0
    outer loop
      vertex 12.959 106.137 5.8
      vertex 12.9858 106.272 2.3
      vertex 12.9858 106.272 5.8
    endloop
  endfacet
  facet normal 0.980859 -0.194719 0
    outer loop
      vertex 12.9858 106.272 2.3
      vertex 12.959 106.137 5.8
      vertex 12.959 106.137 2.3
    endloop
  endfacet
  facet normal -0.980859 0.194719 0
    outer loop
      vertex 15.0142 105.728 2.3
      vertex 15.041 105.863 5.8
      vertex 15.041 105.863 2.3
    endloop
  endfacet
  facet normal -0.980859 0.194719 0
    outer loop
      vertex 15.041 105.863 5.8
      vertex 15.0142 105.728 2.3
      vertex 15.0142 105.728 5.8
    endloop
  endfacet
  facet normal 0.196536 0.980497 -0
    outer loop
      vertex 13.8629 104.959 2.3
      vertex 13.7282 104.986 5.8
      vertex 13.8629 104.959 5.8
    endloop
  endfacet
  facet normal 0.196536 0.980497 0
    outer loop
      vertex 13.7282 104.986 5.8
      vertex 13.8629 104.959 2.3
      vertex 13.7282 104.986 2.3
    endloop
  endfacet
  facet normal 0.443719 -0.896166 0
    outer loop
      vertex 13.475 106.909 2.3
      vertex 13.5982 106.97 5.8
      vertex 13.475 106.909 5.8
    endloop
  endfacet
  facet normal 0.443719 -0.896166 0
    outer loop
      vertex 13.5982 106.97 5.8
      vertex 13.475 106.909 2.3
      vertex 13.5982 106.97 2.3
    endloop
  endfacet
  facet normal 0.946995 -0.32125 0
    outer loop
      vertex 12.9858 106.272 5.8
      vertex 13.0299 106.402 2.3
      vertex 13.0299 106.402 5.8
    endloop
  endfacet
  facet normal 0.946995 -0.32125 0
    outer loop
      vertex 13.0299 106.402 2.3
      vertex 12.9858 106.272 5.8
      vertex 12.9858 106.272 2.3
    endloop
  endfacet
  facet normal -0.997849 0.0655521 0
    outer loop
      vertex 15.041 105.863 2.3
      vertex 15.05 106 5.8
      vertex 15.05 106 2.3
    endloop
  endfacet
  facet normal -0.997849 0.0655521 0
    outer loop
      vertex 15.05 106 5.8
      vertex 15.041 105.863 2.3
      vertex 15.041 105.863 5.8
    endloop
  endfacet
  facet normal 0.896459 0.443128 0
    outer loop
      vertex 13.0907 105.475 5.8
      vertex 13.0299 105.598 2.3
      vertex 13.0299 105.598 5.8
    endloop
  endfacet
  facet normal 0.896459 0.443128 0
    outer loop
      vertex 13.0299 105.598 2.3
      vertex 13.0907 105.475 5.8
      vertex 13.0907 105.475 2.3
    endloop
  endfacet
  facet normal 0.320596 0.947216 -0
    outer loop
      vertex 13.7282 104.986 2.3
      vertex 13.5982 105.03 5.8
      vertex 13.7282 104.986 5.8
    endloop
  endfacet
  facet normal 0.320596 0.947216 0
    outer loop
      vertex 13.5982 105.03 5.8
      vertex 13.7282 104.986 2.3
      vertex 13.5982 105.03 2.3
    endloop
  endfacet
  facet normal -0.896459 -0.443128 0
    outer loop
      vertex 14.9701 106.402 2.3
      vertex 14.9093 106.525 5.8
      vertex 14.9093 106.525 2.3
    endloop
  endfacet
  facet normal -0.896459 -0.443128 0
    outer loop
      vertex 14.9093 106.525 5.8
      vertex 14.9701 106.402 2.3
      vertex 14.9701 106.402 5.8
    endloop
  endfacet
  facet normal -0.980859 -0.194719 0
    outer loop
      vertex 15.041 106.137 2.3
      vertex 15.0142 106.272 5.8
      vertex 15.0142 106.272 2.3
    endloop
  endfacet
  facet normal -0.980859 -0.194719 0
    outer loop
      vertex 15.0142 106.272 5.8
      vertex 15.041 106.137 2.3
      vertex 15.041 106.137 5.8
    endloop
  endfacet
  facet normal -0.83104 -0.556213 0
    outer loop
      vertex 14.9093 106.525 2.3
      vertex 14.833 106.639 5.8
      vertex 14.833 106.639 2.3
    endloop
  endfacet
  facet normal -0.83104 -0.556213 0
    outer loop
      vertex 14.833 106.639 5.8
      vertex 14.9093 106.525 2.3
      vertex 14.9093 106.525 5.8
    endloop
  endfacet
  facet normal -0.320596 -0.947216 0
    outer loop
      vertex 14.2718 107.014 2.3
      vertex 14.4018 106.97 5.8
      vertex 14.2718 107.014 5.8
    endloop
  endfacet
  facet normal -0.320596 -0.947216 -0
    outer loop
      vertex 14.4018 106.97 5.8
      vertex 14.2718 107.014 2.3
      vertex 14.4018 106.97 2.3
    endloop
  endfacet
  facet normal -0.0655045 -0.997852 0
    outer loop
      vertex 14 107.05 2.3
      vertex 14.1371 107.041 5.8
      vertex 14 107.05 5.8
    endloop
  endfacet
  facet normal -0.0655045 -0.997852 -0
    outer loop
      vertex 14.1371 107.041 5.8
      vertex 14 107.05 2.3
      vertex 14.1371 107.041 2.3
    endloop
  endfacet
  facet normal 0 0 1
    outer loop
      vertex 15.041 106.137 2.3
      vertex 15.041 105.863 2.3
      vertex 15.05 106 2.3
    endloop
  endfacet
  facet normal 0 0 1
    outer loop
      vertex 15.0142 106.272 2.3
      vertex 15.041 105.863 2.3
      vertex 15.041 106.137 2.3
    endloop
  endfacet
  facet normal 0 0 1
    outer loop
      vertex 15.0142 106.272 2.3
      vertex 15.0142 105.728 2.3
      vertex 15.041 105.863 2.3
    endloop
  endfacet
  facet normal 0 0 1
    outer loop
      vertex 14.9701 106.402 2.3
      vertex 15.0142 105.728 2.3
      vertex 15.0142 106.272 2.3
    endloop
  endfacet
  facet normal 0 0 1
    outer loop
      vertex 14.9701 106.402 2.3
      vertex 14.9701 105.598 2.3
      vertex 15.0142 105.728 2.3
    endloop
  endfacet
  facet normal 0 0 1
    outer loop
      vertex 14.9093 106.525 2.3
      vertex 14.9701 105.598 2.3
      vertex 14.9701 106.402 2.3
    endloop
  endfacet
  facet normal 0 0 1
    outer loop
      vertex 14.9093 106.525 2.3
      vertex 14.9093 105.475 2.3
      vertex 14.9701 105.598 2.3
    endloop
  endfacet
  facet normal 0 0 1
    outer loop
      vertex 14.833 106.639 2.3
      vertex 14.9093 105.475 2.3
      vertex 14.9093 106.525 2.3
    endloop
  endfacet
  facet normal 0 0 1
    outer loop
      vertex 14.833 106.639 2.3
      vertex 14.833 105.361 2.3
      vertex 14.9093 105.475 2.3
    endloop
  endfacet
  facet normal 0 0 1
    outer loop
      vertex 14.7425 106.742 2.3
      vertex 14.833 105.361 2.3
      vertex 14.833 106.639 2.3
    endloop
  endfacet
  facet normal 0 0 1
    outer loop
      vertex 14.7425 106.742 2.3
      vertex 14.7425 105.258 2.3
      vertex 14.833 105.361 2.3
    endloop
  endfacet
  facet normal 0 0 1
    outer loop
      vertex 14.6392 106.833 2.3
      vertex 14.7425 105.258 2.3
      vertex 14.7425 106.742 2.3
    endloop
  endfacet
  facet normal 0 0 1
    outer loop
      vertex 14.6392 106.833 2.3
      vertex 14.6392 105.167 2.3
      vertex 14.7425 105.258 2.3
    endloop
  endfacet
  facet normal 0 0 1
    outer loop
      vertex 14.525 106.909 2.3
      vertex 14.6392 105.167 2.3
      vertex 14.6392 106.833 2.3
    endloop
  endfacet
  facet normal 0 0 1
    outer loop
      vertex 14.525 106.909 2.3
      vertex 14.525 105.091 2.3
      vertex 14.6392 105.167 2.3
    endloop
  endfacet
  facet normal 0 0 1
    outer loop
      vertex 14.4018 106.97 2.3
      vertex 14.525 105.091 2.3
      vertex 14.525 106.909 2.3
    endloop
  endfacet
  facet normal 0 0 1
    outer loop
      vertex 14.4018 106.97 2.3
      vertex 14.4018 105.03 2.3
      vertex 14.525 105.091 2.3
    endloop
  endfacet
  facet normal 0 0 1
    outer loop
      vertex 14.2718 107.014 2.3
      vertex 14.4018 105.03 2.3
      vertex 14.4018 106.97 2.3
    endloop
  endfacet
  facet normal 0 0 1
    outer loop
      vertex 14.2718 107.014 2.3
      vertex 14.2718 104.986 2.3
      vertex 14.4018 105.03 2.3
    endloop
  endfacet
  facet normal 0 0 1
    outer loop
      vertex 14.1371 107.041 2.3
      vertex 14.2718 104.986 2.3
      vertex 14.2718 107.014 2.3
    endloop
  endfacet
  facet normal 0 0 1
    outer loop
      vertex 14.1371 107.041 2.3
      vertex 14.1371 104.959 2.3
      vertex 14.2718 104.986 2.3
    endloop
  endfacet
  facet normal 0 0 1
    outer loop
      vertex 14 107.05 2.3
      vertex 14.1371 104.959 2.3
      vertex 14.1371 107.041 2.3
    endloop
  endfacet
  facet normal 0 0 1
    outer loop
      vertex 14 107.05 2.3
      vertex 14 104.95 2.3
      vertex 14.1371 104.959 2.3
    endloop
  endfacet
  facet normal -0 0 1
    outer loop
      vertex 13.8629 107.041 2.3
      vertex 14 104.95 2.3
      vertex 14 107.05 2.3
    endloop
  endfacet
  facet normal 0 0 1
    outer loop
      vertex 13.8629 107.041 2.3
      vertex 13.8629 104.959 2.3
      vertex 14 104.95 2.3
    endloop
  endfacet
  facet normal -0 0 1
    outer loop
      vertex 13.7282 107.014 2.3
      vertex 13.8629 104.959 2.3
      vertex 13.8629 107.041 2.3
    endloop
  endfacet
  facet normal 0 0 1
    outer loop
      vertex 13.7282 107.014 2.3
      vertex 13.7282 104.986 2.3
      vertex 13.8629 104.959 2.3
    endloop
  endfacet
  facet normal -0 0 1
    outer loop
      vertex 13.5982 106.97 2.3
      vertex 13.7282 104.986 2.3
      vertex 13.7282 107.014 2.3
    endloop
  endfacet
  facet normal 0 0 1
    outer loop
      vertex 13.5982 106.97 2.3
      vertex 13.5982 105.03 2.3
      vertex 13.7282 104.986 2.3
    endloop
  endfacet
  facet normal -0 0 1
    outer loop
      vertex 13.475 106.909 2.3
      vertex 13.5982 105.03 2.3
      vertex 13.5982 106.97 2.3
    endloop
  endfacet
  facet normal 0 0 1
    outer loop
      vertex 13.475 106.909 2.3
      vertex 13.475 105.091 2.3
      vertex 13.5982 105.03 2.3
    endloop
  endfacet
  facet normal -0 0 1
    outer loop
      vertex 13.3608 106.833 2.3
      vertex 13.475 105.091 2.3
      vertex 13.475 106.909 2.3
    endloop
  endfacet
  facet normal 0 0 1
    outer loop
      vertex 13.3608 106.833 2.3
      vertex 13.3608 105.167 2.3
      vertex 13.475 105.091 2.3
    endloop
  endfacet
  facet normal -0 0 1
    outer loop
      vertex 13.2575 106.742 2.3
      vertex 13.3608 105.167 2.3
      vertex 13.3608 106.833 2.3
    endloop
  endfacet
  facet normal 0 0 1
    outer loop
      vertex 13.2575 106.742 2.3
      vertex 13.2575 105.258 2.3
      vertex 13.3608 105.167 2.3
    endloop
  endfacet
  facet normal -0 0 1
    outer loop
      vertex 13.167 106.639 2.3
      vertex 13.2575 105.258 2.3
      vertex 13.2575 106.742 2.3
    endloop
  endfacet
  facet normal 0 0 1
    outer loop
      vertex 13.167 106.639 2.3
      vertex 13.167 105.361 2.3
      vertex 13.2575 105.258 2.3
    endloop
  endfacet
  facet normal -0 0 1
    outer loop
      vertex 13.0907 106.525 2.3
      vertex 13.167 105.361 2.3
      vertex 13.167 106.639 2.3
    endloop
  endfacet
  facet normal 0 0 1
    outer loop
      vertex 13.0907 106.525 2.3
      vertex 13.0907 105.475 2.3
      vertex 13.167 105.361 2.3
    endloop
  endfacet
  facet normal -0 0 1
    outer loop
      vertex 13.0299 106.402 2.3
      vertex 13.0907 105.475 2.3
      vertex 13.0907 106.525 2.3
    endloop
  endfacet
  facet normal 0 0 1
    outer loop
      vertex 13.0299 106.402 2.3
      vertex 13.0299 105.598 2.3
      vertex 13.0907 105.475 2.3
    endloop
  endfacet
  facet normal -0 0 1
    outer loop
      vertex 12.9858 106.272 2.3
      vertex 13.0299 105.598 2.3
      vertex 13.0299 106.402 2.3
    endloop
  endfacet
  facet normal 0 0 1
    outer loop
      vertex 12.9858 106.272 2.3
      vertex 12.9858 105.728 2.3
      vertex 13.0299 105.598 2.3
    endloop
  endfacet
  facet normal -0 0 1
    outer loop
      vertex 12.959 106.137 2.3
      vertex 12.9858 105.728 2.3
      vertex 12.9858 106.272 2.3
    endloop
  endfacet
  facet normal 0 0 1
    outer loop
      vertex 12.959 106.137 2.3
      vertex 12.959 105.863 2.3
      vertex 12.9858 105.728 2.3
    endloop
  endfacet
  facet normal 0 -0 1
    outer loop
      vertex 12.959 105.863 2.3
      vertex 12.959 106.137 2.3
      vertex 12.95 106 2.3
    endloop
  endfacet
  facet normal 0.997849 -0.0655521 0
    outer loop
      vertex 12.95 106 5.8
      vertex 12.959 106.137 2.3
      vertex 12.959 106.137 5.8
    endloop
  endfacet
  facet normal 0.997849 -0.0655521 0
    outer loop
      vertex 12.959 106.137 2.3
      vertex 12.95 106 5.8
      vertex 12.95 106 2.3
    endloop
  endfacet
  facet normal 0.83104 -0.556213 0
    outer loop
      vertex 13.0907 106.525 5.8
      vertex 13.167 106.639 2.3
      vertex 13.167 106.639 5.8
    endloop
  endfacet
  facet normal 0.83104 -0.556213 0
    outer loop
      vertex 13.167 106.639 2.3
      vertex 13.0907 106.525 5.8
      vertex 13.0907 106.525 2.3
    endloop
  endfacet
  facet normal 0.554027 -0.832499 0
    outer loop
      vertex 13.3608 106.833 2.3
      vertex 13.475 106.909 5.8
      vertex 13.3608 106.833 5.8
    endloop
  endfacet
  facet normal 0.554027 -0.832499 0
    outer loop
      vertex 13.475 106.909 5.8
      vertex 13.3608 106.833 2.3
      vertex 13.475 106.909 2.3
    endloop
  endfacet
  facet normal 0.196536 -0.980497 0
    outer loop
      vertex 13.7282 107.014 2.3
      vertex 13.8629 107.041 5.8
      vertex 13.7282 107.014 5.8
    endloop
  endfacet
  facet normal 0.196536 -0.980497 0
    outer loop
      vertex 13.8629 107.041 5.8
      vertex 13.7282 107.014 2.3
      vertex 13.8629 107.041 2.3
    endloop
  endfacet
  facet normal -0.196536 0.980497 0
    outer loop
      vertex 14.2718 104.986 2.3
      vertex 14.1371 104.959 5.8
      vertex 14.2718 104.986 5.8
    endloop
  endfacet
  facet normal -0.196536 0.980497 0
    outer loop
      vertex 14.1371 104.959 5.8
      vertex 14.2718 104.986 2.3
      vertex 14.1371 104.959 2.3
    endloop
  endfacet
  facet normal -0.946995 0.32125 0
    outer loop
      vertex 14.9701 105.598 2.3
      vertex 15.0142 105.728 5.8
      vertex 15.0142 105.728 2.3
    endloop
  endfacet
  facet normal -0.946995 0.32125 0
    outer loop
      vertex 15.0142 105.728 5.8
      vertex 14.9701 105.598 2.3
      vertex 14.9701 105.598 5.8
    endloop
  endfacet
  facet normal -0.443719 0.896166 0
    outer loop
      vertex 14.525 105.091 2.3
      vertex 14.4018 105.03 5.8
      vertex 14.525 105.091 5.8
    endloop
  endfacet
  facet normal -0.443719 0.896166 0
    outer loop
      vertex 14.4018 105.03 5.8
      vertex 14.525 105.091 2.3
      vertex 14.4018 105.03 2.3
    endloop
  endfacet
  facet normal -0.554027 0.832499 0
    outer loop
      vertex 14.6392 105.167 2.3
      vertex 14.525 105.091 5.8
      vertex 14.6392 105.167 5.8
    endloop
  endfacet
  facet normal -0.554027 0.832499 0
    outer loop
      vertex 14.525 105.091 5.8
      vertex 14.6392 105.167 2.3
      vertex 14.525 105.091 2.3
    endloop
  endfacet
  facet normal 0.0655045 0.997852 -0
    outer loop
      vertex 14 104.95 2.3
      vertex 13.8629 104.959 5.8
      vertex 14 104.95 5.8
    endloop
  endfacet
  facet normal 0.0655045 0.997852 0
    outer loop
      vertex 13.8629 104.959 5.8
      vertex 14 104.95 2.3
      vertex 13.8629 104.959 2.3
    endloop
  endfacet
  facet normal 0.554027 0.832499 -0
    outer loop
      vertex 13.475 105.091 2.3
      vertex 13.3608 105.167 5.8
      vertex 13.475 105.091 5.8
    endloop
  endfacet
  facet normal 0.554027 0.832499 0
    outer loop
      vertex 13.3608 105.167 5.8
      vertex 13.475 105.091 2.3
      vertex 13.3608 105.167 2.3
    endloop
  endfacet
  facet normal 0.83104 0.556213 0
    outer loop
      vertex 13.167 105.361 5.8
      vertex 13.0907 105.475 2.3
      vertex 13.0907 105.475 5.8
    endloop
  endfacet
  facet normal 0.83104 0.556213 0
    outer loop
      vertex 13.0907 105.475 2.3
      vertex 13.167 105.361 5.8
      vertex 13.167 105.361 2.3
    endloop
  endfacet
  facet normal 0.980859 0.194719 0
    outer loop
      vertex 12.9858 105.728 5.8
      vertex 12.959 105.863 2.3
      vertex 12.959 105.863 5.8
    endloop
  endfacet
  facet normal 0.980859 0.194719 0
    outer loop
      vertex 12.959 105.863 2.3
      vertex 12.9858 105.728 5.8
      vertex 12.9858 105.728 2.3
    endloop
  endfacet
  facet normal -0.946995 -0.32125 0
    outer loop
      vertex 15.0142 106.272 2.3
      vertex 14.9701 106.402 5.8
      vertex 14.9701 106.402 2.3
    endloop
  endfacet
  facet normal -0.946995 -0.32125 0
    outer loop
      vertex 14.9701 106.402 5.8
      vertex 15.0142 106.272 2.3
      vertex 15.0142 106.272 5.8
    endloop
  endfacet
  facet normal -0.75122 -0.660052 0
    outer loop
      vertex 14.833 106.639 2.3
      vertex 14.7425 106.742 5.8
      vertex 14.7425 106.742 2.3
    endloop
  endfacet
  facet normal -0.75122 -0.660052 0
    outer loop
      vertex 14.7425 106.742 5.8
      vertex 14.833 106.639 2.3
      vertex 14.833 106.639 5.8
    endloop
  endfacet
  facet normal -0.661021 -0.750368 0
    outer loop
      vertex 14.6392 106.833 2.3
      vertex 14.7425 106.742 5.8
      vertex 14.6392 106.833 5.8
    endloop
  endfacet
  facet normal -0.661021 -0.750368 -0
    outer loop
      vertex 14.7425 106.742 5.8
      vertex 14.6392 106.833 2.3
      vertex 14.7425 106.742 2.3
    endloop
  endfacet
  facet normal 0.0655045 -0.997852 0
    outer loop
      vertex 13.8629 107.041 2.3
      vertex 14 107.05 5.8
      vertex 13.8629 107.041 5.8
    endloop
  endfacet
  facet normal 0.0655045 -0.997852 0
    outer loop
      vertex 14 107.05 5.8
      vertex 13.8629 107.041 2.3
      vertex 14 107.05 2.3
    endloop
  endfacet
  facet normal -0.443719 -0.896166 0
    outer loop
      vertex 14.4018 106.97 2.3
      vertex 14.525 106.909 5.8
      vertex 14.4018 106.97 5.8
    endloop
  endfacet
  facet normal -0.443719 -0.896166 -0
    outer loop
      vertex 14.525 106.909 5.8
      vertex 14.4018 106.97 2.3
      vertex 14.525 106.909 2.3
    endloop
  endfacet
  facet normal -0.196536 -0.980497 0
    outer loop
      vertex 14.1371 107.041 2.3
      vertex 14.2718 107.014 5.8
      vertex 14.1371 107.041 5.8
    endloop
  endfacet
  facet normal -0.196536 -0.980497 -0
    outer loop
      vertex 14.2718 107.014 5.8
      vertex 14.1371 107.041 2.3
      vertex 14.2718 107.014 2.3
    endloop
  endfacet
  facet normal 0.896459 -0.443128 0
    outer loop
      vertex 13.0299 106.402 5.8
      vertex 13.0907 106.525 2.3
      vertex 13.0907 106.525 5.8
    endloop
  endfacet
  facet normal 0.896459 -0.443128 0
    outer loop
      vertex 13.0907 106.525 2.3
      vertex 13.0299 106.402 5.8
      vertex 13.0299 106.402 2.3
    endloop
  endfacet
  facet normal 0.320596 -0.947216 0
    outer loop
      vertex 13.5982 106.97 2.3
      vertex 13.7282 107.014 5.8
      vertex 13.5982 106.97 5.8
    endloop
  endfacet
  facet normal 0.320596 -0.947216 0
    outer loop
      vertex 13.7282 107.014 5.8
      vertex 13.5982 106.97 2.3
      vertex 13.7282 107.014 2.3
    endloop
  endfacet
  facet normal 0.661021 -0.750368 0
    outer loop
      vertex 13.2575 106.742 2.3
      vertex 13.3608 106.833 5.8
      vertex 13.2575 106.742 5.8
    endloop
  endfacet
  facet normal 0.661021 -0.750368 0
    outer loop
      vertex 13.3608 106.833 5.8
      vertex 13.2575 106.742 2.3
      vertex 13.3608 106.833 2.3
    endloop
  endfacet
  facet normal 0.75122 -0.660052 0
    outer loop
      vertex 13.167 106.639 5.8
      vertex 13.2575 106.742 2.3
      vertex 13.2575 106.742 5.8
    endloop
  endfacet
  facet normal 0.75122 -0.660052 0
    outer loop
      vertex 13.2575 106.742 2.3
      vertex 13.167 106.639 5.8
      vertex 13.167 106.639 2.3
    endloop
  endfacet
  facet normal -0.997849 -0.0655521 0
    outer loop
      vertex 15.05 106 2.3
      vertex 15.041 106.137 5.8
      vertex 15.041 106.137 2.3
    endloop
  endfacet
  facet normal -0.997849 -0.0655521 0
    outer loop
      vertex 15.041 106.137 5.8
      vertex 15.05 106 2.3
      vertex 15.05 106 5.8
    endloop
  endfacet
  facet normal -0.83104 0.556213 0
    outer loop
      vertex 14.833 105.361 2.3
      vertex 14.9093 105.475 5.8
      vertex 14.9093 105.475 2.3
    endloop
  endfacet
  facet normal -0.83104 0.556213 0
    outer loop
      vertex 14.9093 105.475 5.8
      vertex 14.833 105.361 2.3
      vertex 14.833 105.361 5.8
    endloop
  endfacet
  facet normal -0.896459 0.443128 0
    outer loop
      vertex 14.9093 105.475 2.3
      vertex 14.9701 105.598 5.8
      vertex 14.9701 105.598 2.3
    endloop
  endfacet
  facet normal -0.896459 0.443128 0
    outer loop
      vertex 14.9701 105.598 5.8
      vertex 14.9093 105.475 2.3
      vertex 14.9093 105.475 5.8
    endloop
  endfacet
  facet normal -0.320596 0.947216 0
    outer loop
      vertex 14.4018 105.03 2.3
      vertex 14.2718 104.986 5.8
      vertex 14.4018 105.03 5.8
    endloop
  endfacet
  facet normal -0.320596 0.947216 0
    outer loop
      vertex 14.2718 104.986 5.8
      vertex 14.4018 105.03 2.3
      vertex 14.2718 104.986 2.3
    endloop
  endfacet
  facet normal -0.75122 0.660052 0
    outer loop
      vertex 14.7425 105.258 2.3
      vertex 14.833 105.361 5.8
      vertex 14.833 105.361 2.3
    endloop
  endfacet
  facet normal -0.75122 0.660052 0
    outer loop
      vertex 14.833 105.361 5.8
      vertex 14.7425 105.258 2.3
      vertex 14.7425 105.258 5.8
    endloop
  endfacet
  facet normal -0.661021 0.750368 0
    outer loop
      vertex 14.7425 105.258 2.3
      vertex 14.6392 105.167 5.8
      vertex 14.7425 105.258 5.8
    endloop
  endfacet
  facet normal -0.661021 0.750368 0
    outer loop
      vertex 14.6392 105.167 5.8
      vertex 14.7425 105.258 2.3
      vertex 14.6392 105.167 2.3
    endloop
  endfacet
  facet normal -0.0655045 0.997852 0
    outer loop
      vertex 14.1371 104.959 2.3
      vertex 14 104.95 5.8
      vertex 14.1371 104.959 5.8
    endloop
  endfacet
  facet normal -0.0655045 0.997852 0
    outer loop
      vertex 14 104.95 5.8
      vertex 14.1371 104.959 2.3
      vertex 14 104.95 2.3
    endloop
  endfacet
  facet normal 0.443719 0.896166 -0
    outer loop
      vertex 13.5982 105.03 2.3
      vertex 13.475 105.091 5.8
      vertex 13.5982 105.03 5.8
    endloop
  endfacet
  facet normal 0.443719 0.896166 0
    outer loop
      vertex 13.475 105.091 5.8
      vertex 13.5982 105.03 2.3
      vertex 13.475 105.091 2.3
    endloop
  endfacet
  facet normal 0.946995 0.32125 0
    outer loop
      vertex 13.0299 105.598 5.8
      vertex 12.9858 105.728 2.3
      vertex 12.9858 105.728 5.8
    endloop
  endfacet
  facet normal 0.946995 0.32125 0
    outer loop
      vertex 12.9858 105.728 2.3
      vertex 13.0299 105.598 5.8
      vertex 13.0299 105.598 2.3
    endloop
  endfacet
  facet normal 0.75122 0.660052 0
    outer loop
      vertex 13.2575 105.258 5.8
      vertex 13.167 105.361 2.3
      vertex 13.167 105.361 5.8
    endloop
  endfacet
  facet normal 0.75122 0.660052 0
    outer loop
      vertex 13.167 105.361 2.3
      vertex 13.2575 105.258 5.8
      vertex 13.2575 105.258 2.3
    endloop
  endfacet
  facet normal 0.997849 0.0655521 0
    outer loop
      vertex 12.959 105.863 5.8
      vertex 12.95 106 2.3
      vertex 12.95 106 5.8
    endloop
  endfacet
  facet normal 0.997849 0.0655521 0
    outer loop
      vertex 12.95 106 2.3
      vertex 12.959 105.863 5.8
      vertex 12.959 105.863 2.3
    endloop
  endfacet
  facet normal 0.661021 0.750368 -0
    outer loop
      vertex 13.3608 105.167 2.3
      vertex 13.2575 105.258 5.8
      vertex 13.3608 105.167 5.8
    endloop
  endfacet
  facet normal 0.661021 0.750368 0
    outer loop
      vertex 13.2575 105.258 5.8
      vertex 13.3608 105.167 2.3
      vertex 13.2575 105.258 2.3
    endloop
  endfacet
  facet normal -0.556213 -0.83104 0
    outer loop
      vertex 115.525 85.9093 2.3
      vertex 115.639 85.833 5.8
      vertex 115.525 85.9093 5.8
    endloop
  endfacet
  facet normal -0.556213 -0.83104 -0
    outer loop
      vertex 115.639 85.833 5.8
      vertex 115.525 85.9093 2.3
      vertex 115.639 85.833 2.3
    endloop
  endfacet
  facet normal 0.980497 -0.196536 0
    outer loop
      vertex 113.959 85.1371 5.8
      vertex 113.986 85.2718 2.3
      vertex 113.986 85.2718 5.8
    endloop
  endfacet
  facet normal 0.980497 -0.196536 0
    outer loop
      vertex 113.986 85.2718 2.3
      vertex 113.959 85.1371 5.8
      vertex 113.959 85.1371 2.3
    endloop
  endfacet
  facet normal -0.980497 0.196536 0
    outer loop
      vertex 116.014 84.7282 2.3
      vertex 116.041 84.8629 5.8
      vertex 116.041 84.8629 2.3
    endloop
  endfacet
  facet normal -0.980497 0.196536 0
    outer loop
      vertex 116.041 84.8629 5.8
      vertex 116.014 84.7282 2.3
      vertex 116.014 84.7282 5.8
    endloop
  endfacet
  facet normal 0.194719 0.980859 -0
    outer loop
      vertex 114.863 83.959 2.3
      vertex 114.728 83.9858 5.8
      vertex 114.863 83.959 5.8
    endloop
  endfacet
  facet normal 0.194719 0.980859 0
    outer loop
      vertex 114.728 83.9858 5.8
      vertex 114.863 83.959 2.3
      vertex 114.728 83.9858 2.3
    endloop
  endfacet
  facet normal 0.443128 -0.896459 0
    outer loop
      vertex 114.475 85.9093 2.3
      vertex 114.598 85.9701 5.8
      vertex 114.475 85.9093 5.8
    endloop
  endfacet
  facet normal 0.443128 -0.896459 0
    outer loop
      vertex 114.598 85.9701 5.8
      vertex 114.475 85.9093 2.3
      vertex 114.598 85.9701 2.3
    endloop
  endfacet
  facet normal 0.947216 -0.320596 0
    outer loop
      vertex 113.986 85.2718 5.8
      vertex 114.03 85.4018 2.3
      vertex 114.03 85.4018 5.8
    endloop
  endfacet
  facet normal 0.947216 -0.320596 0
    outer loop
      vertex 114.03 85.4018 2.3
      vertex 113.986 85.2718 5.8
      vertex 113.986 85.2718 2.3
    endloop
  endfacet
  facet normal -0.997852 0.0655045 0
    outer loop
      vertex 116.041 84.8629 2.3
      vertex 116.05 85 5.8
      vertex 116.05 85 2.3
    endloop
  endfacet
  facet normal -0.997852 0.0655045 0
    outer loop
      vertex 116.05 85 5.8
      vertex 116.041 84.8629 2.3
      vertex 116.041 84.8629 5.8
    endloop
  endfacet
  facet normal 0.896166 0.443719 0
    outer loop
      vertex 114.091 84.475 5.8
      vertex 114.03 84.5982 2.3
      vertex 114.03 84.5982 5.8
    endloop
  endfacet
  facet normal 0.896166 0.443719 0
    outer loop
      vertex 114.03 84.5982 2.3
      vertex 114.091 84.475 5.8
      vertex 114.091 84.475 2.3
    endloop
  endfacet
  facet normal 0.32125 0.946995 -0
    outer loop
      vertex 114.728 83.9858 2.3
      vertex 114.598 84.0299 5.8
      vertex 114.728 83.9858 5.8
    endloop
  endfacet
  facet normal 0.32125 0.946995 0
    outer loop
      vertex 114.598 84.0299 5.8
      vertex 114.728 83.9858 2.3
      vertex 114.598 84.0299 2.3
    endloop
  endfacet
  facet normal -0.896166 -0.443719 0
    outer loop
      vertex 115.97 85.4018 2.3
      vertex 115.909 85.525 5.8
      vertex 115.909 85.525 2.3
    endloop
  endfacet
  facet normal -0.896166 -0.443719 0
    outer loop
      vertex 115.909 85.525 5.8
      vertex 115.97 85.4018 2.3
      vertex 115.97 85.4018 5.8
    endloop
  endfacet
  facet normal -0.980497 -0.196536 0
    outer loop
      vertex 116.041 85.1371 2.3
      vertex 116.014 85.2718 5.8
      vertex 116.014 85.2718 2.3
    endloop
  endfacet
  facet normal -0.980497 -0.196536 0
    outer loop
      vertex 116.014 85.2718 5.8
      vertex 116.041 85.1371 2.3
      vertex 116.041 85.1371 5.8
    endloop
  endfacet
  facet normal -0.832499 -0.554027 0
    outer loop
      vertex 115.909 85.525 2.3
      vertex 115.833 85.6392 5.8
      vertex 115.833 85.6392 2.3
    endloop
  endfacet
  facet normal -0.832499 -0.554027 0
    outer loop
      vertex 115.833 85.6392 5.8
      vertex 115.909 85.525 2.3
      vertex 115.909 85.525 5.8
    endloop
  endfacet
  facet normal -0.32125 -0.946995 0
    outer loop
      vertex 115.272 86.0142 2.3
      vertex 115.402 85.9701 5.8
      vertex 115.272 86.0142 5.8
    endloop
  endfacet
  facet normal -0.32125 -0.946995 -0
    outer loop
      vertex 115.402 85.9701 5.8
      vertex 115.272 86.0142 2.3
      vertex 115.402 85.9701 2.3
    endloop
  endfacet
  facet normal -0.194719 -0.980859 0
    outer loop
      vertex 115.137 86.041 2.3
      vertex 115.272 86.0142 5.8
      vertex 115.137 86.041 5.8
    endloop
  endfacet
  facet normal -0.194719 -0.980859 -0
    outer loop
      vertex 115.272 86.0142 5.8
      vertex 115.137 86.041 2.3
      vertex 115.272 86.0142 2.3
    endloop
  endfacet
  facet normal -0.0655521 -0.997849 0
    outer loop
      vertex 115 86.05 2.3
      vertex 115.137 86.041 5.8
      vertex 115 86.05 5.8
    endloop
  endfacet
  facet normal -0.0655521 -0.997849 -0
    outer loop
      vertex 115.137 86.041 5.8
      vertex 115 86.05 2.3
      vertex 115.137 86.041 2.3
    endloop
  endfacet
  facet normal 0 0 1
    outer loop
      vertex 116.041 85.1371 2.3
      vertex 116.041 84.8629 2.3
      vertex 116.05 85 2.3
    endloop
  endfacet
  facet normal 0 0 1
    outer loop
      vertex 116.014 85.2718 2.3
      vertex 116.041 84.8629 2.3
      vertex 116.041 85.1371 2.3
    endloop
  endfacet
  facet normal 0 0 1
    outer loop
      vertex 116.014 85.2718 2.3
      vertex 116.014 84.7282 2.3
      vertex 116.041 84.8629 2.3
    endloop
  endfacet
  facet normal 0 0 1
    outer loop
      vertex 115.97 85.4018 2.3
      vertex 116.014 84.7282 2.3
      vertex 116.014 85.2718 2.3
    endloop
  endfacet
  facet normal 0 0 1
    outer loop
      vertex 115.97 85.4018 2.3
      vertex 115.97 84.5982 2.3
      vertex 116.014 84.7282 2.3
    endloop
  endfacet
  facet normal 0 0 1
    outer loop
      vertex 115.909 85.525 2.3
      vertex 115.97 84.5982 2.3
      vertex 115.97 85.4018 2.3
    endloop
  endfacet
  facet normal 0 0 1
    outer loop
      vertex 115.909 85.525 2.3
      vertex 115.909 84.475 2.3
      vertex 115.97 84.5982 2.3
    endloop
  endfacet
  facet normal 0 0 1
    outer loop
      vertex 115.833 85.6392 2.3
      vertex 115.909 84.475 2.3
      vertex 115.909 85.525 2.3
    endloop
  endfacet
  facet normal 0 0 1
    outer loop
      vertex 115.833 85.6392 2.3
      vertex 115.833 84.3608 2.3
      vertex 115.909 84.475 2.3
    endloop
  endfacet
  facet normal 0 0 1
    outer loop
      vertex 115.742 85.7425 2.3
      vertex 115.833 84.3608 2.3
      vertex 115.833 85.6392 2.3
    endloop
  endfacet
  facet normal 0 0 1
    outer loop
      vertex 115.742 85.7425 2.3
      vertex 115.742 84.2575 2.3
      vertex 115.833 84.3608 2.3
    endloop
  endfacet
  facet normal 0 0 1
    outer loop
      vertex 115.639 85.833 2.3
      vertex 115.742 84.2575 2.3
      vertex 115.742 85.7425 2.3
    endloop
  endfacet
  facet normal 0 0 1
    outer loop
      vertex 115.639 85.833 2.3
      vertex 115.639 84.167 2.3
      vertex 115.742 84.2575 2.3
    endloop
  endfacet
  facet normal 0 0 1
    outer loop
      vertex 115.525 85.9093 2.3
      vertex 115.639 84.167 2.3
      vertex 115.639 85.833 2.3
    endloop
  endfacet
  facet normal 0 0 1
    outer loop
      vertex 115.525 85.9093 2.3
      vertex 115.525 84.0907 2.3
      vertex 115.639 84.167 2.3
    endloop
  endfacet
  facet normal 0 0 1
    outer loop
      vertex 115.402 85.9701 2.3
      vertex 115.525 84.0907 2.3
      vertex 115.525 85.9093 2.3
    endloop
  endfacet
  facet normal 0 0 1
    outer loop
      vertex 115.402 85.9701 2.3
      vertex 115.402 84.0299 2.3
      vertex 115.525 84.0907 2.3
    endloop
  endfacet
  facet normal 0 0 1
    outer loop
      vertex 115.272 86.0142 2.3
      vertex 115.402 84.0299 2.3
      vertex 115.402 85.9701 2.3
    endloop
  endfacet
  facet normal 0 0 1
    outer loop
      vertex 115.272 86.0142 2.3
      vertex 115.272 83.9858 2.3
      vertex 115.402 84.0299 2.3
    endloop
  endfacet
  facet normal 0 0 1
    outer loop
      vertex 115.137 86.041 2.3
      vertex 115.272 83.9858 2.3
      vertex 115.272 86.0142 2.3
    endloop
  endfacet
  facet normal 0 0 1
    outer loop
      vertex 115.137 86.041 2.3
      vertex 115.137 83.959 2.3
      vertex 115.272 83.9858 2.3
    endloop
  endfacet
  facet normal 0 0 1
    outer loop
      vertex 115 86.05 2.3
      vertex 115.137 83.959 2.3
      vertex 115.137 86.041 2.3
    endloop
  endfacet
  facet normal 0 0 1
    outer loop
      vertex 115 86.05 2.3
      vertex 115 83.95 2.3
      vertex 115.137 83.959 2.3
    endloop
  endfacet
  facet normal -0 0 1
    outer loop
      vertex 114.863 86.041 2.3
      vertex 115 83.95 2.3
      vertex 115 86.05 2.3
    endloop
  endfacet
  facet normal 0 0 1
    outer loop
      vertex 114.863 86.041 2.3
      vertex 114.863 83.959 2.3
      vertex 115 83.95 2.3
    endloop
  endfacet
  facet normal -0 0 1
    outer loop
      vertex 114.728 86.0142 2.3
      vertex 114.863 83.959 2.3
      vertex 114.863 86.041 2.3
    endloop
  endfacet
  facet normal 0 0 1
    outer loop
      vertex 114.728 86.0142 2.3
      vertex 114.728 83.9858 2.3
      vertex 114.863 83.959 2.3
    endloop
  endfacet
  facet normal -0 0 1
    outer loop
      vertex 114.598 85.9701 2.3
      vertex 114.728 83.9858 2.3
      vertex 114.728 86.0142 2.3
    endloop
  endfacet
  facet normal 0 0 1
    outer loop
      vertex 114.598 85.9701 2.3
      vertex 114.598 84.0299 2.3
      vertex 114.728 83.9858 2.3
    endloop
  endfacet
  facet normal -0 0 1
    outer loop
      vertex 114.475 85.9093 2.3
      vertex 114.598 84.0299 2.3
      vertex 114.598 85.9701 2.3
    endloop
  endfacet
  facet normal 0 0 1
    outer loop
      vertex 114.475 85.9093 2.3
      vertex 114.475 84.0907 2.3
      vertex 114.598 84.0299 2.3
    endloop
  endfacet
  facet normal -0 0 1
    outer loop
      vertex 114.361 85.833 2.3
      vertex 114.475 84.0907 2.3
      vertex 114.475 85.9093 2.3
    endloop
  endfacet
  facet normal 0 0 1
    outer loop
      vertex 114.361 85.833 2.3
      vertex 114.361 84.167 2.3
      vertex 114.475 84.0907 2.3
    endloop
  endfacet
  facet normal -0 0 1
    outer loop
      vertex 114.258 85.7425 2.3
      vertex 114.361 84.167 2.3
      vertex 114.361 85.833 2.3
    endloop
  endfacet
  facet normal 0 0 1
    outer loop
      vertex 114.258 85.7425 2.3
      vertex 114.258 84.2575 2.3
      vertex 114.361 84.167 2.3
    endloop
  endfacet
  facet normal -0 0 1
    outer loop
      vertex 114.167 85.6392 2.3
      vertex 114.258 84.2575 2.3
      vertex 114.258 85.7425 2.3
    endloop
  endfacet
  facet normal 0 0 1
    outer loop
      vertex 114.167 85.6392 2.3
      vertex 114.167 84.3608 2.3
      vertex 114.258 84.2575 2.3
    endloop
  endfacet
  facet normal -0 0 1
    outer loop
      vertex 114.091 85.525 2.3
      vertex 114.167 84.3608 2.3
      vertex 114.167 85.6392 2.3
    endloop
  endfacet
  facet normal 0 0 1
    outer loop
      vertex 114.091 85.525 2.3
      vertex 114.091 84.475 2.3
      vertex 114.167 84.3608 2.3
    endloop
  endfacet
  facet normal -0 0 1
    outer loop
      vertex 114.03 85.4018 2.3
      vertex 114.091 84.475 2.3
      vertex 114.091 85.525 2.3
    endloop
  endfacet
  facet normal 0 0 1
    outer loop
      vertex 114.03 85.4018 2.3
      vertex 114.03 84.5982 2.3
      vertex 114.091 84.475 2.3
    endloop
  endfacet
  facet normal -0 0 1
    outer loop
      vertex 113.986 85.2718 2.3
      vertex 114.03 84.5982 2.3
      vertex 114.03 85.4018 2.3
    endloop
  endfacet
  facet normal 0 0 1
    outer loop
      vertex 113.986 85.2718 2.3
      vertex 113.986 84.7282 2.3
      vertex 114.03 84.5982 2.3
    endloop
  endfacet
  facet normal -0 0 1
    outer loop
      vertex 113.959 85.1371 2.3
      vertex 113.986 84.7282 2.3
      vertex 113.986 85.2718 2.3
    endloop
  endfacet
  facet normal 0 0 1
    outer loop
      vertex 113.959 85.1371 2.3
      vertex 113.959 84.8629 2.3
      vertex 113.986 84.7282 2.3
    endloop
  endfacet
  facet normal 0 -0 1
    outer loop
      vertex 113.959 84.8629 2.3
      vertex 113.959 85.1371 2.3
      vertex 113.95 85 2.3
    endloop
  endfacet
  facet normal 0.997852 -0.0655045 0
    outer loop
      vertex 113.95 85 5.8
      vertex 113.959 85.1371 2.3
      vertex 113.959 85.1371 5.8
    endloop
  endfacet
  facet normal 0.997852 -0.0655045 0
    outer loop
      vertex 113.959 85.1371 2.3
      vertex 113.95 85 5.8
      vertex 113.95 85 2.3
    endloop
  endfacet
  facet normal 0.832499 -0.554027 0
    outer loop
      vertex 114.091 85.525 5.8
      vertex 114.167 85.6392 2.3
      vertex 114.167 85.6392 5.8
    endloop
  endfacet
  facet normal 0.832499 -0.554027 0
    outer loop
      vertex 114.167 85.6392 2.3
      vertex 114.091 85.525 5.8
      vertex 114.091 85.525 2.3
    endloop
  endfacet
  facet normal 0.556213 -0.83104 0
    outer loop
      vertex 114.361 85.833 2.3
      vertex 114.475 85.9093 5.8
      vertex 114.361 85.833 5.8
    endloop
  endfacet
  facet normal 0.556213 -0.83104 0
    outer loop
      vertex 114.475 85.9093 5.8
      vertex 114.361 85.833 2.3
      vertex 114.475 85.9093 2.3
    endloop
  endfacet
  facet normal 0.194719 -0.980859 0
    outer loop
      vertex 114.728 86.0142 2.3
      vertex 114.863 86.041 5.8
      vertex 114.728 86.0142 5.8
    endloop
  endfacet
  facet normal 0.194719 -0.980859 0
    outer loop
      vertex 114.863 86.041 5.8
      vertex 114.728 86.0142 2.3
      vertex 114.863 86.041 2.3
    endloop
  endfacet
  facet normal -0.194719 0.980859 0
    outer loop
      vertex 115.272 83.9858 2.3
      vertex 115.137 83.959 5.8
      vertex 115.272 83.9858 5.8
    endloop
  endfacet
  facet normal -0.194719 0.980859 0
    outer loop
      vertex 115.137 83.959 5.8
      vertex 115.272 83.9858 2.3
      vertex 115.137 83.959 2.3
    endloop
  endfacet
  facet normal -0.947216 0.320596 0
    outer loop
      vertex 115.97 84.5982 2.3
      vertex 116.014 84.7282 5.8
      vertex 116.014 84.7282 2.3
    endloop
  endfacet
  facet normal -0.947216 0.320596 0
    outer loop
      vertex 116.014 84.7282 5.8
      vertex 115.97 84.5982 2.3
      vertex 115.97 84.5982 5.8
    endloop
  endfacet
  facet normal -0.443128 0.896459 0
    outer loop
      vertex 115.525 84.0907 2.3
      vertex 115.402 84.0299 5.8
      vertex 115.525 84.0907 5.8
    endloop
  endfacet
  facet normal -0.443128 0.896459 0
    outer loop
      vertex 115.402 84.0299 5.8
      vertex 115.525 84.0907 2.3
      vertex 115.402 84.0299 2.3
    endloop
  endfacet
  facet normal -0.556213 0.83104 0
    outer loop
      vertex 115.639 84.167 2.3
      vertex 115.525 84.0907 5.8
      vertex 115.639 84.167 5.8
    endloop
  endfacet
  facet normal -0.556213 0.83104 0
    outer loop
      vertex 115.525 84.0907 5.8
      vertex 115.639 84.167 2.3
      vertex 115.525 84.0907 2.3
    endloop
  endfacet
  facet normal 0.0655521 0.997849 -0
    outer loop
      vertex 115 83.95 2.3
      vertex 114.863 83.959 5.8
      vertex 115 83.95 5.8
    endloop
  endfacet
  facet normal 0.0655521 0.997849 0
    outer loop
      vertex 114.863 83.959 5.8
      vertex 115 83.95 2.3
      vertex 114.863 83.959 2.3
    endloop
  endfacet
  facet normal 0.556213 0.83104 -0
    outer loop
      vertex 114.475 84.0907 2.3
      vertex 114.361 84.167 5.8
      vertex 114.475 84.0907 5.8
    endloop
  endfacet
  facet normal 0.556213 0.83104 0
    outer loop
      vertex 114.361 84.167 5.8
      vertex 114.475 84.0907 2.3
      vertex 114.361 84.167 2.3
    endloop
  endfacet
  facet normal 0.832499 0.554027 0
    outer loop
      vertex 114.167 84.3608 5.8
      vertex 114.091 84.475 2.3
      vertex 114.091 84.475 5.8
    endloop
  endfacet
  facet normal 0.832499 0.554027 0
    outer loop
      vertex 114.091 84.475 2.3
      vertex 114.167 84.3608 5.8
      vertex 114.167 84.3608 2.3
    endloop
  endfacet
  facet normal 0.980497 0.196536 0
    outer loop
      vertex 113.986 84.7282 5.8
      vertex 113.959 84.8629 2.3
      vertex 113.959 84.8629 5.8
    endloop
  endfacet
  facet normal 0.980497 0.196536 0
    outer loop
      vertex 113.959 84.8629 2.3
      vertex 113.986 84.7282 5.8
      vertex 113.986 84.7282 2.3
    endloop
  endfacet
  facet normal -0.947216 -0.320596 0
    outer loop
      vertex 116.014 85.2718 2.3
      vertex 115.97 85.4018 5.8
      vertex 115.97 85.4018 2.3
    endloop
  endfacet
  facet normal -0.947216 -0.320596 0
    outer loop
      vertex 115.97 85.4018 5.8
      vertex 116.014 85.2718 2.3
      vertex 116.014 85.2718 5.8
    endloop
  endfacet
  facet normal -0.750368 -0.661021 0
    outer loop
      vertex 115.833 85.6392 2.3
      vertex 115.742 85.7425 5.8
      vertex 115.742 85.7425 2.3
    endloop
  endfacet
  facet normal -0.750368 -0.661021 0
    outer loop
      vertex 115.742 85.7425 5.8
      vertex 115.833 85.6392 2.3
      vertex 115.833 85.6392 5.8
    endloop
  endfacet
  facet normal -0.660052 -0.75122 0
    outer loop
      vertex 115.639 85.833 2.3
      vertex 115.742 85.7425 5.8
      vertex 115.639 85.833 5.8
    endloop
  endfacet
  facet normal -0.660052 -0.75122 -0
    outer loop
      vertex 115.742 85.7425 5.8
      vertex 115.639 85.833 2.3
      vertex 115.742 85.7425 2.3
    endloop
  endfacet
  facet normal 0.0655521 -0.997849 0
    outer loop
      vertex 114.863 86.041 2.3
      vertex 115 86.05 5.8
      vertex 114.863 86.041 5.8
    endloop
  endfacet
  facet normal 0.0655521 -0.997849 0
    outer loop
      vertex 115 86.05 5.8
      vertex 114.863 86.041 2.3
      vertex 115 86.05 2.3
    endloop
  endfacet
  facet normal -0.443128 -0.896459 0
    outer loop
      vertex 115.402 85.9701 2.3
      vertex 115.525 85.9093 5.8
      vertex 115.402 85.9701 5.8
    endloop
  endfacet
  facet normal -0.443128 -0.896459 -0
    outer loop
      vertex 115.525 85.9093 5.8
      vertex 115.402 85.9701 2.3
      vertex 115.525 85.9093 2.3
    endloop
  endfacet
  facet normal 0.997852 0.0655045 0
    outer loop
      vertex 113.959 84.8629 5.8
      vertex 113.95 85 2.3
      vertex 113.95 85 5.8
    endloop
  endfacet
  facet normal 0.997852 0.0655045 0
    outer loop
      vertex 113.95 85 2.3
      vertex 113.959 84.8629 5.8
      vertex 113.959 84.8629 2.3
    endloop
  endfacet
  facet normal 0.896166 -0.443719 0
    outer loop
      vertex 114.03 85.4018 5.8
      vertex 114.091 85.525 2.3
      vertex 114.091 85.525 5.8
    endloop
  endfacet
  facet normal 0.896166 -0.443719 0
    outer loop
      vertex 114.091 85.525 2.3
      vertex 114.03 85.4018 5.8
      vertex 114.03 85.4018 2.3
    endloop
  endfacet
  facet normal 0.32125 -0.946995 0
    outer loop
      vertex 114.598 85.9701 2.3
      vertex 114.728 86.0142 5.8
      vertex 114.598 85.9701 5.8
    endloop
  endfacet
  facet normal 0.32125 -0.946995 0
    outer loop
      vertex 114.728 86.0142 5.8
      vertex 114.598 85.9701 2.3
      vertex 114.728 86.0142 2.3
    endloop
  endfacet
  facet normal 0.660052 -0.75122 0
    outer loop
      vertex 114.258 85.7425 2.3
      vertex 114.361 85.833 5.8
      vertex 114.258 85.7425 5.8
    endloop
  endfacet
  facet normal 0.660052 -0.75122 0
    outer loop
      vertex 114.361 85.833 5.8
      vertex 114.258 85.7425 2.3
      vertex 114.361 85.833 2.3
    endloop
  endfacet
  facet normal 0.750368 -0.661021 0
    outer loop
      vertex 114.167 85.6392 5.8
      vertex 114.258 85.7425 2.3
      vertex 114.258 85.7425 5.8
    endloop
  endfacet
  facet normal 0.750368 -0.661021 0
    outer loop
      vertex 114.258 85.7425 2.3
      vertex 114.167 85.6392 5.8
      vertex 114.167 85.6392 2.3
    endloop
  endfacet
  facet normal -0.997852 -0.0655045 0
    outer loop
      vertex 116.05 85 2.3
      vertex 116.041 85.1371 5.8
      vertex 116.041 85.1371 2.3
    endloop
  endfacet
  facet normal -0.997852 -0.0655045 0
    outer loop
      vertex 116.041 85.1371 5.8
      vertex 116.05 85 2.3
      vertex 116.05 85 5.8
    endloop
  endfacet
  facet normal -0.832499 0.554027 0
    outer loop
      vertex 115.833 84.3608 2.3
      vertex 115.909 84.475 5.8
      vertex 115.909 84.475 2.3
    endloop
  endfacet
  facet normal -0.832499 0.554027 0
    outer loop
      vertex 115.909 84.475 5.8
      vertex 115.833 84.3608 2.3
      vertex 115.833 84.3608 5.8
    endloop
  endfacet
  facet normal -0.896166 0.443719 0
    outer loop
      vertex 115.909 84.475 2.3
      vertex 115.97 84.5982 5.8
      vertex 115.97 84.5982 2.3
    endloop
  endfacet
  facet normal -0.896166 0.443719 0
    outer loop
      vertex 115.97 84.5982 5.8
      vertex 115.909 84.475 2.3
      vertex 115.909 84.475 5.8
    endloop
  endfacet
  facet normal -0.32125 0.946995 0
    outer loop
      vertex 115.402 84.0299 2.3
      vertex 115.272 83.9858 5.8
      vertex 115.402 84.0299 5.8
    endloop
  endfacet
  facet normal -0.32125 0.946995 0
    outer loop
      vertex 115.272 83.9858 5.8
      vertex 115.402 84.0299 2.3
      vertex 115.272 83.9858 2.3
    endloop
  endfacet
  facet normal -0.750368 0.661021 0
    outer loop
      vertex 115.742 84.2575 2.3
      vertex 115.833 84.3608 5.8
      vertex 115.833 84.3608 2.3
    endloop
  endfacet
  facet normal -0.750368 0.661021 0
    outer loop
      vertex 115.833 84.3608 5.8
      vertex 115.742 84.2575 2.3
      vertex 115.742 84.2575 5.8
    endloop
  endfacet
  facet normal -0.660052 0.75122 0
    outer loop
      vertex 115.742 84.2575 2.3
      vertex 115.639 84.167 5.8
      vertex 115.742 84.2575 5.8
    endloop
  endfacet
  facet normal -0.660052 0.75122 0
    outer loop
      vertex 115.639 84.167 5.8
      vertex 115.742 84.2575 2.3
      vertex 115.639 84.167 2.3
    endloop
  endfacet
  facet normal -0.0655521 0.997849 0
    outer loop
      vertex 115.137 83.959 2.3
      vertex 115 83.95 5.8
      vertex 115.137 83.959 5.8
    endloop
  endfacet
  facet normal -0.0655521 0.997849 0
    outer loop
      vertex 115 83.95 5.8
      vertex 115.137 83.959 2.3
      vertex 115 83.95 2.3
    endloop
  endfacet
  facet normal 0.443128 0.896459 -0
    outer loop
      vertex 114.598 84.0299 2.3
      vertex 114.475 84.0907 5.8
      vertex 114.598 84.0299 5.8
    endloop
  endfacet
  facet normal 0.443128 0.896459 0
    outer loop
      vertex 114.475 84.0907 5.8
      vertex 114.598 84.0299 2.3
      vertex 114.475 84.0907 2.3
    endloop
  endfacet
  facet normal 0.947216 0.320596 0
    outer loop
      vertex 114.03 84.5982 5.8
      vertex 113.986 84.7282 2.3
      vertex 113.986 84.7282 5.8
    endloop
  endfacet
  facet normal 0.947216 0.320596 0
    outer loop
      vertex 113.986 84.7282 2.3
      vertex 114.03 84.5982 5.8
      vertex 114.03 84.5982 2.3
    endloop
  endfacet
  facet normal 0.750368 0.661021 0
    outer loop
      vertex 114.258 84.2575 5.8
      vertex 114.167 84.3608 2.3
      vertex 114.167 84.3608 5.8
    endloop
  endfacet
  facet normal 0.750368 0.661021 0
    outer loop
      vertex 114.167 84.3608 2.3
      vertex 114.258 84.2575 5.8
      vertex 114.258 84.2575 2.3
    endloop
  endfacet
  facet normal 0.660052 0.75122 -0
    outer loop
      vertex 114.361 84.167 2.3
      vertex 114.258 84.2575 5.8
      vertex 114.361 84.167 5.8
    endloop
  endfacet
  facet normal 0.660052 0.75122 0
    outer loop
      vertex 114.258 84.2575 5.8
      vertex 114.361 84.167 2.3
      vertex 114.258 84.2575 2.3
    endloop
  endfacet
  facet normal -0.997852 -0.0655045 0
    outer loop
      vertex 15.05 14 2.3
      vertex 15.041 14.1371 5.8
      vertex 15.041 14.1371 2.3
    endloop
  endfacet
  facet normal -0.997852 -0.0655045 0
    outer loop
      vertex 15.041 14.1371 5.8
      vertex 15.05 14 2.3
      vertex 15.05 14 5.8
    endloop
  endfacet
  facet normal 0.997852 0.0655045 0
    outer loop
      vertex 12.959 13.8629 5.8
      vertex 12.95 14 2.3
      vertex 12.95 14 5.8
    endloop
  endfacet
  facet normal 0.997852 0.0655045 0
    outer loop
      vertex 12.95 14 2.3
      vertex 12.959 13.8629 5.8
      vertex 12.959 13.8629 2.3
    endloop
  endfacet
  facet normal 0.0655045 -0.997852 0
    outer loop
      vertex 13.8629 15.041 2.3
      vertex 14 15.05 5.8
      vertex 13.8629 15.041 5.8
    endloop
  endfacet
  facet normal 0.0655045 -0.997852 0
    outer loop
      vertex 14 15.05 5.8
      vertex 13.8629 15.041 2.3
      vertex 14 15.05 2.3
    endloop
  endfacet
  facet normal -0.0655045 0.997852 0
    outer loop
      vertex 14.1371 12.959 2.3
      vertex 14 12.95 5.8
      vertex 14.1371 12.959 5.8
    endloop
  endfacet
  facet normal -0.0655045 0.997852 0
    outer loop
      vertex 14 12.95 5.8
      vertex 14.1371 12.959 2.3
      vertex 14 12.95 2.3
    endloop
  endfacet
  facet normal -0.658968 -0.752171 0
    outer loop
      vertex 14.6392 14.833 2.3
      vertex 14.7425 14.7425 5.8
      vertex 14.6392 14.833 5.8
    endloop
  endfacet
  facet normal -0.658968 -0.752171 -0
    outer loop
      vertex 14.7425 14.7425 5.8
      vertex 14.6392 14.833 2.3
      vertex 14.7425 14.7425 2.3
    endloop
  endfacet
  facet normal 0.752171 -0.658968 0
    outer loop
      vertex 13.167 14.6392 5.8
      vertex 13.2575 14.7425 2.3
      vertex 13.2575 14.7425 5.8
    endloop
  endfacet
  facet normal 0.752171 -0.658968 0
    outer loop
      vertex 13.2575 14.7425 2.3
      vertex 13.167 14.6392 5.8
      vertex 13.167 14.6392 2.3
    endloop
  endfacet
  facet normal 0.442549 -0.896744 0
    outer loop
      vertex 13.475 14.9093 2.3
      vertex 13.5982 14.9701 5.8
      vertex 13.475 14.9093 5.8
    endloop
  endfacet
  facet normal 0.442549 -0.896744 0
    outer loop
      vertex 13.5982 14.9701 5.8
      vertex 13.475 14.9093 2.3
      vertex 13.5982 14.9701 2.3
    endloop
  endfacet
  facet normal 0.946995 0.32125 0
    outer loop
      vertex 13.0299 13.5982 5.8
      vertex 12.9858 13.7282 2.3
      vertex 12.9858 13.7282 5.8
    endloop
  endfacet
  facet normal 0.946995 0.32125 0
    outer loop
      vertex 12.9858 13.7282 2.3
      vertex 13.0299 13.5982 5.8
      vertex 13.0299 13.5982 2.3
    endloop
  endfacet
  facet normal -0.896744 -0.442549 0
    outer loop
      vertex 14.9701 14.4018 2.3
      vertex 14.9093 14.525 5.8
      vertex 14.9093 14.525 2.3
    endloop
  endfacet
  facet normal -0.896744 -0.442549 0
    outer loop
      vertex 14.9093 14.525 5.8
      vertex 14.9701 14.4018 2.3
      vertex 14.9701 14.4018 5.8
    endloop
  endfacet
  facet normal -0.980776 -0.195136 0
    outer loop
      vertex 15.041 14.1371 2.3
      vertex 15.0142 14.2718 5.8
      vertex 15.0142 14.2718 2.3
    endloop
  endfacet
  facet normal -0.980776 -0.195136 0
    outer loop
      vertex 15.0142 14.2718 5.8
      vertex 15.041 14.1371 2.3
      vertex 15.041 14.1371 5.8
    endloop
  endfacet
  facet normal -0.83149 -0.55554 0
    outer loop
      vertex 14.9093 14.525 2.3
      vertex 14.833 14.6392 5.8
      vertex 14.833 14.6392 2.3
    endloop
  endfacet
  facet normal -0.83149 -0.55554 0
    outer loop
      vertex 14.833 14.6392 5.8
      vertex 14.9093 14.525 2.3
      vertex 14.9093 14.525 5.8
    endloop
  endfacet
  facet normal -0.32125 -0.946995 0
    outer loop
      vertex 14.2718 15.0142 2.3
      vertex 14.4018 14.9701 5.8
      vertex 14.2718 15.0142 5.8
    endloop
  endfacet
  facet normal -0.32125 -0.946995 -0
    outer loop
      vertex 14.4018 14.9701 5.8
      vertex 14.2718 15.0142 2.3
      vertex 14.4018 14.9701 2.3
    endloop
  endfacet
  facet normal -0.195136 -0.980776 0
    outer loop
      vertex 14.1371 15.041 2.3
      vertex 14.2718 15.0142 5.8
      vertex 14.1371 15.041 5.8
    endloop
  endfacet
  facet normal -0.195136 -0.980776 -0
    outer loop
      vertex 14.2718 15.0142 5.8
      vertex 14.1371 15.041 2.3
      vertex 14.2718 15.0142 2.3
    endloop
  endfacet
  facet normal -0.55554 -0.83149 0
    outer loop
      vertex 14.525 14.9093 2.3
      vertex 14.6392 14.833 5.8
      vertex 14.525 14.9093 5.8
    endloop
  endfacet
  facet normal -0.55554 -0.83149 -0
    outer loop
      vertex 14.6392 14.833 5.8
      vertex 14.525 14.9093 2.3
      vertex 14.6392 14.833 2.3
    endloop
  endfacet
  facet normal 0.896744 -0.442549 0
    outer loop
      vertex 13.0299 14.4018 5.8
      vertex 13.0907 14.525 2.3
      vertex 13.0907 14.525 5.8
    endloop
  endfacet
  facet normal 0.896744 -0.442549 0
    outer loop
      vertex 13.0907 14.525 2.3
      vertex 13.0299 14.4018 5.8
      vertex 13.0299 14.4018 2.3
    endloop
  endfacet
  facet normal 0.83149 -0.55554 0
    outer loop
      vertex 13.0907 14.525 5.8
      vertex 13.167 14.6392 2.3
      vertex 13.167 14.6392 5.8
    endloop
  endfacet
  facet normal 0.83149 -0.55554 0
    outer loop
      vertex 13.167 14.6392 2.3
      vertex 13.0907 14.525 5.8
      vertex 13.0907 14.525 2.3
    endloop
  endfacet
  facet normal 0.980776 -0.195136 0
    outer loop
      vertex 12.959 14.1371 5.8
      vertex 12.9858 14.2718 2.3
      vertex 12.9858 14.2718 5.8
    endloop
  endfacet
  facet normal 0.980776 -0.195136 0
    outer loop
      vertex 12.9858 14.2718 2.3
      vertex 12.959 14.1371 5.8
      vertex 12.959 14.1371 2.3
    endloop
  endfacet
  facet normal 0.55554 -0.83149 0
    outer loop
      vertex 13.3608 14.833 2.3
      vertex 13.475 14.9093 5.8
      vertex 13.3608 14.833 5.8
    endloop
  endfacet
  facet normal 0.55554 -0.83149 0
    outer loop
      vertex 13.475 14.9093 5.8
      vertex 13.3608 14.833 2.3
      vertex 13.475 14.9093 2.3
    endloop
  endfacet
  facet normal 0.195136 -0.980776 0
    outer loop
      vertex 13.7282 15.0142 2.3
      vertex 13.8629 15.041 5.8
      vertex 13.7282 15.0142 5.8
    endloop
  endfacet
  facet normal 0.195136 -0.980776 0
    outer loop
      vertex 13.8629 15.041 5.8
      vertex 13.7282 15.0142 2.3
      vertex 13.8629 15.041 2.3
    endloop
  endfacet
  facet normal -0.896744 0.442549 0
    outer loop
      vertex 14.9093 13.475 2.3
      vertex 14.9701 13.5982 5.8
      vertex 14.9701 13.5982 2.3
    endloop
  endfacet
  facet normal -0.896744 0.442549 0
    outer loop
      vertex 14.9701 13.5982 5.8
      vertex 14.9093 13.475 2.3
      vertex 14.9093 13.475 5.8
    endloop
  endfacet
  facet normal -0.32125 0.946995 0
    outer loop
      vertex 14.4018 13.0299 2.3
      vertex 14.2718 12.9858 5.8
      vertex 14.4018 13.0299 5.8
    endloop
  endfacet
  facet normal -0.32125 0.946995 0
    outer loop
      vertex 14.2718 12.9858 5.8
      vertex 14.4018 13.0299 2.3
      vertex 14.2718 12.9858 2.3
    endloop
  endfacet
  facet normal -0.195136 0.980776 0
    outer loop
      vertex 14.2718 12.9858 2.3
      vertex 14.1371 12.959 5.8
      vertex 14.2718 12.9858 5.8
    endloop
  endfacet
  facet normal -0.195136 0.980776 0
    outer loop
      vertex 14.1371 12.959 5.8
      vertex 14.2718 12.9858 2.3
      vertex 14.1371 12.959 2.3
    endloop
  endfacet
  facet normal -0.752171 0.658968 0
    outer loop
      vertex 14.7425 13.2575 2.3
      vertex 14.833 13.3608 5.8
      vertex 14.833 13.3608 2.3
    endloop
  endfacet
  facet normal -0.752171 0.658968 0
    outer loop
      vertex 14.833 13.3608 5.8
      vertex 14.7425 13.2575 2.3
      vertex 14.7425 13.2575 5.8
    endloop
  endfacet
  facet normal -0.55554 0.83149 0
    outer loop
      vertex 14.6392 13.167 2.3
      vertex 14.525 13.0907 5.8
      vertex 14.6392 13.167 5.8
    endloop
  endfacet
  facet normal -0.55554 0.83149 0
    outer loop
      vertex 14.525 13.0907 5.8
      vertex 14.6392 13.167 2.3
      vertex 14.525 13.0907 2.3
    endloop
  endfacet
  facet normal -0.83149 0.55554 0
    outer loop
      vertex 14.833 13.3608 2.3
      vertex 14.9093 13.475 5.8
      vertex 14.9093 13.475 2.3
    endloop
  endfacet
  facet normal -0.83149 0.55554 0
    outer loop
      vertex 14.9093 13.475 5.8
      vertex 14.833 13.3608 2.3
      vertex 14.833 13.3608 5.8
    endloop
  endfacet
  facet normal -0.980776 0.195136 0
    outer loop
      vertex 15.0142 13.7282 2.3
      vertex 15.041 13.8629 5.8
      vertex 15.041 13.8629 2.3
    endloop
  endfacet
  facet normal -0.980776 0.195136 0
    outer loop
      vertex 15.041 13.8629 5.8
      vertex 15.0142 13.7282 2.3
      vertex 15.0142 13.7282 5.8
    endloop
  endfacet
  facet normal 0.32125 0.946995 -0
    outer loop
      vertex 13.7282 12.9858 2.3
      vertex 13.5982 13.0299 5.8
      vertex 13.7282 12.9858 5.8
    endloop
  endfacet
  facet normal 0.32125 0.946995 0
    outer loop
      vertex 13.5982 13.0299 5.8
      vertex 13.7282 12.9858 2.3
      vertex 13.5982 13.0299 2.3
    endloop
  endfacet
  facet normal 0.55554 0.83149 -0
    outer loop
      vertex 13.475 13.0907 2.3
      vertex 13.3608 13.167 5.8
      vertex 13.475 13.0907 5.8
    endloop
  endfacet
  facet normal 0.55554 0.83149 0
    outer loop
      vertex 13.3608 13.167 5.8
      vertex 13.475 13.0907 2.3
      vertex 13.3608 13.167 2.3
    endloop
  endfacet
  facet normal 0.195136 0.980776 -0
    outer loop
      vertex 13.8629 12.959 2.3
      vertex 13.7282 12.9858 5.8
      vertex 13.8629 12.959 5.8
    endloop
  endfacet
  facet normal 0.195136 0.980776 0
    outer loop
      vertex 13.7282 12.9858 5.8
      vertex 13.8629 12.959 2.3
      vertex 13.7282 12.9858 2.3
    endloop
  endfacet
  facet normal 0.83149 0.55554 0
    outer loop
      vertex 13.167 13.3608 5.8
      vertex 13.0907 13.475 2.3
      vertex 13.0907 13.475 5.8
    endloop
  endfacet
  facet normal 0.83149 0.55554 0
    outer loop
      vertex 13.0907 13.475 2.3
      vertex 13.167 13.3608 5.8
      vertex 13.167 13.3608 2.3
    endloop
  endfacet
  facet normal 0.752171 0.658968 0
    outer loop
      vertex 13.2575 13.2575 5.8
      vertex 13.167 13.3608 2.3
      vertex 13.167 13.3608 5.8
    endloop
  endfacet
  facet normal 0.752171 0.658968 0
    outer loop
      vertex 13.167 13.3608 2.3
      vertex 13.2575 13.2575 5.8
      vertex 13.2575 13.2575 2.3
    endloop
  endfacet
  facet normal 0.980776 0.195136 0
    outer loop
      vertex 12.9858 13.7282 5.8
      vertex 12.959 13.8629 2.3
      vertex 12.959 13.8629 5.8
    endloop
  endfacet
  facet normal 0.980776 0.195136 0
    outer loop
      vertex 12.959 13.8629 2.3
      vertex 12.9858 13.7282 5.8
      vertex 12.9858 13.7282 2.3
    endloop
  endfacet
  facet normal -0.946995 -0.32125 0
    outer loop
      vertex 15.0142 14.2718 2.3
      vertex 14.9701 14.4018 5.8
      vertex 14.9701 14.4018 2.3
    endloop
  endfacet
  facet normal -0.946995 -0.32125 0
    outer loop
      vertex 14.9701 14.4018 5.8
      vertex 15.0142 14.2718 2.3
      vertex 15.0142 14.2718 5.8
    endloop
  endfacet
  facet normal -0.752171 -0.658968 0
    outer loop
      vertex 14.833 14.6392 2.3
      vertex 14.7425 14.7425 5.8
      vertex 14.7425 14.7425 2.3
    endloop
  endfacet
  facet normal -0.752171 -0.658968 0
    outer loop
      vertex 14.7425 14.7425 5.8
      vertex 14.833 14.6392 2.3
      vertex 14.833 14.6392 5.8
    endloop
  endfacet
  facet normal -0.0655045 -0.997852 0
    outer loop
      vertex 14 15.05 2.3
      vertex 14.1371 15.041 5.8
      vertex 14 15.05 5.8
    endloop
  endfacet
  facet normal -0.0655045 -0.997852 -0
    outer loop
      vertex 14.1371 15.041 5.8
      vertex 14 15.05 2.3
      vertex 14.1371 15.041 2.3
    endloop
  endfacet
  facet normal 0 0 1
    outer loop
      vertex 15.041 14.1371 2.3
      vertex 15.041 13.8629 2.3
      vertex 15.05 14 2.3
    endloop
  endfacet
  facet normal 0 0 1
    outer loop
      vertex 15.0142 14.2718 2.3
      vertex 15.041 13.8629 2.3
      vertex 15.041 14.1371 2.3
    endloop
  endfacet
  facet normal 0 0 1
    outer loop
      vertex 15.0142 14.2718 2.3
      vertex 15.0142 13.7282 2.3
      vertex 15.041 13.8629 2.3
    endloop
  endfacet
  facet normal 0 0 1
    outer loop
      vertex 14.9701 14.4018 2.3
      vertex 15.0142 13.7282 2.3
      vertex 15.0142 14.2718 2.3
    endloop
  endfacet
  facet normal 0 0 1
    outer loop
      vertex 14.9701 14.4018 2.3
      vertex 14.9701 13.5982 2.3
      vertex 15.0142 13.7282 2.3
    endloop
  endfacet
  facet normal 0 0 1
    outer loop
      vertex 14.9093 14.525 2.3
      vertex 14.9701 13.5982 2.3
      vertex 14.9701 14.4018 2.3
    endloop
  endfacet
  facet normal 0 0 1
    outer loop
      vertex 14.9093 14.525 2.3
      vertex 14.9093 13.475 2.3
      vertex 14.9701 13.5982 2.3
    endloop
  endfacet
  facet normal 0 0 1
    outer loop
      vertex 14.833 14.6392 2.3
      vertex 14.9093 13.475 2.3
      vertex 14.9093 14.525 2.3
    endloop
  endfacet
  facet normal 0 0 1
    outer loop
      vertex 14.833 14.6392 2.3
      vertex 14.833 13.3608 2.3
      vertex 14.9093 13.475 2.3
    endloop
  endfacet
  facet normal 0 0 1
    outer loop
      vertex 14.7425 14.7425 2.3
      vertex 14.833 13.3608 2.3
      vertex 14.833 14.6392 2.3
    endloop
  endfacet
  facet normal 0 0 1
    outer loop
      vertex 14.7425 14.7425 2.3
      vertex 14.7425 13.2575 2.3
      vertex 14.833 13.3608 2.3
    endloop
  endfacet
  facet normal 0 0 1
    outer loop
      vertex 14.6392 14.833 2.3
      vertex 14.7425 13.2575 2.3
      vertex 14.7425 14.7425 2.3
    endloop
  endfacet
  facet normal 0 0 1
    outer loop
      vertex 14.6392 14.833 2.3
      vertex 14.6392 13.167 2.3
      vertex 14.7425 13.2575 2.3
    endloop
  endfacet
  facet normal 0 0 1
    outer loop
      vertex 14.525 14.9093 2.3
      vertex 14.6392 13.167 2.3
      vertex 14.6392 14.833 2.3
    endloop
  endfacet
  facet normal 0 0 1
    outer loop
      vertex 14.525 14.9093 2.3
      vertex 14.525 13.0907 2.3
      vertex 14.6392 13.167 2.3
    endloop
  endfacet
  facet normal 0 0 1
    outer loop
      vertex 14.4018 14.9701 2.3
      vertex 14.525 13.0907 2.3
      vertex 14.525 14.9093 2.3
    endloop
  endfacet
  facet normal 0 0 1
    outer loop
      vertex 14.4018 14.9701 2.3
      vertex 14.4018 13.0299 2.3
      vertex 14.525 13.0907 2.3
    endloop
  endfacet
  facet normal 0 0 1
    outer loop
      vertex 14.2718 15.0142 2.3
      vertex 14.4018 13.0299 2.3
      vertex 14.4018 14.9701 2.3
    endloop
  endfacet
  facet normal 0 0 1
    outer loop
      vertex 14.2718 15.0142 2.3
      vertex 14.2718 12.9858 2.3
      vertex 14.4018 13.0299 2.3
    endloop
  endfacet
  facet normal 0 0 1
    outer loop
      vertex 14.1371 15.041 2.3
      vertex 14.2718 12.9858 2.3
      vertex 14.2718 15.0142 2.3
    endloop
  endfacet
  facet normal 0 0 1
    outer loop
      vertex 14.1371 15.041 2.3
      vertex 14.1371 12.959 2.3
      vertex 14.2718 12.9858 2.3
    endloop
  endfacet
  facet normal 0 0 1
    outer loop
      vertex 14 15.05 2.3
      vertex 14.1371 12.959 2.3
      vertex 14.1371 15.041 2.3
    endloop
  endfacet
  facet normal 0 0 1
    outer loop
      vertex 14 15.05 2.3
      vertex 14 12.95 2.3
      vertex 14.1371 12.959 2.3
    endloop
  endfacet
  facet normal -0 0 1
    outer loop
      vertex 13.8629 15.041 2.3
      vertex 14 12.95 2.3
      vertex 14 15.05 2.3
    endloop
  endfacet
  facet normal 0 0 1
    outer loop
      vertex 13.8629 15.041 2.3
      vertex 13.8629 12.959 2.3
      vertex 14 12.95 2.3
    endloop
  endfacet
  facet normal -0 0 1
    outer loop
      vertex 13.7282 15.0142 2.3
      vertex 13.8629 12.959 2.3
      vertex 13.8629 15.041 2.3
    endloop
  endfacet
  facet normal 0 0 1
    outer loop
      vertex 13.7282 15.0142 2.3
      vertex 13.7282 12.9858 2.3
      vertex 13.8629 12.959 2.3
    endloop
  endfacet
  facet normal -0 0 1
    outer loop
      vertex 13.5982 14.9701 2.3
      vertex 13.7282 12.9858 2.3
      vertex 13.7282 15.0142 2.3
    endloop
  endfacet
  facet normal 0 0 1
    outer loop
      vertex 13.5982 14.9701 2.3
      vertex 13.5982 13.0299 2.3
      vertex 13.7282 12.9858 2.3
    endloop
  endfacet
  facet normal -0 0 1
    outer loop
      vertex 13.475 14.9093 2.3
      vertex 13.5982 13.0299 2.3
      vertex 13.5982 14.9701 2.3
    endloop
  endfacet
  facet normal 0 0 1
    outer loop
      vertex 13.475 14.9093 2.3
      vertex 13.475 13.0907 2.3
      vertex 13.5982 13.0299 2.3
    endloop
  endfacet
  facet normal -0 0 1
    outer loop
      vertex 13.3608 14.833 2.3
      vertex 13.475 13.0907 2.3
      vertex 13.475 14.9093 2.3
    endloop
  endfacet
  facet normal 0 0 1
    outer loop
      vertex 13.3608 14.833 2.3
      vertex 13.3608 13.167 2.3
      vertex 13.475 13.0907 2.3
    endloop
  endfacet
  facet normal -0 0 1
    outer loop
      vertex 13.2575 14.7425 2.3
      vertex 13.3608 13.167 2.3
      vertex 13.3608 14.833 2.3
    endloop
  endfacet
  facet normal 0 0 1
    outer loop
      vertex 13.2575 14.7425 2.3
      vertex 13.2575 13.2575 2.3
      vertex 13.3608 13.167 2.3
    endloop
  endfacet
  facet normal -0 0 1
    outer loop
      vertex 13.167 14.6392 2.3
      vertex 13.2575 13.2575 2.3
      vertex 13.2575 14.7425 2.3
    endloop
  endfacet
  facet normal 0 0 1
    outer loop
      vertex 13.167 14.6392 2.3
      vertex 13.167 13.3608 2.3
      vertex 13.2575 13.2575 2.3
    endloop
  endfacet
  facet normal -0 0 1
    outer loop
      vertex 13.0907 14.525 2.3
      vertex 13.167 13.3608 2.3
      vertex 13.167 14.6392 2.3
    endloop
  endfacet
  facet normal 0 0 1
    outer loop
      vertex 13.0907 14.525 2.3
      vertex 13.0907 13.475 2.3
      vertex 13.167 13.3608 2.3
    endloop
  endfacet
  facet normal -0 0 1
    outer loop
      vertex 13.0299 14.4018 2.3
      vertex 13.0907 13.475 2.3
      vertex 13.0907 14.525 2.3
    endloop
  endfacet
  facet normal 0 0 1
    outer loop
      vertex 13.0299 14.4018 2.3
      vertex 13.0299 13.5982 2.3
      vertex 13.0907 13.475 2.3
    endloop
  endfacet
  facet normal -0 0 1
    outer loop
      vertex 12.9858 14.2718 2.3
      vertex 13.0299 13.5982 2.3
      vertex 13.0299 14.4018 2.3
    endloop
  endfacet
  facet normal 0 0 1
    outer loop
      vertex 12.9858 14.2718 2.3
      vertex 12.9858 13.7282 2.3
      vertex 13.0299 13.5982 2.3
    endloop
  endfacet
  facet normal -0 0 1
    outer loop
      vertex 12.959 14.1371 2.3
      vertex 12.9858 13.7282 2.3
      vertex 12.9858 14.2718 2.3
    endloop
  endfacet
  facet normal 0 0 1
    outer loop
      vertex 12.959 14.1371 2.3
      vertex 12.959 13.8629 2.3
      vertex 12.9858 13.7282 2.3
    endloop
  endfacet
  facet normal 0 -0 1
    outer loop
      vertex 12.959 13.8629 2.3
      vertex 12.959 14.1371 2.3
      vertex 12.95 14 2.3
    endloop
  endfacet
  facet normal 0.946995 -0.32125 0
    outer loop
      vertex 12.9858 14.2718 5.8
      vertex 13.0299 14.4018 2.3
      vertex 13.0299 14.4018 5.8
    endloop
  endfacet
  facet normal 0.946995 -0.32125 0
    outer loop
      vertex 13.0299 14.4018 2.3
      vertex 12.9858 14.2718 5.8
      vertex 12.9858 14.2718 2.3
    endloop
  endfacet
  facet normal 0.997852 -0.0655045 0
    outer loop
      vertex 12.95 14 5.8
      vertex 12.959 14.1371 2.3
      vertex 12.959 14.1371 5.8
    endloop
  endfacet
  facet normal 0.997852 -0.0655045 0
    outer loop
      vertex 12.959 14.1371 2.3
      vertex 12.95 14 5.8
      vertex 12.95 14 2.3
    endloop
  endfacet
  facet normal -0.997852 0.0655045 0
    outer loop
      vertex 15.041 13.8629 2.3
      vertex 15.05 14 5.8
      vertex 15.05 14 2.3
    endloop
  endfacet
  facet normal -0.997852 0.0655045 0
    outer loop
      vertex 15.05 14 5.8
      vertex 15.041 13.8629 2.3
      vertex 15.041 13.8629 5.8
    endloop
  endfacet
  facet normal -0.658968 0.752171 0
    outer loop
      vertex 14.7425 13.2575 2.3
      vertex 14.6392 13.167 5.8
      vertex 14.7425 13.2575 5.8
    endloop
  endfacet
  facet normal -0.658968 0.752171 0
    outer loop
      vertex 14.6392 13.167 5.8
      vertex 14.7425 13.2575 2.3
      vertex 14.6392 13.167 2.3
    endloop
  endfacet
  facet normal 0.442549 0.896744 -0
    outer loop
      vertex 13.5982 13.0299 2.3
      vertex 13.475 13.0907 5.8
      vertex 13.5982 13.0299 5.8
    endloop
  endfacet
  facet normal 0.442549 0.896744 0
    outer loop
      vertex 13.475 13.0907 5.8
      vertex 13.5982 13.0299 2.3
      vertex 13.475 13.0907 2.3
    endloop
  endfacet
  facet normal 0.0655045 0.997852 -0
    outer loop
      vertex 14 12.95 2.3
      vertex 13.8629 12.959 5.8
      vertex 14 12.95 5.8
    endloop
  endfacet
  facet normal 0.0655045 0.997852 0
    outer loop
      vertex 13.8629 12.959 5.8
      vertex 14 12.95 2.3
      vertex 13.8629 12.959 2.3
    endloop
  endfacet
  facet normal 0.658968 0.752171 -0
    outer loop
      vertex 13.3608 13.167 2.3
      vertex 13.2575 13.2575 5.8
      vertex 13.3608 13.167 5.8
    endloop
  endfacet
  facet normal 0.658968 0.752171 0
    outer loop
      vertex 13.2575 13.2575 5.8
      vertex 13.3608 13.167 2.3
      vertex 13.2575 13.2575 2.3
    endloop
  endfacet
  facet normal -0.442549 -0.896744 0
    outer loop
      vertex 14.4018 14.9701 2.3
      vertex 14.525 14.9093 5.8
      vertex 14.4018 14.9701 5.8
    endloop
  endfacet
  facet normal -0.442549 -0.896744 -0
    outer loop
      vertex 14.525 14.9093 5.8
      vertex 14.4018 14.9701 2.3
      vertex 14.525 14.9093 2.3
    endloop
  endfacet
  facet normal 0.658968 -0.752171 0
    outer loop
      vertex 13.2575 14.7425 2.3
      vertex 13.3608 14.833 5.8
      vertex 13.2575 14.7425 5.8
    endloop
  endfacet
  facet normal 0.658968 -0.752171 0
    outer loop
      vertex 13.3608 14.833 5.8
      vertex 13.2575 14.7425 2.3
      vertex 13.3608 14.833 2.3
    endloop
  endfacet
  facet normal 0.32125 -0.946995 0
    outer loop
      vertex 13.5982 14.9701 2.3
      vertex 13.7282 15.0142 5.8
      vertex 13.5982 14.9701 5.8
    endloop
  endfacet
  facet normal 0.32125 -0.946995 0
    outer loop
      vertex 13.7282 15.0142 5.8
      vertex 13.5982 14.9701 2.3
      vertex 13.7282 15.0142 2.3
    endloop
  endfacet
  facet normal -0.442549 0.896744 0
    outer loop
      vertex 14.525 13.0907 2.3
      vertex 14.4018 13.0299 5.8
      vertex 14.525 13.0907 5.8
    endloop
  endfacet
  facet normal -0.442549 0.896744 0
    outer loop
      vertex 14.4018 13.0299 5.8
      vertex 14.525 13.0907 2.3
      vertex 14.4018 13.0299 2.3
    endloop
  endfacet
  facet normal -0.946995 0.32125 0
    outer loop
      vertex 14.9701 13.5982 2.3
      vertex 15.0142 13.7282 5.8
      vertex 15.0142 13.7282 2.3
    endloop
  endfacet
  facet normal -0.946995 0.32125 0
    outer loop
      vertex 15.0142 13.7282 5.8
      vertex 14.9701 13.5982 2.3
      vertex 14.9701 13.5982 5.8
    endloop
  endfacet
  facet normal 0.896744 0.442549 0
    outer loop
      vertex 13.0907 13.475 5.8
      vertex 13.0299 13.5982 2.3
      vertex 13.0299 13.5982 5.8
    endloop
  endfacet
  facet normal 0.896744 0.442549 0
    outer loop
      vertex 13.0299 13.5982 2.3
      vertex 13.0907 13.475 5.8
      vertex 13.0907 13.475 2.3
    endloop
  endfacet
  facet normal -0.997852 -0.0655045 0
    outer loop
      vertex 137.05 14 2.3
      vertex 137.041 14.1371 5.8
      vertex 137.041 14.1371 2.3
    endloop
  endfacet
  facet normal -0.997852 -0.0655045 0
    outer loop
      vertex 137.041 14.1371 5.8
      vertex 137.05 14 2.3
      vertex 137.05 14 5.8
    endloop
  endfacet
  facet normal 0.997852 0.0655045 0
    outer loop
      vertex 134.959 13.8629 5.8
      vertex 134.95 14 2.3
      vertex 134.95 14 5.8
    endloop
  endfacet
  facet normal 0.997852 0.0655045 0
    outer loop
      vertex 134.95 14 2.3
      vertex 134.959 13.8629 5.8
      vertex 134.959 13.8629 2.3
    endloop
  endfacet
  facet normal 0.0655521 -0.997849 0
    outer loop
      vertex 135.863 15.041 2.3
      vertex 136 15.05 5.8
      vertex 135.863 15.041 5.8
    endloop
  endfacet
  facet normal 0.0655521 -0.997849 0
    outer loop
      vertex 136 15.05 5.8
      vertex 135.863 15.041 2.3
      vertex 136 15.05 2.3
    endloop
  endfacet
  facet normal -0.0655521 0.997849 0
    outer loop
      vertex 136.137 12.959 2.3
      vertex 136 12.95 5.8
      vertex 136.137 12.959 5.8
    endloop
  endfacet
  facet normal -0.0655521 0.997849 0
    outer loop
      vertex 136 12.95 5.8
      vertex 136.137 12.959 2.3
      vertex 136 12.95 2.3
    endloop
  endfacet
  facet normal -0.660052 -0.75122 0
    outer loop
      vertex 136.639 14.833 2.3
      vertex 136.742 14.7425 5.8
      vertex 136.639 14.833 5.8
    endloop
  endfacet
  facet normal -0.660052 -0.75122 -0
    outer loop
      vertex 136.742 14.7425 5.8
      vertex 136.639 14.833 2.3
      vertex 136.742 14.7425 2.3
    endloop
  endfacet
  facet normal 0.750368 -0.661021 0
    outer loop
      vertex 135.167 14.6392 5.8
      vertex 135.258 14.7425 2.3
      vertex 135.258 14.7425 5.8
    endloop
  endfacet
  facet normal 0.750368 -0.661021 0
    outer loop
      vertex 135.258 14.7425 2.3
      vertex 135.167 14.6392 5.8
      vertex 135.167 14.6392 2.3
    endloop
  endfacet
  facet normal 0.443128 -0.896459 0
    outer loop
      vertex 135.475 14.9093 2.3
      vertex 135.598 14.9701 5.8
      vertex 135.475 14.9093 5.8
    endloop
  endfacet
  facet normal 0.443128 -0.896459 0
    outer loop
      vertex 135.598 14.9701 5.8
      vertex 135.475 14.9093 2.3
      vertex 135.598 14.9701 2.3
    endloop
  endfacet
  facet normal 0.947216 0.320596 0
    outer loop
      vertex 135.03 13.5982 5.8
      vertex 134.986 13.7282 2.3
      vertex 134.986 13.7282 5.8
    endloop
  endfacet
  facet normal 0.947216 0.320596 0
    outer loop
      vertex 134.986 13.7282 2.3
      vertex 135.03 13.5982 5.8
      vertex 135.03 13.5982 2.3
    endloop
  endfacet
  facet normal -0.896166 -0.443719 0
    outer loop
      vertex 136.97 14.4018 2.3
      vertex 136.909 14.525 5.8
      vertex 136.909 14.525 2.3
    endloop
  endfacet
  facet normal -0.896166 -0.443719 0
    outer loop
      vertex 136.909 14.525 5.8
      vertex 136.97 14.4018 2.3
      vertex 136.97 14.4018 5.8
    endloop
  endfacet
  facet normal -0.980497 -0.196536 0
    outer loop
      vertex 137.041 14.1371 2.3
      vertex 137.014 14.2718 5.8
      vertex 137.014 14.2718 2.3
    endloop
  endfacet
  facet normal -0.980497 -0.196536 0
    outer loop
      vertex 137.014 14.2718 5.8
      vertex 137.041 14.1371 2.3
      vertex 137.041 14.1371 5.8
    endloop
  endfacet
  facet normal -0.832499 -0.554027 0
    outer loop
      vertex 136.909 14.525 2.3
      vertex 136.833 14.6392 5.8
      vertex 136.833 14.6392 2.3
    endloop
  endfacet
  facet normal -0.832499 -0.554027 0
    outer loop
      vertex 136.833 14.6392 5.8
      vertex 136.909 14.525 2.3
      vertex 136.909 14.525 5.8
    endloop
  endfacet
  facet normal -0.32125 -0.946995 0
    outer loop
      vertex 136.272 15.0142 2.3
      vertex 136.402 14.9701 5.8
      vertex 136.272 15.0142 5.8
    endloop
  endfacet
  facet normal -0.32125 -0.946995 -0
    outer loop
      vertex 136.402 14.9701 5.8
      vertex 136.272 15.0142 2.3
      vertex 136.402 14.9701 2.3
    endloop
  endfacet
  facet normal -0.194719 -0.980859 0
    outer loop
      vertex 136.137 15.041 2.3
      vertex 136.272 15.0142 5.8
      vertex 136.137 15.041 5.8
    endloop
  endfacet
  facet normal -0.194719 -0.980859 -0
    outer loop
      vertex 136.272 15.0142 5.8
      vertex 136.137 15.041 2.3
      vertex 136.272 15.0142 2.3
    endloop
  endfacet
  facet normal -0.556213 -0.83104 0
    outer loop
      vertex 136.525 14.9093 2.3
      vertex 136.639 14.833 5.8
      vertex 136.525 14.9093 5.8
    endloop
  endfacet
  facet normal -0.556213 -0.83104 -0
    outer loop
      vertex 136.639 14.833 5.8
      vertex 136.525 14.9093 2.3
      vertex 136.639 14.833 2.3
    endloop
  endfacet
  facet normal 0.896166 -0.443719 0
    outer loop
      vertex 135.03 14.4018 5.8
      vertex 135.091 14.525 2.3
      vertex 135.091 14.525 5.8
    endloop
  endfacet
  facet normal 0.896166 -0.443719 0
    outer loop
      vertex 135.091 14.525 2.3
      vertex 135.03 14.4018 5.8
      vertex 135.03 14.4018 2.3
    endloop
  endfacet
  facet normal 0.832499 -0.554027 0
    outer loop
      vertex 135.091 14.525 5.8
      vertex 135.167 14.6392 2.3
      vertex 135.167 14.6392 5.8
    endloop
  endfacet
  facet normal 0.832499 -0.554027 0
    outer loop
      vertex 135.167 14.6392 2.3
      vertex 135.091 14.525 5.8
      vertex 135.091 14.525 2.3
    endloop
  endfacet
  facet normal 0.980497 -0.196536 0
    outer loop
      vertex 134.959 14.1371 5.8
      vertex 134.986 14.2718 2.3
      vertex 134.986 14.2718 5.8
    endloop
  endfacet
  facet normal 0.980497 -0.196536 0
    outer loop
      vertex 134.986 14.2718 2.3
      vertex 134.959 14.1371 5.8
      vertex 134.959 14.1371 2.3
    endloop
  endfacet
  facet normal 0.556213 -0.83104 0
    outer loop
      vertex 135.361 14.833 2.3
      vertex 135.475 14.9093 5.8
      vertex 135.361 14.833 5.8
    endloop
  endfacet
  facet normal 0.556213 -0.83104 0
    outer loop
      vertex 135.475 14.9093 5.8
      vertex 135.361 14.833 2.3
      vertex 135.475 14.9093 2.3
    endloop
  endfacet
  facet normal 0.194719 -0.980859 0
    outer loop
      vertex 135.728 15.0142 2.3
      vertex 135.863 15.041 5.8
      vertex 135.728 15.0142 5.8
    endloop
  endfacet
  facet normal 0.194719 -0.980859 0
    outer loop
      vertex 135.863 15.041 5.8
      vertex 135.728 15.0142 2.3
      vertex 135.863 15.041 2.3
    endloop
  endfacet
  facet normal -0.896166 0.443719 0
    outer loop
      vertex 136.909 13.475 2.3
      vertex 136.97 13.5982 5.8
      vertex 136.97 13.5982 2.3
    endloop
  endfacet
  facet normal -0.896166 0.443719 0
    outer loop
      vertex 136.97 13.5982 5.8
      vertex 136.909 13.475 2.3
      vertex 136.909 13.475 5.8
    endloop
  endfacet
  facet normal -0.32125 0.946995 0
    outer loop
      vertex 136.402 13.0299 2.3
      vertex 136.272 12.9858 5.8
      vertex 136.402 13.0299 5.8
    endloop
  endfacet
  facet normal -0.32125 0.946995 0
    outer loop
      vertex 136.272 12.9858 5.8
      vertex 136.402 13.0299 2.3
      vertex 136.272 12.9858 2.3
    endloop
  endfacet
  facet normal -0.194719 0.980859 0
    outer loop
      vertex 136.272 12.9858 2.3
      vertex 136.137 12.959 5.8
      vertex 136.272 12.9858 5.8
    endloop
  endfacet
  facet normal -0.194719 0.980859 0
    outer loop
      vertex 136.137 12.959 5.8
      vertex 136.272 12.9858 2.3
      vertex 136.137 12.959 2.3
    endloop
  endfacet
  facet normal -0.750368 0.661021 0
    outer loop
      vertex 136.742 13.2575 2.3
      vertex 136.833 13.3608 5.8
      vertex 136.833 13.3608 2.3
    endloop
  endfacet
  facet normal -0.750368 0.661021 0
    outer loop
      vertex 136.833 13.3608 5.8
      vertex 136.742 13.2575 2.3
      vertex 136.742 13.2575 5.8
    endloop
  endfacet
  facet normal -0.556213 0.83104 0
    outer loop
      vertex 136.639 13.167 2.3
      vertex 136.525 13.0907 5.8
      vertex 136.639 13.167 5.8
    endloop
  endfacet
  facet normal -0.556213 0.83104 0
    outer loop
      vertex 136.525 13.0907 5.8
      vertex 136.639 13.167 2.3
      vertex 136.525 13.0907 2.3
    endloop
  endfacet
  facet normal -0.832499 0.554027 0
    outer loop
      vertex 136.833 13.3608 2.3
      vertex 136.909 13.475 5.8
      vertex 136.909 13.475 2.3
    endloop
  endfacet
  facet normal -0.832499 0.554027 0
    outer loop
      vertex 136.909 13.475 5.8
      vertex 136.833 13.3608 2.3
      vertex 136.833 13.3608 5.8
    endloop
  endfacet
  facet normal -0.980497 0.196536 0
    outer loop
      vertex 137.014 13.7282 2.3
      vertex 137.041 13.8629 5.8
      vertex 137.041 13.8629 2.3
    endloop
  endfacet
  facet normal -0.980497 0.196536 0
    outer loop
      vertex 137.041 13.8629 5.8
      vertex 137.014 13.7282 2.3
      vertex 137.014 13.7282 5.8
    endloop
  endfacet
  facet normal 0.32125 0.946995 -0
    outer loop
      vertex 135.728 12.9858 2.3
      vertex 135.598 13.0299 5.8
      vertex 135.728 12.9858 5.8
    endloop
  endfacet
  facet normal 0.32125 0.946995 0
    outer loop
      vertex 135.598 13.0299 5.8
      vertex 135.728 12.9858 2.3
      vertex 135.598 13.0299 2.3
    endloop
  endfacet
  facet normal 0.556213 0.83104 -0
    outer loop
      vertex 135.475 13.0907 2.3
      vertex 135.361 13.167 5.8
      vertex 135.475 13.0907 5.8
    endloop
  endfacet
  facet normal 0.556213 0.83104 0
    outer loop
      vertex 135.361 13.167 5.8
      vertex 135.475 13.0907 2.3
      vertex 135.361 13.167 2.3
    endloop
  endfacet
  facet normal 0.194719 0.980859 -0
    outer loop
      vertex 135.863 12.959 2.3
      vertex 135.728 12.9858 5.8
      vertex 135.863 12.959 5.8
    endloop
  endfacet
  facet normal 0.194719 0.980859 0
    outer loop
      vertex 135.728 12.9858 5.8
      vertex 135.863 12.959 2.3
      vertex 135.728 12.9858 2.3
    endloop
  endfacet
  facet normal 0.832499 0.554027 0
    outer loop
      vertex 135.167 13.3608 5.8
      vertex 135.091 13.475 2.3
      vertex 135.091 13.475 5.8
    endloop
  endfacet
  facet normal 0.832499 0.554027 0
    outer loop
      vertex 135.091 13.475 2.3
      vertex 135.167 13.3608 5.8
      vertex 135.167 13.3608 2.3
    endloop
  endfacet
  facet normal 0.750368 0.661021 0
    outer loop
      vertex 135.258 13.2575 5.8
      vertex 135.167 13.3608 2.3
      vertex 135.167 13.3608 5.8
    endloop
  endfacet
  facet normal 0.750368 0.661021 0
    outer loop
      vertex 135.167 13.3608 2.3
      vertex 135.258 13.2575 5.8
      vertex 135.258 13.2575 2.3
    endloop
  endfacet
  facet normal 0.980497 0.196536 0
    outer loop
      vertex 134.986 13.7282 5.8
      vertex 134.959 13.8629 2.3
      vertex 134.959 13.8629 5.8
    endloop
  endfacet
  facet normal 0.980497 0.196536 0
    outer loop
      vertex 134.959 13.8629 2.3
      vertex 134.986 13.7282 5.8
      vertex 134.986 13.7282 2.3
    endloop
  endfacet
  facet normal -0.947216 -0.320596 0
    outer loop
      vertex 137.014 14.2718 2.3
      vertex 136.97 14.4018 5.8
      vertex 136.97 14.4018 2.3
    endloop
  endfacet
  facet normal -0.947216 -0.320596 0
    outer loop
      vertex 136.97 14.4018 5.8
      vertex 137.014 14.2718 2.3
      vertex 137.014 14.2718 5.8
    endloop
  endfacet
  facet normal -0.0655521 -0.997849 0
    outer loop
      vertex 136 15.05 2.3
      vertex 136.137 15.041 5.8
      vertex 136 15.05 5.8
    endloop
  endfacet
  facet normal -0.0655521 -0.997849 -0
    outer loop
      vertex 136.137 15.041 5.8
      vertex 136 15.05 2.3
      vertex 136.137 15.041 2.3
    endloop
  endfacet
  facet normal 0 0 1
    outer loop
      vertex 137.041 14.1371 2.3
      vertex 137.041 13.8629 2.3
      vertex 137.05 14 2.3
    endloop
  endfacet
  facet normal 0 0 1
    outer loop
      vertex 137.014 14.2718 2.3
      vertex 137.041 13.8629 2.3
      vertex 137.041 14.1371 2.3
    endloop
  endfacet
  facet normal 0 0 1
    outer loop
      vertex 137.014 14.2718 2.3
      vertex 137.014 13.7282 2.3
      vertex 137.041 13.8629 2.3
    endloop
  endfacet
  facet normal 0 0 1
    outer loop
      vertex 136.97 14.4018 2.3
      vertex 137.014 13.7282 2.3
      vertex 137.014 14.2718 2.3
    endloop
  endfacet
  facet normal 0 0 1
    outer loop
      vertex 136.97 14.4018 2.3
      vertex 136.97 13.5982 2.3
      vertex 137.014 13.7282 2.3
    endloop
  endfacet
  facet normal 0 0 1
    outer loop
      vertex 136.909 14.525 2.3
      vertex 136.97 13.5982 2.3
      vertex 136.97 14.4018 2.3
    endloop
  endfacet
  facet normal 0 0 1
    outer loop
      vertex 136.909 14.525 2.3
      vertex 136.909 13.475 2.3
      vertex 136.97 13.5982 2.3
    endloop
  endfacet
  facet normal 0 0 1
    outer loop
      vertex 136.833 14.6392 2.3
      vertex 136.909 13.475 2.3
      vertex 136.909 14.525 2.3
    endloop
  endfacet
  facet normal 0 0 1
    outer loop
      vertex 136.833 14.6392 2.3
      vertex 136.833 13.3608 2.3
      vertex 136.909 13.475 2.3
    endloop
  endfacet
  facet normal 0 0 1
    outer loop
      vertex 136.742 14.7425 2.3
      vertex 136.833 13.3608 2.3
      vertex 136.833 14.6392 2.3
    endloop
  endfacet
  facet normal 0 0 1
    outer loop
      vertex 136.742 14.7425 2.3
      vertex 136.742 13.2575 2.3
      vertex 136.833 13.3608 2.3
    endloop
  endfacet
  facet normal 0 0 1
    outer loop
      vertex 136.639 14.833 2.3
      vertex 136.742 13.2575 2.3
      vertex 136.742 14.7425 2.3
    endloop
  endfacet
  facet normal 0 0 1
    outer loop
      vertex 136.639 14.833 2.3
      vertex 136.639 13.167 2.3
      vertex 136.742 13.2575 2.3
    endloop
  endfacet
  facet normal 0 0 1
    outer loop
      vertex 136.525 14.9093 2.3
      vertex 136.639 13.167 2.3
      vertex 136.639 14.833 2.3
    endloop
  endfacet
  facet normal 0 0 1
    outer loop
      vertex 136.525 14.9093 2.3
      vertex 136.525 13.0907 2.3
      vertex 136.639 13.167 2.3
    endloop
  endfacet
  facet normal 0 0 1
    outer loop
      vertex 136.402 14.9701 2.3
      vertex 136.525 13.0907 2.3
      vertex 136.525 14.9093 2.3
    endloop
  endfacet
  facet normal 0 0 1
    outer loop
      vertex 136.402 14.9701 2.3
      vertex 136.402 13.0299 2.3
      vertex 136.525 13.0907 2.3
    endloop
  endfacet
  facet normal 0 0 1
    outer loop
      vertex 136.272 15.0142 2.3
      vertex 136.402 13.0299 2.3
      vertex 136.402 14.9701 2.3
    endloop
  endfacet
  facet normal 0 0 1
    outer loop
      vertex 136.272 15.0142 2.3
      vertex 136.272 12.9858 2.3
      vertex 136.402 13.0299 2.3
    endloop
  endfacet
  facet normal 0 0 1
    outer loop
      vertex 136.137 15.041 2.3
      vertex 136.272 12.9858 2.3
      vertex 136.272 15.0142 2.3
    endloop
  endfacet
  facet normal 0 0 1
    outer loop
      vertex 136.137 15.041 2.3
      vertex 136.137 12.959 2.3
      vertex 136.272 12.9858 2.3
    endloop
  endfacet
  facet normal 0 0 1
    outer loop
      vertex 136 15.05 2.3
      vertex 136.137 12.959 2.3
      vertex 136.137 15.041 2.3
    endloop
  endfacet
  facet normal 0 0 1
    outer loop
      vertex 136 15.05 2.3
      vertex 136 12.95 2.3
      vertex 136.137 12.959 2.3
    endloop
  endfacet
  facet normal -0 0 1
    outer loop
      vertex 135.863 15.041 2.3
      vertex 136 12.95 2.3
      vertex 136 15.05 2.3
    endloop
  endfacet
  facet normal 0 0 1
    outer loop
      vertex 135.863 15.041 2.3
      vertex 135.863 12.959 2.3
      vertex 136 12.95 2.3
    endloop
  endfacet
  facet normal -0 0 1
    outer loop
      vertex 135.728 15.0142 2.3
      vertex 135.863 12.959 2.3
      vertex 135.863 15.041 2.3
    endloop
  endfacet
  facet normal 0 0 1
    outer loop
      vertex 135.728 15.0142 2.3
      vertex 135.728 12.9858 2.3
      vertex 135.863 12.959 2.3
    endloop
  endfacet
  facet normal -0 0 1
    outer loop
      vertex 135.598 14.9701 2.3
      vertex 135.728 12.9858 2.3
      vertex 135.728 15.0142 2.3
    endloop
  endfacet
  facet normal 0 0 1
    outer loop
      vertex 135.598 14.9701 2.3
      vertex 135.598 13.0299 2.3
      vertex 135.728 12.9858 2.3
    endloop
  endfacet
  facet normal -0 0 1
    outer loop
      vertex 135.475 14.9093 2.3
      vertex 135.598 13.0299 2.3
      vertex 135.598 14.9701 2.3
    endloop
  endfacet
  facet normal 0 0 1
    outer loop
      vertex 135.475 14.9093 2.3
      vertex 135.475 13.0907 2.3
      vertex 135.598 13.0299 2.3
    endloop
  endfacet
  facet normal -0 0 1
    outer loop
      vertex 135.361 14.833 2.3
      vertex 135.475 13.0907 2.3
      vertex 135.475 14.9093 2.3
    endloop
  endfacet
  facet normal 0 0 1
    outer loop
      vertex 135.361 14.833 2.3
      vertex 135.361 13.167 2.3
      vertex 135.475 13.0907 2.3
    endloop
  endfacet
  facet normal -0 0 1
    outer loop
      vertex 135.258 14.7425 2.3
      vertex 135.361 13.167 2.3
      vertex 135.361 14.833 2.3
    endloop
  endfacet
  facet normal 0 0 1
    outer loop
      vertex 135.258 14.7425 2.3
      vertex 135.258 13.2575 2.3
      vertex 135.361 13.167 2.3
    endloop
  endfacet
  facet normal -0 0 1
    outer loop
      vertex 135.167 14.6392 2.3
      vertex 135.258 13.2575 2.3
      vertex 135.258 14.7425 2.3
    endloop
  endfacet
  facet normal 0 0 1
    outer loop
      vertex 135.167 14.6392 2.3
      vertex 135.167 13.3608 2.3
      vertex 135.258 13.2575 2.3
    endloop
  endfacet
  facet normal -0 0 1
    outer loop
      vertex 135.091 14.525 2.3
      vertex 135.167 13.3608 2.3
      vertex 135.167 14.6392 2.3
    endloop
  endfacet
  facet normal 0 0 1
    outer loop
      vertex 135.091 14.525 2.3
      vertex 135.091 13.475 2.3
      vertex 135.167 13.3608 2.3
    endloop
  endfacet
  facet normal -0 0 1
    outer loop
      vertex 135.03 14.4018 2.3
      vertex 135.091 13.475 2.3
      vertex 135.091 14.525 2.3
    endloop
  endfacet
  facet normal 0 0 1
    outer loop
      vertex 135.03 14.4018 2.3
      vertex 135.03 13.5982 2.3
      vertex 135.091 13.475 2.3
    endloop
  endfacet
  facet normal -0 0 1
    outer loop
      vertex 134.986 14.2718 2.3
      vertex 135.03 13.5982 2.3
      vertex 135.03 14.4018 2.3
    endloop
  endfacet
  facet normal 0 0 1
    outer loop
      vertex 134.986 14.2718 2.3
      vertex 134.986 13.7282 2.3
      vertex 135.03 13.5982 2.3
    endloop
  endfacet
  facet normal -0 0 1
    outer loop
      vertex 134.959 14.1371 2.3
      vertex 134.986 13.7282 2.3
      vertex 134.986 14.2718 2.3
    endloop
  endfacet
  facet normal 0 0 1
    outer loop
      vertex 134.959 14.1371 2.3
      vertex 134.959 13.8629 2.3
      vertex 134.986 13.7282 2.3
    endloop
  endfacet
  facet normal 0 -0 1
    outer loop
      vertex 134.959 13.8629 2.3
      vertex 134.959 14.1371 2.3
      vertex 134.95 14 2.3
    endloop
  endfacet
  facet normal 0.947216 -0.320596 0
    outer loop
      vertex 134.986 14.2718 5.8
      vertex 135.03 14.4018 2.3
      vertex 135.03 14.4018 5.8
    endloop
  endfacet
  facet normal 0.947216 -0.320596 0
    outer loop
      vertex 135.03 14.4018 2.3
      vertex 134.986 14.2718 5.8
      vertex 134.986 14.2718 2.3
    endloop
  endfacet
  facet normal 0.997852 -0.0655045 0
    outer loop
      vertex 134.95 14 5.8
      vertex 134.959 14.1371 2.3
      vertex 134.959 14.1371 5.8
    endloop
  endfacet
  facet normal 0.997852 -0.0655045 0
    outer loop
      vertex 134.959 14.1371 2.3
      vertex 134.95 14 5.8
      vertex 134.95 14 2.3
    endloop
  endfacet
  facet normal -0.997852 0.0655045 0
    outer loop
      vertex 137.041 13.8629 2.3
      vertex 137.05 14 5.8
      vertex 137.05 14 2.3
    endloop
  endfacet
  facet normal -0.997852 0.0655045 0
    outer loop
      vertex 137.05 14 5.8
      vertex 137.041 13.8629 2.3
      vertex 137.041 13.8629 5.8
    endloop
  endfacet
  facet normal -0.660052 0.75122 0
    outer loop
      vertex 136.742 13.2575 2.3
      vertex 136.639 13.167 5.8
      vertex 136.742 13.2575 5.8
    endloop
  endfacet
  facet normal -0.660052 0.75122 0
    outer loop
      vertex 136.639 13.167 5.8
      vertex 136.742 13.2575 2.3
      vertex 136.639 13.167 2.3
    endloop
  endfacet
  facet normal 0.443128 0.896459 -0
    outer loop
      vertex 135.598 13.0299 2.3
      vertex 135.475 13.0907 5.8
      vertex 135.598 13.0299 5.8
    endloop
  endfacet
  facet normal 0.443128 0.896459 0
    outer loop
      vertex 135.475 13.0907 5.8
      vertex 135.598 13.0299 2.3
      vertex 135.475 13.0907 2.3
    endloop
  endfacet
  facet normal 0.0655521 0.997849 -0
    outer loop
      vertex 136 12.95 2.3
      vertex 135.863 12.959 5.8
      vertex 136 12.95 5.8
    endloop
  endfacet
  facet normal 0.0655521 0.997849 0
    outer loop
      vertex 135.863 12.959 5.8
      vertex 136 12.95 2.3
      vertex 135.863 12.959 2.3
    endloop
  endfacet
  facet normal 0.660052 0.75122 -0
    outer loop
      vertex 135.361 13.167 2.3
      vertex 135.258 13.2575 5.8
      vertex 135.361 13.167 5.8
    endloop
  endfacet
  facet normal 0.660052 0.75122 0
    outer loop
      vertex 135.258 13.2575 5.8
      vertex 135.361 13.167 2.3
      vertex 135.258 13.2575 2.3
    endloop
  endfacet
  facet normal 0.896166 0.443719 0
    outer loop
      vertex 135.091 13.475 5.8
      vertex 135.03 13.5982 2.3
      vertex 135.03 13.5982 5.8
    endloop
  endfacet
  facet normal 0.896166 0.443719 0
    outer loop
      vertex 135.03 13.5982 2.3
      vertex 135.091 13.475 5.8
      vertex 135.091 13.475 2.3
    endloop
  endfacet
  facet normal -0.750368 -0.661021 0
    outer loop
      vertex 136.833 14.6392 2.3
      vertex 136.742 14.7425 5.8
      vertex 136.742 14.7425 2.3
    endloop
  endfacet
  facet normal -0.750368 -0.661021 0
    outer loop
      vertex 136.742 14.7425 5.8
      vertex 136.833 14.6392 2.3
      vertex 136.833 14.6392 5.8
    endloop
  endfacet
  facet normal -0.443128 -0.896459 0
    outer loop
      vertex 136.402 14.9701 2.3
      vertex 136.525 14.9093 5.8
      vertex 136.402 14.9701 5.8
    endloop
  endfacet
  facet normal -0.443128 -0.896459 -0
    outer loop
      vertex 136.525 14.9093 5.8
      vertex 136.402 14.9701 2.3
      vertex 136.525 14.9093 2.3
    endloop
  endfacet
  facet normal 0.660052 -0.75122 0
    outer loop
      vertex 135.258 14.7425 2.3
      vertex 135.361 14.833 5.8
      vertex 135.258 14.7425 5.8
    endloop
  endfacet
  facet normal 0.660052 -0.75122 0
    outer loop
      vertex 135.361 14.833 5.8
      vertex 135.258 14.7425 2.3
      vertex 135.361 14.833 2.3
    endloop
  endfacet
  facet normal 0.32125 -0.946995 0
    outer loop
      vertex 135.598 14.9701 2.3
      vertex 135.728 15.0142 5.8
      vertex 135.598 14.9701 5.8
    endloop
  endfacet
  facet normal 0.32125 -0.946995 0
    outer loop
      vertex 135.728 15.0142 5.8
      vertex 135.598 14.9701 2.3
      vertex 135.728 15.0142 2.3
    endloop
  endfacet
  facet normal -0.443128 0.896459 0
    outer loop
      vertex 136.525 13.0907 2.3
      vertex 136.402 13.0299 5.8
      vertex 136.525 13.0907 5.8
    endloop
  endfacet
  facet normal -0.443128 0.896459 0
    outer loop
      vertex 136.402 13.0299 5.8
      vertex 136.525 13.0907 2.3
      vertex 136.402 13.0299 2.3
    endloop
  endfacet
  facet normal -0.947216 0.320596 0
    outer loop
      vertex 136.97 13.5982 2.3
      vertex 137.014 13.7282 5.8
      vertex 137.014 13.7282 2.3
    endloop
  endfacet
  facet normal -0.947216 0.320596 0
    outer loop
      vertex 137.014 13.7282 5.8
      vertex 136.97 13.5982 2.3
      vertex 136.97 13.5982 5.8
    endloop
  endfacet
  facet normal 0.980787 -0.195083 0
    outer loop
      vertex 3.56668 5.75453 8.3
      vertex 3.61644 6.0047 3.7
      vertex 3.61644 6.0047 8.3
    endloop
  endfacet
  facet normal 0.980787 -0.195083 0
    outer loop
      vertex 3.61644 6.0047 3.7
      vertex 3.56668 5.75453 8.3
      vertex 3.56668 5.75453 3.7
    endloop
  endfacet
  facet normal -0.831465 -0.555577 0
    outer loop
      vertex 7.18875 6.475 3.7
      vertex 7.04704 6.68708 8.3
      vertex 7.04704 6.68708 3.7
    endloop
  endfacet
  facet normal -0.831465 -0.555577 0
    outer loop
      vertex 7.04704 6.68708 8.3
      vertex 7.18875 6.475 3.7
      vertex 7.18875 6.475 8.3
    endloop
  endfacet
  facet normal -0.195121 -0.980779 0
    outer loop
      vertex 5.75453 7.43332 3.7
      vertex 6.0047 7.38355 8.3
      vertex 5.75453 7.43332 8.3
    endloop
  endfacet
  facet normal -0.195121 -0.980779 -0
    outer loop
      vertex 6.0047 7.38355 8.3
      vertex 5.75453 7.43332 3.7
      vertex 6.0047 7.38355 3.7
    endloop
  endfacet
  facet normal -0.321445 -0.946928 0
    outer loop
      vertex 6.0047 7.38355 3.7
      vertex 6.24623 7.30156 8.3
      vertex 6.0047 7.38355 8.3
    endloop
  endfacet
  facet normal -0.321445 -0.946928 -0
    outer loop
      vertex 6.24623 7.30156 8.3
      vertex 6.0047 7.38355 3.7
      vertex 6.24623 7.30156 3.7
    endloop
  endfacet
  facet normal 0.442267 -0.896883 0
    outer loop
      vertex 4.525 7.18875 3.7
      vertex 4.75377 7.30156 8.3
      vertex 4.525 7.18875 8.3
    endloop
  endfacet
  facet normal 0.442267 -0.896883 0
    outer loop
      vertex 4.75377 7.30156 8.3
      vertex 4.525 7.18875 3.7
      vertex 4.75377 7.30156 3.7
    endloop
  endfacet
  facet normal 0.946928 -0.321445 0
    outer loop
      vertex 3.61644 6.0047 8.3
      vertex 3.69843 6.24623 3.7
      vertex 3.69843 6.24623 8.3
    endloop
  endfacet
  facet normal 0.946928 -0.321445 0
    outer loop
      vertex 3.69843 6.24623 3.7
      vertex 3.61644 6.0047 8.3
      vertex 3.61644 6.0047 3.7
    endloop
  endfacet
  facet normal -0.99786 0.0653923 0
    outer loop
      vertex 7.43332 5.24547 3.7
      vertex 7.45 5.5 8.3
      vertex 7.45 5.5 3.7
    endloop
  endfacet
  facet normal -0.99786 0.0653923 0
    outer loop
      vertex 7.45 5.5 8.3
      vertex 7.43332 5.24547 3.7
      vertex 7.43332 5.24547 8.3
    endloop
  endfacet
  facet normal -0.659331 -0.751853 0
    outer loop
      vertex 6.68708 7.04704 3.7
      vertex 6.87886 6.87886 8.3
      vertex 6.68708 7.04704 8.3
    endloop
  endfacet
  facet normal -0.659331 -0.751853 -0
    outer loop
      vertex 6.87886 6.87886 8.3
      vertex 6.68708 7.04704 3.7
      vertex 6.87886 6.87886 3.7
    endloop
  endfacet
  facet normal -0.0653923 -0.99786 0
    outer loop
      vertex 5.5 7.45 3.7
      vertex 5.75453 7.43332 8.3
      vertex 5.5 7.45 8.3
    endloop
  endfacet
  facet normal -0.0653923 -0.99786 -0
    outer loop
      vertex 5.75453 7.43332 8.3
      vertex 5.5 7.45 3.7
      vertex 5.75453 7.43332 3.7
    endloop
  endfacet
  facet normal -0.555577 -0.831465 0
    outer loop
      vertex 6.475 7.18875 3.7
      vertex 6.68708 7.04704 8.3
      vertex 6.475 7.18875 8.3
    endloop
  endfacet
  facet normal -0.555577 -0.831465 -0
    outer loop
      vertex 6.68708 7.04704 8.3
      vertex 6.475 7.18875 3.7
      vertex 6.68708 7.04704 3.7
    endloop
  endfacet
  facet normal 0 0 1
    outer loop
      vertex 7.43332 5.75453 3.7
      vertex 7.43332 5.24547 3.7
      vertex 7.45 5.5 3.7
    endloop
  endfacet
  facet normal 0 0 1
    outer loop
      vertex 7.38355 6.0047 3.7
      vertex 7.43332 5.24547 3.7
      vertex 7.43332 5.75453 3.7
    endloop
  endfacet
  facet normal 0 0 1
    outer loop
      vertex 7.38355 6.0047 3.7
      vertex 7.38355 4.9953 3.7
      vertex 7.43332 5.24547 3.7
    endloop
  endfacet
  facet normal 0 0 1
    outer loop
      vertex 7.30156 6.24623 3.7
      vertex 7.38355 4.9953 3.7
      vertex 7.38355 6.0047 3.7
    endloop
  endfacet
  facet normal 0 0 1
    outer loop
      vertex 7.30156 6.24623 3.7
      vertex 7.30156 4.75377 3.7
      vertex 7.38355 4.9953 3.7
    endloop
  endfacet
  facet normal 0 0 1
    outer loop
      vertex 7.18875 6.475 3.7
      vertex 7.30156 4.75377 3.7
      vertex 7.30156 6.24623 3.7
    endloop
  endfacet
  facet normal 0 0 1
    outer loop
      vertex 7.18875 6.475 3.7
      vertex 7.18875 4.525 3.7
      vertex 7.30156 4.75377 3.7
    endloop
  endfacet
  facet normal 0 0 1
    outer loop
      vertex 7.04704 6.68708 3.7
      vertex 7.18875 4.525 3.7
      vertex 7.18875 6.475 3.7
    endloop
  endfacet
  facet normal 0 0 1
    outer loop
      vertex 7.04704 6.68708 3.7
      vertex 7.04704 4.31291 3.7
      vertex 7.18875 4.525 3.7
    endloop
  endfacet
  facet normal 0 0 1
    outer loop
      vertex 6.87886 6.87886 3.7
      vertex 7.04704 4.31291 3.7
      vertex 7.04704 6.68708 3.7
    endloop
  endfacet
  facet normal 0 0 1
    outer loop
      vertex 6.87886 6.87886 3.7
      vertex 6.87886 4.12114 3.7
      vertex 7.04704 4.31291 3.7
    endloop
  endfacet
  facet normal 0 0 1
    outer loop
      vertex 6.68708 7.04704 3.7
      vertex 6.87886 4.12114 3.7
      vertex 6.87886 6.87886 3.7
    endloop
  endfacet
  facet normal 0 0 1
    outer loop
      vertex 6.68708 7.04704 3.7
      vertex 6.68708 3.95296 3.7
      vertex 6.87886 4.12114 3.7
    endloop
  endfacet
  facet normal 0 0 1
    outer loop
      vertex 6.475 7.18875 3.7
      vertex 6.68708 3.95296 3.7
      vertex 6.68708 7.04704 3.7
    endloop
  endfacet
  facet normal 0 0 1
    outer loop
      vertex 6.475 7.18875 3.7
      vertex 6.475 3.81125 3.7
      vertex 6.68708 3.95296 3.7
    endloop
  endfacet
  facet normal 0 0 1
    outer loop
      vertex 6.24623 7.30156 3.7
      vertex 6.475 3.81125 3.7
      vertex 6.475 7.18875 3.7
    endloop
  endfacet
  facet normal 0 0 1
    outer loop
      vertex 6.24623 7.30156 3.7
      vertex 6.24623 3.69843 3.7
      vertex 6.475 3.81125 3.7
    endloop
  endfacet
  facet normal 0 0 1
    outer loop
      vertex 6.0047 7.38355 3.7
      vertex 6.24623 3.69843 3.7
      vertex 6.24623 7.30156 3.7
    endloop
  endfacet
  facet normal 0 0 1
    outer loop
      vertex 6.0047 7.38355 3.7
      vertex 6.0047 3.61644 3.7
      vertex 6.24623 3.69843 3.7
    endloop
  endfacet
  facet normal 0 0 1
    outer loop
      vertex 5.75453 7.43332 3.7
      vertex 6.0047 3.61644 3.7
      vertex 6.0047 7.38355 3.7
    endloop
  endfacet
  facet normal 0 0 1
    outer loop
      vertex 5.75453 7.43332 3.7
      vertex 5.75453 3.56668 3.7
      vertex 6.0047 3.61644 3.7
    endloop
  endfacet
  facet normal 0 0 1
    outer loop
      vertex 5.5 7.45 3.7
      vertex 5.75453 3.56668 3.7
      vertex 5.75453 7.43332 3.7
    endloop
  endfacet
  facet normal 0 0 1
    outer loop
      vertex 5.5 7.45 3.7
      vertex 5.5 3.55 3.7
      vertex 5.75453 3.56668 3.7
    endloop
  endfacet
  facet normal -0 0 1
    outer loop
      vertex 5.24547 7.43332 3.7
      vertex 5.5 3.55 3.7
      vertex 5.5 7.45 3.7
    endloop
  endfacet
  facet normal 0 0 1
    outer loop
      vertex 5.24547 7.43332 3.7
      vertex 5.24547 3.56668 3.7
      vertex 5.5 3.55 3.7
    endloop
  endfacet
  facet normal -0 0 1
    outer loop
      vertex 4.9953 7.38355 3.7
      vertex 5.24547 3.56668 3.7
      vertex 5.24547 7.43332 3.7
    endloop
  endfacet
  facet normal 0 0 1
    outer loop
      vertex 4.9953 7.38355 3.7
      vertex 4.9953 3.61644 3.7
      vertex 5.24547 3.56668 3.7
    endloop
  endfacet
  facet normal -0 0 1
    outer loop
      vertex 4.75377 7.30156 3.7
      vertex 4.9953 3.61644 3.7
      vertex 4.9953 7.38355 3.7
    endloop
  endfacet
  facet normal 0 0 1
    outer loop
      vertex 4.75377 7.30156 3.7
      vertex 4.75377 3.69843 3.7
      vertex 4.9953 3.61644 3.7
    endloop
  endfacet
  facet normal -0 0 1
    outer loop
      vertex 4.525 7.18875 3.7
      vertex 4.75377 3.69843 3.7
      vertex 4.75377 7.30156 3.7
    endloop
  endfacet
  facet normal 0 0 1
    outer loop
      vertex 4.525 7.18875 3.7
      vertex 4.525 3.81125 3.7
      vertex 4.75377 3.69843 3.7
    endloop
  endfacet
  facet normal -0 0 1
    outer loop
      vertex 4.31291 7.04704 3.7
      vertex 4.525 3.81125 3.7
      vertex 4.525 7.18875 3.7
    endloop
  endfacet
  facet normal 0 0 1
    outer loop
      vertex 4.31291 7.04704 3.7
      vertex 4.31291 3.95296 3.7
      vertex 4.525 3.81125 3.7
    endloop
  endfacet
  facet normal -0 0 1
    outer loop
      vertex 4.12114 6.87886 3.7
      vertex 4.31291 3.95296 3.7
      vertex 4.31291 7.04704 3.7
    endloop
  endfacet
  facet normal 0 0 1
    outer loop
      vertex 4.12114 6.87886 3.7
      vertex 4.12114 4.12114 3.7
      vertex 4.31291 3.95296 3.7
    endloop
  endfacet
  facet normal -0 0 1
    outer loop
      vertex 3.95296 6.68708 3.7
      vertex 4.12114 4.12114 3.7
      vertex 4.12114 6.87886 3.7
    endloop
  endfacet
  facet normal 0 0 1
    outer loop
      vertex 3.95296 6.68708 3.7
      vertex 3.95296 4.31291 3.7
      vertex 4.12114 4.12114 3.7
    endloop
  endfacet
  facet normal -0 0 1
    outer loop
      vertex 3.81125 6.475 3.7
      vertex 3.95296 4.31291 3.7
      vertex 3.95296 6.68708 3.7
    endloop
  endfacet
  facet normal 0 0 1
    outer loop
      vertex 3.81125 6.475 3.7
      vertex 3.81125 4.525 3.7
      vertex 3.95296 4.31291 3.7
    endloop
  endfacet
  facet normal -0 0 1
    outer loop
      vertex 3.69843 6.24623 3.7
      vertex 3.81125 4.525 3.7
      vertex 3.81125 6.475 3.7
    endloop
  endfacet
  facet normal 0 0 1
    outer loop
      vertex 3.69843 6.24623 3.7
      vertex 3.69843 4.75377 3.7
      vertex 3.81125 4.525 3.7
    endloop
  endfacet
  facet normal -0 0 1
    outer loop
      vertex 3.61644 6.0047 3.7
      vertex 3.69843 4.75377 3.7
      vertex 3.69843 6.24623 3.7
    endloop
  endfacet
  facet normal 0 0 1
    outer loop
      vertex 3.61644 6.0047 3.7
      vertex 3.61644 4.9953 3.7
      vertex 3.69843 4.75377 3.7
    endloop
  endfacet
  facet normal -0 0 1
    outer loop
      vertex 3.56668 5.75453 3.7
      vertex 3.61644 4.9953 3.7
      vertex 3.61644 6.0047 3.7
    endloop
  endfacet
  facet normal 0 0 1
    outer loop
      vertex 3.56668 5.75453 3.7
      vertex 3.56668 5.24547 3.7
      vertex 3.61644 4.9953 3.7
    endloop
  endfacet
  facet normal 0 -0 1
    outer loop
      vertex 3.56668 5.24547 3.7
      vertex 3.56668 5.75453 3.7
      vertex 3.55 5.5 3.7
    endloop
  endfacet
  facet normal 0.99786 -0.0653923 0
    outer loop
      vertex 3.55 5.5 8.3
      vertex 3.56668 5.75453 3.7
      vertex 3.56668 5.75453 8.3
    endloop
  endfacet
  facet normal 0.99786 -0.0653923 0
    outer loop
      vertex 3.56668 5.75453 3.7
      vertex 3.55 5.5 8.3
      vertex 3.55 5.5 3.7
    endloop
  endfacet
  facet normal 0.831465 -0.555577 0
    outer loop
      vertex 3.81125 6.475 8.3
      vertex 3.95296 6.68708 3.7
      vertex 3.95296 6.68708 8.3
    endloop
  endfacet
  facet normal 0.831465 -0.555577 0
    outer loop
      vertex 3.95296 6.68708 3.7
      vertex 3.81125 6.475 8.3
      vertex 3.81125 6.475 3.7
    endloop
  endfacet
  facet normal 0.195121 -0.980779 0
    outer loop
      vertex 4.9953 7.38355 3.7
      vertex 5.24547 7.43332 8.3
      vertex 4.9953 7.38355 8.3
    endloop
  endfacet
  facet normal 0.195121 -0.980779 0
    outer loop
      vertex 5.24547 7.43332 8.3
      vertex 4.9953 7.38355 3.7
      vertex 5.24547 7.43332 3.7
    endloop
  endfacet
  facet normal 0.751853 -0.659331 0
    outer loop
      vertex 3.95296 6.68708 8.3
      vertex 4.12114 6.87886 3.7
      vertex 4.12114 6.87886 8.3
    endloop
  endfacet
  facet normal 0.751853 -0.659331 0
    outer loop
      vertex 4.12114 6.87886 3.7
      vertex 3.95296 6.68708 8.3
      vertex 3.95296 6.68708 3.7
    endloop
  endfacet
  facet normal -0.751853 -0.659331 0
    outer loop
      vertex 7.04704 6.68708 3.7
      vertex 6.87886 6.87886 8.3
      vertex 6.87886 6.87886 3.7
    endloop
  endfacet
  facet normal -0.751853 -0.659331 0
    outer loop
      vertex 6.87886 6.87886 8.3
      vertex 7.04704 6.68708 3.7
      vertex 7.04704 6.68708 8.3
    endloop
  endfacet
  facet normal 0.0653923 -0.99786 0
    outer loop
      vertex 5.24547 7.43332 3.7
      vertex 5.5 7.45 8.3
      vertex 5.24547 7.43332 8.3
    endloop
  endfacet
  facet normal 0.0653923 -0.99786 0
    outer loop
      vertex 5.5 7.45 8.3
      vertex 5.24547 7.43332 3.7
      vertex 5.5 7.45 3.7
    endloop
  endfacet
  facet normal -0.442267 -0.896883 0
    outer loop
      vertex 6.24623 7.30156 3.7
      vertex 6.475 7.18875 8.3
      vertex 6.24623 7.30156 8.3
    endloop
  endfacet
  facet normal -0.442267 -0.896883 -0
    outer loop
      vertex 6.475 7.18875 8.3
      vertex 6.24623 7.30156 3.7
      vertex 6.475 7.18875 3.7
    endloop
  endfacet
  facet normal 0 0 -1
    outer loop
      vertex 7.40055 5.4254 9.2
      vertex 7.7 5.5 9.2
      vertex 7.69385 5.40619 9.2
    endloop
  endfacet
  facet normal -0 0 -1
    outer loop
      vertex 7.7 5.5 9.2
      vertex 7.40055 5.4254 9.2
      vertex 7.68118 5.78716 9.2
    endloop
  endfacet
  facet normal 0 0 -1
    outer loop
      vertex 7.10623 5.48395 9.2
      vertex 7.68118 5.78716 9.2
      vertex 7.40055 5.4254 9.2
    endloop
  endfacet
  facet normal -0 0 -1
    outer loop
      vertex 7.68118 5.78716 9.2
      vertex 7.10623 5.48395 9.2
      vertex 7.62504 6.0694 9.2
    endloop
  endfacet
  facet normal 0 0 -1
    outer loop
      vertex 6.82205 5.58042 9.2
      vertex 7.62504 6.0694 9.2
      vertex 7.10623 5.48395 9.2
    endloop
  endfacet
  facet normal -0 0 -1
    outer loop
      vertex 7.62504 6.0694 9.2
      vertex 6.82205 5.58042 9.2
      vertex 7.53253 6.3419 9.2
    endloop
  endfacet
  facet normal 0 0 -1
    outer loop
      vertex 6.55291 5.71314 9.2
      vertex 7.53253 6.3419 9.2
      vertex 6.82205 5.58042 9.2
    endloop
  endfacet
  facet normal -0 0 -1
    outer loop
      vertex 7.53253 6.3419 9.2
      vertex 6.55291 5.71314 9.2
      vertex 7.40526 6.6 9.2
    endloop
  endfacet
  facet normal 0 0 -1
    outer loop
      vertex 6.30339 5.87987 9.2
      vertex 7.40526 6.6 9.2
      vertex 6.55291 5.71314 9.2
    endloop
  endfacet
  facet normal -0 0 -1
    outer loop
      vertex 7.40526 6.6 9.2
      vertex 6.30339 5.87987 9.2
      vertex 7.24538 6.83927 9.2
    endloop
  endfacet
  facet normal -0 0 -1
    outer loop
      vertex 7.24538 6.83927 9.2
      vertex 6.30339 5.87987 9.2
      vertex 7.05563 7.05563 9.2
    endloop
  endfacet
  facet normal 0 0 -1
    outer loop
      vertex 6.07775 6.07775 9.2
      vertex 7.05563 7.05563 9.2
      vertex 6.30339 5.87987 9.2
    endloop
  endfacet
  facet normal -0 0 -1
    outer loop
      vertex 7.05563 7.05563 9.2
      vertex 6.07775 6.07775 9.2
      vertex 6.83927 7.24538 9.2
    endloop
  endfacet
  facet normal 0 0 -1
    outer loop
      vertex 5.87987 6.30339 9.2
      vertex 6.83927 7.24538 9.2
      vertex 6.07775 6.07775 9.2
    endloop
  endfacet
  facet normal -0 0 -1
    outer loop
      vertex 6.83927 7.24538 9.2
      vertex 5.87987 6.30339 9.2
      vertex 6.6 7.40526 9.2
    endloop
  endfacet
  facet normal 0 0 -1
    outer loop
      vertex 5.71314 6.55291 9.2
      vertex 6.6 7.40526 9.2
      vertex 5.87987 6.30339 9.2
    endloop
  endfacet
  facet normal -0 0 -1
    outer loop
      vertex 6.6 7.40526 9.2
      vertex 5.71314 6.55291 9.2
      vertex 6.3419 7.53253 9.2
    endloop
  endfacet
  facet normal 0 0 -1
    outer loop
      vertex 5.58042 6.82205 9.2
      vertex 6.3419 7.53253 9.2
      vertex 5.71314 6.55291 9.2
    endloop
  endfacet
  facet normal -0 0 -1
    outer loop
      vertex 6.3419 7.53253 9.2
      vertex 5.58042 6.82205 9.2
      vertex 6.0694 7.62504 9.2
    endloop
  endfacet
  facet normal 0 0 -1
    outer loop
      vertex 5.48395 7.10623 9.2
      vertex 6.0694 7.62504 9.2
      vertex 5.58042 6.82205 9.2
    endloop
  endfacet
  facet normal -0 0 -1
    outer loop
      vertex 6.0694 7.62504 9.2
      vertex 5.48395 7.10623 9.2
      vertex 5.78716 7.68118 9.2
    endloop
  endfacet
  facet normal 0 0 -1
    outer loop
      vertex 5.4254 7.40055 9.2
      vertex 5.78716 7.68118 9.2
      vertex 5.48395 7.10623 9.2
    endloop
  endfacet
  facet normal -0 0 -1
    outer loop
      vertex 5.78716 7.68118 9.2
      vertex 5.4254 7.40055 9.2
      vertex 5.5 7.7 9.2
    endloop
  endfacet
  facet normal 0 0 -1
    outer loop
      vertex 5.5 7.7 9.2
      vertex 5.4254 7.40055 9.2
      vertex 5.40619 7.69385 9.2
    endloop
  endfacet
  facet normal 0.896868 -0.442299 0
    outer loop
      vertex 3.69843 6.24623 8.3
      vertex 3.81125 6.475 3.7
      vertex 3.81125 6.475 8.3
    endloop
  endfacet
  facet normal 0.896868 -0.442299 0
    outer loop
      vertex 3.81125 6.475 3.7
      vertex 3.69843 6.24623 8.3
      vertex 3.69843 6.24623 3.7
    endloop
  endfacet
  facet normal 0.321445 -0.946928 0
    outer loop
      vertex 4.75377 7.30156 3.7
      vertex 4.9953 7.38355 8.3
      vertex 4.75377 7.30156 8.3
    endloop
  endfacet
  facet normal 0.321445 -0.946928 0
    outer loop
      vertex 4.9953 7.38355 8.3
      vertex 4.75377 7.30156 3.7
      vertex 4.9953 7.38355 3.7
    endloop
  endfacet
  facet normal 0.659351 -0.751835 0
    outer loop
      vertex 4.12114 6.87886 3.7
      vertex 4.31291 7.04704 8.3
      vertex 4.12114 6.87886 8.3
    endloop
  endfacet
  facet normal 0.659351 -0.751835 0
    outer loop
      vertex 4.31291 7.04704 8.3
      vertex 4.12114 6.87886 3.7
      vertex 4.31291 7.04704 3.7
    endloop
  endfacet
  facet normal 0.555559 -0.831477 0
    outer loop
      vertex 4.31291 7.04704 3.7
      vertex 4.525 7.18875 8.3
      vertex 4.31291 7.04704 8.3
    endloop
  endfacet
  facet normal 0.555559 -0.831477 0
    outer loop
      vertex 4.525 7.18875 8.3
      vertex 4.31291 7.04704 3.7
      vertex 4.525 7.18875 3.7
    endloop
  endfacet
  facet normal -0.99786 -0.0653923 0
    outer loop
      vertex 7.45 5.5 3.7
      vertex 7.43332 5.75453 8.3
      vertex 7.43332 5.75453 3.7
    endloop
  endfacet
  facet normal -0.99786 -0.0653923 0
    outer loop
      vertex 7.43332 5.75453 8.3
      vertex 7.45 5.5 3.7
      vertex 7.45 5.5 8.3
    endloop
  endfacet
  facet normal -0.980779 0.195121 0
    outer loop
      vertex 7.38355 4.9953 3.7
      vertex 7.43332 5.24547 8.3
      vertex 7.43332 5.24547 3.7
    endloop
  endfacet
  facet normal -0.980779 0.195121 0
    outer loop
      vertex 7.43332 5.24547 8.3
      vertex 7.38355 4.9953 3.7
      vertex 7.38355 4.9953 8.3
    endloop
  endfacet
  facet normal -0.0653923 0.99786 0
    outer loop
      vertex 5.75453 3.56668 3.7
      vertex 5.5 3.55 8.3
      vertex 5.75453 3.56668 8.3
    endloop
  endfacet
  facet normal -0.0653923 0.99786 0
    outer loop
      vertex 5.5 3.55 8.3
      vertex 5.75453 3.56668 3.7
      vertex 5.5 3.55 3.7
    endloop
  endfacet
  facet normal 0.831477 0.555559 0
    outer loop
      vertex 3.95296 4.31291 8.3
      vertex 3.81125 4.525 3.7
      vertex 3.81125 4.525 8.3
    endloop
  endfacet
  facet normal 0.831477 0.555559 0
    outer loop
      vertex 3.81125 4.525 3.7
      vertex 3.95296 4.31291 8.3
      vertex 3.95296 4.31291 3.7
    endloop
  endfacet
  facet normal -0.195083 0.980787 0
    outer loop
      vertex 6.0047 3.61644 3.7
      vertex 5.75453 3.56668 8.3
      vertex 6.0047 3.61644 8.3
    endloop
  endfacet
  facet normal -0.195083 0.980787 0
    outer loop
      vertex 5.75453 3.56668 8.3
      vertex 6.0047 3.61644 3.7
      vertex 5.75453 3.56668 3.7
    endloop
  endfacet
  facet normal -0.896883 -0.442267 0
    outer loop
      vertex 7.30156 6.24623 3.7
      vertex 7.18875 6.475 8.3
      vertex 7.18875 6.475 3.7
    endloop
  endfacet
  facet normal -0.896883 -0.442267 0
    outer loop
      vertex 7.18875 6.475 8.3
      vertex 7.30156 6.24623 3.7
      vertex 7.30156 6.24623 8.3
    endloop
  endfacet
  facet normal -0.946928 -0.321445 0
    outer loop
      vertex 7.38355 6.0047 3.7
      vertex 7.30156 6.24623 8.3
      vertex 7.30156 6.24623 3.7
    endloop
  endfacet
  facet normal -0.946928 -0.321445 0
    outer loop
      vertex 7.30156 6.24623 8.3
      vertex 7.38355 6.0047 3.7
      vertex 7.38355 6.0047 8.3
    endloop
  endfacet
  facet normal -0.980779 -0.195121 0
    outer loop
      vertex 7.43332 5.75453 3.7
      vertex 7.38355 6.0047 8.3
      vertex 7.38355 6.0047 3.7
    endloop
  endfacet
  facet normal -0.980779 -0.195121 0
    outer loop
      vertex 7.38355 6.0047 8.3
      vertex 7.43332 5.75453 3.7
      vertex 7.43332 5.75453 8.3
    endloop
  endfacet
  facet normal 0.99786 0.0653923 0
    outer loop
      vertex 3.56668 5.24547 8.3
      vertex 3.55 5.5 3.7
      vertex 3.55 5.5 8.3
    endloop
  endfacet
  facet normal 0.99786 0.0653923 0
    outer loop
      vertex 3.55 5.5 3.7
      vertex 3.56668 5.24547 8.3
      vertex 3.56668 5.24547 3.7
    endloop
  endfacet
  facet normal -0.751835 0.659351 0
    outer loop
      vertex 6.87886 4.12114 3.7
      vertex 7.04704 4.31291 8.3
      vertex 7.04704 4.31291 3.7
    endloop
  endfacet
  facet normal -0.751835 0.659351 0
    outer loop
      vertex 7.04704 4.31291 8.3
      vertex 6.87886 4.12114 3.7
      vertex 6.87886 4.12114 8.3
    endloop
  endfacet
  facet normal -0.831477 0.555559 0
    outer loop
      vertex 7.04704 4.31291 3.7
      vertex 7.18875 4.525 8.3
      vertex 7.18875 4.525 3.7
    endloop
  endfacet
  facet normal -0.831477 0.555559 0
    outer loop
      vertex 7.18875 4.525 8.3
      vertex 7.04704 4.31291 3.7
      vertex 7.04704 4.31291 8.3
    endloop
  endfacet
  facet normal -0.896883 0.442267 0
    outer loop
      vertex 7.18875 4.525 3.7
      vertex 7.30156 4.75377 8.3
      vertex 7.30156 4.75377 3.7
    endloop
  endfacet
  facet normal -0.896883 0.442267 0
    outer loop
      vertex 7.30156 4.75377 8.3
      vertex 7.18875 4.525 3.7
      vertex 7.18875 4.525 8.3
    endloop
  endfacet
  facet normal 0.321445 0.946928 -0
    outer loop
      vertex 4.9953 3.61644 3.7
      vertex 4.75377 3.69843 8.3
      vertex 4.9953 3.61644 8.3
    endloop
  endfacet
  facet normal 0.321445 0.946928 0
    outer loop
      vertex 4.75377 3.69843 8.3
      vertex 4.9953 3.61644 3.7
      vertex 4.75377 3.69843 3.7
    endloop
  endfacet
  facet normal 0.896868 0.442299 0
    outer loop
      vertex 3.81125 4.525 8.3
      vertex 3.69843 4.75377 3.7
      vertex 3.69843 4.75377 8.3
    endloop
  endfacet
  facet normal 0.896868 0.442299 0
    outer loop
      vertex 3.69843 4.75377 3.7
      vertex 3.81125 4.525 8.3
      vertex 3.81125 4.525 3.7
    endloop
  endfacet
  facet normal 0.946928 0.321445 0
    outer loop
      vertex 3.69843 4.75377 8.3
      vertex 3.61644 4.9953 3.7
      vertex 3.61644 4.9953 8.3
    endloop
  endfacet
  facet normal 0.946928 0.321445 0
    outer loop
      vertex 3.61644 4.9953 3.7
      vertex 3.69843 4.75377 8.3
      vertex 3.69843 4.75377 3.7
    endloop
  endfacet
  facet normal 0.980787 0.195083 0
    outer loop
      vertex 3.61644 4.9953 8.3
      vertex 3.56668 5.24547 3.7
      vertex 3.56668 5.24547 8.3
    endloop
  endfacet
  facet normal 0.980787 0.195083 0
    outer loop
      vertex 3.56668 5.24547 3.7
      vertex 3.61644 4.9953 8.3
      vertex 3.61644 4.9953 3.7
    endloop
  endfacet
  facet normal -0.442299 0.896868 0
    outer loop
      vertex 6.475 3.81125 3.7
      vertex 6.24623 3.69843 8.3
      vertex 6.475 3.81125 8.3
    endloop
  endfacet
  facet normal -0.442299 0.896868 0
    outer loop
      vertex 6.24623 3.69843 8.3
      vertex 6.475 3.81125 3.7
      vertex 6.24623 3.69843 3.7
    endloop
  endfacet
  facet normal -0.321445 0.946928 0
    outer loop
      vertex 6.24623 3.69843 3.7
      vertex 6.0047 3.61644 8.3
      vertex 6.24623 3.69843 8.3
    endloop
  endfacet
  facet normal -0.321445 0.946928 0
    outer loop
      vertex 6.0047 3.61644 8.3
      vertex 6.24623 3.69843 3.7
      vertex 6.0047 3.61644 3.7
    endloop
  endfacet
  facet normal -0.659331 0.751853 0
    outer loop
      vertex 6.87886 4.12114 3.7
      vertex 6.68708 3.95296 8.3
      vertex 6.87886 4.12114 8.3
    endloop
  endfacet
  facet normal -0.659331 0.751853 0
    outer loop
      vertex 6.68708 3.95296 8.3
      vertex 6.87886 4.12114 3.7
      vertex 6.68708 3.95296 3.7
    endloop
  endfacet
  facet normal -0.555577 0.831465 0
    outer loop
      vertex 6.68708 3.95296 3.7
      vertex 6.475 3.81125 8.3
      vertex 6.68708 3.95296 8.3
    endloop
  endfacet
  facet normal -0.555577 0.831465 0
    outer loop
      vertex 6.475 3.81125 8.3
      vertex 6.68708 3.95296 3.7
      vertex 6.475 3.81125 3.7
    endloop
  endfacet
  facet normal -0.946928 0.321445 0
    outer loop
      vertex 7.30156 4.75377 3.7
      vertex 7.38355 4.9953 8.3
      vertex 7.38355 4.9953 3.7
    endloop
  endfacet
  facet normal -0.946928 0.321445 0
    outer loop
      vertex 7.38355 4.9953 8.3
      vertex 7.30156 4.75377 3.7
      vertex 7.30156 4.75377 8.3
    endloop
  endfacet
  facet normal 0.555559 0.831477 -0
    outer loop
      vertex 4.525 3.81125 3.7
      vertex 4.31291 3.95296 8.3
      vertex 4.525 3.81125 8.3
    endloop
  endfacet
  facet normal 0.555559 0.831477 0
    outer loop
      vertex 4.31291 3.95296 8.3
      vertex 4.525 3.81125 3.7
      vertex 4.31291 3.95296 3.7
    endloop
  endfacet
  facet normal 0.195083 0.980787 -0
    outer loop
      vertex 5.24547 3.56668 3.7
      vertex 4.9953 3.61644 8.3
      vertex 5.24547 3.56668 8.3
    endloop
  endfacet
  facet normal 0.195083 0.980787 0
    outer loop
      vertex 4.9953 3.61644 8.3
      vertex 5.24547 3.56668 3.7
      vertex 4.9953 3.61644 3.7
    endloop
  endfacet
  facet normal 0.0653923 0.99786 -0
    outer loop
      vertex 5.5 3.55 3.7
      vertex 5.24547 3.56668 8.3
      vertex 5.5 3.55 8.3
    endloop
  endfacet
  facet normal 0.0653923 0.99786 0
    outer loop
      vertex 5.24547 3.56668 8.3
      vertex 5.5 3.55 3.7
      vertex 5.24547 3.56668 3.7
    endloop
  endfacet
  facet normal 0.751835 0.659351 0
    outer loop
      vertex 4.12114 4.12114 8.3
      vertex 3.95296 4.31291 3.7
      vertex 3.95296 4.31291 8.3
    endloop
  endfacet
  facet normal 0.751835 0.659351 0
    outer loop
      vertex 3.95296 4.31291 3.7
      vertex 4.12114 4.12114 8.3
      vertex 4.12114 4.12114 3.7
    endloop
  endfacet
  facet normal 0.659351 0.751835 -0
    outer loop
      vertex 4.31291 3.95296 3.7
      vertex 4.12114 4.12114 8.3
      vertex 4.31291 3.95296 8.3
    endloop
  endfacet
  facet normal 0.659351 0.751835 0
    outer loop
      vertex 4.12114 4.12114 8.3
      vertex 4.31291 3.95296 3.7
      vertex 4.12114 4.12114 3.7
    endloop
  endfacet
  facet normal 0.442299 0.896868 -0
    outer loop
      vertex 4.75377 3.69843 3.7
      vertex 4.525 3.81125 8.3
      vertex 4.75377 3.69843 8.3
    endloop
  endfacet
  facet normal 0.442299 0.896868 0
    outer loop
      vertex 4.525 3.81125 8.3
      vertex 4.75377 3.69843 3.7
      vertex 4.525 3.81125 3.7
    endloop
  endfacet
  facet normal -0.961603 -0.0630163 0.267112
    outer loop
      vertex 7.45 5.5 8.3
      vertex 7.7 5.5 9.2
      vertex 7.43332 5.75453 8.3
    endloop
  endfacet
  facet normal 0.635409 -0.724506 0.267107
    outer loop
      vertex 4.12114 6.87886 8.3
      vertex 4.02626 7.05372 9
      vertex 3.98365 7.01635 9
    endloop
  endfacet
  facet normal 0.635394 -0.724519 0.267108
    outer loop
      vertex 4.02626 7.05372 9
      vertex 4.12114 6.87886 8.3
      vertex 4.31291 7.04704 8.3
    endloop
  endfacet
  facet normal -0.864296 -0.426197 0.267112
    outer loop
      vertex 7.30156 6.24623 8.3
      vertex 7.53253 6.3419 9.2
      vertex 7.18875 6.475 8.3
    endloop
  endfacet
  facet normal -0.635421 0.724496 0.267107
    outer loop
      vertex 6.87886 4.12114 8.3
      vertex 6.97373 3.94627 9
      vertex 7.01635 3.98365 9
    endloop
  endfacet
  facet normal -0.635375 0.724535 0.267111
    outer loop
      vertex 6.97373 3.94627 9
      vertex 6.87886 4.12114 8.3
      vertex 6.68708 3.95296 8.3
    endloop
  endfacet
  facet normal 0.912537 0.309733 0.267099
    outer loop
      vertex 3.50057 4.73303 9
      vertex 3.61644 4.9953 8.3
      vertex 3.42863 4.94498 9
    endloop
  endfacet
  facet normal -0.945141 -0.188031 0.26712
    outer loop
      vertex 7.43332 5.75453 8.3
      vertex 7.62504 6.0694 9.2
      vertex 7.38355 6.0047 8.3
    endloop
  endfacet
  facet normal -0.426228 0.864281 0.26711
    outer loop
      vertex 6.24623 3.69843 8.3
      vertex 6.37148 3.54386 9
      vertex 6.475 3.81125 8.3
    endloop
  endfacet
  facet normal -0.426198 0.864297 0.267108
    outer loop
      vertex 6.37148 3.54386 9
      vertex 6.24623 3.69843 8.3
      vertex 6.32064 3.51879 9
    endloop
  endfacet
  facet normal 0.309766 0.912523 0.267109
    outer loop
      vertex 4.75377 3.69843 8.3
      vertex 4.73303 3.50057 9
      vertex 4.9953 3.61644 8.3
    endloop
  endfacet
  facet normal 0.309783 0.912517 0.267108
    outer loop
      vertex 4.73303 3.50057 9
      vertex 4.75377 3.69843 8.3
      vertex 4.67936 3.51879 9
    endloop
  endfacet
  facet normal 0.864297 0.426198 0.267108
    outer loop
      vertex 3.54386 4.62852 9
      vertex 3.69843 4.75377 8.3
      vertex 3.51879 4.67936 9
    endloop
  endfacet
  facet normal 0.864281 0.426228 0.26711
    outer loop
      vertex 3.69843 4.75377 8.3
      vertex 3.54386 4.62852 9
      vertex 3.81125 4.525 8.3
    endloop
  endfacet
  facet normal 0.426197 -0.864294 0.267119
    outer loop
      vertex 4.75377 7.30156 8.3
      vertex 4.62852 7.45614 9
      vertex 4.525 7.18875 8.3
    endloop
  endfacet
  facet normal 0.426197 -0.864294 0.26712
    outer loop
      vertex 4.62852 7.45614 9
      vertex 4.75377 7.30156 8.3
      vertex 4.67936 7.48121 9
    endloop
  endfacet
  facet normal -0.724536 -0.635377 0.267102
    outer loop
      vertex 7.04704 6.68708 8.3
      vertex 7.05563 7.05563 9.2
      vertex 6.87886 6.87886 8.3
    endloop
  endfacet
  facet normal -0.864276 0.42624 0.267106
    outer loop
      vertex 7.35714 4.42778 9
      vertex 7.45614 4.62852 9
      vertex 7.18875 4.525 8.3
    endloop
  endfacet
  facet normal -0.801269 0.535371 0.267106
    outer loop
      vertex 7.23279 4.24167 9
      vertex 7.35714 4.42778 9
      vertex 7.18875 4.525 8.3
    endloop
  endfacet
  facet normal -0.91252 0.309765 0.267121
    outer loop
      vertex 7.30156 4.75377 8.3
      vertex 7.49943 4.73303 9
      vertex 7.38355 4.9953 8.3
    endloop
  endfacet
  facet normal -0.912514 0.309782 0.26712
    outer loop
      vertex 7.49943 4.73303 9
      vertex 7.30156 4.75377 8.3
      vertex 7.48121 4.67936 9
    endloop
  endfacet
  facet normal -0.53537 0.801269 0.267108
    outer loop
      vertex 6.68708 3.95296 8.3
      vertex 6.75832 3.76721 9
      vertex 6.80545 3.7987 9
    endloop
  endfacet
  facet normal -0.535392 0.801255 0.267106
    outer loop
      vertex 6.75832 3.76721 9
      vertex 6.68708 3.95296 8.3
      vertex 6.475 3.81125 8.3
    endloop
  endfacet
  facet normal -0.309733 0.912537 0.267099
    outer loop
      vertex 6.05502 3.42863 9
      vertex 6.26697 3.50057 9
      vertex 6.0047 3.61644 8.3
    endloop
  endfacet
  facet normal -0.0630162 0.961602 0.267115
    outer loop
      vertex 5.5 3.55 8.3
      vertex 5.55656 3.35926 9
      vertex 5.75453 3.56668 8.3
    endloop
  endfacet
  facet normal -0.0630751 0.961597 0.267118
    outer loop
      vertex 5.55656 3.35926 9
      vertex 5.5 3.55 8.3
      vertex 5.5 3.35555 9
    endloop
  endfacet
  facet normal 0.961597 0.0630751 0.267118
    outer loop
      vertex 3.35926 5.44344 9
      vertex 3.55 5.5 8.3
      vertex 3.35555 5.5 9
    endloop
  endfacet
  facet normal 0.961602 0.0630162 0.267115
    outer loop
      vertex 3.55 5.5 8.3
      vertex 3.35926 5.44344 9
      vertex 3.56668 5.24547 8.3
    endloop
  endfacet
  facet normal 0.724517 0.635393 0.267118
    outer loop
      vertex 3.94627 4.02626 9
      vertex 4.12114 4.12114 8.3
      vertex 3.95296 4.31291 8.3
    endloop
  endfacet
  facet normal 0.724421 0.635505 0.267109
    outer loop
      vertex 4.12114 4.12114 8.3
      vertex 3.94627 4.02626 9
      vertex 3.98365 3.98365 9
    endloop
  endfacet
  facet normal 0.426198 0.864297 0.267108
    outer loop
      vertex 4.75377 3.69843 8.3
      vertex 4.62852 3.54386 9
      vertex 4.67936 3.51879 9
    endloop
  endfacet
  facet normal 0.426228 0.864281 0.26711
    outer loop
      vertex 4.62852 3.54386 9
      vertex 4.75377 3.69843 8.3
      vertex 4.525 3.81125 8.3
    endloop
  endfacet
  facet normal 0.187995 0.945153 0.267103
    outer loop
      vertex 4.9953 3.61644 8.3
      vertex 5.00057 3.41757 9
      vertex 5.24547 3.56668 8.3
    endloop
  endfacet
  facet normal 0.188043 0.945144 0.2671
    outer loop
      vertex 5.00057 3.41757 9
      vertex 4.9953 3.61644 8.3
      vertex 4.94498 3.42863 9
    endloop
  endfacet
  facet normal 0.42624 0.864276 0.267106
    outer loop
      vertex 4.62852 3.54386 9
      vertex 4.525 3.81125 8.3
      vertex 4.42778 3.64286 9
    endloop
  endfacet
  facet normal 0.864276 -0.42624 0.267106
    outer loop
      vertex 3.81125 6.475 8.3
      vertex 3.64286 6.57222 9
      vertex 3.54386 6.37148 9
    endloop
  endfacet
  facet normal 0.801256 -0.535391 0.267106
    outer loop
      vertex 3.81125 6.475 8.3
      vertex 3.76721 6.75832 9
      vertex 3.64286 6.57222 9
    endloop
  endfacet
  facet normal 0.912517 -0.309783 0.267108
    outer loop
      vertex 3.50057 6.26697 9
      vertex 3.69843 6.24623 8.3
      vertex 3.51879 6.32064 9
    endloop
  endfacet
  facet normal 0.912523 -0.309766 0.267109
    outer loop
      vertex 3.69843 6.24623 8.3
      vertex 3.50057 6.26697 9
      vertex 3.61644 6.0047 8.3
    endloop
  endfacet
  facet normal 0.53537 -0.801269 0.267108
    outer loop
      vertex 4.31291 7.04704 8.3
      vertex 4.24167 7.23279 9
      vertex 4.19454 7.2013 9
    endloop
  endfacet
  facet normal 0.535374 -0.801267 0.267108
    outer loop
      vertex 4.24167 7.23279 9
      vertex 4.31291 7.04704 8.3
      vertex 4.525 7.18875 8.3
    endloop
  endfacet
  facet normal 0.309732 -0.912534 0.267111
    outer loop
      vertex 4.9953 7.38355 8.3
      vertex 4.94498 7.57137 9
      vertex 4.73303 7.49943 9
    endloop
  endfacet
  facet normal 0.0630163 -0.961603 0.267112
    outer loop
      vertex 5.5 7.45 8.3
      vertex 5.5 7.7 9.2
      vertex 5.24547 7.43332 8.3
    endloop
  endfacet
  facet normal -0.426189 -0.864299 0.267114
    outer loop
      vertex 6.475 7.18875 8.3
      vertex 6.6 7.40526 9.2
      vertex 6.3419 7.53253 9.2
    endloop
  endfacet
  facet normal -0.535395 -0.80125 0.267115
    outer loop
      vertex 6.83927 7.24538 9.2
      vertex 6.6 7.40526 9.2
      vertex 6.475 7.18875 8.3
    endloop
  endfacet
  facet normal -0.801254 -0.535391 0.267113
    outer loop
      vertex 7.18875 6.475 8.3
      vertex 7.24538 6.83927 9.2
      vertex 7.04704 6.68708 8.3
    endloop
  endfacet
  facet normal -0.0630219 -0.961603 0.26711
    outer loop
      vertex 5.75453 7.43332 8.3
      vertex 5.78716 7.68118 9.2
      vertex 5.5 7.7 9.2
    endloop
  endfacet
  facet normal -0.961603 -0.0630219 0.26711
    outer loop
      vertex 7.7 5.5 9.2
      vertex 7.68118 5.78716 9.2
      vertex 7.43332 5.75453 8.3
    endloop
  endfacet
  facet normal -0.94515 -0.187999 0.26711
    outer loop
      vertex 7.68118 5.78716 9.2
      vertex 7.62504 6.0694 9.2
      vertex 7.43332 5.75453 8.3
    endloop
  endfacet
  facet normal -0.961603 0.0630163 0.267112
    outer loop
      vertex 7.7 5.5 9.2
      vertex 7.45 5.5 8.3
      vertex 7.43332 5.24547 8.3
    endloop
  endfacet
  facet normal -0.801267 0.535374 0.267108
    outer loop
      vertex 7.04704 4.31291 8.3
      vertex 7.23279 4.24167 9
      vertex 7.18875 4.525 8.3
    endloop
  endfacet
  facet normal -0.801269 0.53537 0.267108
    outer loop
      vertex 7.23279 4.24167 9
      vertex 7.04704 4.31291 8.3
      vertex 7.2013 4.19454 9
    endloop
  endfacet
  facet normal -0.961604 0.0631326 0.267079
    outer loop
      vertex 7.43332 5.24547 8.3
      vertex 7.63853 5.40981 9
      vertex 7.7 5.5 9.2
    endloop
  endfacet
  facet normal -0.961604 0.063002 0.26711
    outer loop
      vertex 7.63853 5.40981 9
      vertex 7.43332 5.24547 8.3
      vertex 7.6261 5.22009 9
    endloop
  endfacet
  facet normal -0.961599 0.0630406 0.267119
    outer loop
      vertex 7.7 5.5 9.2
      vertex 7.63853 5.40981 9
      vertex 7.69385 5.40619 9.2
    endloop
  endfacet
  facet normal -0.945146 0.188022 0.26711
    outer loop
      vertex 7.58243 5.00057 9
      vertex 7.6261 5.22009 9
      vertex 7.43332 5.24547 8.3
    endloop
  endfacet
  facet normal -0.635371 0.724539 0.267109
    outer loop
      vertex 6.80545 3.7987 9
      vertex 6.97373 3.94627 9
      vertex 6.68708 3.95296 8.3
    endloop
  endfacet
  facet normal -0.188022 0.945146 0.26711
    outer loop
      vertex 5.77991 3.3739 9
      vertex 5.99943 3.41757 9
      vertex 5.75453 3.56668 8.3
    endloop
  endfacet
  facet normal -0.0630305 0.961602 0.267111
    outer loop
      vertex 5.77991 3.3739 9
      vertex 5.75453 3.56668 8.3
      vertex 5.55656 3.35926 9
    endloop
  endfacet
  facet normal -0.309783 0.912517 0.267108
    outer loop
      vertex 6.24623 3.69843 8.3
      vertex 6.26697 3.50057 9
      vertex 6.32064 3.51879 9
    endloop
  endfacet
  facet normal -0.309766 0.912523 0.267109
    outer loop
      vertex 6.26697 3.50057 9
      vertex 6.24623 3.69843 8.3
      vertex 6.0047 3.61644 8.3
    endloop
  endfacet
  facet normal 0.945146 0.188022 0.26711
    outer loop
      vertex 3.41757 5.00057 9
      vertex 3.56668 5.24547 8.3
      vertex 3.3739 5.22009 9
    endloop
  endfacet
  facet normal 0.961602 0.0630305 0.267111
    outer loop
      vertex 3.3739 5.22009 9
      vertex 3.56668 5.24547 8.3
      vertex 3.35926 5.44344 9
    endloop
  endfacet
  facet normal 0.912523 0.309766 0.267109
    outer loop
      vertex 3.50057 4.73303 9
      vertex 3.69843 4.75377 8.3
      vertex 3.61644 4.9953 8.3
    endloop
  endfacet
  facet normal 0.912517 0.309783 0.267108
    outer loop
      vertex 3.69843 4.75377 8.3
      vertex 3.50057 4.73303 9
      vertex 3.51879 4.67936 9
    endloop
  endfacet
  facet normal 0.864276 0.42624 0.267106
    outer loop
      vertex 3.64286 4.42778 9
      vertex 3.81125 4.525 8.3
      vertex 3.54386 4.62852 9
    endloop
  endfacet
  facet normal 0.309733 0.912537 0.267099
    outer loop
      vertex 4.94498 3.42863 9
      vertex 4.9953 3.61644 8.3
      vertex 4.73303 3.50057 9
    endloop
  endfacet
  facet normal 0.0630751 0.961597 0.267118
    outer loop
      vertex 5.5 3.55 8.3
      vertex 5.44344 3.35926 9
      vertex 5.5 3.35555 9
    endloop
  endfacet
  facet normal 0.0630162 0.961602 0.267115
    outer loop
      vertex 5.44344 3.35926 9
      vertex 5.5 3.55 8.3
      vertex 5.24547 3.56668 8.3
    endloop
  endfacet
  facet normal 0.535371 0.801269 0.267106
    outer loop
      vertex 4.42778 3.64286 9
      vertex 4.525 3.81125 8.3
      vertex 4.24167 3.76721 9
    endloop
  endfacet
  facet normal 0.961597 -0.0630751 0.267118
    outer loop
      vertex 3.55 5.5 8.3
      vertex 3.35926 5.55656 9
      vertex 3.35555 5.5 9
    endloop
  endfacet
  facet normal 0.961602 -0.0630162 0.267115
    outer loop
      vertex 3.35926 5.55656 9
      vertex 3.55 5.5 8.3
      vertex 3.56668 5.75453 8.3
    endloop
  endfacet
  facet normal 0.801269 -0.53537 0.267108
    outer loop
      vertex 3.76721 6.75832 9
      vertex 3.95296 6.68708 8.3
      vertex 3.7987 6.80545 9
    endloop
  endfacet
  facet normal 0.801255 -0.535392 0.267106
    outer loop
      vertex 3.95296 6.68708 8.3
      vertex 3.76721 6.75832 9
      vertex 3.81125 6.475 8.3
    endloop
  endfacet
  facet normal 0.961602 -0.0630305 0.267111
    outer loop
      vertex 3.56668 5.75453 8.3
      vertex 3.3739 5.77991 9
      vertex 3.35926 5.55656 9
    endloop
  endfacet
  facet normal 0.945146 -0.188022 0.26711
    outer loop
      vertex 3.56668 5.75453 8.3
      vertex 3.41757 5.99943 9
      vertex 3.3739 5.77991 9
    endloop
  endfacet
  facet normal 0.635395 -0.724518 0.267108
    outer loop
      vertex 4.31291 7.04704 8.3
      vertex 4.19454 7.2013 9
      vertex 4.02626 7.05372 9
    endloop
  endfacet
  facet normal 0.188022 -0.945146 0.26711
    outer loop
      vertex 5.24547 7.43332 8.3
      vertex 5.22009 7.6261 9
      vertex 5.00057 7.58243 9
    endloop
  endfacet
  facet normal 0.063002 -0.961604 0.26711
    outer loop
      vertex 5.22009 7.6261 9
      vertex 5.24547 7.43332 8.3
      vertex 5.40981 7.63853 9
    endloop
  endfacet
  facet normal 0.0630406 -0.961599 0.267119
    outer loop
      vertex 5.40981 7.63853 9
      vertex 5.5 7.7 9.2
      vertex 5.40619 7.69385 9.2
    endloop
  endfacet
  facet normal 0.0631326 -0.961604 0.267079
    outer loop
      vertex 5.5 7.7 9.2
      vertex 5.40981 7.63853 9
      vertex 5.24547 7.43332 8.3
    endloop
  endfacet
  facet normal 0.309782 -0.912514 0.26712
    outer loop
      vertex 4.75377 7.30156 8.3
      vertex 4.73303 7.49943 9
      vertex 4.67936 7.48121 9
    endloop
  endfacet
  facet normal 0.309765 -0.91252 0.267121
    outer loop
      vertex 4.73303 7.49943 9
      vertex 4.75377 7.30156 8.3
      vertex 4.9953 7.38355 8.3
    endloop
  endfacet
  facet normal -0.187999 -0.94515 0.26711
    outer loop
      vertex 6.0694 7.62504 9.2
      vertex 5.78716 7.68118 9.2
      vertex 5.75453 7.43332 8.3
    endloop
  endfacet
  facet normal -0.309766 -0.912522 0.267112
    outer loop
      vertex 6.24623 7.30156 8.3
      vertex 6.3419 7.53253 9.2
      vertex 6.0047 7.38355 8.3
    endloop
  endfacet
  facet normal -0.535391 -0.801254 0.267113
    outer loop
      vertex 6.68708 7.04704 8.3
      vertex 6.83927 7.24538 9.2
      vertex 6.475 7.18875 8.3
    endloop
  endfacet
  facet normal -0.72451 -0.635403 0.267112
    outer loop
      vertex 7.24538 6.83927 9.2
      vertex 7.05563 7.05563 9.2
      vertex 7.04704 6.68708 8.3
    endloop
  endfacet
  facet normal -0.912522 -0.309766 0.267112
    outer loop
      vertex 7.38355 6.0047 8.3
      vertex 7.53253 6.3419 9.2
      vertex 7.30156 6.24623 8.3
    endloop
  endfacet
  facet normal -0.912513 -0.309786 0.267118
    outer loop
      vertex 7.62504 6.0694 9.2
      vertex 7.53253 6.3419 9.2
      vertex 7.38355 6.0047 8.3
    endloop
  endfacet
  facet normal -0.0630163 -0.961603 0.267112
    outer loop
      vertex 5.75453 7.43332 8.3
      vertex 5.5 7.7 9.2
      vertex 5.5 7.45 8.3
    endloop
  endfacet
  facet normal -0.864294 0.426197 0.26712
    outer loop
      vertex 7.30156 4.75377 8.3
      vertex 7.45614 4.62852 9
      vertex 7.48121 4.67936 9
    endloop
  endfacet
  facet normal -0.864294 0.426197 0.267119
    outer loop
      vertex 7.45614 4.62852 9
      vertex 7.30156 4.75377 8.3
      vertex 7.18875 4.525 8.3
    endloop
  endfacet
  facet normal -0.945143 0.188031 0.267113
    outer loop
      vertex 7.38355 4.9953 8.3
      vertex 7.58243 5.00057 9
      vertex 7.43332 5.24547 8.3
    endloop
  endfacet
  facet normal -0.945141 0.188042 0.267112
    outer loop
      vertex 7.58243 5.00057 9
      vertex 7.38355 4.9953 8.3
      vertex 7.57137 4.94498 9
    endloop
  endfacet
  facet normal -0.912534 0.309732 0.267111
    outer loop
      vertex 7.49943 4.73303 9
      vertex 7.57137 4.94498 9
      vertex 7.38355 4.9953 8.3
    endloop
  endfacet
  facet normal -0.188043 0.945144 0.2671
    outer loop
      vertex 6.0047 3.61644 8.3
      vertex 5.99943 3.41757 9
      vertex 6.05502 3.42863 9
    endloop
  endfacet
  facet normal -0.187995 0.945153 0.267103
    outer loop
      vertex 5.99943 3.41757 9
      vertex 6.0047 3.61644 8.3
      vertex 5.75453 3.56668 8.3
    endloop
  endfacet
  facet normal 0.945153 0.187995 0.267103
    outer loop
      vertex 3.41757 5.00057 9
      vertex 3.61644 4.9953 8.3
      vertex 3.56668 5.24547 8.3
    endloop
  endfacet
  facet normal 0.945144 0.188043 0.2671
    outer loop
      vertex 3.61644 4.9953 8.3
      vertex 3.41757 5.00057 9
      vertex 3.42863 4.94498 9
    endloop
  endfacet
  facet normal 0.801269 0.535371 0.267106
    outer loop
      vertex 3.76721 4.24167 9
      vertex 3.81125 4.525 8.3
      vertex 3.64286 4.42778 9
    endloop
  endfacet
  facet normal 0.724539 0.635371 0.267109
    outer loop
      vertex 3.94627 4.02626 9
      vertex 3.95296 4.31291 8.3
      vertex 3.7987 4.19454 9
    endloop
  endfacet
  facet normal 0.0630305 0.961602 0.267111
    outer loop
      vertex 5.44344 3.35926 9
      vertex 5.24547 3.56668 8.3
      vertex 5.22009 3.3739 9
    endloop
  endfacet
  facet normal 0.188022 0.945146 0.26711
    outer loop
      vertex 5.22009 3.3739 9
      vertex 5.24547 3.56668 8.3
      vertex 5.00057 3.41757 9
    endloop
  endfacet
  facet normal 0.535374 0.801267 0.267108
    outer loop
      vertex 4.31291 3.95296 8.3
      vertex 4.24167 3.76721 9
      vertex 4.525 3.81125 8.3
    endloop
  endfacet
  facet normal 0.53537 0.801269 0.267108
    outer loop
      vertex 4.24167 3.76721 9
      vertex 4.31291 3.95296 8.3
      vertex 4.19454 3.7987 9
    endloop
  endfacet
  facet normal 0.864297 -0.426198 0.267108
    outer loop
      vertex 3.69843 6.24623 8.3
      vertex 3.54386 6.37148 9
      vertex 3.51879 6.32064 9
    endloop
  endfacet
  facet normal 0.864281 -0.426228 0.26711
    outer loop
      vertex 3.54386 6.37148 9
      vertex 3.69843 6.24623 8.3
      vertex 3.81125 6.475 8.3
    endloop
  endfacet
  facet normal 0.945144 -0.188043 0.2671
    outer loop
      vertex 3.41757 5.99943 9
      vertex 3.61644 6.0047 8.3
      vertex 3.42863 6.05502 9
    endloop
  endfacet
  facet normal 0.945153 -0.187995 0.267103
    outer loop
      vertex 3.61644 6.0047 8.3
      vertex 3.41757 5.99943 9
      vertex 3.56668 5.75453 8.3
    endloop
  endfacet
  facet normal 0.912537 -0.309733 0.267099
    outer loop
      vertex 3.61644 6.0047 8.3
      vertex 3.50057 6.26697 9
      vertex 3.42863 6.05502 9
    endloop
  endfacet
  facet normal 0.188042 -0.945141 0.267112
    outer loop
      vertex 4.9953 7.38355 8.3
      vertex 5.00057 7.58243 9
      vertex 4.94498 7.57137 9
    endloop
  endfacet
  facet normal 0.188031 -0.945143 0.267113
    outer loop
      vertex 5.00057 7.58243 9
      vertex 4.9953 7.38355 8.3
      vertex 5.24547 7.43332 8.3
    endloop
  endfacet
  facet normal -0.426197 -0.864296 0.267112
    outer loop
      vertex 6.475 7.18875 8.3
      vertex 6.3419 7.53253 9.2
      vertex 6.24623 7.30156 8.3
    endloop
  endfacet
  facet normal -0.188031 -0.945141 0.26712
    outer loop
      vertex 6.0047 7.38355 8.3
      vertex 6.0694 7.62504 9.2
      vertex 5.75453 7.43332 8.3
    endloop
  endfacet
  facet normal -0.309786 -0.912513 0.267118
    outer loop
      vertex 6.3419 7.53253 9.2
      vertex 6.0694 7.62504 9.2
      vertex 6.0047 7.38355 8.3
    endloop
  endfacet
  facet normal -0.724518 0.635395 0.267108
    outer loop
      vertex 7.05372 4.02626 9
      vertex 7.2013 4.19454 9
      vertex 7.04704 4.31291 8.3
    endloop
  endfacet
  facet normal -0.724519 0.635394 0.267108
    outer loop
      vertex 6.87886 4.12114 8.3
      vertex 7.05372 4.02626 9
      vertex 7.04704 4.31291 8.3
    endloop
  endfacet
  facet normal -0.724506 0.635409 0.267107
    outer loop
      vertex 7.05372 4.02626 9
      vertex 6.87886 4.12114 8.3
      vertex 7.01635 3.98365 9
    endloop
  endfacet
  facet normal -0.535391 0.801256 0.267106
    outer loop
      vertex 6.57222 3.64286 9
      vertex 6.75832 3.76721 9
      vertex 6.475 3.81125 8.3
    endloop
  endfacet
  facet normal -0.42624 0.864276 0.267106
    outer loop
      vertex 6.57222 3.64286 9
      vertex 6.475 3.81125 8.3
      vertex 6.37148 3.54386 9
    endloop
  endfacet
  facet normal 0.801267 0.535374 0.267108
    outer loop
      vertex 3.76721 4.24167 9
      vertex 3.95296 4.31291 8.3
      vertex 3.81125 4.525 8.3
    endloop
  endfacet
  facet normal 0.801269 0.53537 0.267108
    outer loop
      vertex 3.95296 4.31291 8.3
      vertex 3.76721 4.24167 9
      vertex 3.7987 4.19454 9
    endloop
  endfacet
  facet normal 0.635371 0.724539 0.267109
    outer loop
      vertex 4.19454 3.7987 9
      vertex 4.31291 3.95296 8.3
      vertex 4.02626 3.94627 9
    endloop
  endfacet
  facet normal 0.635393 0.724517 0.267118
    outer loop
      vertex 4.12114 4.12114 8.3
      vertex 4.02626 3.94627 9
      vertex 4.31291 3.95296 8.3
    endloop
  endfacet
  facet normal 0.635505 0.724421 0.267109
    outer loop
      vertex 4.02626 3.94627 9
      vertex 4.12114 4.12114 8.3
      vertex 3.98365 3.98365 9
    endloop
  endfacet
  facet normal 0.724539 -0.635371 0.267109
    outer loop
      vertex 3.95296 6.68708 8.3
      vertex 3.94627 6.97373 9
      vertex 3.7987 6.80545 9
    endloop
  endfacet
  facet normal 0.724496 -0.635421 0.267107
    outer loop
      vertex 3.94627 6.97373 9
      vertex 4.12114 6.87886 8.3
      vertex 3.98365 7.01635 9
    endloop
  endfacet
  facet normal 0.724535 -0.635375 0.267111
    outer loop
      vertex 4.12114 6.87886 8.3
      vertex 3.94627 6.97373 9
      vertex 3.95296 6.68708 8.3
    endloop
  endfacet
  facet normal 0.535371 -0.801269 0.267106
    outer loop
      vertex 4.525 7.18875 8.3
      vertex 4.42778 7.35714 9
      vertex 4.24167 7.23279 9
    endloop
  endfacet
  facet normal 0.42624 -0.864276 0.267106
    outer loop
      vertex 4.525 7.18875 8.3
      vertex 4.62852 7.45614 9
      vertex 4.42778 7.35714 9
    endloop
  endfacet
  facet normal -0.635403 -0.72451 0.267112
    outer loop
      vertex 7.05563 7.05563 9.2
      vertex 6.83927 7.24538 9.2
      vertex 6.68708 7.04704 8.3
    endloop
  endfacet
  facet normal -0.635377 -0.724536 0.267102
    outer loop
      vertex 6.87886 6.87886 8.3
      vertex 7.05563 7.05563 9.2
      vertex 6.68708 7.04704 8.3
    endloop
  endfacet
  facet normal -0.80125 -0.535395 0.267115
    outer loop
      vertex 7.40526 6.6 9.2
      vertex 7.24538 6.83927 9.2
      vertex 7.18875 6.475 8.3
    endloop
  endfacet
  facet normal -0.864299 -0.426189 0.267114
    outer loop
      vertex 7.53253 6.3419 9.2
      vertex 7.40526 6.6 9.2
      vertex 7.18875 6.475 8.3
    endloop
  endfacet
  facet normal -0.83094 -0.556363 0
    outer loop
      vertex 146.189 6.475 3.7
      vertex 146.047 6.68708 8.3
      vertex 146.047 6.68708 3.7
    endloop
  endfacet
  facet normal -0.83094 -0.556363 0
    outer loop
      vertex 146.047 6.68708 8.3
      vertex 146.189 6.475 3.7
      vertex 146.189 6.475 8.3
    endloop
  endfacet
  facet normal -0.322079 -0.946713 0
    outer loop
      vertex 145.005 7.38355 3.7
      vertex 145.246 7.30156 8.3
      vertex 145.005 7.38355 8.3
    endloop
  endfacet
  facet normal -0.322079 -0.946713 -0
    outer loop
      vertex 145.246 7.30156 8.3
      vertex 145.005 7.38355 3.7
      vertex 145.246 7.30156 3.7
    endloop
  endfacet
  facet normal 0.44191 -0.89706 0
    outer loop
      vertex 143.525 7.18875 3.7
      vertex 143.754 7.30156 8.3
      vertex 143.525 7.18875 8.3
    endloop
  endfacet
  facet normal 0.44191 -0.89706 0
    outer loop
      vertex 143.754 7.30156 8.3
      vertex 143.525 7.18875 3.7
      vertex 143.754 7.30156 3.7
    endloop
  endfacet
  facet normal 0.946916 -0.32148 0
    outer loop
      vertex 142.616 6.0047 8.3
      vertex 142.698 6.24623 3.7
      vertex 142.698 6.24623 8.3
    endloop
  endfacet
  facet normal 0.946916 -0.32148 0
    outer loop
      vertex 142.698 6.24623 3.7
      vertex 142.616 6.0047 8.3
      vertex 142.616 6.0047 3.7
    endloop
  endfacet
  facet normal -0.997777 0.0666413 0
    outer loop
      vertex 146.433 5.24547 3.7
      vertex 146.45 5.5 8.3
      vertex 146.45 5.5 3.7
    endloop
  endfacet
  facet normal -0.997777 0.0666413 0
    outer loop
      vertex 146.45 5.5 8.3
      vertex 146.433 5.24547 3.7
      vertex 146.433 5.24547 8.3
    endloop
  endfacet
  facet normal -0.658904 -0.752227 0
    outer loop
      vertex 145.687 7.04704 3.7
      vertex 145.879 6.87886 8.3
      vertex 145.687 7.04704 8.3
    endloop
  endfacet
  facet normal -0.658904 -0.752227 -0
    outer loop
      vertex 145.879 6.87886 8.3
      vertex 145.687 7.04704 3.7
      vertex 145.879 6.87886 3.7
    endloop
  endfacet
  facet normal -0.0652723 -0.997867 0
    outer loop
      vertex 144.5 7.45 3.7
      vertex 144.755 7.43332 8.3
      vertex 144.5 7.45 8.3
    endloop
  endfacet
  facet normal -0.0652723 -0.997867 -0
    outer loop
      vertex 144.755 7.43332 8.3
      vertex 144.5 7.45 3.7
      vertex 144.755 7.43332 3.7
    endloop
  endfacet
  facet normal -0.555722 -0.831368 0
    outer loop
      vertex 145.475 7.18875 3.7
      vertex 145.687 7.04704 8.3
      vertex 145.475 7.18875 8.3
    endloop
  endfacet
  facet normal -0.555722 -0.831368 -0
    outer loop
      vertex 145.687 7.04704 8.3
      vertex 145.475 7.18875 3.7
      vertex 145.687 7.04704 3.7
    endloop
  endfacet
  facet normal 0 0 1
    outer loop
      vertex 146.433 5.75453 3.7
      vertex 146.433 5.24547 3.7
      vertex 146.45 5.5 3.7
    endloop
  endfacet
  facet normal 0 0 1
    outer loop
      vertex 146.384 6.0047 3.7
      vertex 146.433 5.24547 3.7
      vertex 146.433 5.75453 3.7
    endloop
  endfacet
  facet normal 0 0 1
    outer loop
      vertex 146.384 6.0047 3.7
      vertex 146.384 4.9953 3.7
      vertex 146.433 5.24547 3.7
    endloop
  endfacet
  facet normal 0 0 1
    outer loop
      vertex 146.302 6.24623 3.7
      vertex 146.384 4.9953 3.7
      vertex 146.384 6.0047 3.7
    endloop
  endfacet
  facet normal 0 0 1
    outer loop
      vertex 146.302 6.24623 3.7
      vertex 146.302 4.75377 3.7
      vertex 146.384 4.9953 3.7
    endloop
  endfacet
  facet normal 0 0 1
    outer loop
      vertex 146.189 6.475 3.7
      vertex 146.302 4.75377 3.7
      vertex 146.302 6.24623 3.7
    endloop
  endfacet
  facet normal 0 0 1
    outer loop
      vertex 146.189 6.475 3.7
      vertex 146.189 4.525 3.7
      vertex 146.302 4.75377 3.7
    endloop
  endfacet
  facet normal 0 0 1
    outer loop
      vertex 146.047 6.68708 3.7
      vertex 146.189 4.525 3.7
      vertex 146.189 6.475 3.7
    endloop
  endfacet
  facet normal 0 0 1
    outer loop
      vertex 146.047 6.68708 3.7
      vertex 146.047 4.31291 3.7
      vertex 146.189 4.525 3.7
    endloop
  endfacet
  facet normal 0 0 1
    outer loop
      vertex 145.879 6.87886 3.7
      vertex 146.047 4.31291 3.7
      vertex 146.047 6.68708 3.7
    endloop
  endfacet
  facet normal 0 0 1
    outer loop
      vertex 145.879 6.87886 3.7
      vertex 145.879 4.12114 3.7
      vertex 146.047 4.31291 3.7
    endloop
  endfacet
  facet normal 0 0 1
    outer loop
      vertex 145.687 7.04704 3.7
      vertex 145.879 4.12114 3.7
      vertex 145.879 6.87886 3.7
    endloop
  endfacet
  facet normal 0 0 1
    outer loop
      vertex 145.687 7.04704 3.7
      vertex 145.687 3.95296 3.7
      vertex 145.879 4.12114 3.7
    endloop
  endfacet
  facet normal 0 0 1
    outer loop
      vertex 145.475 7.18875 3.7
      vertex 145.687 3.95296 3.7
      vertex 145.687 7.04704 3.7
    endloop
  endfacet
  facet normal 0 0 1
    outer loop
      vertex 145.475 7.18875 3.7
      vertex 145.475 3.81125 3.7
      vertex 145.687 3.95296 3.7
    endloop
  endfacet
  facet normal 0 0 1
    outer loop
      vertex 145.246 7.30156 3.7
      vertex 145.475 3.81125 3.7
      vertex 145.475 7.18875 3.7
    endloop
  endfacet
  facet normal 0 0 1
    outer loop
      vertex 145.246 7.30156 3.7
      vertex 145.246 3.69843 3.7
      vertex 145.475 3.81125 3.7
    endloop
  endfacet
  facet normal 0 0 1
    outer loop
      vertex 145.005 7.38355 3.7
      vertex 145.246 3.69843 3.7
      vertex 145.246 7.30156 3.7
    endloop
  endfacet
  facet normal 0 0 1
    outer loop
      vertex 145.005 7.38355 3.7
      vertex 145.005 3.61644 3.7
      vertex 145.246 3.69843 3.7
    endloop
  endfacet
  facet normal 0 0 1
    outer loop
      vertex 144.755 7.43332 3.7
      vertex 145.005 3.61644 3.7
      vertex 145.005 7.38355 3.7
    endloop
  endfacet
  facet normal 0 0 1
    outer loop
      vertex 144.755 7.43332 3.7
      vertex 144.755 3.56668 3.7
      vertex 145.005 3.61644 3.7
    endloop
  endfacet
  facet normal 0 0 1
    outer loop
      vertex 144.5 7.45 3.7
      vertex 144.755 3.56668 3.7
      vertex 144.755 7.43332 3.7
    endloop
  endfacet
  facet normal 0 0 1
    outer loop
      vertex 144.5 7.45 3.7
      vertex 144.5 3.55 3.7
      vertex 144.755 3.56668 3.7
    endloop
  endfacet
  facet normal -0 0 1
    outer loop
      vertex 144.245 7.43332 3.7
      vertex 144.5 3.55 3.7
      vertex 144.5 7.45 3.7
    endloop
  endfacet
  facet normal 0 0 1
    outer loop
      vertex 144.245 7.43332 3.7
      vertex 144.245 3.56668 3.7
      vertex 144.5 3.55 3.7
    endloop
  endfacet
  facet normal -0 0 1
    outer loop
      vertex 143.995 7.38355 3.7
      vertex 144.245 3.56668 3.7
      vertex 144.245 7.43332 3.7
    endloop
  endfacet
  facet normal 0 0 1
    outer loop
      vertex 143.995 7.38355 3.7
      vertex 143.995 3.61644 3.7
      vertex 144.245 3.56668 3.7
    endloop
  endfacet
  facet normal -0 0 1
    outer loop
      vertex 143.754 7.30156 3.7
      vertex 143.995 3.61644 3.7
      vertex 143.995 7.38355 3.7
    endloop
  endfacet
  facet normal 0 0 1
    outer loop
      vertex 143.754 7.30156 3.7
      vertex 143.754 3.69843 3.7
      vertex 143.995 3.61644 3.7
    endloop
  endfacet
  facet normal -0 0 1
    outer loop
      vertex 143.525 7.18875 3.7
      vertex 143.754 3.69843 3.7
      vertex 143.754 7.30156 3.7
    endloop
  endfacet
  facet normal 0 0 1
    outer loop
      vertex 143.525 7.18875 3.7
      vertex 143.525 3.81125 3.7
      vertex 143.754 3.69843 3.7
    endloop
  endfacet
  facet normal -0 0 1
    outer loop
      vertex 143.313 7.04704 3.7
      vertex 143.525 3.81125 3.7
      vertex 143.525 7.18875 3.7
    endloop
  endfacet
  facet normal 0 0 1
    outer loop
      vertex 143.313 7.04704 3.7
      vertex 143.313 3.95296 3.7
      vertex 143.525 3.81125 3.7
    endloop
  endfacet
  facet normal -0 0 1
    outer loop
      vertex 143.121 6.87886 3.7
      vertex 143.313 3.95296 3.7
      vertex 143.313 7.04704 3.7
    endloop
  endfacet
  facet normal 0 0 1
    outer loop
      vertex 143.121 6.87886 3.7
      vertex 143.121 4.12114 3.7
      vertex 143.313 3.95296 3.7
    endloop
  endfacet
  facet normal -0 0 1
    outer loop
      vertex 142.953 6.68708 3.7
      vertex 143.121 4.12114 3.7
      vertex 143.121 6.87886 3.7
    endloop
  endfacet
  facet normal 0 0 1
    outer loop
      vertex 142.953 6.68708 3.7
      vertex 142.953 4.31291 3.7
      vertex 143.121 4.12114 3.7
    endloop
  endfacet
  facet normal -0 0 1
    outer loop
      vertex 142.811 6.475 3.7
      vertex 142.953 4.31291 3.7
      vertex 142.953 6.68708 3.7
    endloop
  endfacet
  facet normal 0 0 1
    outer loop
      vertex 142.811 6.475 3.7
      vertex 142.811 4.525 3.7
      vertex 142.953 4.31291 3.7
    endloop
  endfacet
  facet normal -0 0 1
    outer loop
      vertex 142.698 6.24623 3.7
      vertex 142.811 4.525 3.7
      vertex 142.811 6.475 3.7
    endloop
  endfacet
  facet normal 0 0 1
    outer loop
      vertex 142.698 6.24623 3.7
      vertex 142.698 4.75377 3.7
      vertex 142.811 4.525 3.7
    endloop
  endfacet
  facet normal -0 0 1
    outer loop
      vertex 142.616 6.0047 3.7
      vertex 142.698 4.75377 3.7
      vertex 142.698 6.24623 3.7
    endloop
  endfacet
  facet normal 0 0 1
    outer loop
      vertex 142.616 6.0047 3.7
      vertex 142.616 4.9953 3.7
      vertex 142.698 4.75377 3.7
    endloop
  endfacet
  facet normal -0 0 1
    outer loop
      vertex 142.567 5.75453 3.7
      vertex 142.616 4.9953 3.7
      vertex 142.616 6.0047 3.7
    endloop
  endfacet
  facet normal 0 0 1
    outer loop
      vertex 142.567 5.75453 3.7
      vertex 142.567 5.24547 3.7
      vertex 142.616 4.9953 3.7
    endloop
  endfacet
  facet normal 0 -0 1
    outer loop
      vertex 142.567 5.24547 3.7
      vertex 142.567 5.75453 3.7
      vertex 142.55 5.5 3.7
    endloop
  endfacet
  facet normal 0.997777 -0.0666413 0
    outer loop
      vertex 142.55 5.5 8.3
      vertex 142.567 5.75453 3.7
      vertex 142.567 5.75453 8.3
    endloop
  endfacet
  facet normal 0.997777 -0.0666413 0
    outer loop
      vertex 142.567 5.75453 3.7
      vertex 142.55 5.5 8.3
      vertex 142.55 5.5 3.7
    endloop
  endfacet
  facet normal 0.83094 -0.556363 0
    outer loop
      vertex 142.811 6.475 8.3
      vertex 142.953 6.68708 3.7
      vertex 142.953 6.68708 8.3
    endloop
  endfacet
  facet normal 0.83094 -0.556363 0
    outer loop
      vertex 142.953 6.68708 3.7
      vertex 142.811 6.475 8.3
      vertex 142.811 6.475 3.7
    endloop
  endfacet
  facet normal 0.195248 -0.980754 0
    outer loop
      vertex 143.995 7.38355 3.7
      vertex 144.245 7.43332 8.3
      vertex 143.995 7.38355 8.3
    endloop
  endfacet
  facet normal 0.195248 -0.980754 0
    outer loop
      vertex 144.245 7.43332 8.3
      vertex 143.995 7.38355 3.7
      vertex 144.245 7.43332 3.7
    endloop
  endfacet
  facet normal 0.752202 -0.658932 0
    outer loop
      vertex 142.953 6.68708 8.3
      vertex 143.121 6.87886 3.7
      vertex 143.121 6.87886 8.3
    endloop
  endfacet
  facet normal 0.752202 -0.658932 0
    outer loop
      vertex 143.121 6.87886 3.7
      vertex 142.953 6.68708 8.3
      vertex 142.953 6.68708 3.7
    endloop
  endfacet
  facet normal -0.752202 -0.658932 0
    outer loop
      vertex 146.047 6.68708 3.7
      vertex 145.879 6.87886 8.3
      vertex 145.879 6.87886 3.7
    endloop
  endfacet
  facet normal -0.752202 -0.658932 0
    outer loop
      vertex 145.879 6.87886 8.3
      vertex 146.047 6.68708 3.7
      vertex 146.047 6.68708 8.3
    endloop
  endfacet
  facet normal 0.0652723 -0.997867 0
    outer loop
      vertex 144.245 7.43332 3.7
      vertex 144.5 7.45 8.3
      vertex 144.245 7.43332 8.3
    endloop
  endfacet
  facet normal 0.0652723 -0.997867 0
    outer loop
      vertex 144.5 7.45 8.3
      vertex 144.245 7.43332 3.7
      vertex 144.5 7.45 3.7
    endloop
  endfacet
  facet normal -0.195248 -0.980754 0
    outer loop
      vertex 144.755 7.43332 3.7
      vertex 145.005 7.38355 8.3
      vertex 144.755 7.43332 8.3
    endloop
  endfacet
  facet normal -0.195248 -0.980754 -0
    outer loop
      vertex 145.005 7.38355 8.3
      vertex 144.755 7.43332 3.7
      vertex 145.005 7.38355 3.7
    endloop
  endfacet
  facet normal -0.44191 -0.89706 0
    outer loop
      vertex 145.246 7.30156 3.7
      vertex 145.475 7.18875 8.3
      vertex 145.246 7.30156 8.3
    endloop
  endfacet
  facet normal -0.44191 -0.89706 -0
    outer loop
      vertex 145.475 7.18875 8.3
      vertex 145.246 7.30156 3.7
      vertex 145.475 7.18875 3.7
    endloop
  endfacet
  facet normal 0 0 -1
    outer loop
      vertex 146.693 5.4 9.2
      vertex 146.681 5.78716 9.2
      vertex 146.7 5.5 9.2
    endloop
  endfacet
  facet normal 0 0 -1
    outer loop
      vertex 146.693 5.4 9.2
      vertex 146.625 6.0694 9.2
      vertex 146.681 5.78716 9.2
    endloop
  endfacet
  facet normal 0 0 -1
    outer loop
      vertex 146.693 5.4 9.2
      vertex 146.533 6.3419 9.2
      vertex 146.625 6.0694 9.2
    endloop
  endfacet
  facet normal 0 0 -1
    outer loop
      vertex 146.693 5.4 9.2
      vertex 146.405 6.6 9.2
      vertex 146.533 6.3419 9.2
    endloop
  endfacet
  facet normal 0 0 -1
    outer loop
      vertex 146.693 5.4 9.2
      vertex 146.245 6.83927 9.2
      vertex 146.405 6.6 9.2
    endloop
  endfacet
  facet normal 0 0 -1
    outer loop
      vertex 146.693 5.4 9.2
      vertex 146.056 7.05563 9.2
      vertex 146.245 6.83927 9.2
    endloop
  endfacet
  facet normal 0 0 -1
    outer loop
      vertex 146.693 5.4 9.2
      vertex 145.839 7.24538 9.2
      vertex 146.056 7.05563 9.2
    endloop
  endfacet
  facet normal 0 0 -1
    outer loop
      vertex 146.693 5.4 9.2
      vertex 145.6 7.40526 9.2
      vertex 145.839 7.24538 9.2
    endloop
  endfacet
  facet normal 0 0 -1
    outer loop
      vertex 146.693 5.4 9.2
      vertex 145.342 7.53253 9.2
      vertex 145.6 7.40526 9.2
    endloop
  endfacet
  facet normal 0 0 -1
    outer loop
      vertex 146.693 5.4 9.2
      vertex 145.069 7.62504 9.2
      vertex 145.342 7.53253 9.2
    endloop
  endfacet
  facet normal 0 0 -1
    outer loop
      vertex 146.693 5.4 9.2
      vertex 144.787 7.68118 9.2
      vertex 145.069 7.62504 9.2
    endloop
  endfacet
  facet normal 0 0 -1
    outer loop
      vertex 146.693 5.4 9.2
      vertex 144.5 7.7 9.2
      vertex 144.787 7.68118 9.2
    endloop
  endfacet
  facet normal 0 0 -1
    outer loop
      vertex 146.693 5.4 9.2
      vertex 144.213 7.68118 9.2
      vertex 144.5 7.7 9.2
    endloop
  endfacet
  facet normal 0 0 -1
    outer loop
      vertex 146.693 5.4 9.2
      vertex 143.931 7.62504 9.2
      vertex 144.213 7.68118 9.2
    endloop
  endfacet
  facet normal 0 0 -1
    outer loop
      vertex 146.693 5.4 9.2
      vertex 143.658 7.53253 9.2
      vertex 143.931 7.62504 9.2
    endloop
  endfacet
  facet normal 0 0 -1
    outer loop
      vertex 146.693 5.4 9.2
      vertex 143.4 7.40526 9.2
      vertex 143.658 7.53253 9.2
    endloop
  endfacet
  facet normal 0 0 -1
    outer loop
      vertex 146.693 5.4 9.2
      vertex 143.161 7.24538 9.2
      vertex 143.4 7.40526 9.2
    endloop
  endfacet
  facet normal 0 0 -1
    outer loop
      vertex 146.693 5.4 9.2
      vertex 142.944 7.05563 9.2
      vertex 143.161 7.24538 9.2
    endloop
  endfacet
  facet normal 0 0 -1
    outer loop
      vertex 146.693 5.4 9.2
      vertex 142.755 6.83927 9.2
      vertex 142.944 7.05563 9.2
    endloop
  endfacet
  facet normal 0 0 -1
    outer loop
      vertex 146.693 5.4 9.2
      vertex 142.595 6.6 9.2
      vertex 142.755 6.83927 9.2
    endloop
  endfacet
  facet normal 0 0 -1
    outer loop
      vertex 146.693 5.4 9.2
      vertex 142.467 6.3419 9.2
      vertex 142.595 6.6 9.2
    endloop
  endfacet
  facet normal 0 0 -1
    outer loop
      vertex 146.693 5.4 9.2
      vertex 142.375 6.0694 9.2
      vertex 142.467 6.3419 9.2
    endloop
  endfacet
  facet normal 0 0 -1
    outer loop
      vertex 142.307 5.4 9.2
      vertex 142.375 6.0694 9.2
      vertex 146.693 5.4 9.2
    endloop
  endfacet
  facet normal 0 0 -1
    outer loop
      vertex 142.375 6.0694 9.2
      vertex 142.307 5.4 9.2
      vertex 142.319 5.78716 9.2
    endloop
  endfacet
  facet normal 0 0 -1
    outer loop
      vertex 142.319 5.78716 9.2
      vertex 142.307 5.4 9.2
      vertex 142.3 5.5 9.2
    endloop
  endfacet
  facet normal 0.981353 -0.192214 0
    outer loop
      vertex 142.567 5.75453 8.3
      vertex 142.616 6.0047 3.7
      vertex 142.616 6.0047 8.3
    endloop
  endfacet
  facet normal 0.981353 -0.192214 0
    outer loop
      vertex 142.616 6.0047 3.7
      vertex 142.567 5.75453 8.3
      vertex 142.567 5.75453 3.7
    endloop
  endfacet
  facet normal 0.896588 -0.442866 0
    outer loop
      vertex 142.698 6.24623 8.3
      vertex 142.811 6.475 3.7
      vertex 142.811 6.475 8.3
    endloop
  endfacet
  facet normal 0.896588 -0.442866 0
    outer loop
      vertex 142.811 6.475 3.7
      vertex 142.698 6.24623 8.3
      vertex 142.698 6.24623 3.7
    endloop
  endfacet
  facet normal 0.322079 -0.946713 0
    outer loop
      vertex 143.754 7.30156 3.7
      vertex 143.995 7.38355 8.3
      vertex 143.754 7.30156 8.3
    endloop
  endfacet
  facet normal 0.322079 -0.946713 0
    outer loop
      vertex 143.995 7.38355 8.3
      vertex 143.754 7.30156 3.7
      vertex 143.995 7.38355 3.7
    endloop
  endfacet
  facet normal 0.658904 -0.752227 0
    outer loop
      vertex 143.121 6.87886 3.7
      vertex 143.313 7.04704 8.3
      vertex 143.121 6.87886 8.3
    endloop
  endfacet
  facet normal 0.658904 -0.752227 0
    outer loop
      vertex 143.313 7.04704 8.3
      vertex 143.121 6.87886 3.7
      vertex 143.313 7.04704 3.7
    endloop
  endfacet
  facet normal 0.555722 -0.831368 0
    outer loop
      vertex 143.313 7.04704 3.7
      vertex 143.525 7.18875 8.3
      vertex 143.313 7.04704 8.3
    endloop
  endfacet
  facet normal 0.555722 -0.831368 0
    outer loop
      vertex 143.525 7.18875 8.3
      vertex 143.313 7.04704 3.7
      vertex 143.525 7.18875 3.7
    endloop
  endfacet
  facet normal -0.997777 -0.0666413 0
    outer loop
      vertex 146.45 5.5 3.7
      vertex 146.433 5.75453 8.3
      vertex 146.433 5.75453 3.7
    endloop
  endfacet
  facet normal -0.997777 -0.0666413 0
    outer loop
      vertex 146.433 5.75453 8.3
      vertex 146.45 5.5 3.7
      vertex 146.45 5.5 8.3
    endloop
  endfacet
  facet normal -0.981353 0.192214 0
    outer loop
      vertex 146.384 4.9953 3.7
      vertex 146.433 5.24547 8.3
      vertex 146.433 5.24547 3.7
    endloop
  endfacet
  facet normal -0.981353 0.192214 0
    outer loop
      vertex 146.433 5.24547 8.3
      vertex 146.384 4.9953 3.7
      vertex 146.384 4.9953 8.3
    endloop
  endfacet
  facet normal -0.0652723 0.997867 0
    outer loop
      vertex 144.755 3.56668 3.7
      vertex 144.5 3.55 8.3
      vertex 144.755 3.56668 8.3
    endloop
  endfacet
  facet normal -0.0652723 0.997867 0
    outer loop
      vertex 144.5 3.55 8.3
      vertex 144.755 3.56668 3.7
      vertex 144.5 3.55 3.7
    endloop
  endfacet
  facet normal 0.981353 0.192214 0
    outer loop
      vertex 142.616 4.9953 8.3
      vertex 142.567 5.24547 3.7
      vertex 142.567 5.24547 8.3
    endloop
  endfacet
  facet normal 0.981353 0.192214 0
    outer loop
      vertex 142.567 5.24547 3.7
      vertex 142.616 4.9953 8.3
      vertex 142.616 4.9953 3.7
    endloop
  endfacet
  facet normal 0.830952 0.556345 0
    outer loop
      vertex 142.953 4.31291 8.3
      vertex 142.811 4.525 3.7
      vertex 142.811 4.525 8.3
    endloop
  endfacet
  facet normal 0.830952 0.556345 0
    outer loop
      vertex 142.811 4.525 3.7
      vertex 142.953 4.31291 8.3
      vertex 142.953 4.31291 3.7
    endloop
  endfacet
  facet normal -0.195211 0.980761 0
    outer loop
      vertex 145.005 3.61644 3.7
      vertex 144.755 3.56668 8.3
      vertex 145.005 3.61644 8.3
    endloop
  endfacet
  facet normal -0.195211 0.980761 0
    outer loop
      vertex 144.755 3.56668 8.3
      vertex 145.005 3.61644 3.7
      vertex 144.755 3.56668 3.7
    endloop
  endfacet
  facet normal -0.441941 0.897044 0
    outer loop
      vertex 145.475 3.81125 3.7
      vertex 145.246 3.69843 8.3
      vertex 145.475 3.81125 8.3
    endloop
  endfacet
  facet normal -0.441941 0.897044 0
    outer loop
      vertex 145.246 3.69843 8.3
      vertex 145.475 3.81125 3.7
      vertex 145.246 3.69843 3.7
    endloop
  endfacet
  facet normal -0.896588 -0.442866 0
    outer loop
      vertex 146.302 6.24623 3.7
      vertex 146.189 6.475 8.3
      vertex 146.189 6.475 3.7
    endloop
  endfacet
  facet normal -0.896588 -0.442866 0
    outer loop
      vertex 146.189 6.475 8.3
      vertex 146.302 6.24623 3.7
      vertex 146.302 6.24623 8.3
    endloop
  endfacet
  facet normal -0.946916 -0.32148 0
    outer loop
      vertex 146.384 6.0047 3.7
      vertex 146.302 6.24623 8.3
      vertex 146.302 6.24623 3.7
    endloop
  endfacet
  facet normal -0.946916 -0.32148 0
    outer loop
      vertex 146.302 6.24623 8.3
      vertex 146.384 6.0047 3.7
      vertex 146.384 6.0047 8.3
    endloop
  endfacet
  facet normal -0.981353 -0.192214 0
    outer loop
      vertex 146.433 5.75453 3.7
      vertex 146.384 6.0047 8.3
      vertex 146.384 6.0047 3.7
    endloop
  endfacet
  facet normal -0.981353 -0.192214 0
    outer loop
      vertex 146.384 6.0047 8.3
      vertex 146.433 5.75453 3.7
      vertex 146.433 5.75453 8.3
    endloop
  endfacet
  facet normal 0.997777 0.0666413 0
    outer loop
      vertex 142.567 5.24547 8.3
      vertex 142.55 5.5 3.7
      vertex 142.55 5.5 8.3
    endloop
  endfacet
  facet normal 0.997777 0.0666413 0
    outer loop
      vertex 142.55 5.5 3.7
      vertex 142.567 5.24547 8.3
      vertex 142.567 5.24547 3.7
    endloop
  endfacet
  facet normal -0.752185 0.658952 0
    outer loop
      vertex 145.879 4.12114 3.7
      vertex 146.047 4.31291 8.3
      vertex 146.047 4.31291 3.7
    endloop
  endfacet
  facet normal -0.752185 0.658952 0
    outer loop
      vertex 146.047 4.31291 8.3
      vertex 145.879 4.12114 3.7
      vertex 145.879 4.12114 8.3
    endloop
  endfacet
  facet normal -0.830952 0.556345 0
    outer loop
      vertex 146.047 4.31291 3.7
      vertex 146.189 4.525 8.3
      vertex 146.189 4.525 3.7
    endloop
  endfacet
  facet normal -0.830952 0.556345 0
    outer loop
      vertex 146.189 4.525 8.3
      vertex 146.047 4.31291 3.7
      vertex 146.047 4.31291 8.3
    endloop
  endfacet
  facet normal -0.896588 0.442866 0
    outer loop
      vertex 146.189 4.525 3.7
      vertex 146.302 4.75377 8.3
      vertex 146.302 4.75377 3.7
    endloop
  endfacet
  facet normal -0.896588 0.442866 0
    outer loop
      vertex 146.302 4.75377 8.3
      vertex 146.189 4.525 3.7
      vertex 146.189 4.525 8.3
    endloop
  endfacet
  facet normal 0.896588 0.442866 0
    outer loop
      vertex 142.811 4.525 8.3
      vertex 142.698 4.75377 3.7
      vertex 142.698 4.75377 8.3
    endloop
  endfacet
  facet normal 0.896588 0.442866 0
    outer loop
      vertex 142.698 4.75377 3.7
      vertex 142.811 4.525 8.3
      vertex 142.811 4.525 3.7
    endloop
  endfacet
  facet normal 0.946916 0.32148 0
    outer loop
      vertex 142.698 4.75377 8.3
      vertex 142.616 4.9953 3.7
      vertex 142.616 4.9953 8.3
    endloop
  endfacet
  facet normal 0.946916 0.32148 0
    outer loop
      vertex 142.616 4.9953 3.7
      vertex 142.698 4.75377 8.3
      vertex 142.698 4.75377 3.7
    endloop
  endfacet
  facet normal -0.322079 0.946713 0
    outer loop
      vertex 145.246 3.69843 3.7
      vertex 145.005 3.61644 8.3
      vertex 145.246 3.69843 8.3
    endloop
  endfacet
  facet normal -0.322079 0.946713 0
    outer loop
      vertex 145.005 3.61644 8.3
      vertex 145.246 3.69843 3.7
      vertex 145.005 3.61644 3.7
    endloop
  endfacet
  facet normal -0.658904 0.752227 0
    outer loop
      vertex 145.879 4.12114 3.7
      vertex 145.687 3.95296 8.3
      vertex 145.879 4.12114 8.3
    endloop
  endfacet
  facet normal -0.658904 0.752227 0
    outer loop
      vertex 145.687 3.95296 8.3
      vertex 145.879 4.12114 3.7
      vertex 145.687 3.95296 3.7
    endloop
  endfacet
  facet normal -0.555722 0.831368 0
    outer loop
      vertex 145.687 3.95296 3.7
      vertex 145.475 3.81125 8.3
      vertex 145.687 3.95296 8.3
    endloop
  endfacet
  facet normal -0.555722 0.831368 0
    outer loop
      vertex 145.475 3.81125 8.3
      vertex 145.687 3.95296 3.7
      vertex 145.475 3.81125 3.7
    endloop
  endfacet
  facet normal -0.946916 0.32148 0
    outer loop
      vertex 146.302 4.75377 3.7
      vertex 146.384 4.9953 8.3
      vertex 146.384 4.9953 3.7
    endloop
  endfacet
  facet normal -0.946916 0.32148 0
    outer loop
      vertex 146.384 4.9953 8.3
      vertex 146.302 4.75377 3.7
      vertex 146.302 4.75377 8.3
    endloop
  endfacet
  facet normal 0.555722 0.831368 -0
    outer loop
      vertex 143.525 3.81125 3.7
      vertex 143.313 3.95296 8.3
      vertex 143.525 3.81125 8.3
    endloop
  endfacet
  facet normal 0.555722 0.831368 0
    outer loop
      vertex 143.313 3.95296 8.3
      vertex 143.525 3.81125 3.7
      vertex 143.313 3.95296 3.7
    endloop
  endfacet
  facet normal 0.195211 0.980761 -0
    outer loop
      vertex 144.245 3.56668 3.7
      vertex 143.995 3.61644 8.3
      vertex 144.245 3.56668 8.3
    endloop
  endfacet
  facet normal 0.195211 0.980761 0
    outer loop
      vertex 143.995 3.61644 8.3
      vertex 144.245 3.56668 3.7
      vertex 143.995 3.61644 3.7
    endloop
  endfacet
  facet normal 0.0652723 0.997867 -0
    outer loop
      vertex 144.5 3.55 3.7
      vertex 144.245 3.56668 8.3
      vertex 144.5 3.55 8.3
    endloop
  endfacet
  facet normal 0.0652723 0.997867 0
    outer loop
      vertex 144.245 3.56668 8.3
      vertex 144.5 3.55 3.7
      vertex 144.245 3.56668 3.7
    endloop
  endfacet
  facet normal 0.752185 0.658952 0
    outer loop
      vertex 143.121 4.12114 8.3
      vertex 142.953 4.31291 3.7
      vertex 142.953 4.31291 8.3
    endloop
  endfacet
  facet normal 0.752185 0.658952 0
    outer loop
      vertex 142.953 4.31291 3.7
      vertex 143.121 4.12114 8.3
      vertex 143.121 4.12114 3.7
    endloop
  endfacet
  facet normal 0.658904 0.752227 -0
    outer loop
      vertex 143.313 3.95296 3.7
      vertex 143.121 4.12114 8.3
      vertex 143.313 3.95296 8.3
    endloop
  endfacet
  facet normal 0.658904 0.752227 0
    outer loop
      vertex 143.121 4.12114 8.3
      vertex 143.313 3.95296 3.7
      vertex 143.121 4.12114 3.7
    endloop
  endfacet
  facet normal 0.441941 0.897044 -0
    outer loop
      vertex 143.754 3.69843 3.7
      vertex 143.525 3.81125 8.3
      vertex 143.754 3.69843 8.3
    endloop
  endfacet
  facet normal 0.441941 0.897044 0
    outer loop
      vertex 143.525 3.81125 8.3
      vertex 143.754 3.69843 3.7
      vertex 143.525 3.81125 3.7
    endloop
  endfacet
  facet normal 0.322079 0.946713 -0
    outer loop
      vertex 143.995 3.61644 3.7
      vertex 143.754 3.69843 8.3
      vertex 143.995 3.61644 8.3
    endloop
  endfacet
  facet normal 0.322079 0.946713 0
    outer loop
      vertex 143.754 3.69843 8.3
      vertex 143.995 3.61644 3.7
      vertex 143.754 3.69843 3.7
    endloop
  endfacet
  facet normal -0.961529 -0.0642203 0.267091
    outer loop
      vertex 146.45 5.5 8.3
      vertex 146.7 5.5 9.2
      vertex 146.433 5.75453 8.3
    endloop
  endfacet
  facet normal 0.634939 -0.724868 0.267243
    outer loop
      vertex 143.121 6.87886 8.3
      vertex 143.313 7.04704 8.3
      vertex 142.944 7.05563 9.2
    endloop
  endfacet
  facet normal -0.864007 -0.426773 0.267128
    outer loop
      vertex 146.302 6.24623 8.3
      vertex 146.533 6.3419 9.2
      vertex 146.189 6.475 8.3
    endloop
  endfacet
  facet normal -0.640728 0.719919 0.266802
    outer loop
      vertex 145.879 4.12114 8.3
      vertex 145.974 3.94627 9
      vertex 146.016 3.98365 9
    endloop
  endfacet
  facet normal -0.634937 0.724866 0.267252
    outer loop
      vertex 145.974 3.94627 9
      vertex 145.879 4.12114 8.3
      vertex 145.687 3.95296 8.3
    endloop
  endfacet
  facet normal 0.912716 0.310052 0.266114
    outer loop
      vertex 142.501 4.73303 9
      vertex 142.616 4.9953 8.3
      vertex 142.429 4.94498 9
    endloop
  endfacet
  facet normal -0.945837 -0.185258 0.266592
    outer loop
      vertex 146.433 5.75453 8.3
      vertex 146.625 6.0694 9.2
      vertex 146.384 6.0047 8.3
    endloop
  endfacet
  facet normal -0.425904 0.864492 0.266946
    outer loop
      vertex 145.246 3.69843 8.3
      vertex 145.371 3.54386 9
      vertex 145.475 3.81125 8.3
    endloop
  endfacet
  facet normal -0.431901 0.861391 0.267333
    outer loop
      vertex 145.371 3.54386 9
      vertex 145.246 3.69843 8.3
      vertex 145.321 3.51879 9
    endloop
  endfacet
  facet normal 0.31037 0.912297 0.267178
    outer loop
      vertex 143.754 3.69843 8.3
      vertex 143.733 3.50057 9
      vertex 143.995 3.61644 8.3
    endloop
  endfacet
  facet normal 0.308065 0.913037 0.267318
    outer loop
      vertex 143.733 3.50057 9
      vertex 143.754 3.69843 8.3
      vertex 143.679 3.51879 9
    endloop
  endfacet
  facet normal 0.864946 0.425328 0.266391
    outer loop
      vertex 142.544 4.62852 9
      vertex 142.698 4.75377 8.3
      vertex 142.519 4.67936 9
    endloop
  endfacet
  facet normal 0.864165 0.426851 0.266492
    outer loop
      vertex 142.698 4.75377 8.3
      vertex 142.544 4.62852 9
      vertex 142.811 4.525 8.3
    endloop
  endfacet
  facet normal 0.425834 -0.864428 0.267263
    outer loop
      vertex 143.754 7.30156 8.3
      vertex 143.658 7.53253 9.2
      vertex 143.525 7.18875 8.3
    endloop
  endfacet
  facet normal -0.72484 -0.634962 0.267265
    outer loop
      vertex 146.047 6.68708 8.3
      vertex 146.056 7.05563 9.2
      vertex 145.879 6.87886 8.3
    endloop
  endfacet
  facet normal -0.864388 0.426295 0.266659
    outer loop
      vertex 146.357 4.42778 9
      vertex 146.456 4.62852 9
      vertex 146.189 4.525 8.3
    endloop
  endfacet
  facet normal -0.802056 0.534388 0.266712
    outer loop
      vertex 146.233 4.24167 9
      vertex 146.357 4.42778 9
      vertex 146.189 4.525 8.3
    endloop
  endfacet
  facet normal -0.912785 0.309893 0.266065
    outer loop
      vertex 146.302 4.75377 8.3
      vertex 146.499 4.73303 9
      vertex 146.384 4.9953 8.3
    endloop
  endfacet
  facet normal -0.913871 0.306497 0.26627
    outer loop
      vertex 146.499 4.73303 9
      vertex 146.302 4.75377 8.3
      vertex 146.481 4.67936 9
    endloop
  endfacet
  facet normal -0.53643 0.800641 0.266865
    outer loop
      vertex 145.687 3.95296 8.3
      vertex 145.758 3.76721 9
      vertex 145.805 3.7987 9
    endloop
  endfacet
  facet normal -0.535559 0.801203 0.266926
    outer loop
      vertex 145.758 3.76721 9
      vertex 145.687 3.95296 8.3
      vertex 145.475 3.81125 8.3
    endloop
  endfacet
  facet normal -0.309679 0.912593 0.266969
    outer loop
      vertex 145.055 3.42863 9
      vertex 145.267 3.50057 9
      vertex 145.005 3.61644 8.3
    endloop
  endfacet
  facet normal -0.0629 0.961601 0.267145
    outer loop
      vertex 144.5 3.55 8.3
      vertex 144.557 3.35926 9
      vertex 144.755 3.56668 8.3
    endloop
  endfacet
  facet normal -0.0625901 0.961627 0.267126
    outer loop
      vertex 144.557 3.35926 9
      vertex 144.5 3.55 8.3
      vertex 144.5 3.35555 9
    endloop
  endfacet
  facet normal 0.961529 0.0642203 0.267091
    outer loop
      vertex 142.567 5.24547 8.3
      vertex 142.55 5.5 8.3
      vertex 142.3 5.5 9.2
    endloop
  endfacet
  facet normal 0.724822 0.63498 0.267272
    outer loop
      vertex 142.946 4.02626 9
      vertex 143.121 4.12114 8.3
      vertex 142.953 4.31291 8.3
    endloop
  endfacet
  facet normal 0.71928 0.641461 0.266766
    outer loop
      vertex 143.121 4.12114 8.3
      vertex 142.946 4.02626 9
      vertex 142.984 3.98365 9
    endloop
  endfacet
  facet normal 0.431901 0.861391 0.267333
    outer loop
      vertex 143.754 3.69843 8.3
      vertex 143.629 3.54386 9
      vertex 143.679 3.51879 9
    endloop
  endfacet
  facet normal 0.425904 0.864492 0.266946
    outer loop
      vertex 143.629 3.54386 9
      vertex 143.754 3.69843 8.3
      vertex 143.525 3.81125 8.3
    endloop
  endfacet
  facet normal 0.188129 0.94518 0.266913
    outer loop
      vertex 143.995 3.61644 8.3
      vertex 144.001 3.41757 9
      vertex 144.245 3.56668 8.3
    endloop
  endfacet
  facet normal 0.186723 0.945435 0.266998
    outer loop
      vertex 144.001 3.41757 9
      vertex 143.995 3.61644 8.3
      vertex 143.945 3.42863 9
    endloop
  endfacet
  facet normal 0.425812 0.864528 0.266974
    outer loop
      vertex 143.629 3.54386 9
      vertex 143.525 3.81125 8.3
      vertex 143.428 3.64286 9
    endloop
  endfacet
  facet normal 0.863432 -0.428203 0.266696
    outer loop
      vertex 142.811 6.475 8.3
      vertex 142.595 6.6 9.2
      vertex 142.467 6.3419 9.2
    endloop
  endfacet
  facet normal 0.801163 -0.535738 0.266687
    outer loop
      vertex 142.811 6.475 8.3
      vertex 142.755 6.83927 9.2
      vertex 142.595 6.6 9.2
    endloop
  endfacet
  facet normal 0.912503 -0.309797 0.267141
    outer loop
      vertex 142.616 6.0047 8.3
      vertex 142.698 6.24623 8.3
      vertex 142.467 6.3419 9.2
    endloop
  endfacet
  facet normal 0.535546 -0.801184 0.267011
    outer loop
      vertex 143.313 7.04704 8.3
      vertex 143.525 7.18875 8.3
      vertex 143.161 7.24538 9.2
    endloop
  endfacet
  facet normal 0.309296 -0.912742 0.266903
    outer loop
      vertex 143.995 7.38355 8.3
      vertex 143.931 7.62504 9.2
      vertex 143.658 7.53253 9.2
    endloop
  endfacet
  facet normal 0.0629006 -0.96161 0.267114
    outer loop
      vertex 144.5 7.45 8.3
      vertex 144.5 7.7 9.2
      vertex 144.245 7.43332 8.3
    endloop
  endfacet
  facet normal -0.426321 -0.864233 0.267117
    outer loop
      vertex 145.475 7.18875 8.3
      vertex 145.6 7.40526 9.2
      vertex 145.342 7.53253 9.2
    endloop
  endfacet
  facet normal -0.535814 -0.800973 0.267106
    outer loop
      vertex 145.839 7.24538 9.2
      vertex 145.6 7.40526 9.2
      vertex 145.475 7.18875 8.3
    endloop
  endfacet
  facet normal -0.800809 -0.536188 0.266847
    outer loop
      vertex 146.189 6.475 8.3
      vertex 146.245 6.83927 9.2
      vertex 146.047 6.68708 8.3
    endloop
  endfacet
  facet normal -0.0630576 -0.961612 0.26707
    outer loop
      vertex 144.755 7.43332 8.3
      vertex 144.787 7.68118 9.2
      vertex 144.5 7.7 9.2
    endloop
  endfacet
  facet normal -0.961522 -0.0636193 0.267259
    outer loop
      vertex 146.7 5.5 9.2
      vertex 146.681 5.78716 9.2
      vertex 146.433 5.75453 8.3
    endloop
  endfacet
  facet normal -0.9452 -0.18754 0.267255
    outer loop
      vertex 146.681 5.78716 9.2
      vertex 146.625 6.0694 9.2
      vertex 146.433 5.75453 8.3
    endloop
  endfacet
  facet normal -0.961529 0.0642203 0.267091
    outer loop
      vertex 146.7 5.5 9.2
      vertex 146.45 5.5 8.3
      vertex 146.433 5.24547 8.3
    endloop
  endfacet
  facet normal -0.800712 0.536098 0.26732
    outer loop
      vertex 146.047 4.31291 8.3
      vertex 146.233 4.24167 9
      vertex 146.189 4.525 8.3
    endloop
  endfacet
  facet normal -0.797299 0.541344 0.266947
    outer loop
      vertex 146.233 4.24167 9
      vertex 146.047 4.31291 8.3
      vertex 146.201 4.19454 9
    endloop
  endfacet
  facet normal -0.961458 0.0590244 0.26854
    outer loop
      vertex 146.433 5.24547 8.3
      vertex 146.638 5.4 9
      vertex 146.7 5.5 9.2
    endloop
  endfacet
  facet normal -0.961447 0.0641285 0.26741
    outer loop
      vertex 146.638 5.4 9
      vertex 146.433 5.24547 8.3
      vertex 146.626 5.22009 9
    endloop
  endfacet
  facet normal -0.962017 0.0673412 0.264555
    outer loop
      vertex 146.7 5.5 9.2
      vertex 146.638 5.4 9
      vertex 146.693 5.4 9.2
    endloop
  endfacet
  facet normal -0.944804 0.189374 0.267362
    outer loop
      vertex 146.582 5.00057 9
      vertex 146.626 5.22009 9
      vertex 146.433 5.24547 8.3
    endloop
  endfacet
  facet normal -0.633887 0.72594 0.266832
    outer loop
      vertex 145.805 3.7987 9
      vertex 145.974 3.94627 9
      vertex 145.687 3.95296 8.3
    endloop
  endfacet
  facet normal -0.188457 0.945088 0.267008
    outer loop
      vertex 144.78 3.3739 9
      vertex 144.999 3.41757 9
      vertex 144.755 3.56668 8.3
    endloop
  endfacet
  facet normal -0.0631295 0.961604 0.26708
    outer loop
      vertex 144.78 3.3739 9
      vertex 144.755 3.56668 8.3
      vertex 144.557 3.35926 9
    endloop
  endfacet
  facet normal -0.308065 0.913037 0.267318
    outer loop
      vertex 145.246 3.69843 8.3
      vertex 145.267 3.50057 9
      vertex 145.321 3.51879 9
    endloop
  endfacet
  facet normal -0.31037 0.912297 0.267178
    outer loop
      vertex 145.267 3.50057 9
      vertex 145.246 3.69843 8.3
      vertex 145.005 3.61644 8.3
    endloop
  endfacet
  facet normal 0.944804 0.189374 0.267362
    outer loop
      vertex 142.418 5.00057 9
      vertex 142.567 5.24547 8.3
      vertex 142.374 5.22009 9
    endloop
  endfacet
  facet normal 0.962017 0.0673412 0.264555
    outer loop
      vertex 142.362 5.4 9
      vertex 142.3 5.5 9.2
      vertex 142.307 5.4 9.2
    endloop
  endfacet
  facet normal 0.961458 0.0590244 0.26854
    outer loop
      vertex 142.362 5.4 9
      vertex 142.567 5.24547 8.3
      vertex 142.3 5.5 9.2
    endloop
  endfacet
  facet normal 0.961447 0.0641285 0.26741
    outer loop
      vertex 142.567 5.24547 8.3
      vertex 142.362 5.4 9
      vertex 142.374 5.22009 9
    endloop
  endfacet
  facet normal 0.912785 0.309893 0.266065
    outer loop
      vertex 142.501 4.73303 9
      vertex 142.698 4.75377 8.3
      vertex 142.616 4.9953 8.3
    endloop
  endfacet
  facet normal 0.913871 0.306497 0.26627
    outer loop
      vertex 142.698 4.75377 8.3
      vertex 142.501 4.73303 9
      vertex 142.519 4.67936 9
    endloop
  endfacet
  facet normal 0.864388 0.426295 0.266659
    outer loop
      vertex 142.643 4.42778 9
      vertex 142.811 4.525 8.3
      vertex 142.544 4.62852 9
    endloop
  endfacet
  facet normal 0.309679 0.912593 0.266969
    outer loop
      vertex 143.945 3.42863 9
      vertex 143.995 3.61644 8.3
      vertex 143.733 3.50057 9
    endloop
  endfacet
  facet normal 0.0625901 0.961627 0.267126
    outer loop
      vertex 144.5 3.55 8.3
      vertex 144.443 3.35926 9
      vertex 144.5 3.35555 9
    endloop
  endfacet
  facet normal 0.0629 0.961601 0.267145
    outer loop
      vertex 144.443 3.35926 9
      vertex 144.5 3.55 8.3
      vertex 144.245 3.56668 8.3
    endloop
  endfacet
  facet normal 0.535614 0.80116 0.266946
    outer loop
      vertex 143.428 3.64286 9
      vertex 143.525 3.81125 8.3
      vertex 143.242 3.76721 9
    endloop
  endfacet
  facet normal 0.961529 -0.0642203 0.267091
    outer loop
      vertex 142.55 5.5 8.3
      vertex 142.567 5.75453 8.3
      vertex 142.3 5.5 9.2
    endloop
  endfacet
  facet normal 0.800809 -0.536188 0.266847
    outer loop
      vertex 142.811 6.475 8.3
      vertex 142.953 6.68708 8.3
      vertex 142.755 6.83927 9.2
    endloop
  endfacet
  facet normal 0.961522 -0.0636193 0.267259
    outer loop
      vertex 142.567 5.75453 8.3
      vertex 142.319 5.78716 9.2
      vertex 142.3 5.5 9.2
    endloop
  endfacet
  facet normal 0.9452 -0.18754 0.267255
    outer loop
      vertex 142.567 5.75453 8.3
      vertex 142.375 6.0694 9.2
      vertex 142.319 5.78716 9.2
    endloop
  endfacet
  facet normal 0.63436 -0.72546 0.267012
    outer loop
      vertex 143.313 7.04704 8.3
      vertex 143.161 7.24538 9.2
      vertex 142.944 7.05563 9.2
    endloop
  endfacet
  facet normal 0.188159 -0.945153 0.266985
    outer loop
      vertex 144.245 7.43332 8.3
      vertex 144.213 7.68118 9.2
      vertex 143.931 7.62504 9.2
    endloop
  endfacet
  facet normal 0.0630576 -0.961612 0.26707
    outer loop
      vertex 144.245 7.43332 8.3
      vertex 144.5 7.7 9.2
      vertex 144.213 7.68118 9.2
    endloop
  endfacet
  facet normal 0.310366 -0.912284 0.267228
    outer loop
      vertex 143.754 7.30156 8.3
      vertex 143.995 7.38355 8.3
      vertex 143.658 7.53253 9.2
    endloop
  endfacet
  facet normal -0.188159 -0.945153 0.266985
    outer loop
      vertex 145.069 7.62504 9.2
      vertex 144.787 7.68118 9.2
      vertex 144.755 7.43332 8.3
    endloop
  endfacet
  facet normal -0.310366 -0.912284 0.267228
    outer loop
      vertex 145.246 7.30156 8.3
      vertex 145.342 7.53253 9.2
      vertex 145.005 7.38355 8.3
    endloop
  endfacet
  facet normal -0.535546 -0.801184 0.267011
    outer loop
      vertex 145.687 7.04704 8.3
      vertex 145.839 7.24538 9.2
      vertex 145.475 7.18875 8.3
    endloop
  endfacet
  facet normal -0.725802 -0.63402 0.266889
    outer loop
      vertex 146.245 6.83927 9.2
      vertex 146.056 7.05563 9.2
      vertex 146.047 6.68708 8.3
    endloop
  endfacet
  facet normal -0.912503 -0.309797 0.267141
    outer loop
      vertex 146.384 6.0047 8.3
      vertex 146.533 6.3419 9.2
      vertex 146.302 6.24623 8.3
    endloop
  endfacet
  facet normal -0.913146 -0.308292 0.266683
    outer loop
      vertex 146.625 6.0694 9.2
      vertex 146.533 6.3419 9.2
      vertex 146.384 6.0047 8.3
    endloop
  endfacet
  facet normal -0.0629006 -0.96161 0.267114
    outer loop
      vertex 144.755 7.43332 8.3
      vertex 144.5 7.7 9.2
      vertex 144.5 7.45 8.3
    endloop
  endfacet
  facet normal -0.864946 0.425328 0.266391
    outer loop
      vertex 146.302 4.75377 8.3
      vertex 146.456 4.62852 9
      vertex 146.481 4.67936 9
    endloop
  endfacet
  facet normal -0.864165 0.426851 0.266492
    outer loop
      vertex 146.456 4.62852 9
      vertex 146.302 4.75377 8.3
      vertex 146.189 4.525 8.3
    endloop
  endfacet
  facet normal -0.945951 0.18528 0.266174
    outer loop
      vertex 146.384 4.9953 8.3
      vertex 146.582 5.00057 9
      vertex 146.433 5.24547 8.3
    endloop
  endfacet
  facet normal -0.945619 0.187117 0.266066
    outer loop
      vertex 146.582 5.00057 9
      vertex 146.384 4.9953 8.3
      vertex 146.571 4.94498 9
    endloop
  endfacet
  facet normal -0.912716 0.310052 0.266114
    outer loop
      vertex 146.499 4.73303 9
      vertex 146.571 4.94498 9
      vertex 146.384 4.9953 8.3
    endloop
  endfacet
  facet normal -0.186723 0.945435 0.266998
    outer loop
      vertex 145.005 3.61644 8.3
      vertex 144.999 3.41757 9
      vertex 145.055 3.42863 9
    endloop
  endfacet
  facet normal -0.188129 0.94518 0.266913
    outer loop
      vertex 144.999 3.41757 9
      vertex 145.005 3.61644 8.3
      vertex 144.755 3.56668 8.3
    endloop
  endfacet
  facet normal 0.945951 0.18528 0.266174
    outer loop
      vertex 142.418 5.00057 9
      vertex 142.616 4.9953 8.3
      vertex 142.567 5.24547 8.3
    endloop
  endfacet
  facet normal 0.945619 0.187117 0.266066
    outer loop
      vertex 142.616 4.9953 8.3
      vertex 142.418 5.00057 9
      vertex 142.429 4.94498 9
    endloop
  endfacet
  facet normal 0.802056 0.534388 0.266712
    outer loop
      vertex 142.767 4.24167 9
      vertex 142.811 4.525 8.3
      vertex 142.643 4.42778 9
    endloop
  endfacet
  facet normal 0.725802 0.63402 0.266889
    outer loop
      vertex 142.946 4.02626 9
      vertex 142.953 4.31291 8.3
      vertex 142.799 4.19454 9
    endloop
  endfacet
  facet normal 0.0631295 0.961604 0.26708
    outer loop
      vertex 144.443 3.35926 9
      vertex 144.245 3.56668 8.3
      vertex 144.22 3.3739 9
    endloop
  endfacet
  facet normal 0.188457 0.945088 0.267008
    outer loop
      vertex 144.22 3.3739 9
      vertex 144.245 3.56668 8.3
      vertex 144.001 3.41757 9
    endloop
  endfacet
  facet normal 0.535559 0.801203 0.266926
    outer loop
      vertex 143.313 3.95296 8.3
      vertex 143.242 3.76721 9
      vertex 143.525 3.81125 8.3
    endloop
  endfacet
  facet normal 0.53643 0.800641 0.266865
    outer loop
      vertex 143.242 3.76721 9
      vertex 143.313 3.95296 8.3
      vertex 143.195 3.7987 9
    endloop
  endfacet
  facet normal 0.864007 -0.426773 0.267128
    outer loop
      vertex 142.698 6.24623 8.3
      vertex 142.811 6.475 8.3
      vertex 142.467 6.3419 9.2
    endloop
  endfacet
  facet normal 0.945837 -0.185258 0.266592
    outer loop
      vertex 142.567 5.75453 8.3
      vertex 142.616 6.0047 8.3
      vertex 142.375 6.0694 9.2
    endloop
  endfacet
  facet normal 0.913146 -0.308292 0.266683
    outer loop
      vertex 142.616 6.0047 8.3
      vertex 142.467 6.3419 9.2
      vertex 142.375 6.0694 9.2
    endloop
  endfacet
  facet normal 0.188161 -0.945153 0.266986
    outer loop
      vertex 143.995 7.38355 8.3
      vertex 144.245 7.43332 8.3
      vertex 143.931 7.62504 9.2
    endloop
  endfacet
  facet normal -0.425834 -0.864428 0.267263
    outer loop
      vertex 145.475 7.18875 8.3
      vertex 145.342 7.53253 9.2
      vertex 145.246 7.30156 8.3
    endloop
  endfacet
  facet normal -0.188161 -0.945153 0.266986
    outer loop
      vertex 145.005 7.38355 8.3
      vertex 145.069 7.62504 9.2
      vertex 144.755 7.43332 8.3
    endloop
  endfacet
  facet normal -0.309296 -0.912742 0.266903
    outer loop
      vertex 145.342 7.53253 9.2
      vertex 145.069 7.62504 9.2
      vertex 145.005 7.38355 8.3
    endloop
  endfacet
  facet normal -0.725802 0.63402 0.266889
    outer loop
      vertex 146.054 4.02626 9
      vertex 146.201 4.19454 9
      vertex 146.047 4.31291 8.3
    endloop
  endfacet
  facet normal -0.724822 0.63498 0.267272
    outer loop
      vertex 145.879 4.12114 8.3
      vertex 146.054 4.02626 9
      vertex 146.047 4.31291 8.3
    endloop
  endfacet
  facet normal -0.71928 0.641461 0.266766
    outer loop
      vertex 146.054 4.02626 9
      vertex 145.879 4.12114 8.3
      vertex 146.016 3.98365 9
    endloop
  endfacet
  facet normal -0.535614 0.80116 0.266946
    outer loop
      vertex 145.572 3.64286 9
      vertex 145.758 3.76721 9
      vertex 145.475 3.81125 8.3
    endloop
  endfacet
  facet normal -0.425812 0.864528 0.266974
    outer loop
      vertex 145.572 3.64286 9
      vertex 145.475 3.81125 8.3
      vertex 145.371 3.54386 9
    endloop
  endfacet
  facet normal 0.800712 0.536098 0.26732
    outer loop
      vertex 142.767 4.24167 9
      vertex 142.953 4.31291 8.3
      vertex 142.811 4.525 8.3
    endloop
  endfacet
  facet normal 0.797299 0.541344 0.266947
    outer loop
      vertex 142.953 4.31291 8.3
      vertex 142.767 4.24167 9
      vertex 142.799 4.19454 9
    endloop
  endfacet
  facet normal 0.633887 0.72594 0.266832
    outer loop
      vertex 143.195 3.7987 9
      vertex 143.313 3.95296 8.3
      vertex 143.026 3.94627 9
    endloop
  endfacet
  facet normal 0.634937 0.724866 0.267252
    outer loop
      vertex 143.121 4.12114 8.3
      vertex 143.026 3.94627 9
      vertex 143.313 3.95296 8.3
    endloop
  endfacet
  facet normal 0.640728 0.719919 0.266802
    outer loop
      vertex 143.026 3.94627 9
      vertex 143.121 4.12114 8.3
      vertex 142.984 3.98365 9
    endloop
  endfacet
  facet normal 0.725802 -0.63402 0.266889
    outer loop
      vertex 142.953 6.68708 8.3
      vertex 142.944 7.05563 9.2
      vertex 142.755 6.83927 9.2
    endloop
  endfacet
  facet normal 0.72484 -0.634962 0.267265
    outer loop
      vertex 142.953 6.68708 8.3
      vertex 143.121 6.87886 8.3
      vertex 142.944 7.05563 9.2
    endloop
  endfacet
  facet normal 0.535814 -0.800973 0.267106
    outer loop
      vertex 143.525 7.18875 8.3
      vertex 143.4 7.40526 9.2
      vertex 143.161 7.24538 9.2
    endloop
  endfacet
  facet normal 0.426321 -0.864233 0.267117
    outer loop
      vertex 143.525 7.18875 8.3
      vertex 143.658 7.53253 9.2
      vertex 143.4 7.40526 9.2
    endloop
  endfacet
  facet normal -0.63436 -0.72546 0.267012
    outer loop
      vertex 146.056 7.05563 9.2
      vertex 145.839 7.24538 9.2
      vertex 145.687 7.04704 8.3
    endloop
  endfacet
  facet normal -0.634939 -0.724868 0.267243
    outer loop
      vertex 145.879 6.87886 8.3
      vertex 146.056 7.05563 9.2
      vertex 145.687 7.04704 8.3
    endloop
  endfacet
  facet normal -0.801163 -0.535738 0.266687
    outer loop
      vertex 146.405 6.6 9.2
      vertex 146.245 6.83927 9.2
      vertex 146.189 6.475 8.3
    endloop
  endfacet
  facet normal -0.863432 -0.428203 0.266696
    outer loop
      vertex 146.533 6.3419 9.2
      vertex 146.405 6.6 9.2
      vertex 146.189 6.475 8.3
    endloop
  endfacet
  facet normal -0.831368 -0.555722 0
    outer loop
      vertex 7.18875 115.475 3.7
      vertex 7.04704 115.687 8.3
      vertex 7.04704 115.687 3.7
    endloop
  endfacet
  facet normal -0.831368 -0.555722 0
    outer loop
      vertex 7.04704 115.687 8.3
      vertex 7.18875 115.475 3.7
      vertex 7.18875 115.475 8.3
    endloop
  endfacet
  facet normal -0.32148 -0.946916 0
    outer loop
      vertex 6.0047 116.384 3.7
      vertex 6.24623 116.302 8.3
      vertex 6.0047 116.384 8.3
    endloop
  endfacet
  facet normal -0.32148 -0.946916 -0
    outer loop
      vertex 6.24623 116.302 8.3
      vertex 6.0047 116.384 3.7
      vertex 6.24623 116.302 3.7
    endloop
  endfacet
  facet normal 0.442866 -0.896588 0
    outer loop
      vertex 4.525 116.189 3.7
      vertex 4.75377 116.302 8.3
      vertex 4.525 116.189 8.3
    endloop
  endfacet
  facet normal 0.442866 -0.896588 0
    outer loop
      vertex 4.75377 116.302 8.3
      vertex 4.525 116.189 3.7
      vertex 4.75377 116.302 3.7
    endloop
  endfacet
  facet normal 0.946713 -0.322079 0
    outer loop
      vertex 3.61644 115.005 8.3
      vertex 3.69843 115.246 3.7
      vertex 3.69843 115.246 8.3
    endloop
  endfacet
  facet normal 0.946713 -0.322079 0
    outer loop
      vertex 3.69843 115.246 3.7
      vertex 3.61644 115.005 8.3
      vertex 3.61644 115.005 3.7
    endloop
  endfacet
  facet normal -0.997867 0.0652723 0
    outer loop
      vertex 7.43332 114.245 3.7
      vertex 7.45 114.5 8.3
      vertex 7.45 114.5 3.7
    endloop
  endfacet
  facet normal -0.997867 0.0652723 0
    outer loop
      vertex 7.45 114.5 8.3
      vertex 7.43332 114.245 3.7
      vertex 7.43332 114.245 8.3
    endloop
  endfacet
  facet normal -0.980754 -0.195248 0
    outer loop
      vertex 7.43332 114.755 3.7
      vertex 7.38355 115.005 8.3
      vertex 7.38355 115.005 3.7
    endloop
  endfacet
  facet normal -0.980754 -0.195248 0
    outer loop
      vertex 7.38355 115.005 8.3
      vertex 7.43332 114.755 3.7
      vertex 7.43332 114.755 8.3
    endloop
  endfacet
  facet normal -0.658932 -0.752202 0
    outer loop
      vertex 6.68708 116.047 3.7
      vertex 6.87886 115.879 8.3
      vertex 6.68708 116.047 8.3
    endloop
  endfacet
  facet normal -0.658932 -0.752202 -0
    outer loop
      vertex 6.87886 115.879 8.3
      vertex 6.68708 116.047 3.7
      vertex 6.87886 115.879 3.7
    endloop
  endfacet
  facet normal -0.556363 -0.83094 0
    outer loop
      vertex 6.475 116.189 3.7
      vertex 6.68708 116.047 8.3
      vertex 6.475 116.189 8.3
    endloop
  endfacet
  facet normal -0.556363 -0.83094 -0
    outer loop
      vertex 6.68708 116.047 8.3
      vertex 6.475 116.189 3.7
      vertex 6.68708 116.047 3.7
    endloop
  endfacet
  facet normal 0 0 1
    outer loop
      vertex 7.43332 114.755 3.7
      vertex 7.43332 114.245 3.7
      vertex 7.45 114.5 3.7
    endloop
  endfacet
  facet normal 0 0 1
    outer loop
      vertex 7.38355 115.005 3.7
      vertex 7.43332 114.245 3.7
      vertex 7.43332 114.755 3.7
    endloop
  endfacet
  facet normal 0 0 1
    outer loop
      vertex 7.38355 115.005 3.7
      vertex 7.38355 113.995 3.7
      vertex 7.43332 114.245 3.7
    endloop
  endfacet
  facet normal 0 0 1
    outer loop
      vertex 7.30156 115.246 3.7
      vertex 7.38355 113.995 3.7
      vertex 7.38355 115.005 3.7
    endloop
  endfacet
  facet normal 0 0 1
    outer loop
      vertex 7.30156 115.246 3.7
      vertex 7.30156 113.754 3.7
      vertex 7.38355 113.995 3.7
    endloop
  endfacet
  facet normal 0 0 1
    outer loop
      vertex 7.18875 115.475 3.7
      vertex 7.30156 113.754 3.7
      vertex 7.30156 115.246 3.7
    endloop
  endfacet
  facet normal 0 0 1
    outer loop
      vertex 7.18875 115.475 3.7
      vertex 7.18875 113.525 3.7
      vertex 7.30156 113.754 3.7
    endloop
  endfacet
  facet normal 0 0 1
    outer loop
      vertex 7.04704 115.687 3.7
      vertex 7.18875 113.525 3.7
      vertex 7.18875 115.475 3.7
    endloop
  endfacet
  facet normal 0 0 1
    outer loop
      vertex 7.04704 115.687 3.7
      vertex 7.04704 113.313 3.7
      vertex 7.18875 113.525 3.7
    endloop
  endfacet
  facet normal 0 0 1
    outer loop
      vertex 6.87886 115.879 3.7
      vertex 7.04704 113.313 3.7
      vertex 7.04704 115.687 3.7
    endloop
  endfacet
  facet normal 0 0 1
    outer loop
      vertex 6.87886 115.879 3.7
      vertex 6.87886 113.121 3.7
      vertex 7.04704 113.313 3.7
    endloop
  endfacet
  facet normal 0 0 1
    outer loop
      vertex 6.68708 116.047 3.7
      vertex 6.87886 113.121 3.7
      vertex 6.87886 115.879 3.7
    endloop
  endfacet
  facet normal 0 0 1
    outer loop
      vertex 6.68708 116.047 3.7
      vertex 6.68708 112.953 3.7
      vertex 6.87886 113.121 3.7
    endloop
  endfacet
  facet normal 0 0 1
    outer loop
      vertex 6.475 116.189 3.7
      vertex 6.68708 112.953 3.7
      vertex 6.68708 116.047 3.7
    endloop
  endfacet
  facet normal 0 0 1
    outer loop
      vertex 6.475 116.189 3.7
      vertex 6.475 112.811 3.7
      vertex 6.68708 112.953 3.7
    endloop
  endfacet
  facet normal 0 0 1
    outer loop
      vertex 6.24623 116.302 3.7
      vertex 6.475 112.811 3.7
      vertex 6.475 116.189 3.7
    endloop
  endfacet
  facet normal 0 0 1
    outer loop
      vertex 6.24623 116.302 3.7
      vertex 6.24623 112.698 3.7
      vertex 6.475 112.811 3.7
    endloop
  endfacet
  facet normal 0 0 1
    outer loop
      vertex 6.0047 116.384 3.7
      vertex 6.24623 112.698 3.7
      vertex 6.24623 116.302 3.7
    endloop
  endfacet
  facet normal 0 0 1
    outer loop
      vertex 6.0047 116.384 3.7
      vertex 6.0047 112.616 3.7
      vertex 6.24623 112.698 3.7
    endloop
  endfacet
  facet normal 0 0 1
    outer loop
      vertex 5.75453 116.433 3.7
      vertex 6.0047 112.616 3.7
      vertex 6.0047 116.384 3.7
    endloop
  endfacet
  facet normal 0 0 1
    outer loop
      vertex 5.75453 116.433 3.7
      vertex 5.75453 112.567 3.7
      vertex 6.0047 112.616 3.7
    endloop
  endfacet
  facet normal 0 0 1
    outer loop
      vertex 5.5 116.45 3.7
      vertex 5.75453 112.567 3.7
      vertex 5.75453 116.433 3.7
    endloop
  endfacet
  facet normal 0 0 1
    outer loop
      vertex 5.5 116.45 3.7
      vertex 5.5 112.55 3.7
      vertex 5.75453 112.567 3.7
    endloop
  endfacet
  facet normal -0 0 1
    outer loop
      vertex 5.24547 116.433 3.7
      vertex 5.5 112.55 3.7
      vertex 5.5 116.45 3.7
    endloop
  endfacet
  facet normal 0 0 1
    outer loop
      vertex 5.24547 116.433 3.7
      vertex 5.24547 112.567 3.7
      vertex 5.5 112.55 3.7
    endloop
  endfacet
  facet normal -0 0 1
    outer loop
      vertex 4.9953 116.384 3.7
      vertex 5.24547 112.567 3.7
      vertex 5.24547 116.433 3.7
    endloop
  endfacet
  facet normal 0 0 1
    outer loop
      vertex 4.9953 116.384 3.7
      vertex 4.9953 112.616 3.7
      vertex 5.24547 112.567 3.7
    endloop
  endfacet
  facet normal -0 0 1
    outer loop
      vertex 4.75377 116.302 3.7
      vertex 4.9953 112.616 3.7
      vertex 4.9953 116.384 3.7
    endloop
  endfacet
  facet normal 0 0 1
    outer loop
      vertex 4.75377 116.302 3.7
      vertex 4.75377 112.698 3.7
      vertex 4.9953 112.616 3.7
    endloop
  endfacet
  facet normal -0 0 1
    outer loop
      vertex 4.525 116.189 3.7
      vertex 4.75377 112.698 3.7
      vertex 4.75377 116.302 3.7
    endloop
  endfacet
  facet normal 0 0 1
    outer loop
      vertex 4.525 116.189 3.7
      vertex 4.525 112.811 3.7
      vertex 4.75377 112.698 3.7
    endloop
  endfacet
  facet normal -0 0 1
    outer loop
      vertex 4.31291 116.047 3.7
      vertex 4.525 112.811 3.7
      vertex 4.525 116.189 3.7
    endloop
  endfacet
  facet normal 0 0 1
    outer loop
      vertex 4.31291 116.047 3.7
      vertex 4.31291 112.953 3.7
      vertex 4.525 112.811 3.7
    endloop
  endfacet
  facet normal -0 0 1
    outer loop
      vertex 4.12114 115.879 3.7
      vertex 4.31291 112.953 3.7
      vertex 4.31291 116.047 3.7
    endloop
  endfacet
  facet normal 0 0 1
    outer loop
      vertex 4.12114 115.879 3.7
      vertex 4.12114 113.121 3.7
      vertex 4.31291 112.953 3.7
    endloop
  endfacet
  facet normal -0 0 1
    outer loop
      vertex 3.95296 115.687 3.7
      vertex 4.12114 113.121 3.7
      vertex 4.12114 115.879 3.7
    endloop
  endfacet
  facet normal 0 0 1
    outer loop
      vertex 3.95296 115.687 3.7
      vertex 3.95296 113.313 3.7
      vertex 4.12114 113.121 3.7
    endloop
  endfacet
  facet normal -0 0 1
    outer loop
      vertex 3.81125 115.475 3.7
      vertex 3.95296 113.313 3.7
      vertex 3.95296 115.687 3.7
    endloop
  endfacet
  facet normal 0 0 1
    outer loop
      vertex 3.81125 115.475 3.7
      vertex 3.81125 113.525 3.7
      vertex 3.95296 113.313 3.7
    endloop
  endfacet
  facet normal -0 0 1
    outer loop
      vertex 3.69843 115.246 3.7
      vertex 3.81125 113.525 3.7
      vertex 3.81125 115.475 3.7
    endloop
  endfacet
  facet normal 0 0 1
    outer loop
      vertex 3.69843 115.246 3.7
      vertex 3.69843 113.754 3.7
      vertex 3.81125 113.525 3.7
    endloop
  endfacet
  facet normal -0 0 1
    outer loop
      vertex 3.61644 115.005 3.7
      vertex 3.69843 113.754 3.7
      vertex 3.69843 115.246 3.7
    endloop
  endfacet
  facet normal 0 0 1
    outer loop
      vertex 3.61644 115.005 3.7
      vertex 3.61644 113.995 3.7
      vertex 3.69843 113.754 3.7
    endloop
  endfacet
  facet normal -0 0 1
    outer loop
      vertex 3.56668 114.755 3.7
      vertex 3.61644 113.995 3.7
      vertex 3.61644 115.005 3.7
    endloop
  endfacet
  facet normal 0 0 1
    outer loop
      vertex 3.56668 114.755 3.7
      vertex 3.56668 114.245 3.7
      vertex 3.61644 113.995 3.7
    endloop
  endfacet
  facet normal 0 -0 1
    outer loop
      vertex 3.56668 114.245 3.7
      vertex 3.56668 114.755 3.7
      vertex 3.55 114.5 3.7
    endloop
  endfacet
  facet normal 0.831368 -0.555722 0
    outer loop
      vertex 3.81125 115.475 8.3
      vertex 3.95296 115.687 3.7
      vertex 3.95296 115.687 8.3
    endloop
  endfacet
  facet normal 0.831368 -0.555722 0
    outer loop
      vertex 3.95296 115.687 3.7
      vertex 3.81125 115.475 8.3
      vertex 3.81125 115.475 3.7
    endloop
  endfacet
  facet normal 0.192214 -0.981353 0
    outer loop
      vertex 4.9953 116.384 3.7
      vertex 5.24547 116.433 8.3
      vertex 4.9953 116.384 8.3
    endloop
  endfacet
  facet normal 0.192214 -0.981353 0
    outer loop
      vertex 5.24547 116.433 8.3
      vertex 4.9953 116.384 3.7
      vertex 5.24547 116.433 3.7
    endloop
  endfacet
  facet normal 0.752227 -0.658904 0
    outer loop
      vertex 3.95296 115.687 8.3
      vertex 4.12114 115.879 3.7
      vertex 4.12114 115.879 8.3
    endloop
  endfacet
  facet normal 0.752227 -0.658904 0
    outer loop
      vertex 4.12114 115.879 3.7
      vertex 3.95296 115.687 8.3
      vertex 3.95296 115.687 3.7
    endloop
  endfacet
  facet normal -0.752227 -0.658904 0
    outer loop
      vertex 7.04704 115.687 3.7
      vertex 6.87886 115.879 8.3
      vertex 6.87886 115.879 3.7
    endloop
  endfacet
  facet normal -0.752227 -0.658904 0
    outer loop
      vertex 6.87886 115.879 8.3
      vertex 7.04704 115.687 3.7
      vertex 7.04704 115.687 8.3
    endloop
  endfacet
  facet normal 0.0666413 -0.997777 0
    outer loop
      vertex 5.24547 116.433 3.7
      vertex 5.5 116.45 8.3
      vertex 5.24547 116.433 8.3
    endloop
  endfacet
  facet normal 0.0666413 -0.997777 0
    outer loop
      vertex 5.5 116.45 8.3
      vertex 5.24547 116.433 3.7
      vertex 5.5 116.45 3.7
    endloop
  endfacet
  facet normal -0.192214 -0.981353 0
    outer loop
      vertex 5.75453 116.433 3.7
      vertex 6.0047 116.384 8.3
      vertex 5.75453 116.433 8.3
    endloop
  endfacet
  facet normal -0.192214 -0.981353 -0
    outer loop
      vertex 6.0047 116.384 8.3
      vertex 5.75453 116.433 3.7
      vertex 6.0047 116.384 3.7
    endloop
  endfacet
  facet normal -0.442866 -0.896588 0
    outer loop
      vertex 6.24623 116.302 3.7
      vertex 6.475 116.189 8.3
      vertex 6.24623 116.302 8.3
    endloop
  endfacet
  facet normal -0.442866 -0.896588 -0
    outer loop
      vertex 6.475 116.189 8.3
      vertex 6.24623 116.302 3.7
      vertex 6.475 116.189 3.7
    endloop
  endfacet
  facet normal 0.997867 0.0652723 0
    outer loop
      vertex 3.56668 114.245 8.3
      vertex 3.55 114.5 3.7
      vertex 3.55 114.5 8.3
    endloop
  endfacet
  facet normal 0.997867 0.0652723 0
    outer loop
      vertex 3.55 114.5 3.7
      vertex 3.56668 114.245 8.3
      vertex 3.56668 114.245 3.7
    endloop
  endfacet
  facet normal 0.980761 -0.195211 0
    outer loop
      vertex 3.56668 114.755 8.3
      vertex 3.61644 115.005 3.7
      vertex 3.61644 115.005 8.3
    endloop
  endfacet
  facet normal 0.980761 -0.195211 0
    outer loop
      vertex 3.61644 115.005 3.7
      vertex 3.56668 114.755 8.3
      vertex 3.56668 114.755 3.7
    endloop
  endfacet
  facet normal 0.897044 -0.441941 0
    outer loop
      vertex 3.69843 115.246 8.3
      vertex 3.81125 115.475 3.7
      vertex 3.81125 115.475 8.3
    endloop
  endfacet
  facet normal 0.897044 -0.441941 0
    outer loop
      vertex 3.81125 115.475 3.7
      vertex 3.69843 115.246 8.3
      vertex 3.69843 115.246 3.7
    endloop
  endfacet
  facet normal 0.32148 -0.946916 0
    outer loop
      vertex 4.75377 116.302 3.7
      vertex 4.9953 116.384 8.3
      vertex 4.75377 116.302 8.3
    endloop
  endfacet
  facet normal 0.32148 -0.946916 0
    outer loop
      vertex 4.9953 116.384 8.3
      vertex 4.75377 116.302 3.7
      vertex 4.9953 116.384 3.7
    endloop
  endfacet
  facet normal 0.658952 -0.752185 0
    outer loop
      vertex 4.12114 115.879 3.7
      vertex 4.31291 116.047 8.3
      vertex 4.12114 115.879 8.3
    endloop
  endfacet
  facet normal 0.658952 -0.752185 0
    outer loop
      vertex 4.31291 116.047 8.3
      vertex 4.12114 115.879 3.7
      vertex 4.31291 116.047 3.7
    endloop
  endfacet
  facet normal 0.556345 -0.830952 0
    outer loop
      vertex 4.31291 116.047 3.7
      vertex 4.525 116.189 8.3
      vertex 4.31291 116.047 8.3
    endloop
  endfacet
  facet normal 0.556345 -0.830952 0
    outer loop
      vertex 4.525 116.189 8.3
      vertex 4.31291 116.047 3.7
      vertex 4.525 116.189 3.7
    endloop
  endfacet
  facet normal -0.997867 -0.0652723 0
    outer loop
      vertex 7.45 114.5 3.7
      vertex 7.43332 114.755 8.3
      vertex 7.43332 114.755 3.7
    endloop
  endfacet
  facet normal -0.997867 -0.0652723 0
    outer loop
      vertex 7.43332 114.755 8.3
      vertex 7.45 114.5 3.7
      vertex 7.45 114.5 8.3
    endloop
  endfacet
  facet normal -0.980754 0.195248 0
    outer loop
      vertex 7.38355 113.995 3.7
      vertex 7.43332 114.245 8.3
      vertex 7.43332 114.245 3.7
    endloop
  endfacet
  facet normal -0.980754 0.195248 0
    outer loop
      vertex 7.43332 114.245 8.3
      vertex 7.38355 113.995 3.7
      vertex 7.38355 113.995 8.3
    endloop
  endfacet
  facet normal 0.980761 0.195211 0
    outer loop
      vertex 3.61644 113.995 8.3
      vertex 3.56668 114.245 3.7
      vertex 3.56668 114.245 8.3
    endloop
  endfacet
  facet normal 0.980761 0.195211 0
    outer loop
      vertex 3.56668 114.245 3.7
      vertex 3.61644 113.995 8.3
      vertex 3.61644 113.995 3.7
    endloop
  endfacet
  facet normal 0.831368 0.555722 0
    outer loop
      vertex 3.95296 113.313 8.3
      vertex 3.81125 113.525 3.7
      vertex 3.81125 113.525 8.3
    endloop
  endfacet
  facet normal 0.831368 0.555722 0
    outer loop
      vertex 3.81125 113.525 3.7
      vertex 3.95296 113.313 8.3
      vertex 3.95296 113.313 3.7
    endloop
  endfacet
  facet normal -0.192214 0.981353 0
    outer loop
      vertex 6.0047 112.616 3.7
      vertex 5.75453 112.567 8.3
      vertex 6.0047 112.616 8.3
    endloop
  endfacet
  facet normal -0.192214 0.981353 0
    outer loop
      vertex 5.75453 112.567 8.3
      vertex 6.0047 112.616 3.7
      vertex 5.75453 112.567 3.7
    endloop
  endfacet
  facet normal -0.442866 0.896588 0
    outer loop
      vertex 6.475 112.811 3.7
      vertex 6.24623 112.698 8.3
      vertex 6.475 112.811 8.3
    endloop
  endfacet
  facet normal -0.442866 0.896588 0
    outer loop
      vertex 6.24623 112.698 8.3
      vertex 6.475 112.811 3.7
      vertex 6.24623 112.698 3.7
    endloop
  endfacet
  facet normal -0.89706 -0.44191 0
    outer loop
      vertex 7.30156 115.246 3.7
      vertex 7.18875 115.475 8.3
      vertex 7.18875 115.475 3.7
    endloop
  endfacet
  facet normal -0.89706 -0.44191 0
    outer loop
      vertex 7.18875 115.475 8.3
      vertex 7.30156 115.246 3.7
      vertex 7.30156 115.246 8.3
    endloop
  endfacet
  facet normal -0.946713 -0.322079 0
    outer loop
      vertex 7.38355 115.005 3.7
      vertex 7.30156 115.246 8.3
      vertex 7.30156 115.246 3.7
    endloop
  endfacet
  facet normal -0.946713 -0.322079 0
    outer loop
      vertex 7.30156 115.246 8.3
      vertex 7.38355 115.005 3.7
      vertex 7.38355 115.005 8.3
    endloop
  endfacet
  facet normal -0.0666413 -0.997777 0
    outer loop
      vertex 5.5 116.45 3.7
      vertex 5.75453 116.433 8.3
      vertex 5.5 116.45 8.3
    endloop
  endfacet
  facet normal -0.0666413 -0.997777 -0
    outer loop
      vertex 5.75453 116.433 8.3
      vertex 5.5 116.45 3.7
      vertex 5.75453 116.433 3.7
    endloop
  endfacet
  facet normal 0 0 -1
    outer loop
      vertex 7.68118 114.213 9.2
      vertex 7.68118 114.787 9.2
      vertex 7.7 114.5 9.2
    endloop
  endfacet
  facet normal 0 0 -1
    outer loop
      vertex 7.62504 113.931 9.2
      vertex 7.68118 114.787 9.2
      vertex 7.68118 114.213 9.2
    endloop
  endfacet
  facet normal 0 0 -1
    outer loop
      vertex 7.62504 113.931 9.2
      vertex 7.62504 115.069 9.2
      vertex 7.68118 114.787 9.2
    endloop
  endfacet
  facet normal 0 0 -1
    outer loop
      vertex 7.53253 113.658 9.2
      vertex 7.62504 115.069 9.2
      vertex 7.62504 113.931 9.2
    endloop
  endfacet
  facet normal 0 0 -1
    outer loop
      vertex 7.53253 113.658 9.2
      vertex 7.53253 115.342 9.2
      vertex 7.62504 115.069 9.2
    endloop
  endfacet
  facet normal 0 0 -1
    outer loop
      vertex 7.40526 113.4 9.2
      vertex 7.53253 115.342 9.2
      vertex 7.53253 113.658 9.2
    endloop
  endfacet
  facet normal 0 0 -1
    outer loop
      vertex 7.40526 113.4 9.2
      vertex 7.40526 115.6 9.2
      vertex 7.53253 115.342 9.2
    endloop
  endfacet
  facet normal 0 0 -1
    outer loop
      vertex 7.24538 113.161 9.2
      vertex 7.40526 115.6 9.2
      vertex 7.40526 113.4 9.2
    endloop
  endfacet
  facet normal 0 0 -1
    outer loop
      vertex 7.24538 113.161 9.2
      vertex 7.24538 115.839 9.2
      vertex 7.40526 115.6 9.2
    endloop
  endfacet
  facet normal 0 0 -1
    outer loop
      vertex 7.05563 112.944 9.2
      vertex 7.24538 115.839 9.2
      vertex 7.24538 113.161 9.2
    endloop
  endfacet
  facet normal 0 0 -1
    outer loop
      vertex 7.05563 112.944 9.2
      vertex 7.05563 116.056 9.2
      vertex 7.24538 115.839 9.2
    endloop
  endfacet
  facet normal 0 0 -1
    outer loop
      vertex 6.83927 112.755 9.2
      vertex 7.05563 116.056 9.2
      vertex 7.05563 112.944 9.2
    endloop
  endfacet
  facet normal 0 0 -1
    outer loop
      vertex 6.83927 112.755 9.2
      vertex 6.83927 116.245 9.2
      vertex 7.05563 116.056 9.2
    endloop
  endfacet
  facet normal 0 0 -1
    outer loop
      vertex 6.6 112.595 9.2
      vertex 6.83927 116.245 9.2
      vertex 6.83927 112.755 9.2
    endloop
  endfacet
  facet normal 0 0 -1
    outer loop
      vertex 6.6 112.595 9.2
      vertex 6.6 116.405 9.2
      vertex 6.83927 116.245 9.2
    endloop
  endfacet
  facet normal 0 0 -1
    outer loop
      vertex 6.3419 112.467 9.2
      vertex 6.6 116.405 9.2
      vertex 6.6 112.595 9.2
    endloop
  endfacet
  facet normal 0 0 -1
    outer loop
      vertex 6.3419 112.467 9.2
      vertex 6.3419 116.533 9.2
      vertex 6.6 116.405 9.2
    endloop
  endfacet
  facet normal 0 0 -1
    outer loop
      vertex 6.0694 112.375 9.2
      vertex 6.3419 116.533 9.2
      vertex 6.3419 112.467 9.2
    endloop
  endfacet
  facet normal 0 0 -1
    outer loop
      vertex 6.0694 112.375 9.2
      vertex 6.0694 116.625 9.2
      vertex 6.3419 116.533 9.2
    endloop
  endfacet
  facet normal 0 0 -1
    outer loop
      vertex 5.4 112.307 9.2
      vertex 6.0694 112.375 9.2
      vertex 5.78716 112.319 9.2
    endloop
  endfacet
  facet normal -0 0 -1
    outer loop
      vertex 6.0694 112.375 9.2
      vertex 5.4 112.307 9.2
      vertex 6.0694 116.625 9.2
    endloop
  endfacet
  facet normal 0 0 -1
    outer loop
      vertex 5.4 112.307 9.2
      vertex 5.78716 112.319 9.2
      vertex 5.5 112.3 9.2
    endloop
  endfacet
  facet normal 0 0 -1
    outer loop
      vertex 5.4 116.693 9.2
      vertex 6.0694 116.625 9.2
      vertex 5.4 112.307 9.2
    endloop
  endfacet
  facet normal 0 0 -1
    outer loop
      vertex 6.0694 116.625 9.2
      vertex 5.4 116.693 9.2
      vertex 5.78716 116.681 9.2
    endloop
  endfacet
  facet normal 0 0 -1
    outer loop
      vertex 5.78716 116.681 9.2
      vertex 5.4 116.693 9.2
      vertex 5.5 116.7 9.2
    endloop
  endfacet
  facet normal 0.997867 -0.0652723 0
    outer loop
      vertex 3.55 114.5 8.3
      vertex 3.56668 114.755 3.7
      vertex 3.56668 114.755 8.3
    endloop
  endfacet
  facet normal 0.997867 -0.0652723 0
    outer loop
      vertex 3.56668 114.755 3.7
      vertex 3.55 114.5 8.3
      vertex 3.55 114.5 3.7
    endloop
  endfacet
  facet normal -0.752227 0.658904 0
    outer loop
      vertex 6.87886 113.121 3.7
      vertex 7.04704 113.313 8.3
      vertex 7.04704 113.313 3.7
    endloop
  endfacet
  facet normal -0.752227 0.658904 0
    outer loop
      vertex 7.04704 113.313 8.3
      vertex 6.87886 113.121 3.7
      vertex 6.87886 113.121 8.3
    endloop
  endfacet
  facet normal -0.831368 0.555722 0
    outer loop
      vertex 7.04704 113.313 3.7
      vertex 7.18875 113.525 8.3
      vertex 7.18875 113.525 3.7
    endloop
  endfacet
  facet normal -0.831368 0.555722 0
    outer loop
      vertex 7.18875 113.525 8.3
      vertex 7.04704 113.313 3.7
      vertex 7.04704 113.313 8.3
    endloop
  endfacet
  facet normal -0.89706 0.44191 0
    outer loop
      vertex 7.18875 113.525 3.7
      vertex 7.30156 113.754 8.3
      vertex 7.30156 113.754 3.7
    endloop
  endfacet
  facet normal -0.89706 0.44191 0
    outer loop
      vertex 7.30156 113.754 8.3
      vertex 7.18875 113.525 3.7
      vertex 7.18875 113.525 8.3
    endloop
  endfacet
  facet normal 0.192214 0.981353 -0
    outer loop
      vertex 5.24547 112.567 3.7
      vertex 4.9953 112.616 8.3
      vertex 5.24547 112.567 8.3
    endloop
  endfacet
  facet normal 0.192214 0.981353 0
    outer loop
      vertex 4.9953 112.616 8.3
      vertex 5.24547 112.567 3.7
      vertex 4.9953 112.616 3.7
    endloop
  endfacet
  facet normal 0.0666413 0.997777 -0
    outer loop
      vertex 5.5 112.55 3.7
      vertex 5.24547 112.567 8.3
      vertex 5.5 112.55 8.3
    endloop
  endfacet
  facet normal 0.0666413 0.997777 0
    outer loop
      vertex 5.24547 112.567 8.3
      vertex 5.5 112.55 3.7
      vertex 5.24547 112.567 3.7
    endloop
  endfacet
  facet normal 0.897044 0.441941 0
    outer loop
      vertex 3.81125 113.525 8.3
      vertex 3.69843 113.754 3.7
      vertex 3.69843 113.754 8.3
    endloop
  endfacet
  facet normal 0.897044 0.441941 0
    outer loop
      vertex 3.69843 113.754 3.7
      vertex 3.81125 113.525 8.3
      vertex 3.81125 113.525 3.7
    endloop
  endfacet
  facet normal 0.946713 0.322079 0
    outer loop
      vertex 3.69843 113.754 8.3
      vertex 3.61644 113.995 3.7
      vertex 3.61644 113.995 8.3
    endloop
  endfacet
  facet normal 0.946713 0.322079 0
    outer loop
      vertex 3.61644 113.995 3.7
      vertex 3.69843 113.754 8.3
      vertex 3.69843 113.754 3.7
    endloop
  endfacet
  facet normal -0.32148 0.946916 0
    outer loop
      vertex 6.24623 112.698 3.7
      vertex 6.0047 112.616 8.3
      vertex 6.24623 112.698 8.3
    endloop
  endfacet
  facet normal -0.32148 0.946916 0
    outer loop
      vertex 6.0047 112.616 8.3
      vertex 6.24623 112.698 3.7
      vertex 6.0047 112.616 3.7
    endloop
  endfacet
  facet normal -0.658932 0.752202 0
    outer loop
      vertex 6.87886 113.121 3.7
      vertex 6.68708 112.953 8.3
      vertex 6.87886 113.121 8.3
    endloop
  endfacet
  facet normal -0.658932 0.752202 0
    outer loop
      vertex 6.68708 112.953 8.3
      vertex 6.87886 113.121 3.7
      vertex 6.68708 112.953 3.7
    endloop
  endfacet
  facet normal -0.556363 0.83094 0
    outer loop
      vertex 6.68708 112.953 3.7
      vertex 6.475 112.811 8.3
      vertex 6.68708 112.953 8.3
    endloop
  endfacet
  facet normal -0.556363 0.83094 0
    outer loop
      vertex 6.475 112.811 8.3
      vertex 6.68708 112.953 3.7
      vertex 6.475 112.811 3.7
    endloop
  endfacet
  facet normal -0.946713 0.322079 0
    outer loop
      vertex 7.30156 113.754 3.7
      vertex 7.38355 113.995 8.3
      vertex 7.38355 113.995 3.7
    endloop
  endfacet
  facet normal -0.946713 0.322079 0
    outer loop
      vertex 7.38355 113.995 8.3
      vertex 7.30156 113.754 3.7
      vertex 7.30156 113.754 8.3
    endloop
  endfacet
  facet normal 0.556345 0.830952 -0
    outer loop
      vertex 4.525 112.811 3.7
      vertex 4.31291 112.953 8.3
      vertex 4.525 112.811 8.3
    endloop
  endfacet
  facet normal 0.556345 0.830952 0
    outer loop
      vertex 4.31291 112.953 8.3
      vertex 4.525 112.811 3.7
      vertex 4.31291 112.953 3.7
    endloop
  endfacet
  facet normal -0.0666413 0.997777 0
    outer loop
      vertex 5.75453 112.567 3.7
      vertex 5.5 112.55 8.3
      vertex 5.75453 112.567 8.3
    endloop
  endfacet
  facet normal -0.0666413 0.997777 0
    outer loop
      vertex 5.5 112.55 8.3
      vertex 5.75453 112.567 3.7
      vertex 5.5 112.55 3.7
    endloop
  endfacet
  facet normal 0.752227 0.658904 0
    outer loop
      vertex 4.12114 113.121 8.3
      vertex 3.95296 113.313 3.7
      vertex 3.95296 113.313 8.3
    endloop
  endfacet
  facet normal 0.752227 0.658904 0
    outer loop
      vertex 3.95296 113.313 3.7
      vertex 4.12114 113.121 8.3
      vertex 4.12114 113.121 3.7
    endloop
  endfacet
  facet normal 0.658952 0.752185 -0
    outer loop
      vertex 4.31291 112.953 3.7
      vertex 4.12114 113.121 8.3
      vertex 4.31291 112.953 8.3
    endloop
  endfacet
  facet normal 0.658952 0.752185 0
    outer loop
      vertex 4.12114 113.121 8.3
      vertex 4.31291 112.953 3.7
      vertex 4.12114 113.121 3.7
    endloop
  endfacet
  facet normal 0.442866 0.896588 -0
    outer loop
      vertex 4.75377 112.698 3.7
      vertex 4.525 112.811 8.3
      vertex 4.75377 112.698 8.3
    endloop
  endfacet
  facet normal 0.442866 0.896588 0
    outer loop
      vertex 4.525 112.811 8.3
      vertex 4.75377 112.698 3.7
      vertex 4.525 112.811 3.7
    endloop
  endfacet
  facet normal 0.32148 0.946916 -0
    outer loop
      vertex 4.9953 112.616 3.7
      vertex 4.75377 112.698 8.3
      vertex 4.9953 112.616 8.3
    endloop
  endfacet
  facet normal 0.32148 0.946916 0
    outer loop
      vertex 4.75377 112.698 8.3
      vertex 4.9953 112.616 3.7
      vertex 4.75377 112.698 3.7
    endloop
  endfacet
  facet normal -0.96161 -0.0629006 0.267114
    outer loop
      vertex 7.45 114.5 8.3
      vertex 7.7 114.5 9.2
      vertex 7.43332 114.755 8.3
    endloop
  endfacet
  facet normal 0.641461 -0.71928 0.266766
    outer loop
      vertex 4.12114 115.879 8.3
      vertex 4.02626 116.054 9
      vertex 3.98365 116.016 9
    endloop
  endfacet
  facet normal 0.63498 -0.724822 0.267272
    outer loop
      vertex 4.02626 116.054 9
      vertex 4.12114 115.879 8.3
      vertex 4.31291 116.047 8.3
    endloop
  endfacet
  facet normal -0.864428 -0.425834 0.267263
    outer loop
      vertex 7.30156 115.246 8.3
      vertex 7.53253 115.342 9.2
      vertex 7.18875 115.475 8.3
    endloop
  endfacet
  facet normal -0.634962 0.72484 0.267265
    outer loop
      vertex 7.05563 112.944 9.2
      vertex 6.87886 113.121 8.3
      vertex 6.68708 112.953 8.3
    endloop
  endfacet
  facet normal 0.912593 0.309679 0.266969
    outer loop
      vertex 3.50057 113.733 9
      vertex 3.61644 113.995 8.3
      vertex 3.42863 113.945 9
    endloop
  endfacet
  facet normal -0.945153 -0.188161 0.266986
    outer loop
      vertex 7.43332 114.755 8.3
      vertex 7.62504 115.069 9.2
      vertex 7.38355 115.005 8.3
    endloop
  endfacet
  facet normal -0.426773 0.864007 0.267128
    outer loop
      vertex 6.3419 112.467 9.2
      vertex 6.475 112.811 8.3
      vertex 6.24623 112.698 8.3
    endloop
  endfacet
  facet normal 0.309893 0.912785 0.266065
    outer loop
      vertex 4.75377 112.698 8.3
      vertex 4.73303 112.501 9
      vertex 4.9953 112.616 8.3
    endloop
  endfacet
  facet normal 0.306497 0.913871 0.26627
    outer loop
      vertex 4.73303 112.501 9
      vertex 4.75377 112.698 8.3
      vertex 4.67936 112.519 9
    endloop
  endfacet
  facet normal 0.861391 0.431901 0.267333
    outer loop
      vertex 3.54386 113.629 9
      vertex 3.69843 113.754 8.3
      vertex 3.51879 113.679 9
    endloop
  endfacet
  facet normal 0.864492 0.425904 0.266946
    outer loop
      vertex 3.69843 113.754 8.3
      vertex 3.54386 113.629 9
      vertex 3.81125 113.525 8.3
    endloop
  endfacet
  facet normal 0.426851 -0.864165 0.266492
    outer loop
      vertex 4.75377 116.302 8.3
      vertex 4.62852 116.456 9
      vertex 4.525 116.189 8.3
    endloop
  endfacet
  facet normal 0.425328 -0.864946 0.266391
    outer loop
      vertex 4.62852 116.456 9
      vertex 4.75377 116.302 8.3
      vertex 4.67936 116.481 9
    endloop
  endfacet
  facet normal -0.724868 -0.634939 0.267243
    outer loop
      vertex 7.04704 115.687 8.3
      vertex 7.05563 116.056 9.2
      vertex 6.87886 115.879 8.3
    endloop
  endfacet
  facet normal -0.864233 0.426321 0.267117
    outer loop
      vertex 7.40526 113.4 9.2
      vertex 7.53253 113.658 9.2
      vertex 7.18875 113.525 8.3
    endloop
  endfacet
  facet normal -0.800973 0.535814 0.267106
    outer loop
      vertex 7.24538 113.161 9.2
      vertex 7.40526 113.4 9.2
      vertex 7.18875 113.525 8.3
    endloop
  endfacet
  facet normal -0.912284 0.310366 0.267228
    outer loop
      vertex 7.53253 113.658 9.2
      vertex 7.38355 113.995 8.3
      vertex 7.30156 113.754 8.3
    endloop
  endfacet
  facet normal -0.536188 0.800809 0.266847
    outer loop
      vertex 6.83927 112.755 9.2
      vertex 6.68708 112.953 8.3
      vertex 6.475 112.811 8.3
    endloop
  endfacet
  facet normal -0.308292 0.913146 0.266683
    outer loop
      vertex 6.0694 112.375 9.2
      vertex 6.3419 112.467 9.2
      vertex 6.0047 112.616 8.3
    endloop
  endfacet
  facet normal -0.0642203 0.961529 0.267091
    outer loop
      vertex 5.75453 112.567 8.3
      vertex 5.5 112.55 8.3
      vertex 5.5 112.3 9.2
    endloop
  endfacet
  facet normal 0.961627 0.0625901 0.267126
    outer loop
      vertex 3.35926 114.443 9
      vertex 3.55 114.5 8.3
      vertex 3.35555 114.5 9
    endloop
  endfacet
  facet normal 0.961601 0.0629 0.267145
    outer loop
      vertex 3.55 114.5 8.3
      vertex 3.35926 114.443 9
      vertex 3.56668 114.245 8.3
    endloop
  endfacet
  facet normal 0.724866 0.634937 0.267252
    outer loop
      vertex 3.94627 113.026 9
      vertex 4.12114 113.121 8.3
      vertex 3.95296 113.313 8.3
    endloop
  endfacet
  facet normal 0.719919 0.640728 0.266802
    outer loop
      vertex 4.12114 113.121 8.3
      vertex 3.94627 113.026 9
      vertex 3.98365 112.984 9
    endloop
  endfacet
  facet normal 0.425328 0.864946 0.266391
    outer loop
      vertex 4.75377 112.698 8.3
      vertex 4.62852 112.544 9
      vertex 4.67936 112.519 9
    endloop
  endfacet
  facet normal 0.426851 0.864165 0.266492
    outer loop
      vertex 4.62852 112.544 9
      vertex 4.75377 112.698 8.3
      vertex 4.525 112.811 8.3
    endloop
  endfacet
  facet normal 0.18528 0.945951 0.266174
    outer loop
      vertex 4.9953 112.616 8.3
      vertex 5.00057 112.418 9
      vertex 5.24547 112.567 8.3
    endloop
  endfacet
  facet normal 0.187117 0.945619 0.266066
    outer loop
      vertex 5.00057 112.418 9
      vertex 4.9953 112.616 8.3
      vertex 4.94498 112.429 9
    endloop
  endfacet
  facet normal 0.426295 0.864388 0.266659
    outer loop
      vertex 4.62852 112.544 9
      vertex 4.525 112.811 8.3
      vertex 4.42778 112.643 9
    endloop
  endfacet
  facet normal 0.864528 -0.425812 0.266974
    outer loop
      vertex 3.81125 115.475 8.3
      vertex 3.64286 115.572 9
      vertex 3.54386 115.371 9
    endloop
  endfacet
  facet normal 0.80116 -0.535614 0.266946
    outer loop
      vertex 3.81125 115.475 8.3
      vertex 3.76721 115.758 9
      vertex 3.64286 115.572 9
    endloop
  endfacet
  facet normal 0.913037 -0.308065 0.267318
    outer loop
      vertex 3.50057 115.267 9
      vertex 3.69843 115.246 8.3
      vertex 3.51879 115.321 9
    endloop
  endfacet
  facet normal 0.912297 -0.31037 0.267178
    outer loop
      vertex 3.69843 115.246 8.3
      vertex 3.50057 115.267 9
      vertex 3.61644 115.005 8.3
    endloop
  endfacet
  facet normal 0.541344 -0.797299 0.266947
    outer loop
      vertex 4.31291 116.047 8.3
      vertex 4.24167 116.233 9
      vertex 4.19454 116.201 9
    endloop
  endfacet
  facet normal 0.536098 -0.800712 0.26732
    outer loop
      vertex 4.24167 116.233 9
      vertex 4.31291 116.047 8.3
      vertex 4.525 116.189 8.3
    endloop
  endfacet
  facet normal 0.310052 -0.912716 0.266114
    outer loop
      vertex 4.9953 116.384 8.3
      vertex 4.94498 116.571 9
      vertex 4.73303 116.499 9
    endloop
  endfacet
  facet normal 0.0642203 -0.961529 0.267091
    outer loop
      vertex 5.5 116.45 8.3
      vertex 5.5 116.7 9.2
      vertex 5.24547 116.433 8.3
    endloop
  endfacet
  facet normal -0.428203 -0.863432 0.266696
    outer loop
      vertex 6.475 116.189 8.3
      vertex 6.6 116.405 9.2
      vertex 6.3419 116.533 9.2
    endloop
  endfacet
  facet normal -0.535738 -0.801163 0.266687
    outer loop
      vertex 6.83927 116.245 9.2
      vertex 6.6 116.405 9.2
      vertex 6.475 116.189 8.3
    endloop
  endfacet
  facet normal -0.801184 -0.535546 0.267011
    outer loop
      vertex 7.18875 115.475 8.3
      vertex 7.24538 115.839 9.2
      vertex 7.04704 115.687 8.3
    endloop
  endfacet
  facet normal -0.0636193 -0.961522 0.267259
    outer loop
      vertex 5.75453 116.433 8.3
      vertex 5.78716 116.681 9.2
      vertex 5.5 116.7 9.2
    endloop
  endfacet
  facet normal -0.961612 -0.0630576 0.26707
    outer loop
      vertex 7.7 114.5 9.2
      vertex 7.68118 114.787 9.2
      vertex 7.43332 114.755 8.3
    endloop
  endfacet
  facet normal -0.945153 -0.188159 0.266985
    outer loop
      vertex 7.68118 114.787 9.2
      vertex 7.62504 115.069 9.2
      vertex 7.43332 114.755 8.3
    endloop
  endfacet
  facet normal -0.96161 0.0629006 0.267114
    outer loop
      vertex 7.7 114.5 9.2
      vertex 7.45 114.5 8.3
      vertex 7.43332 114.245 8.3
    endloop
  endfacet
  facet normal -0.801184 0.535546 0.267011
    outer loop
      vertex 7.24538 113.161 9.2
      vertex 7.18875 113.525 8.3
      vertex 7.04704 113.313 8.3
    endloop
  endfacet
  facet normal -0.961612 0.0630576 0.26707
    outer loop
      vertex 7.68118 114.213 9.2
      vertex 7.7 114.5 9.2
      vertex 7.43332 114.245 8.3
    endloop
  endfacet
  facet normal -0.945153 0.188159 0.266985
    outer loop
      vertex 7.62504 113.931 9.2
      vertex 7.68118 114.213 9.2
      vertex 7.43332 114.245 8.3
    endloop
  endfacet
  facet normal -0.63402 0.725802 0.266889
    outer loop
      vertex 6.83927 112.755 9.2
      vertex 7.05563 112.944 9.2
      vertex 6.68708 112.953 8.3
    endloop
  endfacet
  facet normal -0.18754 0.9452 0.267255
    outer loop
      vertex 5.78716 112.319 9.2
      vertex 6.0694 112.375 9.2
      vertex 5.75453 112.567 8.3
    endloop
  endfacet
  facet normal -0.0636193 0.961522 0.267259
    outer loop
      vertex 5.78716 112.319 9.2
      vertex 5.75453 112.567 8.3
      vertex 5.5 112.3 9.2
    endloop
  endfacet
  facet normal -0.309797 0.912503 0.267141
    outer loop
      vertex 6.3419 112.467 9.2
      vertex 6.24623 112.698 8.3
      vertex 6.0047 112.616 8.3
    endloop
  endfacet
  facet normal 0.945088 0.188457 0.267008
    outer loop
      vertex 3.41757 114.001 9
      vertex 3.56668 114.245 8.3
      vertex 3.3739 114.22 9
    endloop
  endfacet
  facet normal 0.961604 0.0631295 0.26708
    outer loop
      vertex 3.3739 114.22 9
      vertex 3.56668 114.245 8.3
      vertex 3.35926 114.443 9
    endloop
  endfacet
  facet normal 0.912297 0.31037 0.267178
    outer loop
      vertex 3.50057 113.733 9
      vertex 3.69843 113.754 8.3
      vertex 3.61644 113.995 8.3
    endloop
  endfacet
  facet normal 0.913037 0.308065 0.267318
    outer loop
      vertex 3.69843 113.754 8.3
      vertex 3.50057 113.733 9
      vertex 3.51879 113.679 9
    endloop
  endfacet
  facet normal 0.864528 0.425812 0.266974
    outer loop
      vertex 3.64286 113.428 9
      vertex 3.81125 113.525 8.3
      vertex 3.54386 113.629 9
    endloop
  endfacet
  facet normal 0.310052 0.912716 0.266114
    outer loop
      vertex 4.94498 112.429 9
      vertex 4.9953 112.616 8.3
      vertex 4.73303 112.501 9
    endloop
  endfacet
  facet normal 0.0642203 0.961529 0.267091
    outer loop
      vertex 5.5 112.3 9.2
      vertex 5.5 112.55 8.3
      vertex 5.24547 112.567 8.3
    endloop
  endfacet
  facet normal 0.534388 0.802056 0.266712
    outer loop
      vertex 4.42778 112.643 9
      vertex 4.525 112.811 8.3
      vertex 4.24167 112.767 9
    endloop
  endfacet
  facet normal 0.961627 -0.0625901 0.267126
    outer loop
      vertex 3.55 114.5 8.3
      vertex 3.35926 114.557 9
      vertex 3.35555 114.5 9
    endloop
  endfacet
  facet normal 0.961601 -0.0629 0.267145
    outer loop
      vertex 3.35926 114.557 9
      vertex 3.55 114.5 8.3
      vertex 3.56668 114.755 8.3
    endloop
  endfacet
  facet normal 0.800641 -0.53643 0.266865
    outer loop
      vertex 3.76721 115.758 9
      vertex 3.95296 115.687 8.3
      vertex 3.7987 115.805 9
    endloop
  endfacet
  facet normal 0.801203 -0.535559 0.266926
    outer loop
      vertex 3.95296 115.687 8.3
      vertex 3.76721 115.758 9
      vertex 3.81125 115.475 8.3
    endloop
  endfacet
  facet normal 0.961604 -0.0631295 0.26708
    outer loop
      vertex 3.56668 114.755 8.3
      vertex 3.3739 114.78 9
      vertex 3.35926 114.557 9
    endloop
  endfacet
  facet normal 0.945088 -0.188457 0.267008
    outer loop
      vertex 3.56668 114.755 8.3
      vertex 3.41757 114.999 9
      vertex 3.3739 114.78 9
    endloop
  endfacet
  facet normal 0.63402 -0.725802 0.266889
    outer loop
      vertex 4.31291 116.047 8.3
      vertex 4.19454 116.201 9
      vertex 4.02626 116.054 9
    endloop
  endfacet
  facet normal 0.189374 -0.944804 0.267362
    outer loop
      vertex 5.24547 116.433 8.3
      vertex 5.22009 116.626 9
      vertex 5.00057 116.582 9
    endloop
  endfacet
  facet normal 0.0641285 -0.961447 0.26741
    outer loop
      vertex 5.22009 116.626 9
      vertex 5.24547 116.433 8.3
      vertex 5.4 116.638 9
    endloop
  endfacet
  facet normal 0.0673412 -0.962017 0.264555
    outer loop
      vertex 5.4 116.638 9
      vertex 5.5 116.7 9.2
      vertex 5.4 116.693 9.2
    endloop
  endfacet
  facet normal 0.0590244 -0.961458 0.26854
    outer loop
      vertex 5.5 116.7 9.2
      vertex 5.4 116.638 9
      vertex 5.24547 116.433 8.3
    endloop
  endfacet
  facet normal 0.306497 -0.913871 0.26627
    outer loop
      vertex 4.75377 116.302 8.3
      vertex 4.73303 116.499 9
      vertex 4.67936 116.481 9
    endloop
  endfacet
  facet normal 0.309893 -0.912785 0.266065
    outer loop
      vertex 4.73303 116.499 9
      vertex 4.75377 116.302 8.3
      vertex 4.9953 116.384 8.3
    endloop
  endfacet
  facet normal -0.18754 -0.9452 0.267255
    outer loop
      vertex 6.0694 116.625 9.2
      vertex 5.78716 116.681 9.2
      vertex 5.75453 116.433 8.3
    endloop
  endfacet
  facet normal -0.309797 -0.912503 0.267141
    outer loop
      vertex 6.24623 116.302 8.3
      vertex 6.3419 116.533 9.2
      vertex 6.0047 116.384 8.3
    endloop
  endfacet
  facet normal -0.536188 -0.800809 0.266847
    outer loop
      vertex 6.68708 116.047 8.3
      vertex 6.83927 116.245 9.2
      vertex 6.475 116.189 8.3
    endloop
  endfacet
  facet normal -0.72546 -0.63436 0.267012
    outer loop
      vertex 7.24538 115.839 9.2
      vertex 7.05563 116.056 9.2
      vertex 7.04704 115.687 8.3
    endloop
  endfacet
  facet normal -0.912284 -0.310366 0.267228
    outer loop
      vertex 7.38355 115.005 8.3
      vertex 7.53253 115.342 9.2
      vertex 7.30156 115.246 8.3
    endloop
  endfacet
  facet normal -0.912742 -0.309296 0.266903
    outer loop
      vertex 7.62504 115.069 9.2
      vertex 7.53253 115.342 9.2
      vertex 7.38355 115.005 8.3
    endloop
  endfacet
  facet normal -0.0642203 -0.961529 0.267091
    outer loop
      vertex 5.75453 116.433 8.3
      vertex 5.5 116.7 9.2
      vertex 5.5 116.45 8.3
    endloop
  endfacet
  facet normal -0.864428 0.425834 0.267263
    outer loop
      vertex 7.53253 113.658 9.2
      vertex 7.30156 113.754 8.3
      vertex 7.18875 113.525 8.3
    endloop
  endfacet
  facet normal -0.945153 0.188161 0.266986
    outer loop
      vertex 7.62504 113.931 9.2
      vertex 7.43332 114.245 8.3
      vertex 7.38355 113.995 8.3
    endloop
  endfacet
  facet normal -0.912742 0.309296 0.266903
    outer loop
      vertex 7.53253 113.658 9.2
      vertex 7.62504 113.931 9.2
      vertex 7.38355 113.995 8.3
    endloop
  endfacet
  facet normal -0.185258 0.945837 0.266592
    outer loop
      vertex 6.0694 112.375 9.2
      vertex 6.0047 112.616 8.3
      vertex 5.75453 112.567 8.3
    endloop
  endfacet
  facet normal 0.94518 0.188129 0.266913
    outer loop
      vertex 3.41757 114.001 9
      vertex 3.61644 113.995 8.3
      vertex 3.56668 114.245 8.3
    endloop
  endfacet
  facet normal 0.945435 0.186723 0.266998
    outer loop
      vertex 3.61644 113.995 8.3
      vertex 3.41757 114.001 9
      vertex 3.42863 113.945 9
    endloop
  endfacet
  facet normal 0.80116 0.535614 0.266946
    outer loop
      vertex 3.76721 113.242 9
      vertex 3.81125 113.525 8.3
      vertex 3.64286 113.428 9
    endloop
  endfacet
  facet normal 0.72594 0.633887 0.266832
    outer loop
      vertex 3.94627 113.026 9
      vertex 3.95296 113.313 8.3
      vertex 3.7987 113.195 9
    endloop
  endfacet
  facet normal 0.0673412 0.962017 0.264555
    outer loop
      vertex 5.5 112.3 9.2
      vertex 5.4 112.362 9
      vertex 5.4 112.307 9.2
    endloop
  endfacet
  facet normal 0.0641285 0.961447 0.26741
    outer loop
      vertex 5.4 112.362 9
      vertex 5.24547 112.567 8.3
      vertex 5.22009 112.374 9
    endloop
  endfacet
  facet normal 0.0590244 0.961458 0.26854
    outer loop
      vertex 5.24547 112.567 8.3
      vertex 5.4 112.362 9
      vertex 5.5 112.3 9.2
    endloop
  endfacet
  facet normal 0.189374 0.944804 0.267362
    outer loop
      vertex 5.22009 112.374 9
      vertex 5.24547 112.567 8.3
      vertex 5.00057 112.418 9
    endloop
  endfacet
  facet normal 0.536098 0.800712 0.26732
    outer loop
      vertex 4.31291 112.953 8.3
      vertex 4.24167 112.767 9
      vertex 4.525 112.811 8.3
    endloop
  endfacet
  facet normal 0.541344 0.797299 0.266947
    outer loop
      vertex 4.24167 112.767 9
      vertex 4.31291 112.953 8.3
      vertex 4.19454 112.799 9
    endloop
  endfacet
  facet normal 0.861391 -0.431901 0.267333
    outer loop
      vertex 3.69843 115.246 8.3
      vertex 3.54386 115.371 9
      vertex 3.51879 115.321 9
    endloop
  endfacet
  facet normal 0.864492 -0.425904 0.266946
    outer loop
      vertex 3.54386 115.371 9
      vertex 3.69843 115.246 8.3
      vertex 3.81125 115.475 8.3
    endloop
  endfacet
  facet normal 0.945435 -0.186723 0.266998
    outer loop
      vertex 3.41757 114.999 9
      vertex 3.61644 115.005 8.3
      vertex 3.42863 115.055 9
    endloop
  endfacet
  facet normal 0.94518 -0.188129 0.266913
    outer loop
      vertex 3.61644 115.005 8.3
      vertex 3.41757 114.999 9
      vertex 3.56668 114.755 8.3
    endloop
  endfacet
  facet normal 0.912593 -0.309679 0.266969
    outer loop
      vertex 3.61644 115.005 8.3
      vertex 3.50057 115.267 9
      vertex 3.42863 115.055 9
    endloop
  endfacet
  facet normal 0.187117 -0.945619 0.266066
    outer loop
      vertex 4.9953 116.384 8.3
      vertex 5.00057 116.582 9
      vertex 4.94498 116.571 9
    endloop
  endfacet
  facet normal 0.18528 -0.945951 0.266174
    outer loop
      vertex 5.00057 116.582 9
      vertex 4.9953 116.384 8.3
      vertex 5.24547 116.433 8.3
    endloop
  endfacet
  facet normal -0.426773 -0.864007 0.267128
    outer loop
      vertex 6.475 116.189 8.3
      vertex 6.3419 116.533 9.2
      vertex 6.24623 116.302 8.3
    endloop
  endfacet
  facet normal -0.185258 -0.945837 0.266592
    outer loop
      vertex 6.0047 116.384 8.3
      vertex 6.0694 116.625 9.2
      vertex 5.75453 116.433 8.3
    endloop
  endfacet
  facet normal -0.308292 -0.913146 0.266683
    outer loop
      vertex 6.3419 116.533 9.2
      vertex 6.0694 116.625 9.2
      vertex 6.0047 116.384 8.3
    endloop
  endfacet
  facet normal -0.72546 0.63436 0.267012
    outer loop
      vertex 7.05563 112.944 9.2
      vertex 7.24538 113.161 9.2
      vertex 7.04704 113.313 8.3
    endloop
  endfacet
  facet normal -0.724868 0.634939 0.267243
    outer loop
      vertex 7.05563 112.944 9.2
      vertex 7.04704 113.313 8.3
      vertex 6.87886 113.121 8.3
    endloop
  endfacet
  facet normal -0.535738 0.801163 0.266687
    outer loop
      vertex 6.6 112.595 9.2
      vertex 6.83927 112.755 9.2
      vertex 6.475 112.811 8.3
    endloop
  endfacet
  facet normal -0.428203 0.863432 0.266696
    outer loop
      vertex 6.6 112.595 9.2
      vertex 6.475 112.811 8.3
      vertex 6.3419 112.467 9.2
    endloop
  endfacet
  facet normal 0.801203 0.535559 0.266926
    outer loop
      vertex 3.76721 113.242 9
      vertex 3.95296 113.313 8.3
      vertex 3.81125 113.525 8.3
    endloop
  endfacet
  facet normal 0.800641 0.53643 0.266865
    outer loop
      vertex 3.95296 113.313 8.3
      vertex 3.76721 113.242 9
      vertex 3.7987 113.195 9
    endloop
  endfacet
  facet normal 0.63402 0.725802 0.266889
    outer loop
      vertex 4.19454 112.799 9
      vertex 4.31291 112.953 8.3
      vertex 4.02626 112.946 9
    endloop
  endfacet
  facet normal 0.63498 0.724822 0.267272
    outer loop
      vertex 4.12114 113.121 8.3
      vertex 4.02626 112.946 9
      vertex 4.31291 112.953 8.3
    endloop
  endfacet
  facet normal 0.641461 0.71928 0.266766
    outer loop
      vertex 4.02626 112.946 9
      vertex 4.12114 113.121 8.3
      vertex 3.98365 112.984 9
    endloop
  endfacet
  facet normal 0.72594 -0.633887 0.266832
    outer loop
      vertex 3.95296 115.687 8.3
      vertex 3.94627 115.974 9
      vertex 3.7987 115.805 9
    endloop
  endfacet
  facet normal 0.719919 -0.640728 0.266802
    outer loop
      vertex 3.94627 115.974 9
      vertex 4.12114 115.879 8.3
      vertex 3.98365 116.016 9
    endloop
  endfacet
  facet normal 0.724866 -0.634937 0.267252
    outer loop
      vertex 4.12114 115.879 8.3
      vertex 3.94627 115.974 9
      vertex 3.95296 115.687 8.3
    endloop
  endfacet
  facet normal 0.534388 -0.802056 0.266712
    outer loop
      vertex 4.525 116.189 8.3
      vertex 4.42778 116.357 9
      vertex 4.24167 116.233 9
    endloop
  endfacet
  facet normal 0.426295 -0.864388 0.266659
    outer loop
      vertex 4.525 116.189 8.3
      vertex 4.62852 116.456 9
      vertex 4.42778 116.357 9
    endloop
  endfacet
  facet normal -0.63402 -0.725802 0.266889
    outer loop
      vertex 7.05563 116.056 9.2
      vertex 6.83927 116.245 9.2
      vertex 6.68708 116.047 8.3
    endloop
  endfacet
  facet normal -0.634962 -0.72484 0.267265
    outer loop
      vertex 6.87886 115.879 8.3
      vertex 7.05563 116.056 9.2
      vertex 6.68708 116.047 8.3
    endloop
  endfacet
  facet normal -0.800973 -0.535814 0.267106
    outer loop
      vertex 7.40526 115.6 9.2
      vertex 7.24538 115.839 9.2
      vertex 7.18875 115.475 8.3
    endloop
  endfacet
  facet normal -0.864233 -0.426321 0.267117
    outer loop
      vertex 7.53253 115.342 9.2
      vertex 7.40526 115.6 9.2
      vertex 7.18875 115.475 8.3
    endloop
  endfacet
  facet normal -0.830842 -0.556508 0
    outer loop
      vertex 146.189 115.475 3.7
      vertex 146.047 115.687 8.3
      vertex 146.047 115.687 3.7
    endloop
  endfacet
  facet normal -0.830842 -0.556508 0
    outer loop
      vertex 146.047 115.687 8.3
      vertex 146.189 115.475 3.7
      vertex 146.189 115.475 8.3
    endloop
  endfacet
  facet normal -0.322114 -0.946701 0
    outer loop
      vertex 145.005 116.384 3.7
      vertex 145.246 116.302 8.3
      vertex 145.005 116.384 8.3
    endloop
  endfacet
  facet normal -0.322114 -0.946701 -0
    outer loop
      vertex 145.246 116.302 8.3
      vertex 145.005 116.384 3.7
      vertex 145.246 116.302 3.7
    endloop
  endfacet
  facet normal 0.442508 -0.896764 0
    outer loop
      vertex 143.525 116.189 3.7
      vertex 143.754 116.302 8.3
      vertex 143.525 116.189 8.3
    endloop
  endfacet
  facet normal 0.442508 -0.896764 0
    outer loop
      vertex 143.754 116.302 8.3
      vertex 143.525 116.189 3.7
      vertex 143.754 116.302 3.7
    endloop
  endfacet
  facet normal 0.946701 -0.322114 0
    outer loop
      vertex 142.616 115.005 8.3
      vertex 142.698 115.246 3.7
      vertex 142.698 115.246 8.3
    endloop
  endfacet
  facet normal 0.946701 -0.322114 0
    outer loop
      vertex 142.698 115.246 3.7
      vertex 142.616 115.005 8.3
      vertex 142.616 115.005 3.7
    endloop
  endfacet
  facet normal -0.658505 -0.752577 0
    outer loop
      vertex 145.687 116.047 3.7
      vertex 145.879 115.879 8.3
      vertex 145.687 116.047 8.3
    endloop
  endfacet
  facet normal -0.658505 -0.752577 -0
    outer loop
      vertex 145.879 115.879 8.3
      vertex 145.687 116.047 3.7
      vertex 145.879 115.879 3.7
    endloop
  endfacet
  facet normal -0.066519 -0.997785 0
    outer loop
      vertex 144.5 116.45 3.7
      vertex 144.755 116.433 8.3
      vertex 144.5 116.45 8.3
    endloop
  endfacet
  facet normal -0.066519 -0.997785 -0
    outer loop
      vertex 144.755 116.433 8.3
      vertex 144.5 116.45 3.7
      vertex 144.755 116.433 3.7
    endloop
  endfacet
  facet normal -0.556508 -0.830842 0
    outer loop
      vertex 145.475 116.189 3.7
      vertex 145.687 116.047 8.3
      vertex 145.475 116.189 8.3
    endloop
  endfacet
  facet normal -0.556508 -0.830842 -0
    outer loop
      vertex 145.687 116.047 8.3
      vertex 145.475 116.189 3.7
      vertex 145.687 116.047 3.7
    endloop
  endfacet
  facet normal 0 0 1
    outer loop
      vertex 146.433 114.755 3.7
      vertex 146.433 114.245 3.7
      vertex 146.45 114.5 3.7
    endloop
  endfacet
  facet normal 0 0 1
    outer loop
      vertex 146.384 115.005 3.7
      vertex 146.433 114.245 3.7
      vertex 146.433 114.755 3.7
    endloop
  endfacet
  facet normal 0 0 1
    outer loop
      vertex 146.384 115.005 3.7
      vertex 146.384 113.995 3.7
      vertex 146.433 114.245 3.7
    endloop
  endfacet
  facet normal 0 0 1
    outer loop
      vertex 146.302 115.246 3.7
      vertex 146.384 113.995 3.7
      vertex 146.384 115.005 3.7
    endloop
  endfacet
  facet normal 0 0 1
    outer loop
      vertex 146.302 115.246 3.7
      vertex 146.302 113.754 3.7
      vertex 146.384 113.995 3.7
    endloop
  endfacet
  facet normal 0 0 1
    outer loop
      vertex 146.189 115.475 3.7
      vertex 146.302 113.754 3.7
      vertex 146.302 115.246 3.7
    endloop
  endfacet
  facet normal 0 0 1
    outer loop
      vertex 146.189 115.475 3.7
      vertex 146.189 113.525 3.7
      vertex 146.302 113.754 3.7
    endloop
  endfacet
  facet normal 0 0 1
    outer loop
      vertex 146.047 115.687 3.7
      vertex 146.189 113.525 3.7
      vertex 146.189 115.475 3.7
    endloop
  endfacet
  facet normal 0 0 1
    outer loop
      vertex 146.047 115.687 3.7
      vertex 146.047 113.313 3.7
      vertex 146.189 113.525 3.7
    endloop
  endfacet
  facet normal 0 0 1
    outer loop
      vertex 145.879 115.879 3.7
      vertex 146.047 113.313 3.7
      vertex 146.047 115.687 3.7
    endloop
  endfacet
  facet normal 0 0 1
    outer loop
      vertex 145.879 115.879 3.7
      vertex 145.879 113.121 3.7
      vertex 146.047 113.313 3.7
    endloop
  endfacet
  facet normal 0 0 1
    outer loop
      vertex 145.687 116.047 3.7
      vertex 145.879 113.121 3.7
      vertex 145.879 115.879 3.7
    endloop
  endfacet
  facet normal 0 0 1
    outer loop
      vertex 145.687 116.047 3.7
      vertex 145.687 112.953 3.7
      vertex 145.879 113.121 3.7
    endloop
  endfacet
  facet normal 0 0 1
    outer loop
      vertex 145.475 116.189 3.7
      vertex 145.687 112.953 3.7
      vertex 145.687 116.047 3.7
    endloop
  endfacet
  facet normal 0 0 1
    outer loop
      vertex 145.475 116.189 3.7
      vertex 145.475 112.811 3.7
      vertex 145.687 112.953 3.7
    endloop
  endfacet
  facet normal 0 0 1
    outer loop
      vertex 145.246 116.302 3.7
      vertex 145.475 112.811 3.7
      vertex 145.475 116.189 3.7
    endloop
  endfacet
  facet normal 0 0 1
    outer loop
      vertex 145.246 116.302 3.7
      vertex 145.246 112.698 3.7
      vertex 145.475 112.811 3.7
    endloop
  endfacet
  facet normal 0 0 1
    outer loop
      vertex 145.005 116.384 3.7
      vertex 145.246 112.698 3.7
      vertex 145.246 116.302 3.7
    endloop
  endfacet
  facet normal 0 0 1
    outer loop
      vertex 145.005 116.384 3.7
      vertex 145.005 112.616 3.7
      vertex 145.246 112.698 3.7
    endloop
  endfacet
  facet normal 0 0 1
    outer loop
      vertex 144.755 116.433 3.7
      vertex 145.005 112.616 3.7
      vertex 145.005 116.384 3.7
    endloop
  endfacet
  facet normal 0 0 1
    outer loop
      vertex 144.755 116.433 3.7
      vertex 144.755 112.567 3.7
      vertex 145.005 112.616 3.7
    endloop
  endfacet
  facet normal 0 0 1
    outer loop
      vertex 144.5 116.45 3.7
      vertex 144.755 112.567 3.7
      vertex 144.755 116.433 3.7
    endloop
  endfacet
  facet normal 0 0 1
    outer loop
      vertex 144.5 116.45 3.7
      vertex 144.5 112.55 3.7
      vertex 144.755 112.567 3.7
    endloop
  endfacet
  facet normal -0 0 1
    outer loop
      vertex 144.245 116.433 3.7
      vertex 144.5 112.55 3.7
      vertex 144.5 116.45 3.7
    endloop
  endfacet
  facet normal 0 0 1
    outer loop
      vertex 144.245 116.433 3.7
      vertex 144.245 112.567 3.7
      vertex 144.5 112.55 3.7
    endloop
  endfacet
  facet normal -0 0 1
    outer loop
      vertex 143.995 116.384 3.7
      vertex 144.245 112.567 3.7
      vertex 144.245 116.433 3.7
    endloop
  endfacet
  facet normal 0 0 1
    outer loop
      vertex 143.995 116.384 3.7
      vertex 143.995 112.616 3.7
      vertex 144.245 112.567 3.7
    endloop
  endfacet
  facet normal -0 0 1
    outer loop
      vertex 143.754 116.302 3.7
      vertex 143.995 112.616 3.7
      vertex 143.995 116.384 3.7
    endloop
  endfacet
  facet normal 0 0 1
    outer loop
      vertex 143.754 116.302 3.7
      vertex 143.754 112.698 3.7
      vertex 143.995 112.616 3.7
    endloop
  endfacet
  facet normal -0 0 1
    outer loop
      vertex 143.525 116.189 3.7
      vertex 143.754 112.698 3.7
      vertex 143.754 116.302 3.7
    endloop
  endfacet
  facet normal 0 0 1
    outer loop
      vertex 143.525 116.189 3.7
      vertex 143.525 112.811 3.7
      vertex 143.754 112.698 3.7
    endloop
  endfacet
  facet normal -0 0 1
    outer loop
      vertex 143.313 116.047 3.7
      vertex 143.525 112.811 3.7
      vertex 143.525 116.189 3.7
    endloop
  endfacet
  facet normal 0 0 1
    outer loop
      vertex 143.313 116.047 3.7
      vertex 143.313 112.953 3.7
      vertex 143.525 112.811 3.7
    endloop
  endfacet
  facet normal -0 0 1
    outer loop
      vertex 143.121 115.879 3.7
      vertex 143.313 112.953 3.7
      vertex 143.313 116.047 3.7
    endloop
  endfacet
  facet normal 0 0 1
    outer loop
      vertex 143.121 115.879 3.7
      vertex 143.121 113.121 3.7
      vertex 143.313 112.953 3.7
    endloop
  endfacet
  facet normal -0 0 1
    outer loop
      vertex 142.953 115.687 3.7
      vertex 143.121 113.121 3.7
      vertex 143.121 115.879 3.7
    endloop
  endfacet
  facet normal 0 0 1
    outer loop
      vertex 142.953 115.687 3.7
      vertex 142.953 113.313 3.7
      vertex 143.121 113.121 3.7
    endloop
  endfacet
  facet normal -0 0 1
    outer loop
      vertex 142.811 115.475 3.7
      vertex 142.953 113.313 3.7
      vertex 142.953 115.687 3.7
    endloop
  endfacet
  facet normal 0 0 1
    outer loop
      vertex 142.811 115.475 3.7
      vertex 142.811 113.525 3.7
      vertex 142.953 113.313 3.7
    endloop
  endfacet
  facet normal -0 0 1
    outer loop
      vertex 142.698 115.246 3.7
      vertex 142.811 113.525 3.7
      vertex 142.811 115.475 3.7
    endloop
  endfacet
  facet normal 0 0 1
    outer loop
      vertex 142.698 115.246 3.7
      vertex 142.698 113.754 3.7
      vertex 142.811 113.525 3.7
    endloop
  endfacet
  facet normal -0 0 1
    outer loop
      vertex 142.616 115.005 3.7
      vertex 142.698 113.754 3.7
      vertex 142.698 115.246 3.7
    endloop
  endfacet
  facet normal 0 0 1
    outer loop
      vertex 142.616 115.005 3.7
      vertex 142.616 113.995 3.7
      vertex 142.698 113.754 3.7
    endloop
  endfacet
  facet normal -0 0 1
    outer loop
      vertex 142.567 114.755 3.7
      vertex 142.616 113.995 3.7
      vertex 142.616 115.005 3.7
    endloop
  endfacet
  facet normal 0 0 1
    outer loop
      vertex 142.567 114.755 3.7
      vertex 142.567 114.245 3.7
      vertex 142.616 113.995 3.7
    endloop
  endfacet
  facet normal 0 -0 1
    outer loop
      vertex 142.567 114.245 3.7
      vertex 142.567 114.755 3.7
      vertex 142.55 114.5 3.7
    endloop
  endfacet
  facet normal 0.997785 -0.066519 0
    outer loop
      vertex 142.55 114.5 8.3
      vertex 142.567 114.755 3.7
      vertex 142.567 114.755 8.3
    endloop
  endfacet
  facet normal 0.997785 -0.066519 0
    outer loop
      vertex 142.567 114.755 3.7
      vertex 142.55 114.5 8.3
      vertex 142.55 114.5 3.7
    endloop
  endfacet
  facet normal 0.830842 -0.556508 0
    outer loop
      vertex 142.811 115.475 8.3
      vertex 142.953 115.687 3.7
      vertex 142.953 115.687 8.3
    endloop
  endfacet
  facet normal 0.830842 -0.556508 0
    outer loop
      vertex 142.953 115.687 3.7
      vertex 142.811 115.475 8.3
      vertex 142.811 115.475 3.7
    endloop
  endfacet
  facet normal 0.19234 -0.981328 0
    outer loop
      vertex 143.995 116.384 3.7
      vertex 144.245 116.433 8.3
      vertex 143.995 116.384 8.3
    endloop
  endfacet
  facet normal 0.19234 -0.981328 0
    outer loop
      vertex 144.245 116.433 8.3
      vertex 143.995 116.384 3.7
      vertex 144.245 116.433 3.7
    endloop
  endfacet
  facet normal 0.752577 -0.658505 0
    outer loop
      vertex 142.953 115.687 8.3
      vertex 143.121 115.879 3.7
      vertex 143.121 115.879 8.3
    endloop
  endfacet
  facet normal 0.752577 -0.658505 0
    outer loop
      vertex 143.121 115.879 3.7
      vertex 142.953 115.687 8.3
      vertex 142.953 115.687 3.7
    endloop
  endfacet
  facet normal -0.556508 0.830842 0
    outer loop
      vertex 145.687 112.953 3.7
      vertex 145.475 112.811 8.3
      vertex 145.687 112.953 8.3
    endloop
  endfacet
  facet normal -0.556508 0.830842 0
    outer loop
      vertex 145.475 112.811 8.3
      vertex 145.687 112.953 3.7
      vertex 145.475 112.811 3.7
    endloop
  endfacet
  facet normal -0.752577 -0.658505 0
    outer loop
      vertex 146.047 115.687 3.7
      vertex 145.879 115.879 8.3
      vertex 145.879 115.879 3.7
    endloop
  endfacet
  facet normal -0.752577 -0.658505 0
    outer loop
      vertex 145.879 115.879 8.3
      vertex 146.047 115.687 3.7
      vertex 146.047 115.687 8.3
    endloop
  endfacet
  facet normal 0.066519 -0.997785 0
    outer loop
      vertex 144.245 116.433 3.7
      vertex 144.5 116.45 8.3
      vertex 144.245 116.433 8.3
    endloop
  endfacet
  facet normal 0.066519 -0.997785 0
    outer loop
      vertex 144.5 116.45 8.3
      vertex 144.245 116.433 3.7
      vertex 144.5 116.45 3.7
    endloop
  endfacet
  facet normal -0.19234 -0.981328 0
    outer loop
      vertex 144.755 116.433 3.7
      vertex 145.005 116.384 8.3
      vertex 144.755 116.433 8.3
    endloop
  endfacet
  facet normal -0.19234 -0.981328 -0
    outer loop
      vertex 145.005 116.384 8.3
      vertex 144.755 116.433 3.7
      vertex 145.005 116.384 3.7
    endloop
  endfacet
  facet normal -0.442508 -0.896764 0
    outer loop
      vertex 145.246 116.302 3.7
      vertex 145.475 116.189 8.3
      vertex 145.246 116.302 8.3
    endloop
  endfacet
  facet normal -0.442508 -0.896764 -0
    outer loop
      vertex 145.475 116.189 8.3
      vertex 145.246 116.302 3.7
      vertex 145.475 116.189 3.7
    endloop
  endfacet
  facet normal 0.981328 -0.19234 0
    outer loop
      vertex 142.567 114.755 8.3
      vertex 142.616 115.005 3.7
      vertex 142.616 115.005 8.3
    endloop
  endfacet
  facet normal 0.981328 -0.19234 0
    outer loop
      vertex 142.616 115.005 3.7
      vertex 142.567 114.755 8.3
      vertex 142.567 114.755 3.7
    endloop
  endfacet
  facet normal 0.896764 -0.442508 0
    outer loop
      vertex 142.698 115.246 8.3
      vertex 142.811 115.475 3.7
      vertex 142.811 115.475 8.3
    endloop
  endfacet
  facet normal 0.896764 -0.442508 0
    outer loop
      vertex 142.811 115.475 3.7
      vertex 142.698 115.246 8.3
      vertex 142.698 115.246 3.7
    endloop
  endfacet
  facet normal 0.322114 -0.946701 0
    outer loop
      vertex 143.754 116.302 3.7
      vertex 143.995 116.384 8.3
      vertex 143.754 116.302 8.3
    endloop
  endfacet
  facet normal 0.322114 -0.946701 0
    outer loop
      vertex 143.995 116.384 8.3
      vertex 143.754 116.302 3.7
      vertex 143.995 116.384 3.7
    endloop
  endfacet
  facet normal 0.658505 -0.752577 0
    outer loop
      vertex 143.121 115.879 3.7
      vertex 143.313 116.047 8.3
      vertex 143.121 115.879 8.3
    endloop
  endfacet
  facet normal 0.658505 -0.752577 0
    outer loop
      vertex 143.313 116.047 8.3
      vertex 143.121 115.879 3.7
      vertex 143.313 116.047 3.7
    endloop
  endfacet
  facet normal 0.556508 -0.830842 0
    outer loop
      vertex 143.313 116.047 3.7
      vertex 143.525 116.189 8.3
      vertex 143.313 116.047 8.3
    endloop
  endfacet
  facet normal 0.556508 -0.830842 0
    outer loop
      vertex 143.525 116.189 8.3
      vertex 143.313 116.047 3.7
      vertex 143.525 116.189 3.7
    endloop
  endfacet
  facet normal -0.997785 -0.066519 0
    outer loop
      vertex 146.45 114.5 3.7
      vertex 146.433 114.755 8.3
      vertex 146.433 114.755 3.7
    endloop
  endfacet
  facet normal -0.997785 -0.066519 0
    outer loop
      vertex 146.433 114.755 8.3
      vertex 146.45 114.5 3.7
      vertex 146.45 114.5 8.3
    endloop
  endfacet
  facet normal -0.997785 0.066519 0
    outer loop
      vertex 146.433 114.245 3.7
      vertex 146.45 114.5 8.3
      vertex 146.45 114.5 3.7
    endloop
  endfacet
  facet normal -0.997785 0.066519 0
    outer loop
      vertex 146.45 114.5 8.3
      vertex 146.433 114.245 3.7
      vertex 146.433 114.245 8.3
    endloop
  endfacet
  facet normal -0.981328 0.19234 0
    outer loop
      vertex 146.384 113.995 3.7
      vertex 146.433 114.245 8.3
      vertex 146.433 114.245 3.7
    endloop
  endfacet
  facet normal -0.981328 0.19234 0
    outer loop
      vertex 146.433 114.245 8.3
      vertex 146.384 113.995 3.7
      vertex 146.384 113.995 8.3
    endloop
  endfacet
  facet normal -0.066519 0.997785 0
    outer loop
      vertex 144.755 112.567 3.7
      vertex 144.5 112.55 8.3
      vertex 144.755 112.567 8.3
    endloop
  endfacet
  facet normal -0.066519 0.997785 0
    outer loop
      vertex 144.5 112.55 8.3
      vertex 144.755 112.567 3.7
      vertex 144.5 112.55 3.7
    endloop
  endfacet
  facet normal 0.981328 0.19234 0
    outer loop
      vertex 142.616 113.995 8.3
      vertex 142.567 114.245 3.7
      vertex 142.567 114.245 8.3
    endloop
  endfacet
  facet normal 0.981328 0.19234 0
    outer loop
      vertex 142.567 114.245 3.7
      vertex 142.616 113.995 8.3
      vertex 142.616 113.995 3.7
    endloop
  endfacet
  facet normal 0.830842 0.556508 0
    outer loop
      vertex 142.953 113.313 8.3
      vertex 142.811 113.525 3.7
      vertex 142.811 113.525 8.3
    endloop
  endfacet
  facet normal 0.830842 0.556508 0
    outer loop
      vertex 142.811 113.525 3.7
      vertex 142.953 113.313 8.3
      vertex 142.953 113.313 3.7
    endloop
  endfacet
  facet normal -0.19234 0.981328 0
    outer loop
      vertex 145.005 112.616 3.7
      vertex 144.755 112.567 8.3
      vertex 145.005 112.616 8.3
    endloop
  endfacet
  facet normal -0.19234 0.981328 0
    outer loop
      vertex 144.755 112.567 8.3
      vertex 145.005 112.616 3.7
      vertex 144.755 112.567 3.7
    endloop
  endfacet
  facet normal -0.896764 -0.442508 0
    outer loop
      vertex 146.302 115.246 3.7
      vertex 146.189 115.475 8.3
      vertex 146.189 115.475 3.7
    endloop
  endfacet
  facet normal -0.896764 -0.442508 0
    outer loop
      vertex 146.189 115.475 8.3
      vertex 146.302 115.246 3.7
      vertex 146.302 115.246 8.3
    endloop
  endfacet
  facet normal -0.946701 -0.322114 0
    outer loop
      vertex 146.384 115.005 3.7
      vertex 146.302 115.246 8.3
      vertex 146.302 115.246 3.7
    endloop
  endfacet
  facet normal -0.946701 -0.322114 0
    outer loop
      vertex 146.302 115.246 8.3
      vertex 146.384 115.005 3.7
      vertex 146.384 115.005 8.3
    endloop
  endfacet
  facet normal -0.981328 -0.19234 0
    outer loop
      vertex 146.433 114.755 3.7
      vertex 146.384 115.005 8.3
      vertex 146.384 115.005 3.7
    endloop
  endfacet
  facet normal -0.981328 -0.19234 0
    outer loop
      vertex 146.384 115.005 8.3
      vertex 146.433 114.755 3.7
      vertex 146.433 114.755 8.3
    endloop
  endfacet
  facet normal 0.997785 0.066519 0
    outer loop
      vertex 142.567 114.245 8.3
      vertex 142.55 114.5 3.7
      vertex 142.55 114.5 8.3
    endloop
  endfacet
  facet normal 0.997785 0.066519 0
    outer loop
      vertex 142.55 114.5 3.7
      vertex 142.567 114.245 8.3
      vertex 142.567 114.245 3.7
    endloop
  endfacet
  facet normal -0.752577 0.658505 0
    outer loop
      vertex 145.879 113.121 3.7
      vertex 146.047 113.313 8.3
      vertex 146.047 113.313 3.7
    endloop
  endfacet
  facet normal -0.752577 0.658505 0
    outer loop
      vertex 146.047 113.313 8.3
      vertex 145.879 113.121 3.7
      vertex 145.879 113.121 8.3
    endloop
  endfacet
  facet normal -0.830842 0.556508 0
    outer loop
      vertex 146.047 113.313 3.7
      vertex 146.189 113.525 8.3
      vertex 146.189 113.525 3.7
    endloop
  endfacet
  facet normal -0.830842 0.556508 0
    outer loop
      vertex 146.189 113.525 8.3
      vertex 146.047 113.313 3.7
      vertex 146.047 113.313 8.3
    endloop
  endfacet
  facet normal -0.896764 0.442508 0
    outer loop
      vertex 146.189 113.525 3.7
      vertex 146.302 113.754 8.3
      vertex 146.302 113.754 3.7
    endloop
  endfacet
  facet normal -0.896764 0.442508 0
    outer loop
      vertex 146.302 113.754 8.3
      vertex 146.189 113.525 3.7
      vertex 146.189 113.525 8.3
    endloop
  endfacet
  facet normal 0.896764 0.442508 0
    outer loop
      vertex 142.811 113.525 8.3
      vertex 142.698 113.754 3.7
      vertex 142.698 113.754 8.3
    endloop
  endfacet
  facet normal 0.896764 0.442508 0
    outer loop
      vertex 142.698 113.754 3.7
      vertex 142.811 113.525 8.3
      vertex 142.811 113.525 3.7
    endloop
  endfacet
  facet normal 0.946701 0.322114 0
    outer loop
      vertex 142.698 113.754 8.3
      vertex 142.616 113.995 3.7
      vertex 142.616 113.995 8.3
    endloop
  endfacet
  facet normal 0.946701 0.322114 0
    outer loop
      vertex 142.616 113.995 3.7
      vertex 142.698 113.754 8.3
      vertex 142.698 113.754 3.7
    endloop
  endfacet
  facet normal -0.442508 0.896764 0
    outer loop
      vertex 145.475 112.811 3.7
      vertex 145.246 112.698 8.3
      vertex 145.475 112.811 8.3
    endloop
  endfacet
  facet normal -0.442508 0.896764 0
    outer loop
      vertex 145.246 112.698 8.3
      vertex 145.475 112.811 3.7
      vertex 145.246 112.698 3.7
    endloop
  endfacet
  facet normal -0.322114 0.946701 0
    outer loop
      vertex 145.246 112.698 3.7
      vertex 145.005 112.616 8.3
      vertex 145.246 112.698 8.3
    endloop
  endfacet
  facet normal -0.322114 0.946701 0
    outer loop
      vertex 145.005 112.616 8.3
      vertex 145.246 112.698 3.7
      vertex 145.005 112.616 3.7
    endloop
  endfacet
  facet normal -0.658505 0.752577 0
    outer loop
      vertex 145.879 113.121 3.7
      vertex 145.687 112.953 8.3
      vertex 145.879 113.121 8.3
    endloop
  endfacet
  facet normal -0.658505 0.752577 0
    outer loop
      vertex 145.687 112.953 8.3
      vertex 145.879 113.121 3.7
      vertex 145.687 112.953 3.7
    endloop
  endfacet
  facet normal -0.946701 0.322114 0
    outer loop
      vertex 146.302 113.754 3.7
      vertex 146.384 113.995 8.3
      vertex 146.384 113.995 3.7
    endloop
  endfacet
  facet normal -0.946701 0.322114 0
    outer loop
      vertex 146.384 113.995 8.3
      vertex 146.302 113.754 3.7
      vertex 146.302 113.754 8.3
    endloop
  endfacet
  facet normal 0.556508 0.830842 -0
    outer loop
      vertex 143.525 112.811 3.7
      vertex 143.313 112.953 8.3
      vertex 143.525 112.811 8.3
    endloop
  endfacet
  facet normal 0.556508 0.830842 0
    outer loop
      vertex 143.313 112.953 8.3
      vertex 143.525 112.811 3.7
      vertex 143.313 112.953 3.7
    endloop
  endfacet
  facet normal 0.19234 0.981328 -0
    outer loop
      vertex 144.245 112.567 3.7
      vertex 143.995 112.616 8.3
      vertex 144.245 112.567 8.3
    endloop
  endfacet
  facet normal 0.19234 0.981328 0
    outer loop
      vertex 143.995 112.616 8.3
      vertex 144.245 112.567 3.7
      vertex 143.995 112.616 3.7
    endloop
  endfacet
  facet normal 0.066519 0.997785 -0
    outer loop
      vertex 144.5 112.55 3.7
      vertex 144.245 112.567 8.3
      vertex 144.5 112.55 8.3
    endloop
  endfacet
  facet normal 0.066519 0.997785 0
    outer loop
      vertex 144.245 112.567 8.3
      vertex 144.5 112.55 3.7
      vertex 144.245 112.567 3.7
    endloop
  endfacet
  facet normal 0.752577 0.658505 0
    outer loop
      vertex 143.121 113.121 8.3
      vertex 142.953 113.313 3.7
      vertex 142.953 113.313 8.3
    endloop
  endfacet
  facet normal 0.752577 0.658505 0
    outer loop
      vertex 142.953 113.313 3.7
      vertex 143.121 113.121 8.3
      vertex 143.121 113.121 3.7
    endloop
  endfacet
  facet normal 0.658505 0.752577 -0
    outer loop
      vertex 143.313 112.953 3.7
      vertex 143.121 113.121 8.3
      vertex 143.313 112.953 8.3
    endloop
  endfacet
  facet normal 0.658505 0.752577 0
    outer loop
      vertex 143.121 113.121 8.3
      vertex 143.313 112.953 3.7
      vertex 143.121 113.121 3.7
    endloop
  endfacet
  facet normal 0.442508 0.896764 -0
    outer loop
      vertex 143.754 112.698 3.7
      vertex 143.525 112.811 8.3
      vertex 143.754 112.698 8.3
    endloop
  endfacet
  facet normal 0.442508 0.896764 0
    outer loop
      vertex 143.525 112.811 8.3
      vertex 143.754 112.698 3.7
      vertex 143.525 112.811 3.7
    endloop
  endfacet
  facet normal 0.322114 0.946701 -0
    outer loop
      vertex 143.995 112.616 3.7
      vertex 143.754 112.698 8.3
      vertex 143.995 112.616 8.3
    endloop
  endfacet
  facet normal 0.322114 0.946701 0
    outer loop
      vertex 143.754 112.698 8.3
      vertex 143.995 112.616 3.7
      vertex 143.754 112.698 3.7
    endloop
  endfacet
  facet normal -0.961411 -0.064094 0.267547
    outer loop
      vertex 146.45 114.5 8.3
      vertex 146.641 114.557 9
      vertex 146.433 114.755 8.3
    endloop
  endfacet
  facet normal -0.962438 -0.0506547 0.266733
    outer loop
      vertex 146.641 114.557 9
      vertex 146.45 114.5 8.3
      vertex 146.644 114.5 9
    endloop
  endfacet
  facet normal 0.962438 0.0506547 0.266733
    outer loop
      vertex 142.359 114.443 9
      vertex 142.55 114.5 8.3
      vertex 142.356 114.5 9
    endloop
  endfacet
  facet normal 0.961411 0.064094 0.267547
    outer loop
      vertex 142.55 114.5 8.3
      vertex 142.359 114.443 9
      vertex 142.567 114.245 8.3
    endloop
  endfacet
  facet normal 0.064094 -0.961411 0.267547
    outer loop
      vertex 144.5 116.45 8.3
      vertex 144.443 116.641 9
      vertex 144.245 116.433 8.3
    endloop
  endfacet
  facet normal 0.0506547 -0.962438 0.266733
    outer loop
      vertex 144.443 116.641 9
      vertex 144.5 116.45 8.3
      vertex 144.5 116.644 9
    endloop
  endfacet
  facet normal -0.961417 0.0646693 0.267386
    outer loop
      vertex 146.626 114.22 9
      vertex 146.641 114.443 9
      vertex 146.433 114.245 8.3
    endloop
  endfacet
  facet normal -0.634524 -0.725171 0.267407
    outer loop
      vertex 145.879 115.879 8.3
      vertex 145.974 116.054 9
      vertex 145.687 116.047 8.3
    endloop
  endfacet
  facet normal -0.64666 -0.71473 0.266443
    outer loop
      vertex 145.974 116.054 9
      vertex 145.879 115.879 8.3
      vertex 146.016 116.016 9
    endloop
  endfacet
  facet normal -0.064094 0.961411 0.267547
    outer loop
      vertex 144.5 112.55 8.3
      vertex 144.557 112.359 9
      vertex 144.755 112.567 8.3
    endloop
  endfacet
  facet normal -0.0506547 0.962438 0.266733
    outer loop
      vertex 144.557 112.359 9
      vertex 144.5 112.55 8.3
      vertex 144.5 112.356 9
    endloop
  endfacet
  facet normal 0.961417 -0.0646693 0.267386
    outer loop
      vertex 142.567 114.755 8.3
      vertex 142.374 114.78 9
      vertex 142.359 114.557 9
    endloop
  endfacet
  facet normal -0.725171 0.634524 0.267407
    outer loop
      vertex 145.879 113.121 8.3
      vertex 146.054 113.026 9
      vertex 146.047 113.313 8.3
    endloop
  endfacet
  facet normal -0.71473 0.64666 0.266443
    outer loop
      vertex 146.054 113.026 9
      vertex 145.879 113.121 8.3
      vertex 146.016 112.984 9
    endloop
  endfacet
  facet normal 0.634524 0.725171 0.267407
    outer loop
      vertex 143.121 113.121 8.3
      vertex 143.026 112.946 9
      vertex 143.313 112.953 8.3
    endloop
  endfacet
  facet normal 0.64666 0.71473 0.266443
    outer loop
      vertex 143.026 112.946 9
      vertex 143.121 113.121 8.3
      vertex 142.984 112.984 9
    endloop
  endfacet
  facet normal 0.0646693 0.961417 0.267386
    outer loop
      vertex 144.443 112.359 9
      vertex 144.245 112.567 8.3
      vertex 144.22 112.374 9
    endloop
  endfacet
  facet normal 0.71473 -0.64666 0.266443
    outer loop
      vertex 142.946 115.974 9
      vertex 143.121 115.879 8.3
      vertex 142.984 116.016 9
    endloop
  endfacet
  facet normal 0.725171 -0.634524 0.267407
    outer loop
      vertex 143.121 115.879 8.3
      vertex 142.946 115.974 9
      vertex 142.953 115.687 8.3
    endloop
  endfacet
  facet normal -0.0646693 -0.961417 0.267386
    outer loop
      vertex 144.755 116.433 8.3
      vertex 144.78 116.626 9
      vertex 144.557 116.641 9
    endloop
  endfacet
  facet normal -0.944746 -0.189812 0.267259
    outer loop
      vertex 146.626 114.78 9
      vertex 146.582 114.999 9
      vertex 146.433 114.755 8.3
    endloop
  endfacet
  facet normal -0.912773 0.309998 0.265983
    outer loop
      vertex 146.499 113.733 9
      vertex 146.571 113.945 9
      vertex 146.384 113.995 8.3
    endloop
  endfacet
  facet normal -0.800648 0.536283 0.267138
    outer loop
      vertex 146.047 113.313 8.3
      vertex 146.233 113.242 9
      vertex 146.189 113.525 8.3
    endloop
  endfacet
  facet normal -0.79666 0.542407 0.266699
    outer loop
      vertex 146.233 113.242 9
      vertex 146.047 113.313 8.3
      vertex 146.201 113.195 9
    endloop
  endfacet
  facet normal -0.86205 0.431025 0.26662
    outer loop
      vertex 146.302 113.754 8.3
      vertex 146.456 113.629 9
      vertex 146.481 113.679 9
    endloop
  endfacet
  facet normal -0.864376 0.426526 0.266328
    outer loop
      vertex 146.456 113.629 9
      vertex 146.302 113.754 8.3
      vertex 146.189 113.525 8.3
    endloop
  endfacet
  facet normal -0.304793 0.91438 0.266477
    outer loop
      vertex 145.246 112.698 8.3
      vertex 145.267 112.501 9
      vertex 145.321 112.519 9
    endloop
  endfacet
  facet normal -0.310497 0.912559 0.266135
    outer loop
      vertex 145.267 112.501 9
      vertex 145.246 112.698 8.3
      vertex 145.005 112.616 8.3
    endloop
  endfacet
  facet normal -0.425867 0.864639 0.266526
    outer loop
      vertex 145.572 112.643 9
      vertex 145.475 112.811 8.3
      vertex 145.371 112.544 9
    endloop
  endfacet
  facet normal -0.426526 0.864376 0.266328
    outer loop
      vertex 145.246 112.698 8.3
      vertex 145.371 112.544 9
      vertex 145.475 112.811 8.3
    endloop
  endfacet
  facet normal -0.431025 0.86205 0.26662
    outer loop
      vertex 145.371 112.544 9
      vertex 145.246 112.698 8.3
      vertex 145.321 112.519 9
    endloop
  endfacet
  facet normal 0.864639 0.425867 0.266526
    outer loop
      vertex 142.643 113.428 9
      vertex 142.811 113.525 8.3
      vertex 142.544 113.629 9
    endloop
  endfacet
  facet normal 0.801947 0.534631 0.266552
    outer loop
      vertex 142.767 113.242 9
      vertex 142.811 113.525 8.3
      vertex 142.643 113.428 9
    endloop
  endfacet
  facet normal 0.912559 0.310497 0.266135
    outer loop
      vertex 142.501 113.733 9
      vertex 142.698 113.754 8.3
      vertex 142.616 113.995 8.3
    endloop
  endfacet
  facet normal 0.91438 0.304793 0.266477
    outer loop
      vertex 142.698 113.754 8.3
      vertex 142.501 113.733 9
      vertex 142.519 113.679 9
    endloop
  endfacet
  facet normal 0.431025 0.86205 0.26662
    outer loop
      vertex 143.754 112.698 8.3
      vertex 143.629 112.544 9
      vertex 143.679 112.519 9
    endloop
  endfacet
  facet normal 0.426526 0.864376 0.266328
    outer loop
      vertex 143.629 112.544 9
      vertex 143.754 112.698 8.3
      vertex 143.525 112.811 8.3
    endloop
  endfacet
  facet normal 0.536283 0.800648 0.267138
    outer loop
      vertex 143.313 112.953 8.3
      vertex 143.242 112.767 9
      vertex 143.525 112.811 8.3
    endloop
  endfacet
  facet normal 0.542407 0.79666 0.266699
    outer loop
      vertex 143.242 112.767 9
      vertex 143.313 112.953 8.3
      vertex 143.195 112.799 9
    endloop
  endfacet
  facet normal 0.309998 0.912773 0.265983
    outer loop
      vertex 143.945 112.429 9
      vertex 143.995 112.616 8.3
      vertex 143.733 112.501 9
    endloop
  endfacet
  facet normal 0.912773 -0.309998 0.265983
    outer loop
      vertex 142.616 115.005 8.3
      vertex 142.501 115.267 9
      vertex 142.429 115.055 9
    endloop
  endfacet
  facet normal 0.79666 -0.542407 0.266699
    outer loop
      vertex 142.767 115.758 9
      vertex 142.953 115.687 8.3
      vertex 142.799 115.805 9
    endloop
  endfacet
  facet normal 0.800648 -0.536283 0.267138
    outer loop
      vertex 142.953 115.687 8.3
      vertex 142.767 115.758 9
      vertex 142.811 115.475 8.3
    endloop
  endfacet
  facet normal 0.86205 -0.431025 0.26662
    outer loop
      vertex 142.698 115.246 8.3
      vertex 142.544 115.371 9
      vertex 142.519 115.321 9
    endloop
  endfacet
  facet normal 0.864376 -0.426526 0.266328
    outer loop
      vertex 142.544 115.371 9
      vertex 142.698 115.246 8.3
      vertex 142.811 115.475 8.3
    endloop
  endfacet
  facet normal 0.304793 -0.91438 0.266477
    outer loop
      vertex 143.754 116.302 8.3
      vertex 143.733 116.499 9
      vertex 143.679 116.481 9
    endloop
  endfacet
  facet normal 0.310497 -0.912559 0.266135
    outer loop
      vertex 143.733 116.499 9
      vertex 143.754 116.302 8.3
      vertex 143.995 116.384 8.3
    endloop
  endfacet
  facet normal 0.425867 -0.864639 0.266526
    outer loop
      vertex 143.525 116.189 8.3
      vertex 143.629 116.456 9
      vertex 143.428 116.357 9
    endloop
  endfacet
  facet normal 0.426526 -0.864376 0.266328
    outer loop
      vertex 143.754 116.302 8.3
      vertex 143.629 116.456 9
      vertex 143.525 116.189 8.3
    endloop
  endfacet
  facet normal 0.431025 -0.86205 0.26662
    outer loop
      vertex 143.629 116.456 9
      vertex 143.754 116.302 8.3
      vertex 143.679 116.481 9
    endloop
  endfacet
  facet normal -0.310497 -0.912559 0.266135
    outer loop
      vertex 145.246 116.302 8.3
      vertex 145.267 116.499 9
      vertex 145.005 116.384 8.3
    endloop
  endfacet
  facet normal -0.304793 -0.91438 0.266477
    outer loop
      vertex 145.267 116.499 9
      vertex 145.246 116.302 8.3
      vertex 145.321 116.481 9
    endloop
  endfacet
  facet normal -0.431025 -0.86205 0.26662
    outer loop
      vertex 145.246 116.302 8.3
      vertex 145.371 116.456 9
      vertex 145.321 116.481 9
    endloop
  endfacet
  facet normal -0.426526 -0.864376 0.266328
    outer loop
      vertex 145.371 116.456 9
      vertex 145.246 116.302 8.3
      vertex 145.475 116.189 8.3
    endloop
  endfacet
  facet normal -0.534631 -0.801947 0.266552
    outer loop
      vertex 145.758 116.233 9
      vertex 145.572 116.357 9
      vertex 145.475 116.189 8.3
    endloop
  endfacet
  facet normal -0.864376 -0.426526 0.266328
    outer loop
      vertex 146.302 115.246 8.3
      vertex 146.456 115.371 9
      vertex 146.189 115.475 8.3
    endloop
  endfacet
  facet normal -0.86205 -0.431025 0.26662
    outer loop
      vertex 146.456 115.371 9
      vertex 146.302 115.246 8.3
      vertex 146.481 115.321 9
    endloop
  endfacet
  facet normal -0.91438 -0.304793 0.266477
    outer loop
      vertex 146.302 115.246 8.3
      vertex 146.499 115.267 9
      vertex 146.481 115.321 9
    endloop
  endfacet
  facet normal -0.912559 -0.310497 0.266135
    outer loop
      vertex 146.499 115.267 9
      vertex 146.302 115.246 8.3
      vertex 146.384 115.005 8.3
    endloop
  endfacet
  facet normal -0.961417 -0.0646693 0.267386
    outer loop
      vertex 146.641 114.557 9
      vertex 146.626 114.78 9
      vertex 146.433 114.755 8.3
    endloop
  endfacet
  facet normal -0.944746 0.189812 0.267259
    outer loop
      vertex 146.582 114.001 9
      vertex 146.626 114.22 9
      vertex 146.433 114.245 8.3
    endloop
  endfacet
  facet normal -0.945977 0.185412 0.265987
    outer loop
      vertex 146.384 113.995 8.3
      vertex 146.582 114.001 9
      vertex 146.433 114.245 8.3
    endloop
  endfacet
  facet normal -0.945907 0.185803 0.265964
    outer loop
      vertex 146.582 114.001 9
      vertex 146.384 113.995 8.3
      vertex 146.571 113.945 9
    endloop
  endfacet
  facet normal -0.962438 0.0506547 0.266733
    outer loop
      vertex 146.45 114.5 8.3
      vertex 146.641 114.443 9
      vertex 146.644 114.5 9
    endloop
  endfacet
  facet normal -0.961411 0.064094 0.267547
    outer loop
      vertex 146.641 114.443 9
      vertex 146.45 114.5 8.3
      vertex 146.433 114.245 8.3
    endloop
  endfacet
  facet normal -0.309998 0.912773 0.265983
    outer loop
      vertex 145.055 112.429 9
      vertex 145.267 112.501 9
      vertex 145.005 112.616 8.3
    endloop
  endfacet
  facet normal -0.185803 0.945907 0.265964
    outer loop
      vertex 145.005 112.616 8.3
      vertex 144.999 112.418 9
      vertex 145.055 112.429 9
    endloop
  endfacet
  facet normal -0.185412 0.945977 0.265987
    outer loop
      vertex 144.999 112.418 9
      vertex 145.005 112.616 8.3
      vertex 144.755 112.567 8.3
    endloop
  endfacet
  facet normal -0.534631 0.801947 0.266552
    outer loop
      vertex 145.572 112.643 9
      vertex 145.758 112.767 9
      vertex 145.475 112.811 8.3
    endloop
  endfacet
  facet normal 0.912773 0.309998 0.265983
    outer loop
      vertex 142.501 113.733 9
      vertex 142.616 113.995 8.3
      vertex 142.429 113.945 9
    endloop
  endfacet
  facet normal 0.86205 0.431025 0.26662
    outer loop
      vertex 142.544 113.629 9
      vertex 142.698 113.754 8.3
      vertex 142.519 113.679 9
    endloop
  endfacet
  facet normal 0.864376 0.426526 0.266328
    outer loop
      vertex 142.698 113.754 8.3
      vertex 142.544 113.629 9
      vertex 142.811 113.525 8.3
    endloop
  endfacet
  facet normal 0.800648 0.536283 0.267138
    outer loop
      vertex 142.767 113.242 9
      vertex 142.953 113.313 8.3
      vertex 142.811 113.525 8.3
    endloop
  endfacet
  facet normal 0.79666 0.542407 0.266699
    outer loop
      vertex 142.953 113.313 8.3
      vertex 142.767 113.242 9
      vertex 142.799 113.195 9
    endloop
  endfacet
  facet normal 0.727199 0.632534 0.266611
    outer loop
      vertex 142.946 113.026 9
      vertex 142.953 113.313 8.3
      vertex 142.799 113.195 9
    endloop
  endfacet
  facet normal 0.945977 0.185412 0.265987
    outer loop
      vertex 142.418 114.001 9
      vertex 142.616 113.995 8.3
      vertex 142.567 114.245 8.3
    endloop
  endfacet
  facet normal 0.945907 0.185803 0.265964
    outer loop
      vertex 142.616 113.995 8.3
      vertex 142.418 114.001 9
      vertex 142.429 113.945 9
    endloop
  endfacet
  facet normal 0.310497 0.912559 0.266135
    outer loop
      vertex 143.754 112.698 8.3
      vertex 143.733 112.501 9
      vertex 143.995 112.616 8.3
    endloop
  endfacet
  facet normal 0.304793 0.91438 0.266477
    outer loop
      vertex 143.733 112.501 9
      vertex 143.754 112.698 8.3
      vertex 143.679 112.519 9
    endloop
  endfacet
  facet normal 0.189812 0.944746 0.267259
    outer loop
      vertex 144.22 112.374 9
      vertex 144.245 112.567 8.3
      vertex 144.001 112.418 9
    endloop
  endfacet
  facet normal 0.185412 0.945977 0.265987
    outer loop
      vertex 143.995 112.616 8.3
      vertex 144.001 112.418 9
      vertex 144.245 112.567 8.3
    endloop
  endfacet
  facet normal 0.185803 0.945907 0.265964
    outer loop
      vertex 144.001 112.418 9
      vertex 143.995 112.616 8.3
      vertex 143.945 112.429 9
    endloop
  endfacet
  facet normal 0.944746 -0.189812 0.267259
    outer loop
      vertex 142.567 114.755 8.3
      vertex 142.418 114.999 9
      vertex 142.374 114.78 9
    endloop
  endfacet
  facet normal 0.945907 -0.185803 0.265964
    outer loop
      vertex 142.418 114.999 9
      vertex 142.616 115.005 8.3
      vertex 142.429 115.055 9
    endloop
  endfacet
  facet normal 0.945977 -0.185412 0.265987
    outer loop
      vertex 142.616 115.005 8.3
      vertex 142.418 114.999 9
      vertex 142.567 114.755 8.3
    endloop
  endfacet
  facet normal 0.962438 -0.0506547 0.266733
    outer loop
      vertex 142.55 114.5 8.3
      vertex 142.359 114.557 9
      vertex 142.356 114.5 9
    endloop
  endfacet
  facet normal 0.961411 -0.064094 0.267547
    outer loop
      vertex 142.359 114.557 9
      vertex 142.55 114.5 8.3
      vertex 142.567 114.755 8.3
    endloop
  endfacet
  facet normal 0.309998 -0.912773 0.265983
    outer loop
      vertex 143.995 116.384 8.3
      vertex 143.945 116.571 9
      vertex 143.733 116.499 9
    endloop
  endfacet
  facet normal 0.185803 -0.945907 0.265964
    outer loop
      vertex 143.995 116.384 8.3
      vertex 144.001 116.582 9
      vertex 143.945 116.571 9
    endloop
  endfacet
  facet normal 0.185412 -0.945977 0.265987
    outer loop
      vertex 144.001 116.582 9
      vertex 143.995 116.384 8.3
      vertex 144.245 116.433 8.3
    endloop
  endfacet
  facet normal 0.534631 -0.801947 0.266552
    outer loop
      vertex 143.525 116.189 8.3
      vertex 143.428 116.357 9
      vertex 143.242 116.233 9
    endloop
  endfacet
  facet normal -0.189812 -0.944746 0.267259
    outer loop
      vertex 144.999 116.582 9
      vertex 144.78 116.626 9
      vertex 144.755 116.433 8.3
    endloop
  endfacet
  facet normal -0.309998 -0.912773 0.265983
    outer loop
      vertex 145.267 116.499 9
      vertex 145.055 116.571 9
      vertex 145.005 116.384 8.3
    endloop
  endfacet
  facet normal -0.0506547 -0.962438 0.266733
    outer loop
      vertex 144.5 116.45 8.3
      vertex 144.557 116.641 9
      vertex 144.5 116.644 9
    endloop
  endfacet
  facet normal -0.064094 -0.961411 0.267547
    outer loop
      vertex 144.557 116.641 9
      vertex 144.5 116.45 8.3
      vertex 144.755 116.433 8.3
    endloop
  endfacet
  facet normal -0.727199 -0.632534 0.266611
    outer loop
      vertex 146.201 115.805 9
      vertex 146.054 115.974 9
      vertex 146.047 115.687 8.3
    endloop
  endfacet
  facet normal -0.79666 -0.542407 0.266699
    outer loop
      vertex 146.047 115.687 8.3
      vertex 146.233 115.758 9
      vertex 146.201 115.805 9
    endloop
  endfacet
  facet normal -0.800648 -0.536283 0.267138
    outer loop
      vertex 146.233 115.758 9
      vertex 146.047 115.687 8.3
      vertex 146.189 115.475 8.3
    endloop
  endfacet
  facet normal -0.801947 -0.534631 0.266552
    outer loop
      vertex 146.357 115.572 9
      vertex 146.233 115.758 9
      vertex 146.189 115.475 8.3
    endloop
  endfacet
  facet normal -0.864639 -0.425867 0.266526
    outer loop
      vertex 146.456 115.371 9
      vertex 146.357 115.572 9
      vertex 146.189 115.475 8.3
    endloop
  endfacet
  facet normal -0.912773 -0.309998 0.265983
    outer loop
      vertex 146.571 115.055 9
      vertex 146.499 115.267 9
      vertex 146.384 115.005 8.3
    endloop
  endfacet
  facet normal -0.945907 -0.185803 0.265964
    outer loop
      vertex 146.384 115.005 8.3
      vertex 146.582 114.999 9
      vertex 146.571 115.055 9
    endloop
  endfacet
  facet normal -0.945977 -0.185412 0.265987
    outer loop
      vertex 146.582 114.999 9
      vertex 146.384 115.005 8.3
      vertex 146.433 114.755 8.3
    endloop
  endfacet
  facet normal -0.912559 0.310497 0.266135
    outer loop
      vertex 146.302 113.754 8.3
      vertex 146.499 113.733 9
      vertex 146.384 113.995 8.3
    endloop
  endfacet
  facet normal -0.91438 0.304793 0.266477
    outer loop
      vertex 146.499 113.733 9
      vertex 146.302 113.754 8.3
      vertex 146.481 113.679 9
    endloop
  endfacet
  facet normal -0.727199 0.632534 0.266611
    outer loop
      vertex 146.054 113.026 9
      vertex 146.201 113.195 9
      vertex 146.047 113.313 8.3
    endloop
  endfacet
  facet normal -0.189812 0.944746 0.267259
    outer loop
      vertex 144.78 112.374 9
      vertex 144.999 112.418 9
      vertex 144.755 112.567 8.3
    endloop
  endfacet
  facet normal -0.0646693 0.961417 0.267386
    outer loop
      vertex 144.78 112.374 9
      vertex 144.755 112.567 8.3
      vertex 144.557 112.359 9
    endloop
  endfacet
  facet normal -0.632534 0.727199 0.266611
    outer loop
      vertex 145.805 112.799 9
      vertex 145.974 112.946 9
      vertex 145.687 112.953 8.3
    endloop
  endfacet
  facet normal -0.542407 0.79666 0.266699
    outer loop
      vertex 145.687 112.953 8.3
      vertex 145.758 112.767 9
      vertex 145.805 112.799 9
    endloop
  endfacet
  facet normal -0.536283 0.800648 0.267138
    outer loop
      vertex 145.758 112.767 9
      vertex 145.687 112.953 8.3
      vertex 145.475 112.811 8.3
    endloop
  endfacet
  facet normal 0.944746 0.189812 0.267259
    outer loop
      vertex 142.418 114.001 9
      vertex 142.567 114.245 8.3
      vertex 142.374 114.22 9
    endloop
  endfacet
  facet normal 0.961417 0.0646693 0.267386
    outer loop
      vertex 142.374 114.22 9
      vertex 142.567 114.245 8.3
      vertex 142.359 114.443 9
    endloop
  endfacet
  facet normal 0.725171 0.634524 0.267407
    outer loop
      vertex 142.946 113.026 9
      vertex 143.121 113.121 8.3
      vertex 142.953 113.313 8.3
    endloop
  endfacet
  facet normal 0.71473 0.64666 0.266443
    outer loop
      vertex 143.121 113.121 8.3
      vertex 142.946 113.026 9
      vertex 142.984 112.984 9
    endloop
  endfacet
  facet normal 0.632534 0.727199 0.266611
    outer loop
      vertex 143.195 112.799 9
      vertex 143.313 112.953 8.3
      vertex 143.026 112.946 9
    endloop
  endfacet
  facet normal 0.0506547 0.962438 0.266733
    outer loop
      vertex 144.5 112.55 8.3
      vertex 144.443 112.359 9
      vertex 144.5 112.356 9
    endloop
  endfacet
  facet normal 0.064094 0.961411 0.267547
    outer loop
      vertex 144.443 112.359 9
      vertex 144.5 112.55 8.3
      vertex 144.245 112.567 8.3
    endloop
  endfacet
  facet normal 0.91438 -0.304793 0.266477
    outer loop
      vertex 142.501 115.267 9
      vertex 142.698 115.246 8.3
      vertex 142.519 115.321 9
    endloop
  endfacet
  facet normal 0.912559 -0.310497 0.266135
    outer loop
      vertex 142.698 115.246 8.3
      vertex 142.501 115.267 9
      vertex 142.616 115.005 8.3
    endloop
  endfacet
  facet normal 0.727199 -0.632534 0.266611
    outer loop
      vertex 142.953 115.687 8.3
      vertex 142.946 115.974 9
      vertex 142.799 115.805 9
    endloop
  endfacet
  facet normal 0.189812 -0.944746 0.267259
    outer loop
      vertex 144.245 116.433 8.3
      vertex 144.22 116.626 9
      vertex 144.001 116.582 9
    endloop
  endfacet
  facet normal 0.0646693 -0.961417 0.267386
    outer loop
      vertex 144.245 116.433 8.3
      vertex 144.443 116.641 9
      vertex 144.22 116.626 9
    endloop
  endfacet
  facet normal 0.632534 -0.727199 0.266611
    outer loop
      vertex 143.313 116.047 8.3
      vertex 143.195 116.201 9
      vertex 143.026 116.054 9
    endloop
  endfacet
  facet normal 0.542407 -0.79666 0.266699
    outer loop
      vertex 143.313 116.047 8.3
      vertex 143.242 116.233 9
      vertex 143.195 116.201 9
    endloop
  endfacet
  facet normal 0.536283 -0.800648 0.267138
    outer loop
      vertex 143.242 116.233 9
      vertex 143.313 116.047 8.3
      vertex 143.525 116.189 8.3
    endloop
  endfacet
  facet normal -0.185412 -0.945977 0.265987
    outer loop
      vertex 145.005 116.384 8.3
      vertex 144.999 116.582 9
      vertex 144.755 116.433 8.3
    endloop
  endfacet
  facet normal -0.185803 -0.945907 0.265964
    outer loop
      vertex 144.999 116.582 9
      vertex 145.005 116.384 8.3
      vertex 145.055 116.571 9
    endloop
  endfacet
  facet normal -0.425867 -0.864639 0.266526
    outer loop
      vertex 145.475 116.189 8.3
      vertex 145.572 116.357 9
      vertex 145.371 116.456 9
    endloop
  endfacet
  facet normal -0.632534 -0.727199 0.266611
    outer loop
      vertex 145.974 116.054 9
      vertex 145.805 116.201 9
      vertex 145.687 116.047 8.3
    endloop
  endfacet
  facet normal -0.71473 -0.64666 0.266443
    outer loop
      vertex 145.879 115.879 8.3
      vertex 146.054 115.974 9
      vertex 146.016 116.016 9
    endloop
  endfacet
  facet normal -0.725171 -0.634524 0.267407
    outer loop
      vertex 146.054 115.974 9
      vertex 145.879 115.879 8.3
      vertex 146.047 115.687 8.3
    endloop
  endfacet
  facet normal -0.864639 0.425867 0.266526
    outer loop
      vertex 146.357 113.428 9
      vertex 146.456 113.629 9
      vertex 146.189 113.525 8.3
    endloop
  endfacet
  facet normal -0.801947 0.534631 0.266552
    outer loop
      vertex 146.233 113.242 9
      vertex 146.357 113.428 9
      vertex 146.189 113.525 8.3
    endloop
  endfacet
  facet normal -0.64666 0.71473 0.266443
    outer loop
      vertex 145.879 113.121 8.3
      vertex 145.974 112.946 9
      vertex 146.016 112.984 9
    endloop
  endfacet
  facet normal -0.634524 0.725171 0.267407
    outer loop
      vertex 145.974 112.946 9
      vertex 145.879 113.121 8.3
      vertex 145.687 112.953 8.3
    endloop
  endfacet
  facet normal 0.425867 0.864639 0.266526
    outer loop
      vertex 143.629 112.544 9
      vertex 143.525 112.811 8.3
      vertex 143.428 112.643 9
    endloop
  endfacet
  facet normal 0.534631 0.801947 0.266552
    outer loop
      vertex 143.428 112.643 9
      vertex 143.525 112.811 8.3
      vertex 143.242 112.767 9
    endloop
  endfacet
  facet normal 0.864639 -0.425867 0.266526
    outer loop
      vertex 142.811 115.475 8.3
      vertex 142.643 115.572 9
      vertex 142.544 115.371 9
    endloop
  endfacet
  facet normal 0.801947 -0.534631 0.266552
    outer loop
      vertex 142.811 115.475 8.3
      vertex 142.767 115.758 9
      vertex 142.643 115.572 9
    endloop
  endfacet
  facet normal 0.64666 -0.71473 0.266443
    outer loop
      vertex 143.121 115.879 8.3
      vertex 143.026 116.054 9
      vertex 142.984 116.016 9
    endloop
  endfacet
  facet normal 0.634524 -0.725171 0.267407
    outer loop
      vertex 143.026 116.054 9
      vertex 143.121 115.879 8.3
      vertex 143.313 116.047 8.3
    endloop
  endfacet
  facet normal -0.536283 -0.800648 0.267138
    outer loop
      vertex 145.687 116.047 8.3
      vertex 145.758 116.233 9
      vertex 145.475 116.189 8.3
    endloop
  endfacet
  facet normal -0.542407 -0.79666 0.266699
    outer loop
      vertex 145.758 116.233 9
      vertex 145.687 116.047 8.3
      vertex 145.805 116.201 9
    endloop
  endfacet
  facet normal -0.997851 -0.0655283 0
    outer loop
      vertex 44.1 60 1.35
      vertex 44.082 60.2741 2.4
      vertex 44.082 60.2741 1.35
    endloop
  endfacet
  facet normal -0.997851 -0.0655283 0
    outer loop
      vertex 44.082 60.2741 2.4
      vertex 44.1 60 1.35
      vertex 44.1 60 2.4
    endloop
  endfacet
  facet normal 0.0655283 -0.997851 0
    outer loop
      vertex 41.7259 62.082 1.35
      vertex 42 62.1 2.4
      vertex 41.7259 62.082 2.4
    endloop
  endfacet
  facet normal 0.0655283 -0.997851 0
    outer loop
      vertex 42 62.1 2.4
      vertex 41.7259 62.082 1.35
      vertex 42 62.1 1.35
    endloop
  endfacet
  facet normal -0.0655283 0.997851 0
    outer loop
      vertex 42.2741 57.918 1.35
      vertex 42 57.9 2.4
      vertex 42.2741 57.918 2.4
    endloop
  endfacet
  facet normal -0.0655283 0.997851 0
    outer loop
      vertex 42 57.9 2.4
      vertex 42.2741 57.918 1.35
      vertex 42 57.9 1.35
    endloop
  endfacet
  facet normal -0.659355 -0.751832 0
    outer loop
      vertex 43.2784 61.666 1.35
      vertex 43.4849 61.4849 2.4
      vertex 43.2784 61.666 2.4
    endloop
  endfacet
  facet normal -0.659355 -0.751832 -0
    outer loop
      vertex 43.4849 61.4849 2.4
      vertex 43.2784 61.666 1.35
      vertex 43.4849 61.4849 1.35
    endloop
  endfacet
  facet normal 0.751832 -0.659355 0
    outer loop
      vertex 40.334 61.2784 2.4
      vertex 40.5151 61.4849 1.35
      vertex 40.5151 61.4849 2.4
    endloop
  endfacet
  facet normal 0.751832 -0.659355 0
    outer loop
      vertex 40.5151 61.4849 1.35
      vertex 40.334 61.2784 2.4
      vertex 40.334 61.2784 1.35
    endloop
  endfacet
  facet normal 0.441964 -0.897033 0
    outer loop
      vertex 40.95 61.8187 1.35
      vertex 41.1964 61.9401 2.4
      vertex 40.95 61.8187 2.4
    endloop
  endfacet
  facet normal 0.441964 -0.897033 0
    outer loop
      vertex 41.1964 61.9401 2.4
      vertex 40.95 61.8187 1.35
      vertex 41.1964 61.9401 1.35
    endloop
  endfacet
  facet normal -0.897033 -0.441964 0
    outer loop
      vertex 43.9401 60.8036 1.35
      vertex 43.8187 61.05 2.4
      vertex 43.8187 61.05 1.35
    endloop
  endfacet
  facet normal -0.897033 -0.441964 0
    outer loop
      vertex 43.8187 61.05 2.4
      vertex 43.9401 60.8036 1.35
      vertex 43.9401 60.8036 2.4
    endloop
  endfacet
  facet normal -0.831322 -0.555792 0
    outer loop
      vertex 43.8187 61.05 1.35
      vertex 43.666 61.2784 2.4
      vertex 43.666 61.2784 1.35
    endloop
  endfacet
  facet normal -0.831322 -0.555792 0
    outer loop
      vertex 43.666 61.2784 2.4
      vertex 43.8187 61.05 1.35
      vertex 43.8187 61.05 2.4
    endloop
  endfacet
  facet normal -0.321465 -0.946921 0
    outer loop
      vertex 42.5435 62.0284 1.35
      vertex 42.8036 61.9401 2.4
      vertex 42.5435 62.0284 2.4
    endloop
  endfacet
  facet normal -0.321465 -0.946921 -0
    outer loop
      vertex 42.8036 61.9401 2.4
      vertex 42.5435 62.0284 1.35
      vertex 42.8036 61.9401 1.35
    endloop
  endfacet
  facet normal -0.195136 -0.980776 0
    outer loop
      vertex 42.2741 62.082 1.35
      vertex 42.5435 62.0284 2.4
      vertex 42.2741 62.082 2.4
    endloop
  endfacet
  facet normal -0.195136 -0.980776 -0
    outer loop
      vertex 42.5435 62.0284 2.4
      vertex 42.2741 62.082 1.35
      vertex 42.5435 62.0284 1.35
    endloop
  endfacet
  facet normal -0.555792 -0.831322 0
    outer loop
      vertex 43.05 61.8187 1.35
      vertex 43.2784 61.666 2.4
      vertex 43.05 61.8187 2.4
    endloop
  endfacet
  facet normal -0.555792 -0.831322 -0
    outer loop
      vertex 43.2784 61.666 2.4
      vertex 43.05 61.8187 1.35
      vertex 43.2784 61.666 1.35
    endloop
  endfacet
  facet normal 0.897033 -0.441964 0
    outer loop
      vertex 40.0599 60.8036 2.4
      vertex 40.1813 61.05 1.35
      vertex 40.1813 61.05 2.4
    endloop
  endfacet
  facet normal 0.897033 -0.441964 0
    outer loop
      vertex 40.1813 61.05 1.35
      vertex 40.0599 60.8036 2.4
      vertex 40.0599 60.8036 1.35
    endloop
  endfacet
  facet normal 0.831322 -0.555792 0
    outer loop
      vertex 40.1813 61.05 2.4
      vertex 40.334 61.2784 1.35
      vertex 40.334 61.2784 2.4
    endloop
  endfacet
  facet normal 0.831322 -0.555792 0
    outer loop
      vertex 40.334 61.2784 1.35
      vertex 40.1813 61.05 2.4
      vertex 40.1813 61.05 1.35
    endloop
  endfacet
  facet normal 0.980776 -0.195136 0
    outer loop
      vertex 39.918 60.2741 2.4
      vertex 39.9716 60.5435 1.35
      vertex 39.9716 60.5435 2.4
    endloop
  endfacet
  facet normal 0.980776 -0.195136 0
    outer loop
      vertex 39.9716 60.5435 1.35
      vertex 39.918 60.2741 2.4
      vertex 39.918 60.2741 1.35
    endloop
  endfacet
  facet normal 0.555792 -0.831322 0
    outer loop
      vertex 40.7216 61.666 1.35
      vertex 40.95 61.8187 2.4
      vertex 40.7216 61.666 2.4
    endloop
  endfacet
  facet normal 0.555792 -0.831322 0
    outer loop
      vertex 40.95 61.8187 2.4
      vertex 40.7216 61.666 1.35
      vertex 40.95 61.8187 1.35
    endloop
  endfacet
  facet normal 0.321465 -0.946921 0
    outer loop
      vertex 41.1964 61.9401 1.35
      vertex 41.4565 62.0284 2.4
      vertex 41.1964 61.9401 2.4
    endloop
  endfacet
  facet normal 0.321465 -0.946921 0
    outer loop
      vertex 41.4565 62.0284 2.4
      vertex 41.1964 61.9401 1.35
      vertex 41.4565 62.0284 1.35
    endloop
  endfacet
  facet normal -0.897033 0.441964 0
    outer loop
      vertex 43.8187 58.95 1.35
      vertex 43.9401 59.1964 2.4
      vertex 43.9401 59.1964 1.35
    endloop
  endfacet
  facet normal -0.897033 0.441964 0
    outer loop
      vertex 43.9401 59.1964 2.4
      vertex 43.8187 58.95 1.35
      vertex 43.8187 58.95 2.4
    endloop
  endfacet
  facet normal -0.751832 0.659355 0
    outer loop
      vertex 43.4849 58.5151 1.35
      vertex 43.666 58.7216 2.4
      vertex 43.666 58.7216 1.35
    endloop
  endfacet
  facet normal -0.751832 0.659355 0
    outer loop
      vertex 43.666 58.7216 2.4
      vertex 43.4849 58.5151 1.35
      vertex 43.4849 58.5151 2.4
    endloop
  endfacet
  facet normal -0.555792 0.831322 0
    outer loop
      vertex 43.2784 58.334 1.35
      vertex 43.05 58.1813 2.4
      vertex 43.2784 58.334 2.4
    endloop
  endfacet
  facet normal -0.555792 0.831322 0
    outer loop
      vertex 43.05 58.1813 2.4
      vertex 43.2784 58.334 1.35
      vertex 43.05 58.1813 1.35
    endloop
  endfacet
  facet normal -0.831322 0.555792 0
    outer loop
      vertex 43.666 58.7216 1.35
      vertex 43.8187 58.95 2.4
      vertex 43.8187 58.95 1.35
    endloop
  endfacet
  facet normal -0.831322 0.555792 0
    outer loop
      vertex 43.8187 58.95 2.4
      vertex 43.666 58.7216 1.35
      vertex 43.666 58.7216 2.4
    endloop
  endfacet
  facet normal -0.980776 0.195136 0
    outer loop
      vertex 44.0284 59.4565 1.35
      vertex 44.082 59.7259 2.4
      vertex 44.082 59.7259 1.35
    endloop
  endfacet
  facet normal -0.980776 0.195136 0
    outer loop
      vertex 44.082 59.7259 2.4
      vertex 44.0284 59.4565 1.35
      vertex 44.0284 59.4565 2.4
    endloop
  endfacet
  facet normal 0.321465 0.946921 -0
    outer loop
      vertex 41.4565 57.9716 1.35
      vertex 41.1964 58.0599 2.4
      vertex 41.4565 57.9716 2.4
    endloop
  endfacet
  facet normal 0.321465 0.946921 0
    outer loop
      vertex 41.1964 58.0599 2.4
      vertex 41.4565 57.9716 1.35
      vertex 41.1964 58.0599 1.35
    endloop
  endfacet
  facet normal 0.555792 0.831322 -0
    outer loop
      vertex 40.95 58.1813 1.35
      vertex 40.7216 58.334 2.4
      vertex 40.95 58.1813 2.4
    endloop
  endfacet
  facet normal 0.555792 0.831322 0
    outer loop
      vertex 40.7216 58.334 2.4
      vertex 40.95 58.1813 1.35
      vertex 40.7216 58.334 1.35
    endloop
  endfacet
  facet normal 0.195136 0.980776 -0
    outer loop
      vertex 41.7259 57.918 1.35
      vertex 41.4565 57.9716 2.4
      vertex 41.7259 57.918 2.4
    endloop
  endfacet
  facet normal 0.195136 0.980776 0
    outer loop
      vertex 41.4565 57.9716 2.4
      vertex 41.7259 57.918 1.35
      vertex 41.4565 57.9716 1.35
    endloop
  endfacet
  facet normal 0.831322 0.555792 0
    outer loop
      vertex 40.334 58.7216 2.4
      vertex 40.1813 58.95 1.35
      vertex 40.1813 58.95 2.4
    endloop
  endfacet
  facet normal 0.831322 0.555792 0
    outer loop
      vertex 40.1813 58.95 1.35
      vertex 40.334 58.7216 2.4
      vertex 40.334 58.7216 1.35
    endloop
  endfacet
  facet normal 0.751832 0.659355 0
    outer loop
      vertex 40.5151 58.5151 2.4
      vertex 40.334 58.7216 1.35
      vertex 40.334 58.7216 2.4
    endloop
  endfacet
  facet normal 0.751832 0.659355 0
    outer loop
      vertex 40.334 58.7216 1.35
      vertex 40.5151 58.5151 2.4
      vertex 40.5151 58.5151 1.35
    endloop
  endfacet
  facet normal -0.946921 -0.321465 0
    outer loop
      vertex 44.0284 60.5435 1.35
      vertex 43.9401 60.8036 2.4
      vertex 43.9401 60.8036 1.35
    endloop
  endfacet
  facet normal -0.946921 -0.321465 0
    outer loop
      vertex 43.9401 60.8036 2.4
      vertex 44.0284 60.5435 1.35
      vertex 44.0284 60.5435 2.4
    endloop
  endfacet
  facet normal -0.980776 -0.195136 0
    outer loop
      vertex 44.082 60.2741 1.35
      vertex 44.0284 60.5435 2.4
      vertex 44.0284 60.5435 1.35
    endloop
  endfacet
  facet normal -0.980776 -0.195136 0
    outer loop
      vertex 44.0284 60.5435 2.4
      vertex 44.082 60.2741 1.35
      vertex 44.082 60.2741 2.4
    endloop
  endfacet
  facet normal -0.0655283 -0.997851 0
    outer loop
      vertex 42 62.1 1.35
      vertex 42.2741 62.082 2.4
      vertex 42 62.1 2.4
    endloop
  endfacet
  facet normal -0.0655283 -0.997851 -0
    outer loop
      vertex 42.2741 62.082 2.4
      vertex 42 62.1 1.35
      vertex 42.2741 62.082 1.35
    endloop
  endfacet
  facet normal 0.946921 -0.321465 0
    outer loop
      vertex 39.9716 60.5435 2.4
      vertex 40.0599 60.8036 1.35
      vertex 40.0599 60.8036 2.4
    endloop
  endfacet
  facet normal 0.946921 -0.321465 0
    outer loop
      vertex 40.0599 60.8036 1.35
      vertex 39.9716 60.5435 2.4
      vertex 39.9716 60.5435 1.35
    endloop
  endfacet
  facet normal 0.997851 -0.0655283 0
    outer loop
      vertex 39.9 60 2.4
      vertex 39.918 60.2741 1.35
      vertex 39.918 60.2741 2.4
    endloop
  endfacet
  facet normal 0.997851 -0.0655283 0
    outer loop
      vertex 39.918 60.2741 1.35
      vertex 39.9 60 2.4
      vertex 39.9 60 1.35
    endloop
  endfacet
  facet normal 0.195136 -0.980776 0
    outer loop
      vertex 41.4565 62.0284 1.35
      vertex 41.7259 62.082 2.4
      vertex 41.4565 62.0284 2.4
    endloop
  endfacet
  facet normal 0.195136 -0.980776 0
    outer loop
      vertex 41.7259 62.082 2.4
      vertex 41.4565 62.0284 1.35
      vertex 41.7259 62.082 1.35
    endloop
  endfacet
  facet normal -0.997851 0.0655283 0
    outer loop
      vertex 44.082 59.7259 1.35
      vertex 44.1 60 2.4
      vertex 44.1 60 1.35
    endloop
  endfacet
  facet normal -0.997851 0.0655283 0
    outer loop
      vertex 44.1 60 2.4
      vertex 44.082 59.7259 1.35
      vertex 44.082 59.7259 2.4
    endloop
  endfacet
  facet normal -0.195136 0.980776 0
    outer loop
      vertex 42.5435 57.9716 1.35
      vertex 42.2741 57.918 2.4
      vertex 42.5435 57.9716 2.4
    endloop
  endfacet
  facet normal -0.195136 0.980776 0
    outer loop
      vertex 42.2741 57.918 2.4
      vertex 42.5435 57.9716 1.35
      vertex 42.2741 57.918 1.35
    endloop
  endfacet
  facet normal -0.441964 0.897033 0
    outer loop
      vertex 43.05 58.1813 1.35
      vertex 42.8036 58.0599 2.4
      vertex 43.05 58.1813 2.4
    endloop
  endfacet
  facet normal -0.441964 0.897033 0
    outer loop
      vertex 42.8036 58.0599 2.4
      vertex 43.05 58.1813 1.35
      vertex 42.8036 58.0599 1.35
    endloop
  endfacet
  facet normal -0.659355 0.751832 0
    outer loop
      vertex 43.4849 58.5151 1.35
      vertex 43.2784 58.334 2.4
      vertex 43.4849 58.5151 2.4
    endloop
  endfacet
  facet normal -0.659355 0.751832 0
    outer loop
      vertex 43.2784 58.334 2.4
      vertex 43.4849 58.5151 1.35
      vertex 43.2784 58.334 1.35
    endloop
  endfacet
  facet normal 0.441964 0.897033 -0
    outer loop
      vertex 41.1964 58.0599 1.35
      vertex 40.95 58.1813 2.4
      vertex 41.1964 58.0599 2.4
    endloop
  endfacet
  facet normal 0.441964 0.897033 0
    outer loop
      vertex 40.95 58.1813 2.4
      vertex 41.1964 58.0599 1.35
      vertex 40.95 58.1813 1.35
    endloop
  endfacet
  facet normal 0.0655283 0.997851 -0
    outer loop
      vertex 42 57.9 1.35
      vertex 41.7259 57.918 2.4
      vertex 42 57.9 2.4
    endloop
  endfacet
  facet normal 0.0655283 0.997851 0
    outer loop
      vertex 41.7259 57.918 2.4
      vertex 42 57.9 1.35
      vertex 41.7259 57.918 1.35
    endloop
  endfacet
  facet normal 0.659355 0.751832 -0
    outer loop
      vertex 40.7216 58.334 1.35
      vertex 40.5151 58.5151 2.4
      vertex 40.7216 58.334 2.4
    endloop
  endfacet
  facet normal 0.659355 0.751832 0
    outer loop
      vertex 40.5151 58.5151 2.4
      vertex 40.7216 58.334 1.35
      vertex 40.5151 58.5151 1.35
    endloop
  endfacet
  facet normal 0.897033 0.441964 0
    outer loop
      vertex 40.1813 58.95 2.4
      vertex 40.0599 59.1964 1.35
      vertex 40.0599 59.1964 2.4
    endloop
  endfacet
  facet normal 0.897033 0.441964 0
    outer loop
      vertex 40.0599 59.1964 1.35
      vertex 40.1813 58.95 2.4
      vertex 40.1813 58.95 1.35
    endloop
  endfacet
  facet normal 0.980776 0.195136 0
    outer loop
      vertex 39.9716 59.4565 2.4
      vertex 39.918 59.7259 1.35
      vertex 39.918 59.7259 2.4
    endloop
  endfacet
  facet normal 0.980776 0.195136 0
    outer loop
      vertex 39.918 59.7259 1.35
      vertex 39.9716 59.4565 2.4
      vertex 39.9716 59.4565 1.35
    endloop
  endfacet
  facet normal -0.751832 -0.659355 0
    outer loop
      vertex 43.666 61.2784 1.35
      vertex 43.4849 61.4849 2.4
      vertex 43.4849 61.4849 1.35
    endloop
  endfacet
  facet normal -0.751832 -0.659355 0
    outer loop
      vertex 43.4849 61.4849 2.4
      vertex 43.666 61.2784 1.35
      vertex 43.666 61.2784 2.4
    endloop
  endfacet
  facet normal -0.441964 -0.897033 0
    outer loop
      vertex 42.8036 61.9401 1.35
      vertex 43.05 61.8187 2.4
      vertex 42.8036 61.9401 2.4
    endloop
  endfacet
  facet normal -0.441964 -0.897033 -0
    outer loop
      vertex 43.05 61.8187 2.4
      vertex 42.8036 61.9401 1.35
      vertex 43.05 61.8187 1.35
    endloop
  endfacet
  facet normal 0.997851 0.0655283 0
    outer loop
      vertex 39.918 59.7259 2.4
      vertex 39.9 60 1.35
      vertex 39.9 60 2.4
    endloop
  endfacet
  facet normal 0.997851 0.0655283 0
    outer loop
      vertex 39.9 60 1.35
      vertex 39.918 59.7259 2.4
      vertex 39.918 59.7259 1.35
    endloop
  endfacet
  facet normal 0.659355 -0.751832 0
    outer loop
      vertex 40.5151 61.4849 1.35
      vertex 40.7216 61.666 2.4
      vertex 40.5151 61.4849 2.4
    endloop
  endfacet
  facet normal 0.659355 -0.751832 0
    outer loop
      vertex 40.7216 61.666 2.4
      vertex 40.5151 61.4849 1.35
      vertex 40.7216 61.666 1.35
    endloop
  endfacet
  facet normal -0.321465 0.946921 0
    outer loop
      vertex 42.8036 58.0599 1.35
      vertex 42.5435 57.9716 2.4
      vertex 42.8036 58.0599 2.4
    endloop
  endfacet
  facet normal -0.321465 0.946921 0
    outer loop
      vertex 42.5435 57.9716 2.4
      vertex 42.8036 58.0599 1.35
      vertex 42.5435 57.9716 1.35
    endloop
  endfacet
  facet normal -0.946921 0.321465 0
    outer loop
      vertex 43.9401 59.1964 1.35
      vertex 44.0284 59.4565 2.4
      vertex 44.0284 59.4565 1.35
    endloop
  endfacet
  facet normal -0.946921 0.321465 0
    outer loop
      vertex 44.0284 59.4565 2.4
      vertex 43.9401 59.1964 1.35
      vertex 43.9401 59.1964 2.4
    endloop
  endfacet
  facet normal 0.946921 0.321465 0
    outer loop
      vertex 40.0599 59.1964 2.4
      vertex 39.9716 59.4565 1.35
      vertex 39.9716 59.4565 2.4
    endloop
  endfacet
  facet normal 0.946921 0.321465 0
    outer loop
      vertex 39.9716 59.4565 1.35
      vertex 40.0599 59.1964 2.4
      vertex 40.0599 59.1964 1.35
    endloop
  endfacet
  facet normal 0.510413 0.251478 -0.822336
    outer loop
      vertex 38.2619 58.4312 0
      vertex 40.0599 59.1964 1.35
      vertex 40.1813 58.95 1.35
    endloop
  endfacet
  facet normal 0.510147 0.252073 -0.822319
    outer loop
      vertex 40.0599 59.1964 1.35
      vertex 38.2619 58.4312 0
      vertex 38.2535 58.4482 0
    endloop
  endfacet
  facet normal -0.567752 -0.0390517 -0.822273
    outer loop
      vertex 44.1 60 1.35
      vertex 46.0539 60.0189 0
      vertex 46.0552 60 0
    endloop
  endfacet
  facet normal -0.567802 -0.0372872 -0.82232
    outer loop
      vertex 46.0539 60.0189 0
      vertex 44.1 60 1.35
      vertex 44.082 60.2741 1.35
    endloop
  endfacet
  facet normal -0.567793 -0.0371557 -0.822332
    outer loop
      vertex 46.0205 60.5293 0
      vertex 46.0539 60.0189 0
      vertex 44.082 60.2741 1.35
    endloop
  endfacet
  facet normal -0.558064 -0.111033 -0.822336
    outer loop
      vertex 44.0284 60.5435 1.35
      vertex 45.9207 61.031 0
      vertex 44.082 60.2741 1.35
    endloop
  endfacet
  facet normal -0.558069 -0.111014 -0.822335
    outer loop
      vertex 45.9207 61.031 0
      vertex 44.0284 60.5435 1.35
      vertex 45.917 61.0496 0
    endloop
  endfacet
  facet normal -0.510364 -0.251623 -0.822322
    outer loop
      vertex 45.5119 62.0276 0
      vertex 45.7381 61.5688 0
      vertex 43.8187 61.05 1.35
    endloop
  endfacet
  facet normal 0.567793 0.0371557 -0.822332
    outer loop
      vertex 39.918 59.7259 1.35
      vertex 37.9795 59.4707 0
      vertex 37.9461 59.9811 0
    endloop
  endfacet
  facet normal -0.510364 0.251623 -0.822322
    outer loop
      vertex 45.7381 58.4312 0
      vertex 45.5119 57.9724 0
      vertex 43.8187 58.95 1.35
    endloop
  endfacet
  facet normal 0.316149 -0.47311 -0.822324
    outer loop
      vertex 39.9724 63.5119 0
      vertex 40.95 61.8187 1.35
      vertex 39.5471 63.2277 0
    endloop
  endfacet
  facet normal 0.251623 0.510364 -0.822322
    outer loop
      vertex 40.95 58.1813 1.35
      vertex 40.4312 56.2619 0
      vertex 39.9724 56.4881 0
    endloop
  endfacet
  facet normal 0.316247 0.473024 -0.822336
    outer loop
      vertex 39.5471 56.7723 0
      vertex 40.7216 58.334 1.35
      vertex 40.95 58.1813 1.35
    endloop
  endfacet
  facet normal 0.316319 0.472972 -0.822338
    outer loop
      vertex 40.7216 58.334 1.35
      vertex 39.5471 56.7723 0
      vertex 39.5314 56.7828 0
    endloop
  endfacet
  facet normal 0.0371557 0.567793 -0.822332
    outer loop
      vertex 41.7259 57.918 1.35
      vertex 41.9811 55.9461 0
      vertex 41.4707 55.9795 0
    endloop
  endfacet
  facet normal -0.538562 0.183532 -0.822354
    outer loop
      vertex 43.9401 59.1964 1.35
      vertex 45.7526 58.4661 0
      vertex 45.7465 58.4482 0
    endloop
  endfacet
  facet normal -0.538799 0.182914 -0.822337
    outer loop
      vertex 45.7526 58.4661 0
      vertex 43.9401 59.1964 1.35
      vertex 44.0284 59.4565 1.35
    endloop
  endfacet
  facet normal -0.558071 0.111013 -0.822334
    outer loop
      vertex 46.0205 59.4707 0
      vertex 45.9207 58.969 0
      vertex 44.082 59.7259 1.35
    endloop
  endfacet
  facet normal -0.316319 -0.472972 -0.822338
    outer loop
      vertex 43.2784 61.666 1.35
      vertex 44.4529 63.2277 0
      vertex 44.4686 63.2172 0
    endloop
  endfacet
  facet normal -0.316247 -0.473024 -0.822336
    outer loop
      vertex 44.4529 63.2277 0
      vertex 43.2784 61.666 1.35
      vertex 43.05 61.8187 1.35
    endloop
  endfacet
  facet normal -0.182902 -0.538805 -0.822336
    outer loop
      vertex 43.0496 63.917 0
      vertex 43.5339 63.7526 0
      vertex 42.5435 62.0284 1.35
    endloop
  endfacet
  facet normal 0.0371557 -0.567793 -0.822332
    outer loop
      vertex 41.9811 64.0539 0
      vertex 41.7259 62.082 1.35
      vertex 41.4707 64.0205 0
    endloop
  endfacet
  facet normal 0.538805 -0.182902 -0.822336
    outer loop
      vertex 38.2474 61.5339 0
      vertex 39.9716 60.5435 1.35
      vertex 38.083 61.0496 0
    endloop
  endfacet
  facet normal 0.510364 -0.251623 -0.822322
    outer loop
      vertex 38.4881 62.0276 0
      vertex 40.1813 61.05 1.35
      vertex 38.2619 61.5688 0
    endloop
  endfacet
  facet normal 0.251623 -0.510364 -0.822322
    outer loop
      vertex 40.4312 63.7381 0
      vertex 40.95 61.8187 1.35
      vertex 39.9724 63.5119 0
    endloop
  endfacet
  facet normal 0.316149 0.47311 -0.822324
    outer loop
      vertex 40.95 58.1813 1.35
      vertex 39.9724 56.4881 0
      vertex 39.5471 56.7723 0
    endloop
  endfacet
  facet normal 0.472972 0.316319 -0.822338
    outer loop
      vertex 38.7723 57.5471 0
      vertex 40.334 58.7216 1.35
      vertex 38.7828 57.5314 0
    endloop
  endfacet
  facet normal 0.473024 0.316247 -0.822336
    outer loop
      vertex 40.334 58.7216 1.35
      vertex 38.7723 57.5471 0
      vertex 40.1813 58.95 1.35
    endloop
  endfacet
  facet normal 0.182902 0.538805 -0.822336
    outer loop
      vertex 41.4565 57.9716 1.35
      vertex 40.9504 56.083 0
      vertex 40.4661 56.2474 0
    endloop
  endfacet
  facet normal -0.251623 0.510364 -0.822322
    outer loop
      vertex 44.0276 56.4881 0
      vertex 43.5688 56.2619 0
      vertex 43.05 58.1813 1.35
    endloop
  endfacet
  facet normal -0.0390517 0.567752 -0.822273
    outer loop
      vertex 42 57.9 1.35
      vertex 42.0189 55.9461 0
      vertex 42 55.9448 0
    endloop
  endfacet
  facet normal -0.0372872 0.567802 -0.82232
    outer loop
      vertex 42.0189 55.9461 0
      vertex 42 57.9 1.35
      vertex 42.2741 57.918 1.35
    endloop
  endfacet
  facet normal -0.316319 0.472972 -0.822338
    outer loop
      vertex 44.4529 56.7723 0
      vertex 43.2784 58.334 1.35
      vertex 44.4686 56.7828 0
    endloop
  endfacet
  facet normal -0.316247 0.473024 -0.822336
    outer loop
      vertex 43.2784 58.334 1.35
      vertex 44.4529 56.7723 0
      vertex 43.05 58.1813 1.35
    endloop
  endfacet
  facet normal -0.538805 -0.182902 -0.822336
    outer loop
      vertex 45.7526 61.5339 0
      vertex 45.917 61.0496 0
      vertex 44.0284 60.5435 1.35
    endloop
  endfacet
  facet normal -0.558071 -0.111013 -0.822334
    outer loop
      vertex 45.9207 61.031 0
      vertex 46.0205 60.5293 0
      vertex 44.082 60.2741 1.35
    endloop
  endfacet
  facet normal -0.510147 -0.252073 -0.822319
    outer loop
      vertex 43.9401 60.8036 1.35
      vertex 45.7381 61.5688 0
      vertex 45.7465 61.5518 0
    endloop
  endfacet
  facet normal -0.510413 -0.251478 -0.822336
    outer loop
      vertex 45.7381 61.5688 0
      vertex 43.9401 60.8036 1.35
      vertex 43.8187 61.05 1.35
    endloop
  endfacet
  facet normal -0.47311 -0.316149 -0.822324
    outer loop
      vertex 45.2277 62.4529 0
      vertex 45.5119 62.0276 0
      vertex 43.8187 61.05 1.35
    endloop
  endfacet
  facet normal -0.111014 -0.558069 -0.822335
    outer loop
      vertex 42.5435 62.0284 1.35
      vertex 43.031 63.9207 0
      vertex 43.0496 63.917 0
    endloop
  endfacet
  facet normal -0.111033 -0.558064 -0.822336
    outer loop
      vertex 43.031 63.9207 0
      vertex 42.5435 62.0284 1.35
      vertex 42.2741 62.082 1.35
    endloop
  endfacet
  facet normal 0.182902 -0.538805 -0.822336
    outer loop
      vertex 40.9504 63.917 0
      vertex 41.4565 62.0284 1.35
      vertex 40.4661 63.7526 0
    endloop
  endfacet
  facet normal -0.183532 -0.538562 -0.822354
    outer loop
      vertex 42.8036 61.9401 1.35
      vertex 43.5339 63.7526 0
      vertex 43.5518 63.7465 0
    endloop
  endfacet
  facet normal -0.182914 -0.538799 -0.822337
    outer loop
      vertex 43.5339 63.7526 0
      vertex 42.8036 61.9401 1.35
      vertex 42.5435 62.0284 1.35
    endloop
  endfacet
  facet normal -0.111013 -0.558071 -0.822334
    outer loop
      vertex 42.5293 64.0205 0
      vertex 43.031 63.9207 0
      vertex 42.2741 62.082 1.35
    endloop
  endfacet
  facet normal 0.558071 -0.111013 -0.822334
    outer loop
      vertex 38.0793 61.031 0
      vertex 39.918 60.2741 1.35
      vertex 37.9795 60.5293 0
    endloop
  endfacet
  facet normal 0.558064 -0.111033 -0.822336
    outer loop
      vertex 38.0793 61.031 0
      vertex 39.9716 60.5435 1.35
      vertex 39.918 60.2741 1.35
    endloop
  endfacet
  facet normal 0.558069 -0.111014 -0.822335
    outer loop
      vertex 39.9716 60.5435 1.35
      vertex 38.0793 61.031 0
      vertex 38.083 61.0496 0
    endloop
  endfacet
  facet normal 0.510364 0.251623 -0.822322
    outer loop
      vertex 40.1813 58.95 1.35
      vertex 38.4881 57.9724 0
      vertex 38.2619 58.4312 0
    endloop
  endfacet
  facet normal 0.538562 0.183532 -0.822354
    outer loop
      vertex 38.2474 58.4661 0
      vertex 40.0599 59.1964 1.35
      vertex 38.2535 58.4482 0
    endloop
  endfacet
  facet normal 0.538799 0.182914 -0.822337
    outer loop
      vertex 40.0599 59.1964 1.35
      vertex 38.2474 58.4661 0
      vertex 39.9716 59.4565 1.35
    endloop
  endfacet
  facet normal 0.47311 0.316149 -0.822324
    outer loop
      vertex 40.1813 58.95 1.35
      vertex 38.7723 57.5471 0
      vertex 38.4881 57.9724 0
    endloop
  endfacet
  facet normal 0.252073 0.510147 -0.822319
    outer loop
      vertex 40.4312 56.2619 0
      vertex 41.1964 58.0599 1.35
      vertex 40.4482 56.2535 0
    endloop
  endfacet
  facet normal 0.251478 0.510413 -0.822336
    outer loop
      vertex 41.1964 58.0599 1.35
      vertex 40.4312 56.2619 0
      vertex 40.95 58.1813 1.35
    endloop
  endfacet
  facet normal 0.182914 0.538799 -0.822337
    outer loop
      vertex 40.4661 56.2474 0
      vertex 41.1964 58.0599 1.35
      vertex 41.4565 57.9716 1.35
    endloop
  endfacet
  facet normal 0.183532 0.538562 -0.822354
    outer loop
      vertex 41.1964 58.0599 1.35
      vertex 40.4661 56.2474 0
      vertex 40.4482 56.2535 0
    endloop
  endfacet
  facet normal -0.316149 0.47311 -0.822324
    outer loop
      vertex 44.4529 56.7723 0
      vertex 44.0276 56.4881 0
      vertex 43.05 58.1813 1.35
    endloop
  endfacet
  facet normal -0.0371557 0.567793 -0.822332
    outer loop
      vertex 42.2741 57.918 1.35
      vertex 42.5293 55.9795 0
      vertex 42.0189 55.9461 0
    endloop
  endfacet
  facet normal -0.252073 0.510147 -0.822319
    outer loop
      vertex 42.8036 58.0599 1.35
      vertex 43.5688 56.2619 0
      vertex 43.5518 56.2535 0
    endloop
  endfacet
  facet normal -0.251478 0.510413 -0.822336
    outer loop
      vertex 43.5688 56.2619 0
      vertex 42.8036 58.0599 1.35
      vertex 43.05 58.1813 1.35
    endloop
  endfacet
  facet normal 0.0390517 0.567752 -0.822273
    outer loop
      vertex 41.9811 55.9461 0
      vertex 42 57.9 1.35
      vertex 42 55.9448 0
    endloop
  endfacet
  facet normal 0.0372872 0.567802 -0.82232
    outer loop
      vertex 42 57.9 1.35
      vertex 41.9811 55.9461 0
      vertex 41.7259 57.918 1.35
    endloop
  endfacet
  facet normal -0.375217 0.427777 -0.822325
    outer loop
      vertex 44.4686 56.7828 0
      vertex 43.4849 58.5151 1.35
      vertex 44.8674 57.1326 0
    endloop
  endfacet
  facet normal -0.375181 0.427801 -0.82233
    outer loop
      vertex 43.4849 58.5151 1.35
      vertex 44.4686 56.7828 0
      vertex 43.2784 58.334 1.35
    endloop
  endfacet
  facet normal -0.47311 0.316149 -0.822324
    outer loop
      vertex 45.5119 57.9724 0
      vertex 45.2277 57.5471 0
      vertex 43.8187 58.95 1.35
    endloop
  endfacet
  facet normal -0.427774 0.375214 -0.822328
    outer loop
      vertex 44.8674 57.1326 0
      vertex 43.666 58.7216 1.35
      vertex 45.2172 57.5314 0
    endloop
  endfacet
  facet normal -0.427807 0.375186 -0.822324
    outer loop
      vertex 43.666 58.7216 1.35
      vertex 44.8674 57.1326 0
      vertex 43.4849 58.5151 1.35
    endloop
  endfacet
  facet normal -0.472972 0.316319 -0.822338
    outer loop
      vertex 43.666 58.7216 1.35
      vertex 45.2277 57.5471 0
      vertex 45.2172 57.5314 0
    endloop
  endfacet
  facet normal -0.473024 0.316247 -0.822336
    outer loop
      vertex 45.2277 57.5471 0
      vertex 43.666 58.7216 1.35
      vertex 43.8187 58.95 1.35
    endloop
  endfacet
  facet normal -0.510147 0.252073 -0.822319
    outer loop
      vertex 45.7381 58.4312 0
      vertex 43.9401 59.1964 1.35
      vertex 45.7465 58.4482 0
    endloop
  endfacet
  facet normal -0.510413 0.251478 -0.822336
    outer loop
      vertex 43.9401 59.1964 1.35
      vertex 45.7381 58.4312 0
      vertex 43.8187 58.95 1.35
    endloop
  endfacet
  facet normal -0.558069 0.111014 -0.822335
    outer loop
      vertex 44.0284 59.4565 1.35
      vertex 45.9207 58.969 0
      vertex 45.917 58.9504 0
    endloop
  endfacet
  facet normal -0.558064 0.111033 -0.822336
    outer loop
      vertex 45.9207 58.969 0
      vertex 44.0284 59.4565 1.35
      vertex 44.082 59.7259 1.35
    endloop
  endfacet
  facet normal -0.538805 0.182902 -0.822336
    outer loop
      vertex 45.917 58.9504 0
      vertex 45.7526 58.4661 0
      vertex 44.0284 59.4565 1.35
    endloop
  endfacet
  facet normal -0.567793 0.0371557 -0.822332
    outer loop
      vertex 46.0539 59.9811 0
      vertex 46.0205 59.4707 0
      vertex 44.082 59.7259 1.35
    endloop
  endfacet
  facet normal -0.567752 0.0390517 -0.822273
    outer loop
      vertex 46.0539 59.9811 0
      vertex 44.1 60 1.35
      vertex 46.0552 60 0
    endloop
  endfacet
  facet normal -0.567802 0.0372872 -0.82232
    outer loop
      vertex 44.1 60 1.35
      vertex 46.0539 59.9811 0
      vertex 44.082 59.7259 1.35
    endloop
  endfacet
  facet normal -0.538799 -0.182914 -0.822337
    outer loop
      vertex 43.9401 60.8036 1.35
      vertex 45.7526 61.5339 0
      vertex 44.0284 60.5435 1.35
    endloop
  endfacet
  facet normal -0.538562 -0.183532 -0.822354
    outer loop
      vertex 45.7526 61.5339 0
      vertex 43.9401 60.8036 1.35
      vertex 45.7465 61.5518 0
    endloop
  endfacet
  facet normal -0.473024 -0.316247 -0.822336
    outer loop
      vertex 43.666 61.2784 1.35
      vertex 45.2277 62.4529 0
      vertex 43.8187 61.05 1.35
    endloop
  endfacet
  facet normal -0.472972 -0.316319 -0.822338
    outer loop
      vertex 45.2277 62.4529 0
      vertex 43.666 61.2784 1.35
      vertex 45.2172 62.4686 0
    endloop
  endfacet
  facet normal -0.251623 -0.510364 -0.822322
    outer loop
      vertex 43.5688 63.7381 0
      vertex 44.0276 63.5119 0
      vertex 43.05 61.8187 1.35
    endloop
  endfacet
  facet normal -0.316149 -0.47311 -0.822324
    outer loop
      vertex 44.0276 63.5119 0
      vertex 44.4529 63.2277 0
      vertex 43.05 61.8187 1.35
    endloop
  endfacet
  facet normal 0.0390517 -0.567752 -0.822273
    outer loop
      vertex 42 62.1 1.35
      vertex 41.9811 64.0539 0
      vertex 42 64.0552 0
    endloop
  endfacet
  facet normal 0.0372872 -0.567802 -0.82232
    outer loop
      vertex 41.9811 64.0539 0
      vertex 42 62.1 1.35
      vertex 41.7259 62.082 1.35
    endloop
  endfacet
  facet normal -0.251478 -0.510413 -0.822336
    outer loop
      vertex 42.8036 61.9401 1.35
      vertex 43.5688 63.7381 0
      vertex 43.05 61.8187 1.35
    endloop
  endfacet
  facet normal -0.252073 -0.510147 -0.822319
    outer loop
      vertex 43.5688 63.7381 0
      vertex 42.8036 61.9401 1.35
      vertex 43.5518 63.7465 0
    endloop
  endfacet
  facet normal -0.0371557 -0.567793 -0.822332
    outer loop
      vertex 42.5293 64.0205 0
      vertex 42.2741 62.082 1.35
      vertex 42.0189 64.0539 0
    endloop
  endfacet
  facet normal -0.0372872 -0.567802 -0.82232
    outer loop
      vertex 42 62.1 1.35
      vertex 42.0189 64.0539 0
      vertex 42.2741 62.082 1.35
    endloop
  endfacet
  facet normal -0.0390517 -0.567752 -0.822273
    outer loop
      vertex 42.0189 64.0539 0
      vertex 42 62.1 1.35
      vertex 42 64.0552 0
    endloop
  endfacet
  facet normal 0.567793 -0.0371557 -0.822332
    outer loop
      vertex 37.9795 60.5293 0
      vertex 39.918 60.2741 1.35
      vertex 37.9461 60.0189 0
    endloop
  endfacet
  facet normal 0.375181 -0.427801 -0.82233
    outer loop
      vertex 40.5151 61.4849 1.35
      vertex 39.5314 63.2172 0
      vertex 40.7216 61.666 1.35
    endloop
  endfacet
  facet normal 0.375217 -0.427777 -0.822325
    outer loop
      vertex 39.5314 63.2172 0
      vertex 40.5151 61.4849 1.35
      vertex 39.1326 62.8674 0
    endloop
  endfacet
  facet normal 0.316247 -0.473024 -0.822336
    outer loop
      vertex 40.7216 61.666 1.35
      vertex 39.5471 63.2277 0
      vertex 40.95 61.8187 1.35
    endloop
  endfacet
  facet normal 0.316319 -0.472972 -0.822338
    outer loop
      vertex 39.5471 63.2277 0
      vertex 40.7216 61.666 1.35
      vertex 39.5314 63.2172 0
    endloop
  endfacet
  facet normal 0.473024 -0.316247 -0.822336
    outer loop
      vertex 38.7723 62.4529 0
      vertex 40.334 61.2784 1.35
      vertex 40.1813 61.05 1.35
    endloop
  endfacet
  facet normal 0.472972 -0.316319 -0.822338
    outer loop
      vertex 40.334 61.2784 1.35
      vertex 38.7723 62.4529 0
      vertex 38.7828 62.4686 0
    endloop
  endfacet
  facet normal 0.510413 -0.251478 -0.822336
    outer loop
      vertex 40.0599 60.8036 1.35
      vertex 38.2619 61.5688 0
      vertex 40.1813 61.05 1.35
    endloop
  endfacet
  facet normal 0.510147 -0.252073 -0.822319
    outer loop
      vertex 38.2619 61.5688 0
      vertex 40.0599 60.8036 1.35
      vertex 38.2535 61.5518 0
    endloop
  endfacet
  facet normal 0.47311 -0.316149 -0.822324
    outer loop
      vertex 38.7723 62.4529 0
      vertex 40.1813 61.05 1.35
      vertex 38.4881 62.0276 0
    endloop
  endfacet
  facet normal 0.427807 0.375186 -0.822324
    outer loop
      vertex 39.1326 57.1326 0
      vertex 40.334 58.7216 1.35
      vertex 40.5151 58.5151 1.35
    endloop
  endfacet
  facet normal 0.427774 0.375214 -0.822328
    outer loop
      vertex 40.334 58.7216 1.35
      vertex 39.1326 57.1326 0
      vertex 38.7828 57.5314 0
    endloop
  endfacet
  facet normal 0.558071 0.111013 -0.822334
    outer loop
      vertex 39.918 59.7259 1.35
      vertex 38.0793 58.969 0
      vertex 37.9795 59.4707 0
    endloop
  endfacet
  facet normal 0.111013 0.558071 -0.822334
    outer loop
      vertex 41.7259 57.918 1.35
      vertex 41.4707 55.9795 0
      vertex 40.969 56.0793 0
    endloop
  endfacet
  facet normal 0.111033 0.558064 -0.822336
    outer loop
      vertex 40.969 56.0793 0
      vertex 41.4565 57.9716 1.35
      vertex 41.7259 57.918 1.35
    endloop
  endfacet
  facet normal 0.111014 0.558069 -0.822335
    outer loop
      vertex 41.4565 57.9716 1.35
      vertex 40.969 56.0793 0
      vertex 40.9504 56.083 0
    endloop
  endfacet
  facet normal -0.111014 0.558069 -0.822335
    outer loop
      vertex 43.031 56.0793 0
      vertex 42.5435 57.9716 1.35
      vertex 43.0496 56.083 0
    endloop
  endfacet
  facet normal -0.111033 0.558064 -0.822336
    outer loop
      vertex 42.5435 57.9716 1.35
      vertex 43.031 56.0793 0
      vertex 42.2741 57.918 1.35
    endloop
  endfacet
  facet normal -0.111013 0.558071 -0.822334
    outer loop
      vertex 43.031 56.0793 0
      vertex 42.5293 55.9795 0
      vertex 42.2741 57.918 1.35
    endloop
  endfacet
  facet normal -0.427774 -0.375214 -0.822328
    outer loop
      vertex 43.666 61.2784 1.35
      vertex 44.8674 62.8674 0
      vertex 45.2172 62.4686 0
    endloop
  endfacet
  facet normal -0.427807 -0.375186 -0.822324
    outer loop
      vertex 44.8674 62.8674 0
      vertex 43.666 61.2784 1.35
      vertex 43.4849 61.4849 1.35
    endloop
  endfacet
  facet normal -0.375217 -0.427777 -0.822325
    outer loop
      vertex 43.4849 61.4849 1.35
      vertex 44.4686 63.2172 0
      vertex 44.8674 62.8674 0
    endloop
  endfacet
  facet normal -0.375181 -0.427801 -0.82233
    outer loop
      vertex 44.4686 63.2172 0
      vertex 43.4849 61.4849 1.35
      vertex 43.2784 61.666 1.35
    endloop
  endfacet
  facet normal 0.182914 -0.538799 -0.822337
    outer loop
      vertex 41.1964 61.9401 1.35
      vertex 40.4661 63.7526 0
      vertex 41.4565 62.0284 1.35
    endloop
  endfacet
  facet normal 0.183532 -0.538562 -0.822354
    outer loop
      vertex 40.4661 63.7526 0
      vertex 41.1964 61.9401 1.35
      vertex 40.4482 63.7465 0
    endloop
  endfacet
  facet normal 0.251478 -0.510413 -0.822336
    outer loop
      vertex 40.4312 63.7381 0
      vertex 41.1964 61.9401 1.35
      vertex 40.95 61.8187 1.35
    endloop
  endfacet
  facet normal 0.252073 -0.510147 -0.822319
    outer loop
      vertex 41.1964 61.9401 1.35
      vertex 40.4312 63.7381 0
      vertex 40.4482 63.7465 0
    endloop
  endfacet
  facet normal 0.111033 -0.558064 -0.822336
    outer loop
      vertex 41.4565 62.0284 1.35
      vertex 40.969 63.9207 0
      vertex 41.7259 62.082 1.35
    endloop
  endfacet
  facet normal 0.111014 -0.558069 -0.822335
    outer loop
      vertex 40.969 63.9207 0
      vertex 41.4565 62.0284 1.35
      vertex 40.9504 63.917 0
    endloop
  endfacet
  facet normal 0.111013 -0.558071 -0.822334
    outer loop
      vertex 41.4707 64.0205 0
      vertex 41.7259 62.082 1.35
      vertex 40.969 63.9207 0
    endloop
  endfacet
  facet normal 0.567802 -0.0372872 -0.82232
    outer loop
      vertex 39.9 60 1.35
      vertex 37.9461 60.0189 0
      vertex 39.918 60.2741 1.35
    endloop
  endfacet
  facet normal 0.567752 -0.0390517 -0.822273
    outer loop
      vertex 37.9461 60.0189 0
      vertex 39.9 60 1.35
      vertex 37.9448 60 0
    endloop
  endfacet
  facet normal 0.567802 0.0372872 -0.82232
    outer loop
      vertex 37.9461 59.9811 0
      vertex 39.9 60 1.35
      vertex 39.918 59.7259 1.35
    endloop
  endfacet
  facet normal 0.567752 0.0390517 -0.822273
    outer loop
      vertex 39.9 60 1.35
      vertex 37.9461 59.9811 0
      vertex 37.9448 60 0
    endloop
  endfacet
  facet normal 0.427807 -0.375186 -0.822324
    outer loop
      vertex 40.334 61.2784 1.35
      vertex 39.1326 62.8674 0
      vertex 40.5151 61.4849 1.35
    endloop
  endfacet
  facet normal 0.427774 -0.375214 -0.822328
    outer loop
      vertex 39.1326 62.8674 0
      vertex 40.334 61.2784 1.35
      vertex 38.7828 62.4686 0
    endloop
  endfacet
  facet normal 0.538799 -0.182914 -0.822337
    outer loop
      vertex 38.2474 61.5339 0
      vertex 40.0599 60.8036 1.35
      vertex 39.9716 60.5435 1.35
    endloop
  endfacet
  facet normal 0.538562 -0.183532 -0.822354
    outer loop
      vertex 40.0599 60.8036 1.35
      vertex 38.2474 61.5339 0
      vertex 38.2535 61.5518 0
    endloop
  endfacet
  facet normal 0.375181 0.427801 -0.82233
    outer loop
      vertex 39.5314 56.7828 0
      vertex 40.5151 58.5151 1.35
      vertex 40.7216 58.334 1.35
    endloop
  endfacet
  facet normal 0.375217 0.427777 -0.822325
    outer loop
      vertex 40.5151 58.5151 1.35
      vertex 39.5314 56.7828 0
      vertex 39.1326 57.1326 0
    endloop
  endfacet
  facet normal 0.558069 0.111014 -0.822335
    outer loop
      vertex 38.0793 58.969 0
      vertex 39.9716 59.4565 1.35
      vertex 38.083 58.9504 0
    endloop
  endfacet
  facet normal 0.558064 0.111033 -0.822336
    outer loop
      vertex 39.9716 59.4565 1.35
      vertex 38.0793 58.969 0
      vertex 39.918 59.7259 1.35
    endloop
  endfacet
  facet normal 0.538805 0.182902 -0.822336
    outer loop
      vertex 39.9716 59.4565 1.35
      vertex 38.2474 58.4661 0
      vertex 38.083 58.9504 0
    endloop
  endfacet
  facet normal -0.182902 0.538805 -0.822336
    outer loop
      vertex 43.5339 56.2474 0
      vertex 43.0496 56.083 0
      vertex 42.5435 57.9716 1.35
    endloop
  endfacet
  facet normal -0.183532 0.538562 -0.822354
    outer loop
      vertex 43.5339 56.2474 0
      vertex 42.8036 58.0599 1.35
      vertex 43.5518 56.2535 0
    endloop
  endfacet
  facet normal -0.182914 0.538799 -0.822337
    outer loop
      vertex 42.8036 58.0599 1.35
      vertex 43.5339 56.2474 0
      vertex 42.5435 57.9716 1.35
    endloop
  endfacet
  facet normal -0.997851 -0.0655283 0
    outer loop
      vertex 110.1 60 1.35
      vertex 110.082 60.2741 2.4
      vertex 110.082 60.2741 1.35
    endloop
  endfacet
  facet normal -0.997851 -0.0655283 0
    outer loop
      vertex 110.082 60.2741 2.4
      vertex 110.1 60 1.35
      vertex 110.1 60 2.4
    endloop
  endfacet
  facet normal 0.0655521 -0.997849 0
    outer loop
      vertex 107.726 62.082 1.35
      vertex 108 62.1 2.4
      vertex 107.726 62.082 2.4
    endloop
  endfacet
  facet normal 0.0655521 -0.997849 0
    outer loop
      vertex 108 62.1 2.4
      vertex 107.726 62.082 1.35
      vertex 108 62.1 1.35
    endloop
  endfacet
  facet normal -0.0655521 0.997849 0
    outer loop
      vertex 108.274 57.918 1.35
      vertex 108 57.9 2.4
      vertex 108.274 57.918 2.4
    endloop
  endfacet
  facet normal -0.0655521 0.997849 0
    outer loop
      vertex 108 57.9 2.4
      vertex 108.274 57.918 1.35
      vertex 108 57.9 1.35
    endloop
  endfacet
  facet normal 0.658453 0.752622 -0
    outer loop
      vertex 106.722 58.334 1.35
      vertex 106.515 58.5151 2.4
      vertex 106.722 58.334 2.4
    endloop
  endfacet
  facet normal 0.658453 0.752622 0
    outer loop
      vertex 106.515 58.5151 2.4
      vertex 106.722 58.334 1.35
      vertex 106.515 58.5151 1.35
    endloop
  endfacet
  facet normal -0.658453 -0.752622 0
    outer loop
      vertex 109.278 61.666 1.35
      vertex 109.485 61.4849 2.4
      vertex 109.278 61.666 2.4
    endloop
  endfacet
  facet normal -0.658453 -0.752622 -0
    outer loop
      vertex 109.485 61.4849 2.4
      vertex 109.278 61.666 1.35
      vertex 109.485 61.4849 1.35
    endloop
  endfacet
  facet normal 0.752012 -0.659149 0
    outer loop
      vertex 106.334 61.2784 2.4
      vertex 106.515 61.4849 1.35
      vertex 106.515 61.4849 2.4
    endloop
  endfacet
  facet normal 0.752012 -0.659149 0
    outer loop
      vertex 106.515 61.4849 1.35
      vertex 106.334 61.2784 2.4
      vertex 106.334 61.2784 1.35
    endloop
  endfacet
  facet normal 0.442542 -0.896748 0
    outer loop
      vertex 106.95 61.8187 1.35
      vertex 107.196 61.9401 2.4
      vertex 106.95 61.8187 2.4
    endloop
  endfacet
  facet normal 0.442542 -0.896748 0
    outer loop
      vertex 107.196 61.9401 2.4
      vertex 106.95 61.8187 1.35
      vertex 107.196 61.9401 1.35
    endloop
  endfacet
  facet normal -0.752012 0.659149 0
    outer loop
      vertex 109.485 58.5151 1.35
      vertex 109.666 58.7216 2.4
      vertex 109.666 58.7216 1.35
    endloop
  endfacet
  facet normal -0.752012 0.659149 0
    outer loop
      vertex 109.666 58.7216 2.4
      vertex 109.485 58.5151 1.35
      vertex 109.485 58.5151 2.4
    endloop
  endfacet
  facet normal -0.89761 -0.440791 0
    outer loop
      vertex 109.94 60.8036 1.35
      vertex 109.819 61.05 2.4
      vertex 109.819 61.05 1.35
    endloop
  endfacet
  facet normal -0.89761 -0.440791 0
    outer loop
      vertex 109.819 61.05 2.4
      vertex 109.94 60.8036 1.35
      vertex 109.94 60.8036 2.4
    endloop
  endfacet
  facet normal -0.830817 -0.556546 0
    outer loop
      vertex 109.819 61.05 1.35
      vertex 109.666 61.2784 2.4
      vertex 109.666 61.2784 1.35
    endloop
  endfacet
  facet normal -0.830817 -0.556546 0
    outer loop
      vertex 109.666 61.2784 2.4
      vertex 109.819 61.05 1.35
      vertex 109.819 61.05 2.4
    endloop
  endfacet
  facet normal -0.321576 -0.946884 0
    outer loop
      vertex 108.544 62.0284 1.35
      vertex 108.804 61.9401 2.4
      vertex 108.544 62.0284 2.4
    endloop
  endfacet
  facet normal -0.321576 -0.946884 -0
    outer loop
      vertex 108.804 61.9401 2.4
      vertex 108.544 62.0284 1.35
      vertex 108.804 61.9401 1.35
    endloop
  endfacet
  facet normal -0.194719 -0.980859 0
    outer loop
      vertex 108.274 62.082 1.35
      vertex 108.544 62.0284 2.4
      vertex 108.274 62.082 2.4
    endloop
  endfacet
  facet normal -0.194719 -0.980859 -0
    outer loop
      vertex 108.544 62.0284 2.4
      vertex 108.274 62.082 1.35
      vertex 108.544 62.0284 1.35
    endloop
  endfacet
  facet normal -0.556465 -0.830871 0
    outer loop
      vertex 109.05 61.8187 1.35
      vertex 109.278 61.666 2.4
      vertex 109.05 61.8187 2.4
    endloop
  endfacet
  facet normal -0.556465 -0.830871 -0
    outer loop
      vertex 109.278 61.666 2.4
      vertex 109.05 61.8187 1.35
      vertex 109.278 61.666 1.35
    endloop
  endfacet
  facet normal 0.947253 -0.320486 0
    outer loop
      vertex 105.972 60.5435 2.4
      vertex 106.06 60.8036 1.35
      vertex 106.06 60.8036 2.4
    endloop
  endfacet
  facet normal 0.947253 -0.320486 0
    outer loop
      vertex 106.06 60.8036 1.35
      vertex 105.972 60.5435 2.4
      vertex 105.972 60.5435 1.35
    endloop
  endfacet
  facet normal 0.830817 -0.556546 0
    outer loop
      vertex 106.181 61.05 2.4
      vertex 106.334 61.2784 1.35
      vertex 106.334 61.2784 2.4
    endloop
  endfacet
  facet normal 0.830817 -0.556546 0
    outer loop
      vertex 106.334 61.2784 1.35
      vertex 106.181 61.05 2.4
      vertex 106.181 61.05 1.35
    endloop
  endfacet
  facet normal 0.980497 -0.196536 0
    outer loop
      vertex 105.918 60.2741 2.4
      vertex 105.972 60.5435 1.35
      vertex 105.972 60.5435 2.4
    endloop
  endfacet
  facet normal 0.980497 -0.196536 0
    outer loop
      vertex 105.972 60.5435 1.35
      vertex 105.918 60.2741 2.4
      vertex 105.918 60.2741 1.35
    endloop
  endfacet
  facet normal 0.556465 -0.830871 0
    outer loop
      vertex 106.722 61.666 1.35
      vertex 106.95 61.8187 2.4
      vertex 106.722 61.666 2.4
    endloop
  endfacet
  facet normal 0.556465 -0.830871 0
    outer loop
      vertex 106.95 61.8187 2.4
      vertex 106.722 61.666 1.35
      vertex 106.95 61.8187 1.35
    endloop
  endfacet
  facet normal 0.321576 -0.946884 0
    outer loop
      vertex 107.196 61.9401 1.35
      vertex 107.456 62.0284 2.4
      vertex 107.196 61.9401 2.4
    endloop
  endfacet
  facet normal 0.321576 -0.946884 0
    outer loop
      vertex 107.456 62.0284 2.4
      vertex 107.196 61.9401 1.35
      vertex 107.456 62.0284 1.35
    endloop
  endfacet
  facet normal -0.947253 0.320486 0
    outer loop
      vertex 109.94 59.1964 1.35
      vertex 110.028 59.4565 2.4
      vertex 110.028 59.4565 1.35
    endloop
  endfacet
  facet normal -0.947253 0.320486 0
    outer loop
      vertex 110.028 59.4565 2.4
      vertex 109.94 59.1964 1.35
      vertex 109.94 59.1964 2.4
    endloop
  endfacet
  facet normal -0.556465 0.830871 0
    outer loop
      vertex 109.278 58.334 1.35
      vertex 109.05 58.1813 2.4
      vertex 109.278 58.334 2.4
    endloop
  endfacet
  facet normal -0.556465 0.830871 0
    outer loop
      vertex 109.05 58.1813 2.4
      vertex 109.278 58.334 1.35
      vertex 109.05 58.1813 1.35
    endloop
  endfacet
  facet normal -0.830817 0.556546 0
    outer loop
      vertex 109.666 58.7216 1.35
      vertex 109.819 58.95 2.4
      vertex 109.819 58.95 1.35
    endloop
  endfacet
  facet normal -0.830817 0.556546 0
    outer loop
      vertex 109.819 58.95 2.4
      vertex 109.666 58.7216 1.35
      vertex 109.666 58.7216 2.4
    endloop
  endfacet
  facet normal -0.980497 0.196536 0
    outer loop
      vertex 110.028 59.4565 1.35
      vertex 110.082 59.7259 2.4
      vertex 110.082 59.7259 1.35
    endloop
  endfacet
  facet normal -0.980497 0.196536 0
    outer loop
      vertex 110.082 59.7259 2.4
      vertex 110.028 59.4565 1.35
      vertex 110.028 59.4565 2.4
    endloop
  endfacet
  facet normal 0.321576 0.946884 -0
    outer loop
      vertex 107.456 57.9716 1.35
      vertex 107.196 58.0599 2.4
      vertex 107.456 57.9716 2.4
    endloop
  endfacet
  facet normal 0.321576 0.946884 0
    outer loop
      vertex 107.196 58.0599 2.4
      vertex 107.456 57.9716 1.35
      vertex 107.196 58.0599 1.35
    endloop
  endfacet
  facet normal 0.556465 0.830871 -0
    outer loop
      vertex 106.95 58.1813 1.35
      vertex 106.722 58.334 2.4
      vertex 106.95 58.1813 2.4
    endloop
  endfacet
  facet normal 0.556465 0.830871 0
    outer loop
      vertex 106.722 58.334 2.4
      vertex 106.95 58.1813 1.35
      vertex 106.722 58.334 1.35
    endloop
  endfacet
  facet normal 0.194719 0.980859 -0
    outer loop
      vertex 107.726 57.918 1.35
      vertex 107.456 57.9716 2.4
      vertex 107.726 57.918 2.4
    endloop
  endfacet
  facet normal 0.194719 0.980859 0
    outer loop
      vertex 107.456 57.9716 2.4
      vertex 107.726 57.918 1.35
      vertex 107.456 57.9716 1.35
    endloop
  endfacet
  facet normal 0.830817 0.556546 0
    outer loop
      vertex 106.334 58.7216 2.4
      vertex 106.181 58.95 1.35
      vertex 106.181 58.95 2.4
    endloop
  endfacet
  facet normal 0.830817 0.556546 0
    outer loop
      vertex 106.181 58.95 1.35
      vertex 106.334 58.7216 2.4
      vertex 106.334 58.7216 1.35
    endloop
  endfacet
  facet normal -0.947253 -0.320486 0
    outer loop
      vertex 110.028 60.5435 1.35
      vertex 109.94 60.8036 2.4
      vertex 109.94 60.8036 1.35
    endloop
  endfacet
  facet normal -0.947253 -0.320486 0
    outer loop
      vertex 109.94 60.8036 2.4
      vertex 110.028 60.5435 1.35
      vertex 110.028 60.5435 2.4
    endloop
  endfacet
  facet normal -0.980497 -0.196536 0
    outer loop
      vertex 110.082 60.2741 1.35
      vertex 110.028 60.5435 2.4
      vertex 110.028 60.5435 1.35
    endloop
  endfacet
  facet normal -0.980497 -0.196536 0
    outer loop
      vertex 110.028 60.5435 2.4
      vertex 110.082 60.2741 1.35
      vertex 110.082 60.2741 2.4
    endloop
  endfacet
  facet normal -0.752012 -0.659149 0
    outer loop
      vertex 109.666 61.2784 1.35
      vertex 109.485 61.4849 2.4
      vertex 109.485 61.4849 1.35
    endloop
  endfacet
  facet normal -0.752012 -0.659149 0
    outer loop
      vertex 109.485 61.4849 2.4
      vertex 109.666 61.2784 1.35
      vertex 109.666 61.2784 2.4
    endloop
  endfacet
  facet normal -0.0655521 -0.997849 0
    outer loop
      vertex 108 62.1 1.35
      vertex 108.274 62.082 2.4
      vertex 108 62.1 2.4
    endloop
  endfacet
  facet normal -0.0655521 -0.997849 -0
    outer loop
      vertex 108.274 62.082 2.4
      vertex 108 62.1 1.35
      vertex 108.274 62.082 1.35
    endloop
  endfacet
  facet normal -0.442542 -0.896748 0
    outer loop
      vertex 108.804 61.9401 1.35
      vertex 109.05 61.8187 2.4
      vertex 108.804 61.9401 2.4
    endloop
  endfacet
  facet normal -0.442542 -0.896748 -0
    outer loop
      vertex 109.05 61.8187 2.4
      vertex 108.804 61.9401 1.35
      vertex 109.05 61.8187 1.35
    endloop
  endfacet
  facet normal 0.89761 -0.440791 0
    outer loop
      vertex 106.06 60.8036 2.4
      vertex 106.181 61.05 1.35
      vertex 106.181 61.05 2.4
    endloop
  endfacet
  facet normal 0.89761 -0.440791 0
    outer loop
      vertex 106.181 61.05 1.35
      vertex 106.06 60.8036 2.4
      vertex 106.06 60.8036 1.35
    endloop
  endfacet
  facet normal 0.997851 -0.0655283 0
    outer loop
      vertex 105.9 60 2.4
      vertex 105.918 60.2741 1.35
      vertex 105.918 60.2741 2.4
    endloop
  endfacet
  facet normal 0.997851 -0.0655283 0
    outer loop
      vertex 105.918 60.2741 1.35
      vertex 105.9 60 2.4
      vertex 105.9 60 1.35
    endloop
  endfacet
  facet normal 0.658453 -0.752622 0
    outer loop
      vertex 106.515 61.4849 1.35
      vertex 106.722 61.666 2.4
      vertex 106.515 61.4849 2.4
    endloop
  endfacet
  facet normal 0.658453 -0.752622 0
    outer loop
      vertex 106.722 61.666 2.4
      vertex 106.515 61.4849 1.35
      vertex 106.722 61.666 1.35
    endloop
  endfacet
  facet normal 0.194719 -0.980859 0
    outer loop
      vertex 107.456 62.0284 1.35
      vertex 107.726 62.082 2.4
      vertex 107.456 62.0284 2.4
    endloop
  endfacet
  facet normal 0.194719 -0.980859 0
    outer loop
      vertex 107.726 62.082 2.4
      vertex 107.456 62.0284 1.35
      vertex 107.726 62.082 1.35
    endloop
  endfacet
  facet normal -0.997851 0.0655283 0
    outer loop
      vertex 110.082 59.7259 1.35
      vertex 110.1 60 2.4
      vertex 110.1 60 1.35
    endloop
  endfacet
  facet normal -0.997851 0.0655283 0
    outer loop
      vertex 110.1 60 2.4
      vertex 110.082 59.7259 1.35
      vertex 110.082 59.7259 2.4
    endloop
  endfacet
  facet normal -0.194719 0.980859 0
    outer loop
      vertex 108.544 57.9716 1.35
      vertex 108.274 57.918 2.4
      vertex 108.544 57.9716 2.4
    endloop
  endfacet
  facet normal -0.194719 0.980859 0
    outer loop
      vertex 108.274 57.918 2.4
      vertex 108.544 57.9716 1.35
      vertex 108.274 57.918 1.35
    endloop
  endfacet
  facet normal -0.442542 0.896748 0
    outer loop
      vertex 109.05 58.1813 1.35
      vertex 108.804 58.0599 2.4
      vertex 109.05 58.1813 2.4
    endloop
  endfacet
  facet normal -0.442542 0.896748 0
    outer loop
      vertex 108.804 58.0599 2.4
      vertex 109.05 58.1813 1.35
      vertex 108.804 58.0599 1.35
    endloop
  endfacet
  facet normal -0.658453 0.752622 0
    outer loop
      vertex 109.485 58.5151 1.35
      vertex 109.278 58.334 2.4
      vertex 109.485 58.5151 2.4
    endloop
  endfacet
  facet normal -0.658453 0.752622 0
    outer loop
      vertex 109.278 58.334 2.4
      vertex 109.485 58.5151 1.35
      vertex 109.278 58.334 1.35
    endloop
  endfacet
  facet normal -0.89761 0.440791 0
    outer loop
      vertex 109.819 58.95 1.35
      vertex 109.94 59.1964 2.4
      vertex 109.94 59.1964 1.35
    endloop
  endfacet
  facet normal -0.89761 0.440791 0
    outer loop
      vertex 109.94 59.1964 2.4
      vertex 109.819 58.95 1.35
      vertex 109.819 58.95 2.4
    endloop
  endfacet
  facet normal 0.442542 0.896748 -0
    outer loop
      vertex 107.196 58.0599 1.35
      vertex 106.95 58.1813 2.4
      vertex 107.196 58.0599 2.4
    endloop
  endfacet
  facet normal 0.442542 0.896748 0
    outer loop
      vertex 106.95 58.1813 2.4
      vertex 107.196 58.0599 1.35
      vertex 106.95 58.1813 1.35
    endloop
  endfacet
  facet normal 0.0655521 0.997849 -0
    outer loop
      vertex 108 57.9 1.35
      vertex 107.726 57.918 2.4
      vertex 108 57.9 2.4
    endloop
  endfacet
  facet normal 0.0655521 0.997849 0
    outer loop
      vertex 107.726 57.918 2.4
      vertex 108 57.9 1.35
      vertex 107.726 57.918 1.35
    endloop
  endfacet
  facet normal 0.752012 0.659149 0
    outer loop
      vertex 106.515 58.5151 2.4
      vertex 106.334 58.7216 1.35
      vertex 106.334 58.7216 2.4
    endloop
  endfacet
  facet normal 0.752012 0.659149 0
    outer loop
      vertex 106.334 58.7216 1.35
      vertex 106.515 58.5151 2.4
      vertex 106.515 58.5151 1.35
    endloop
  endfacet
  facet normal 0.89761 0.440791 0
    outer loop
      vertex 106.181 58.95 2.4
      vertex 106.06 59.1964 1.35
      vertex 106.06 59.1964 2.4
    endloop
  endfacet
  facet normal 0.89761 0.440791 0
    outer loop
      vertex 106.06 59.1964 1.35
      vertex 106.181 58.95 2.4
      vertex 106.181 58.95 1.35
    endloop
  endfacet
  facet normal 0.980497 0.196536 0
    outer loop
      vertex 105.972 59.4565 2.4
      vertex 105.918 59.7259 1.35
      vertex 105.918 59.7259 2.4
    endloop
  endfacet
  facet normal 0.980497 0.196536 0
    outer loop
      vertex 105.918 59.7259 1.35
      vertex 105.972 59.4565 2.4
      vertex 105.972 59.4565 1.35
    endloop
  endfacet
  facet normal 0.997851 0.0655283 0
    outer loop
      vertex 105.918 59.7259 2.4
      vertex 105.9 60 1.35
      vertex 105.9 60 2.4
    endloop
  endfacet
  facet normal 0.997851 0.0655283 0
    outer loop
      vertex 105.9 60 1.35
      vertex 105.918 59.7259 2.4
      vertex 105.918 59.7259 1.35
    endloop
  endfacet
  facet normal -0.321576 0.946884 0
    outer loop
      vertex 108.804 58.0599 1.35
      vertex 108.544 57.9716 2.4
      vertex 108.804 58.0599 2.4
    endloop
  endfacet
  facet normal -0.321576 0.946884 0
    outer loop
      vertex 108.544 57.9716 2.4
      vertex 108.804 58.0599 1.35
      vertex 108.544 57.9716 1.35
    endloop
  endfacet
  facet normal 0.947253 0.320486 0
    outer loop
      vertex 106.06 59.1964 2.4
      vertex 105.972 59.4565 1.35
      vertex 105.972 59.4565 2.4
    endloop
  endfacet
  facet normal 0.947253 0.320486 0
    outer loop
      vertex 105.972 59.4565 1.35
      vertex 106.06 59.1964 2.4
      vertex 106.06 59.1964 1.35
    endloop
  endfacet
  facet normal 0.510717 0.250798 -0.822355
    outer loop
      vertex 104.262 58.4312 0
      vertex 106.06 59.1964 1.35
      vertex 106.181 58.95 1.35
    endloop
  endfacet
  facet normal 0.514553 0.242143 -0.822558
    outer loop
      vertex 106.06 59.1964 1.35
      vertex 104.262 58.4312 0
      vertex 104.254 58.4482 0
    endloop
  endfacet
  facet normal -0.567968 -0.0300512 -0.822502
    outer loop
      vertex 110.1 60 1.35
      vertex 112.054 60.0189 0
      vertex 112.055 60 0
    endloop
  endfacet
  facet normal -0.567782 -0.0372859 -0.822334
    outer loop
      vertex 112.054 60.0189 0
      vertex 110.1 60 1.35
      vertex 110.082 60.2741 1.35
    endloop
  endfacet
  facet normal -0.567818 -0.0378249 -0.822285
    outer loop
      vertex 112.02 60.5293 0
      vertex 112.054 60.0189 0
      vertex 110.082 60.2741 1.35
    endloop
  endfacet
  facet normal -0.557743 -0.111797 -0.82245
    outer loop
      vertex 110.028 60.5435 1.35
      vertex 111.921 61.031 0
      vertex 110.082 60.2741 1.35
    endloop
  endfacet
  facet normal -0.555874 -0.119543 -0.822626
    outer loop
      vertex 111.921 61.031 0
      vertex 110.028 60.5435 1.35
      vertex 111.917 61.0496 0
    endloop
  endfacet
  facet normal -0.510492 -0.251463 -0.822292
    outer loop
      vertex 111.512 62.0276 0
      vertex 111.738 61.5688 0
      vertex 109.819 61.05 1.35
    endloop
  endfacet
  facet normal 0.567818 0.0378249 -0.822285
    outer loop
      vertex 105.918 59.7259 1.35
      vertex 103.98 59.4707 0
      vertex 103.946 59.9811 0
    endloop
  endfacet
  facet normal -0.510492 0.251463 -0.822292
    outer loop
      vertex 111.738 58.4312 0
      vertex 111.512 57.9724 0
      vertex 109.819 58.95 1.35
    endloop
  endfacet
  facet normal 0.316283 -0.472978 -0.822349
    outer loop
      vertex 105.972 63.5119 0
      vertex 106.95 61.8187 1.35
      vertex 105.547 63.2277 0
    endloop
  endfacet
  facet normal 0.251521 0.510381 -0.822344
    outer loop
      vertex 106.95 58.1813 1.35
      vertex 106.431 56.2619 0
      vertex 105.972 56.4881 0
    endloop
  endfacet
  facet normal 0.31659 0.472708 -0.822386
    outer loop
      vertex 105.547 56.7723 0
      vertex 106.722 58.334 1.35
      vertex 106.95 58.1813 1.35
    endloop
  endfacet
  facet normal 0.312265 0.475833 -0.822237
    outer loop
      vertex 106.722 58.334 1.35
      vertex 105.547 56.7723 0
      vertex 105.531 56.7828 0
    endloop
  endfacet
  facet normal 0.0371848 0.567792 -0.822332
    outer loop
      vertex 107.726 57.918 1.35
      vertex 107.981 55.9461 0
      vertex 107.471 55.9795 0
    endloop
  endfacet
  facet normal -0.529298 0.206988 -0.8228
    outer loop
      vertex 109.94 59.1964 1.35
      vertex 111.753 58.4661 0
      vertex 111.746 58.4482 0
    endloop
  endfacet
  facet normal -0.538921 0.182334 -0.822386
    outer loop
      vertex 111.753 58.4661 0
      vertex 109.94 59.1964 1.35
      vertex 110.028 59.4565 1.35
    endloop
  endfacet
  facet normal -0.558298 0.110168 -0.822293
    outer loop
      vertex 112.02 59.4707 0
      vertex 111.921 58.969 0
      vertex 110.082 59.7259 1.35
    endloop
  endfacet
  facet normal -0.312265 -0.475833 -0.822237
    outer loop
      vertex 109.278 61.666 1.35
      vertex 110.453 63.2277 0
      vertex 110.469 63.2172 0
    endloop
  endfacet
  facet normal -0.31659 -0.472708 -0.822386
    outer loop
      vertex 110.453 63.2277 0
      vertex 109.278 61.666 1.35
      vertex 109.05 61.8187 1.35
    endloop
  endfacet
  facet normal -0.251821 -0.510279 -0.822315
    outer loop
      vertex 108.804 61.9401 1.35
      vertex 109.569 63.7381 0
      vertex 109.05 61.8187 1.35
    endloop
  endfacet
  facet normal -0.252081 -0.510163 -0.822307
    outer loop
      vertex 109.569 63.7381 0
      vertex 108.804 61.9401 1.35
      vertex 109.552 63.7465 0
    endloop
  endfacet
  facet normal 0.0371848 -0.567792 -0.822332
    outer loop
      vertex 107.981 64.0539 0
      vertex 107.726 62.082 1.35
      vertex 107.471 64.0205 0
    endloop
  endfacet
  facet normal 0.251521 -0.510381 -0.822344
    outer loop
      vertex 106.431 63.7381 0
      vertex 106.95 61.8187 1.35
      vertex 105.972 63.5119 0
    endloop
  endfacet
  facet normal 0.316283 0.472978 -0.822349
    outer loop
      vertex 106.95 58.1813 1.35
      vertex 105.972 56.4881 0
      vertex 105.547 56.7723 0
    endloop
  endfacet
  facet normal 0.465659 0.326258 -0.822629
    outer loop
      vertex 104.772 57.5471 0
      vertex 106.334 58.7216 1.35
      vertex 104.783 57.5314 0
    endloop
  endfacet
  facet normal 0.47268 0.316638 -0.822383
    outer loop
      vertex 106.334 58.7216 1.35
      vertex 104.772 57.5471 0
      vertex 106.181 58.95 1.35
    endloop
  endfacet
  facet normal 0.110951 0.558088 -0.822331
    outer loop
      vertex 107.726 57.918 1.35
      vertex 107.471 55.9795 0
      vertex 106.969 56.0793 0
    endloop
  endfacet
  facet normal -0.251521 0.510381 -0.822344
    outer loop
      vertex 110.028 56.4881 0
      vertex 109.569 56.2619 0
      vertex 109.05 58.1813 1.35
    endloop
  endfacet
  facet normal -0.0388465 0.567756 -0.82228
    outer loop
      vertex 108 57.9 1.35
      vertex 108.019 55.9461 0
      vertex 108 55.9448 0
    endloop
  endfacet
  facet normal -0.0373007 0.5678 -0.822321
    outer loop
      vertex 108.019 55.9461 0
      vertex 108 57.9 1.35
      vertex 108.274 57.918 1.35
    endloop
  endfacet
  facet normal -0.312265 0.475833 -0.822237
    outer loop
      vertex 110.453 56.7723 0
      vertex 109.278 58.334 1.35
      vertex 110.469 56.7828 0
    endloop
  endfacet
  facet normal -0.31659 0.472708 -0.822386
    outer loop
      vertex 109.278 58.334 1.35
      vertex 110.453 56.7723 0
      vertex 109.05 58.1813 1.35
    endloop
  endfacet
  facet normal -0.538852 -0.182473 -0.8224
    outer loop
      vertex 111.753 61.5339 0
      vertex 111.917 61.0496 0
      vertex 110.028 60.5435 1.35
    endloop
  endfacet
  facet normal -0.558298 -0.110168 -0.822293
    outer loop
      vertex 111.921 61.031 0
      vertex 112.02 60.5293 0
      vertex 110.082 60.2741 1.35
    endloop
  endfacet
  facet normal -0.514553 -0.242143 -0.822558
    outer loop
      vertex 109.94 60.8036 1.35
      vertex 111.738 61.5688 0
      vertex 111.746 61.5518 0
    endloop
  endfacet
  facet normal -0.510717 -0.250798 -0.822355
    outer loop
      vertex 111.738 61.5688 0
      vertex 109.94 60.8036 1.35
      vertex 109.819 61.05 1.35
    endloop
  endfacet
  facet normal -0.473234 -0.316008 -0.822307
    outer loop
      vertex 111.228 62.4529 0
      vertex 111.512 62.0276 0
      vertex 109.819 61.05 1.35
    endloop
  endfacet
  facet normal -0.47268 -0.316638 -0.822383
    outer loop
      vertex 109.666 61.2784 1.35
      vertex 111.228 62.4529 0
      vertex 109.819 61.05 1.35
    endloop
  endfacet
  facet normal -0.465659 -0.326258 -0.822629
    outer loop
      vertex 111.228 62.4529 0
      vertex 109.666 61.2784 1.35
      vertex 111.217 62.4686 0
    endloop
  endfacet
  facet normal -0.375669 -0.427434 -0.822298
    outer loop
      vertex 109.485 61.4849 1.35
      vertex 110.469 63.2172 0
      vertex 110.867 62.8674 0
    endloop
  endfacet
  facet normal -0.374579 -0.42815 -0.822422
    outer loop
      vertex 110.469 63.2172 0
      vertex 109.485 61.4849 1.35
      vertex 109.278 61.666 1.35
    endloop
  endfacet
  facet normal -0.183007 -0.538781 -0.822328
    outer loop
      vertex 109.05 63.917 0
      vertex 109.534 63.7526 0
      vertex 108.544 62.0284 1.35
    endloop
  endfacet
  facet normal 0.183007 -0.538781 -0.822328
    outer loop
      vertex 106.95 63.917 0
      vertex 107.456 62.0284 1.35
      vertex 106.466 63.7526 0
    endloop
  endfacet
  facet normal -0.110951 -0.558088 -0.822331
    outer loop
      vertex 108.529 64.0205 0
      vertex 109.031 63.9207 0
      vertex 108.274 62.082 1.35
    endloop
  endfacet
  facet normal -0.0371848 -0.567792 -0.822332
    outer loop
      vertex 108.529 64.0205 0
      vertex 108.274 62.082 1.35
      vertex 108.019 64.0539 0
    endloop
  endfacet
  facet normal 0.558298 -0.110168 -0.822293
    outer loop
      vertex 104.079 61.031 0
      vertex 105.918 60.2741 1.35
      vertex 103.98 60.5293 0
    endloop
  endfacet
  facet normal 0.47268 -0.316638 -0.822383
    outer loop
      vertex 104.772 62.4529 0
      vertex 106.334 61.2784 1.35
      vertex 106.181 61.05 1.35
    endloop
  endfacet
  facet normal 0.465659 -0.326258 -0.822629
    outer loop
      vertex 106.334 61.2784 1.35
      vertex 104.772 62.4529 0
      vertex 104.783 62.4686 0
    endloop
  endfacet
  facet normal 0.510717 -0.250798 -0.822355
    outer loop
      vertex 106.06 60.8036 1.35
      vertex 104.262 61.5688 0
      vertex 106.181 61.05 1.35
    endloop
  endfacet
  facet normal 0.514553 -0.242143 -0.822558
    outer loop
      vertex 104.262 61.5688 0
      vertex 106.06 60.8036 1.35
      vertex 104.254 61.5518 0
    endloop
  endfacet
  facet normal 0.510492 0.251463 -0.822292
    outer loop
      vertex 106.181 58.95 1.35
      vertex 104.488 57.9724 0
      vertex 104.262 58.4312 0
    endloop
  endfacet
  facet normal 0.473234 0.316008 -0.822307
    outer loop
      vertex 106.181 58.95 1.35
      vertex 104.772 57.5471 0
      vertex 104.488 57.9724 0
    endloop
  endfacet
  facet normal 0.567782 -0.0372859 -0.822334
    outer loop
      vertex 105.9 60 1.35
      vertex 103.946 60.0189 0
      vertex 105.918 60.2741 1.35
    endloop
  endfacet
  facet normal 0.567968 -0.0300512 -0.822502
    outer loop
      vertex 103.946 60.0189 0
      vertex 105.9 60 1.35
      vertex 103.945 60 0
    endloop
  endfacet
  facet normal 0.252081 0.510163 -0.822307
    outer loop
      vertex 106.431 56.2619 0
      vertex 107.196 58.0599 1.35
      vertex 106.448 56.2535 0
    endloop
  endfacet
  facet normal 0.251821 0.510279 -0.822315
    outer loop
      vertex 107.196 58.0599 1.35
      vertex 106.431 56.2619 0
      vertex 106.95 58.1813 1.35
    endloop
  endfacet
  facet normal 0.182982 0.538793 -0.822326
    outer loop
      vertex 106.466 56.2474 0
      vertex 107.196 58.0599 1.35
      vertex 107.456 57.9716 1.35
    endloop
  endfacet
  facet normal 0.182636 0.538925 -0.822316
    outer loop
      vertex 107.196 58.0599 1.35
      vertex 106.466 56.2474 0
      vertex 106.448 56.2535 0
    endloop
  endfacet
  facet normal -0.316283 0.472978 -0.822349
    outer loop
      vertex 110.453 56.7723 0
      vertex 110.028 56.4881 0
      vertex 109.05 58.1813 1.35
    endloop
  endfacet
  facet normal -0.182636 0.538925 -0.822316
    outer loop
      vertex 109.534 56.2474 0
      vertex 108.804 58.0599 1.35
      vertex 109.552 56.2535 0
    endloop
  endfacet
  facet normal -0.182982 0.538793 -0.822326
    outer loop
      vertex 108.804 58.0599 1.35
      vertex 109.534 56.2474 0
      vertex 108.544 57.9716 1.35
    endloop
  endfacet
  facet normal -0.0371848 0.567792 -0.822332
    outer loop
      vertex 108.274 57.918 1.35
      vertex 108.529 55.9795 0
      vertex 108.019 55.9461 0
    endloop
  endfacet
  facet normal -0.252081 0.510163 -0.822307
    outer loop
      vertex 108.804 58.0599 1.35
      vertex 109.569 56.2619 0
      vertex 109.552 56.2535 0
    endloop
  endfacet
  facet normal -0.251821 0.510279 -0.822315
    outer loop
      vertex 109.569 56.2619 0
      vertex 108.804 58.0599 1.35
      vertex 109.05 58.1813 1.35
    endloop
  endfacet
  facet normal 0.0388465 0.567756 -0.82228
    outer loop
      vertex 107.981 55.9461 0
      vertex 108 57.9 1.35
      vertex 108 55.9448 0
    endloop
  endfacet
  facet normal 0.0373007 0.5678 -0.822321
    outer loop
      vertex 108 57.9 1.35
      vertex 107.981 55.9461 0
      vertex 107.726 57.918 1.35
    endloop
  endfacet
  facet normal -0.375669 0.427434 -0.822298
    outer loop
      vertex 110.469 56.7828 0
      vertex 109.485 58.5151 1.35
      vertex 110.867 57.1326 0
    endloop
  endfacet
  facet normal -0.374579 0.42815 -0.822422
    outer loop
      vertex 109.485 58.5151 1.35
      vertex 110.469 56.7828 0
      vertex 109.278 58.334 1.35
    endloop
  endfacet
  facet normal -0.473234 0.316008 -0.822307
    outer loop
      vertex 111.512 57.9724 0
      vertex 111.228 57.5471 0
      vertex 109.819 58.95 1.35
    endloop
  endfacet
  facet normal -0.427695 0.37536 -0.822303
    outer loop
      vertex 110.867 57.1326 0
      vertex 109.666 58.7216 1.35
      vertex 111.217 57.5314 0
    endloop
  endfacet
  facet normal -0.427971 0.375122 -0.822268
    outer loop
      vertex 109.666 58.7216 1.35
      vertex 110.867 57.1326 0
      vertex 109.485 58.5151 1.35
    endloop
  endfacet
  facet normal -0.465659 0.326258 -0.822629
    outer loop
      vertex 109.666 58.7216 1.35
      vertex 111.228 57.5471 0
      vertex 111.217 57.5314 0
    endloop
  endfacet
  facet normal -0.47268 0.316638 -0.822383
    outer loop
      vertex 111.228 57.5471 0
      vertex 109.666 58.7216 1.35
      vertex 109.819 58.95 1.35
    endloop
  endfacet
  facet normal -0.514553 0.242143 -0.822558
    outer loop
      vertex 111.738 58.4312 0
      vertex 109.94 59.1964 1.35
      vertex 111.746 58.4482 0
    endloop
  endfacet
  facet normal -0.510717 0.250798 -0.822355
    outer loop
      vertex 109.94 59.1964 1.35
      vertex 111.738 58.4312 0
      vertex 109.819 58.95 1.35
    endloop
  endfacet
  facet normal -0.555874 0.119543 -0.822626
    outer loop
      vertex 110.028 59.4565 1.35
      vertex 111.921 58.969 0
      vertex 111.917 58.9504 0
    endloop
  endfacet
  facet normal -0.557743 0.111797 -0.82245
    outer loop
      vertex 111.921 58.969 0
      vertex 110.028 59.4565 1.35
      vertex 110.082 59.7259 1.35
    endloop
  endfacet
  facet normal -0.538852 0.182473 -0.8224
    outer loop
      vertex 111.917 58.9504 0
      vertex 111.753 58.4661 0
      vertex 110.028 59.4565 1.35
    endloop
  endfacet
  facet normal -0.567818 0.0378249 -0.822285
    outer loop
      vertex 112.054 59.9811 0
      vertex 112.02 59.4707 0
      vertex 110.082 59.7259 1.35
    endloop
  endfacet
  facet normal -0.567968 0.0300512 -0.822502
    outer loop
      vertex 112.054 59.9811 0
      vertex 110.1 60 1.35
      vertex 112.055 60 0
    endloop
  endfacet
  facet normal -0.567782 0.0372859 -0.822334
    outer loop
      vertex 110.1 60 1.35
      vertex 112.054 59.9811 0
      vertex 110.082 59.7259 1.35
    endloop
  endfacet
  facet normal -0.538921 -0.182334 -0.822386
    outer loop
      vertex 109.94 60.8036 1.35
      vertex 111.753 61.5339 0
      vertex 110.028 60.5435 1.35
    endloop
  endfacet
  facet normal -0.529298 -0.206988 -0.8228
    outer loop
      vertex 111.753 61.5339 0
      vertex 109.94 60.8036 1.35
      vertex 111.746 61.5518 0
    endloop
  endfacet
  facet normal -0.251521 -0.510381 -0.822344
    outer loop
      vertex 109.569 63.7381 0
      vertex 110.028 63.5119 0
      vertex 109.05 61.8187 1.35
    endloop
  endfacet
  facet normal -0.316283 -0.472978 -0.822349
    outer loop
      vertex 110.028 63.5119 0
      vertex 110.453 63.2277 0
      vertex 109.05 61.8187 1.35
    endloop
  endfacet
  facet normal 0.0388465 -0.567756 -0.82228
    outer loop
      vertex 108 62.1 1.35
      vertex 107.981 64.0539 0
      vertex 108 64.0552 0
    endloop
  endfacet
  facet normal 0.0373007 -0.5678 -0.822321
    outer loop
      vertex 107.981 64.0539 0
      vertex 108 62.1 1.35
      vertex 107.726 62.082 1.35
    endloop
  endfacet
  facet normal -0.182636 -0.538925 -0.822316
    outer loop
      vertex 108.804 61.9401 1.35
      vertex 109.534 63.7526 0
      vertex 109.552 63.7465 0
    endloop
  endfacet
  facet normal -0.182982 -0.538793 -0.822326
    outer loop
      vertex 109.534 63.7526 0
      vertex 108.804 61.9401 1.35
      vertex 108.544 62.0284 1.35
    endloop
  endfacet
  facet normal -0.0373007 -0.5678 -0.822321
    outer loop
      vertex 108 62.1 1.35
      vertex 108.019 64.0539 0
      vertex 108.274 62.082 1.35
    endloop
  endfacet
  facet normal -0.0388465 -0.567756 -0.82228
    outer loop
      vertex 108.019 64.0539 0
      vertex 108 62.1 1.35
      vertex 108 64.0552 0
    endloop
  endfacet
  facet normal -0.108784 -0.558618 -0.82226
    outer loop
      vertex 108.544 62.0284 1.35
      vertex 109.031 63.9207 0
      vertex 109.05 63.917 0
    endloop
  endfacet
  facet normal -0.110801 -0.558139 -0.822316
    outer loop
      vertex 109.031 63.9207 0
      vertex 108.544 62.0284 1.35
      vertex 108.274 62.082 1.35
    endloop
  endfacet
  facet normal 0.567818 -0.0378249 -0.822285
    outer loop
      vertex 103.98 60.5293 0
      vertex 105.918 60.2741 1.35
      vertex 103.946 60.0189 0
    endloop
  endfacet
  facet normal 0.427971 -0.375122 -0.822268
    outer loop
      vertex 106.334 61.2784 1.35
      vertex 105.133 62.8674 0
      vertex 106.515 61.4849 1.35
    endloop
  endfacet
  facet normal 0.427695 -0.37536 -0.822303
    outer loop
      vertex 105.133 62.8674 0
      vertex 106.334 61.2784 1.35
      vertex 104.783 62.4686 0
    endloop
  endfacet
  facet normal 0.31659 -0.472708 -0.822386
    outer loop
      vertex 106.722 61.666 1.35
      vertex 105.547 63.2277 0
      vertex 106.95 61.8187 1.35
    endloop
  endfacet
  facet normal 0.312265 -0.475833 -0.822237
    outer loop
      vertex 105.547 63.2277 0
      vertex 106.722 61.666 1.35
      vertex 105.531 63.2172 0
    endloop
  endfacet
  facet normal 0.538921 -0.182334 -0.822386
    outer loop
      vertex 104.247 61.5339 0
      vertex 106.06 60.8036 1.35
      vertex 105.972 60.5435 1.35
    endloop
  endfacet
  facet normal 0.529298 -0.206988 -0.8228
    outer loop
      vertex 106.06 60.8036 1.35
      vertex 104.247 61.5339 0
      vertex 104.254 61.5518 0
    endloop
  endfacet
  facet normal 0.510492 -0.251463 -0.822292
    outer loop
      vertex 104.488 62.0276 0
      vertex 106.181 61.05 1.35
      vertex 104.262 61.5688 0
    endloop
  endfacet
  facet normal 0.473234 -0.316008 -0.822307
    outer loop
      vertex 104.772 62.4529 0
      vertex 106.181 61.05 1.35
      vertex 104.488 62.0276 0
    endloop
  endfacet
  facet normal 0.427971 0.375122 -0.822268
    outer loop
      vertex 105.133 57.1326 0
      vertex 106.334 58.7216 1.35
      vertex 106.515 58.5151 1.35
    endloop
  endfacet
  facet normal 0.427695 0.37536 -0.822303
    outer loop
      vertex 106.334 58.7216 1.35
      vertex 105.133 57.1326 0
      vertex 104.783 57.5314 0
    endloop
  endfacet
  facet normal 0.555874 0.119543 -0.822626
    outer loop
      vertex 104.079 58.969 0
      vertex 105.972 59.4565 1.35
      vertex 104.083 58.9504 0
    endloop
  endfacet
  facet normal 0.557743 0.111797 -0.82245
    outer loop
      vertex 105.972 59.4565 1.35
      vertex 104.079 58.969 0
      vertex 105.918 59.7259 1.35
    endloop
  endfacet
  facet normal 0.558298 0.110168 -0.822293
    outer loop
      vertex 105.918 59.7259 1.35
      vertex 104.079 58.969 0
      vertex 103.98 59.4707 0
    endloop
  endfacet
  facet normal 0.110801 0.558139 -0.822316
    outer loop
      vertex 106.969 56.0793 0
      vertex 107.456 57.9716 1.35
      vertex 107.726 57.918 1.35
    endloop
  endfacet
  facet normal 0.108784 0.558618 -0.82226
    outer loop
      vertex 107.456 57.9716 1.35
      vertex 106.969 56.0793 0
      vertex 106.95 56.083 0
    endloop
  endfacet
  facet normal 0.183007 0.538781 -0.822328
    outer loop
      vertex 107.456 57.9716 1.35
      vertex 106.95 56.083 0
      vertex 106.466 56.2474 0
    endloop
  endfacet
  facet normal -0.110951 0.558088 -0.822331
    outer loop
      vertex 109.031 56.0793 0
      vertex 108.529 55.9795 0
      vertex 108.274 57.918 1.35
    endloop
  endfacet
  facet normal -0.427695 -0.37536 -0.822303
    outer loop
      vertex 109.666 61.2784 1.35
      vertex 110.867 62.8674 0
      vertex 111.217 62.4686 0
    endloop
  endfacet
  facet normal -0.427971 -0.375122 -0.822268
    outer loop
      vertex 110.867 62.8674 0
      vertex 109.666 61.2784 1.35
      vertex 109.485 61.4849 1.35
    endloop
  endfacet
  facet normal 0.182982 -0.538793 -0.822326
    outer loop
      vertex 107.196 61.9401 1.35
      vertex 106.466 63.7526 0
      vertex 107.456 62.0284 1.35
    endloop
  endfacet
  facet normal 0.182636 -0.538925 -0.822316
    outer loop
      vertex 106.466 63.7526 0
      vertex 107.196 61.9401 1.35
      vertex 106.448 63.7465 0
    endloop
  endfacet
  facet normal 0.251821 -0.510279 -0.822315
    outer loop
      vertex 106.431 63.7381 0
      vertex 107.196 61.9401 1.35
      vertex 106.95 61.8187 1.35
    endloop
  endfacet
  facet normal 0.252081 -0.510163 -0.822307
    outer loop
      vertex 107.196 61.9401 1.35
      vertex 106.431 63.7381 0
      vertex 106.448 63.7465 0
    endloop
  endfacet
  facet normal 0.110801 -0.558139 -0.822316
    outer loop
      vertex 107.456 62.0284 1.35
      vertex 106.969 63.9207 0
      vertex 107.726 62.082 1.35
    endloop
  endfacet
  facet normal 0.108784 -0.558618 -0.82226
    outer loop
      vertex 106.969 63.9207 0
      vertex 107.456 62.0284 1.35
      vertex 106.95 63.917 0
    endloop
  endfacet
  facet normal 0.110951 -0.558088 -0.822331
    outer loop
      vertex 107.471 64.0205 0
      vertex 107.726 62.082 1.35
      vertex 106.969 63.9207 0
    endloop
  endfacet
  facet normal 0.567782 0.0372859 -0.822334
    outer loop
      vertex 103.946 59.9811 0
      vertex 105.9 60 1.35
      vertex 105.918 59.7259 1.35
    endloop
  endfacet
  facet normal 0.567968 0.0300512 -0.822502
    outer loop
      vertex 105.9 60 1.35
      vertex 103.946 59.9811 0
      vertex 103.945 60 0
    endloop
  endfacet
  facet normal 0.374579 -0.42815 -0.822422
    outer loop
      vertex 106.515 61.4849 1.35
      vertex 105.531 63.2172 0
      vertex 106.722 61.666 1.35
    endloop
  endfacet
  facet normal 0.375669 -0.427434 -0.822298
    outer loop
      vertex 105.531 63.2172 0
      vertex 106.515 61.4849 1.35
      vertex 105.133 62.8674 0
    endloop
  endfacet
  facet normal 0.538852 -0.182473 -0.8224
    outer loop
      vertex 104.247 61.5339 0
      vertex 105.972 60.5435 1.35
      vertex 104.083 61.0496 0
    endloop
  endfacet
  facet normal 0.557743 -0.111797 -0.82245
    outer loop
      vertex 104.079 61.031 0
      vertex 105.972 60.5435 1.35
      vertex 105.918 60.2741 1.35
    endloop
  endfacet
  facet normal 0.555874 -0.119543 -0.822626
    outer loop
      vertex 105.972 60.5435 1.35
      vertex 104.079 61.031 0
      vertex 104.083 61.0496 0
    endloop
  endfacet
  facet normal 0.374579 0.42815 -0.822422
    outer loop
      vertex 105.531 56.7828 0
      vertex 106.515 58.5151 1.35
      vertex 106.722 58.334 1.35
    endloop
  endfacet
  facet normal 0.375669 0.427434 -0.822298
    outer loop
      vertex 106.515 58.5151 1.35
      vertex 105.531 56.7828 0
      vertex 105.133 57.1326 0
    endloop
  endfacet
  facet normal 0.538852 0.182473 -0.8224
    outer loop
      vertex 105.972 59.4565 1.35
      vertex 104.247 58.4661 0
      vertex 104.083 58.9504 0
    endloop
  endfacet
  facet normal 0.529298 0.206988 -0.8228
    outer loop
      vertex 104.247 58.4661 0
      vertex 106.06 59.1964 1.35
      vertex 104.254 58.4482 0
    endloop
  endfacet
  facet normal 0.538921 0.182334 -0.822386
    outer loop
      vertex 106.06 59.1964 1.35
      vertex 104.247 58.4661 0
      vertex 105.972 59.4565 1.35
    endloop
  endfacet
  facet normal -0.108784 0.558618 -0.82226
    outer loop
      vertex 109.031 56.0793 0
      vertex 108.544 57.9716 1.35
      vertex 109.05 56.083 0
    endloop
  endfacet
  facet normal -0.110801 0.558139 -0.822316
    outer loop
      vertex 108.544 57.9716 1.35
      vertex 109.031 56.0793 0
      vertex 108.274 57.918 1.35
    endloop
  endfacet
  facet normal -0.183007 0.538781 -0.822328
    outer loop
      vertex 109.534 56.2474 0
      vertex 109.05 56.083 0
      vertex 108.544 57.9716 1.35
    endloop
  endfacet
  facet normal -1 0 0
    outer loop
      vertex 4.4 48.7 4.7
      vertex 4.4 73.7 9
      vertex 4.4 73.7 4.7
    endloop
  endfacet
  facet normal -1 -0 0
    outer loop
      vertex 4.4 73.7 9
      vertex 4.4 48.7 4.7
      vertex 4.4 48.7 9
    endloop
  endfacet
  facet normal 0 -1 0
    outer loop
      vertex 0 73.7 4.7
      vertex 4.4 73.7 9
      vertex 0 73.7 9
    endloop
  endfacet
  facet normal 0 -1 -0
    outer loop
      vertex 4.4 73.7 9
      vertex 0 73.7 4.7
      vertex 4.4 73.7 4.7
    endloop
  endfacet
  facet normal -0 0 1
    outer loop
      vertex 0 73.7 4.7
      vertex 4.4 48.7 4.7
      vertex 4.4 73.7 4.7
    endloop
  endfacet
  facet normal 0 0 1
    outer loop
      vertex 4.4 48.7 4.7
      vertex 0 73.7 4.7
      vertex 0 48.7 4.7
    endloop
  endfacet
  facet normal 0 1 -0
    outer loop
      vertex 4.4 48.7 4.7
      vertex 0 48.7 9
      vertex 4.4 48.7 9
    endloop
  endfacet
  facet normal 0 1 0
    outer loop
      vertex 0 48.7 9
      vertex 4.4 48.7 4.7
      vertex 0 48.7 4.7
    endloop
  endfacet
  facet normal 1 -0 0
    outer loop
      vertex 96 0 9
      vertex 96 4.4 4.7
      vertex 96 4.4 9
    endloop
  endfacet
  facet normal 1 0 0
    outer loop
      vertex 96 4.4 4.7
      vertex 96 0 9
      vertex 96 0 4.7
    endloop
  endfacet
  facet normal -1 0 0
    outer loop
      vertex 110 0 4.7
      vertex 110 4.4 9
      vertex 110 4.4 4.7
    endloop
  endfacet
  facet normal -1 -0 0
    outer loop
      vertex 110 4.4 9
      vertex 110 0 4.7
      vertex 110 0 9
    endloop
  endfacet
  facet normal -0 0 1
    outer loop
      vertex 96 4.4 4.7
      vertex 110 0 4.7
      vertex 110 4.4 4.7
    endloop
  endfacet
  facet normal 0 0 1
    outer loop
      vertex 110 0 4.7
      vertex 96 4.4 4.7
      vertex 96 0 4.7
    endloop
  endfacet
  facet normal 0 -1 0
    outer loop
      vertex 96 4.4 4.7
      vertex 110 4.4 9
      vertex 96 4.4 9
    endloop
  endfacet
  facet normal 0 -1 -0
    outer loop
      vertex 110 4.4 9
      vertex 96 4.4 4.7
      vertex 110 4.4 4.7
    endloop
  endfacet
  facet normal 1 -0 0
    outer loop
      vertex 111.5 0 9
      vertex 111.5 4.4 4.7
      vertex 111.5 4.4 9
    endloop
  endfacet
  facet normal 1 0 0
    outer loop
      vertex 111.5 4.4 4.7
      vertex 111.5 0 9
      vertex 111.5 0 4.7
    endloop
  endfacet
  facet normal -1 0 0
    outer loop
      vertex 126.5 0 4.7
      vertex 126.5 4.4 9
      vertex 126.5 4.4 4.7
    endloop
  endfacet
  facet normal -1 -0 0
    outer loop
      vertex 126.5 4.4 9
      vertex 126.5 0 4.7
      vertex 126.5 0 9
    endloop
  endfacet
  facet normal -0 0 1
    outer loop
      vertex 111.5 4.4 4.7
      vertex 126.5 0 4.7
      vertex 126.5 4.4 4.7
    endloop
  endfacet
  facet normal 0 0 1
    outer loop
      vertex 126.5 0 4.7
      vertex 111.5 4.4 4.7
      vertex 111.5 0 4.7
    endloop
  endfacet
  facet normal 0 -1 0
    outer loop
      vertex 111.5 4.4 4.7
      vertex 126.5 4.4 9
      vertex 111.5 4.4 9
    endloop
  endfacet
  facet normal 0 -1 -0
    outer loop
      vertex 126.5 4.4 9
      vertex 111.5 4.4 4.7
      vertex 126.5 4.4 4.7
    endloop
  endfacet
  facet normal 1 -0 0
    outer loop
      vertex 12.5 0 6
      vertex 12.5 4.4 3
      vertex 12.5 4.4 6
    endloop
  endfacet
  facet normal 1 0 0
    outer loop
      vertex 12.5 4.4 3
      vertex 12.5 0 6
      vertex 12.5 0 3
    endloop
  endfacet
  facet normal 0 0 -1
    outer loop
      vertex 12.5 0 6
      vertex 15.5 4.4 6
      vertex 15.5 0 6
    endloop
  endfacet
  facet normal -0 0 -1
    outer loop
      vertex 15.5 4.4 6
      vertex 12.5 0 6
      vertex 12.5 4.4 6
    endloop
  endfacet
  facet normal -1 0 0
    outer loop
      vertex 15.5 0 3
      vertex 15.5 4.4 6
      vertex 15.5 4.4 3
    endloop
  endfacet
  facet normal -1 -0 0
    outer loop
      vertex 15.5 4.4 6
      vertex 15.5 0 3
      vertex 15.5 0 6
    endloop
  endfacet
  facet normal -0 0 1
    outer loop
      vertex 12.5 4.4 3
      vertex 15.5 0 3
      vertex 15.5 4.4 3
    endloop
  endfacet
  facet normal 0 0 1
    outer loop
      vertex 15.5 0 3
      vertex 12.5 4.4 3
      vertex 12.5 0 3
    endloop
  endfacet
  facet normal 0 -1 0
    outer loop
      vertex 12.5 4.4 3
      vertex 15.5 4.4 6
      vertex 12.5 4.4 6
    endloop
  endfacet
  facet normal 0 -1 -0
    outer loop
      vertex 15.5 4.4 6
      vertex 12.5 4.4 3
      vertex 15.5 4.4 3
    endloop
  endfacet
  facet normal 1 -0 0
    outer loop
      vertex 18.5 0 6
      vertex 18.5 4.4 3
      vertex 18.5 4.4 6
    endloop
  endfacet
  facet normal 1 0 0
    outer loop
      vertex 18.5 4.4 3
      vertex 18.5 0 6
      vertex 18.5 0 3
    endloop
  endfacet
  facet normal 0 0 -1
    outer loop
      vertex 18.5 0 6
      vertex 21.5 4.4 6
      vertex 21.5 0 6
    endloop
  endfacet
  facet normal -0 0 -1
    outer loop
      vertex 21.5 4.4 6
      vertex 18.5 0 6
      vertex 18.5 4.4 6
    endloop
  endfacet
  facet normal -1 0 0
    outer loop
      vertex 21.5 0 3
      vertex 21.5 4.4 6
      vertex 21.5 4.4 3
    endloop
  endfacet
  facet normal -1 -0 0
    outer loop
      vertex 21.5 4.4 6
      vertex 21.5 0 3
      vertex 21.5 0 6
    endloop
  endfacet
  facet normal 0 -1 0
    outer loop
      vertex 18.5 4.4 3
      vertex 21.5 4.4 6
      vertex 18.5 4.4 6
    endloop
  endfacet
  facet normal 0 -1 -0
    outer loop
      vertex 21.5 4.4 6
      vertex 18.5 4.4 3
      vertex 21.5 4.4 3
    endloop
  endfacet
  facet normal -0 0 1
    outer loop
      vertex 18.5 4.4 3
      vertex 21.5 0 3
      vertex 21.5 4.4 3
    endloop
  endfacet
  facet normal 0 0 1
    outer loop
      vertex 21.5 0 3
      vertex 18.5 4.4 3
      vertex 18.5 0 3
    endloop
  endfacet
  facet normal 1 -0 0
    outer loop
      vertex 24.5 0 6
      vertex 24.5 4.4 3
      vertex 24.5 4.4 6
    endloop
  endfacet
  facet normal 1 0 0
    outer loop
      vertex 24.5 4.4 3
      vertex 24.5 0 6
      vertex 24.5 0 3
    endloop
  endfacet
  facet normal 0 0 -1
    outer loop
      vertex 24.5 0 6
      vertex 27.5 4.4 6
      vertex 27.5 0 6
    endloop
  endfacet
  facet normal -0 0 -1
    outer loop
      vertex 27.5 4.4 6
      vertex 24.5 0 6
      vertex 24.5 4.4 6
    endloop
  endfacet
  facet normal -1 0 0
    outer loop
      vertex 27.5 0 3
      vertex 27.5 4.4 6
      vertex 27.5 4.4 3
    endloop
  endfacet
  facet normal -1 -0 0
    outer loop
      vertex 27.5 4.4 6
      vertex 27.5 0 3
      vertex 27.5 0 6
    endloop
  endfacet
  facet normal 0 -1 0
    outer loop
      vertex 24.5 4.4 3
      vertex 27.5 4.4 6
      vertex 24.5 4.4 6
    endloop
  endfacet
  facet normal 0 -1 -0
    outer loop
      vertex 27.5 4.4 6
      vertex 24.5 4.4 3
      vertex 27.5 4.4 3
    endloop
  endfacet
  facet normal -0 0 1
    outer loop
      vertex 24.5 4.4 3
      vertex 27.5 0 3
      vertex 27.5 4.4 3
    endloop
  endfacet
  facet normal 0 0 1
    outer loop
      vertex 27.5 0 3
      vertex 24.5 4.4 3
      vertex 24.5 0 3
    endloop
  endfacet
  facet normal 1 -0 0
    outer loop
      vertex 30.5 0 6
      vertex 30.5 4.4 3
      vertex 30.5 4.4 6
    endloop
  endfacet
  facet normal 1 0 0
    outer loop
      vertex 30.5 4.4 3
      vertex 30.5 0 6
      vertex 30.5 0 3
    endloop
  endfacet
  facet normal 0 0 -1
    outer loop
      vertex 30.5 0 6
      vertex 33.5 4.4 6
      vertex 33.5 0 6
    endloop
  endfacet
  facet normal -0 0 -1
    outer loop
      vertex 33.5 4.4 6
      vertex 30.5 0 6
      vertex 30.5 4.4 6
    endloop
  endfacet
  facet normal -1 0 0
    outer loop
      vertex 33.5 0 3
      vertex 33.5 4.4 6
      vertex 33.5 4.4 3
    endloop
  endfacet
  facet normal -1 -0 0
    outer loop
      vertex 33.5 4.4 6
      vertex 33.5 0 3
      vertex 33.5 0 6
    endloop
  endfacet
  facet normal 0 -1 0
    outer loop
      vertex 30.5 4.4 3
      vertex 33.5 4.4 6
      vertex 30.5 4.4 6
    endloop
  endfacet
  facet normal 0 -1 -0
    outer loop
      vertex 33.5 4.4 6
      vertex 30.5 4.4 3
      vertex 33.5 4.4 3
    endloop
  endfacet
  facet normal -0 0 1
    outer loop
      vertex 30.5 4.4 3
      vertex 33.5 0 3
      vertex 33.5 4.4 3
    endloop
  endfacet
  facet normal 0 0 1
    outer loop
      vertex 33.5 0 3
      vertex 30.5 4.4 3
      vertex 30.5 0 3
    endloop
  endfacet
  facet normal 1 -0 0
    outer loop
      vertex 36.5 0 6
      vertex 36.5 4.4 3
      vertex 36.5 4.4 6
    endloop
  endfacet
  facet normal 1 0 0
    outer loop
      vertex 36.5 4.4 3
      vertex 36.5 0 6
      vertex 36.5 0 3
    endloop
  endfacet
  facet normal 0 0 -1
    outer loop
      vertex 36.5 0 6
      vertex 39.5 4.4 6
      vertex 39.5 0 6
    endloop
  endfacet
  facet normal -0 0 -1
    outer loop
      vertex 39.5 4.4 6
      vertex 36.5 0 6
      vertex 36.5 4.4 6
    endloop
  endfacet
  facet normal -1 0 0
    outer loop
      vertex 39.5 0 3
      vertex 39.5 4.4 6
      vertex 39.5 4.4 3
    endloop
  endfacet
  facet normal -1 -0 0
    outer loop
      vertex 39.5 4.4 6
      vertex 39.5 0 3
      vertex 39.5 0 6
    endloop
  endfacet
  facet normal 0 -1 0
    outer loop
      vertex 36.5 4.4 3
      vertex 39.5 4.4 6
      vertex 36.5 4.4 6
    endloop
  endfacet
  facet normal 0 -1 -0
    outer loop
      vertex 39.5 4.4 6
      vertex 36.5 4.4 3
      vertex 39.5 4.4 3
    endloop
  endfacet
  facet normal -0 0 1
    outer loop
      vertex 36.5 4.4 3
      vertex 39.5 0 3
      vertex 39.5 4.4 3
    endloop
  endfacet
  facet normal 0 0 1
    outer loop
      vertex 39.5 0 3
      vertex 36.5 4.4 3
      vertex 36.5 0 3
    endloop
  endfacet
  facet normal 1 -0 0
    outer loop
      vertex 42.5 0 6
      vertex 42.5 4.4 3
      vertex 42.5 4.4 6
    endloop
  endfacet
  facet normal 1 0 0
    outer loop
      vertex 42.5 4.4 3
      vertex 42.5 0 6
      vertex 42.5 0 3
    endloop
  endfacet
  facet normal 0 0 -1
    outer loop
      vertex 42.5 0 6
      vertex 45.5 4.4 6
      vertex 45.5 0 6
    endloop
  endfacet
  facet normal -0 0 -1
    outer loop
      vertex 45.5 4.4 6
      vertex 42.5 0 6
      vertex 42.5 4.4 6
    endloop
  endfacet
  facet normal -1 0 0
    outer loop
      vertex 45.5 0 3
      vertex 45.5 4.4 6
      vertex 45.5 4.4 3
    endloop
  endfacet
  facet normal -1 -0 0
    outer loop
      vertex 45.5 4.4 6
      vertex 45.5 0 3
      vertex 45.5 0 6
    endloop
  endfacet
  facet normal 0 -1 0
    outer loop
      vertex 42.5 4.4 3
      vertex 45.5 4.4 6
      vertex 42.5 4.4 6
    endloop
  endfacet
  facet normal 0 -1 -0
    outer loop
      vertex 45.5 4.4 6
      vertex 42.5 4.4 3
      vertex 45.5 4.4 3
    endloop
  endfacet
  facet normal -0 0 1
    outer loop
      vertex 42.5 4.4 3
      vertex 45.5 0 3
      vertex 45.5 4.4 3
    endloop
  endfacet
  facet normal 0 0 1
    outer loop
      vertex 45.5 0 3
      vertex 42.5 4.4 3
      vertex 42.5 0 3
    endloop
  endfacet
  facet normal 1 -0 0
    outer loop
      vertex 48.5 0 6
      vertex 48.5 4.4 3
      vertex 48.5 4.4 6
    endloop
  endfacet
  facet normal 1 0 0
    outer loop
      vertex 48.5 4.4 3
      vertex 48.5 0 6
      vertex 48.5 0 3
    endloop
  endfacet
  facet normal 0 0 -1
    outer loop
      vertex 48.5 0 6
      vertex 51.5 4.4 6
      vertex 51.5 0 6
    endloop
  endfacet
  facet normal -0 0 -1
    outer loop
      vertex 51.5 4.4 6
      vertex 48.5 0 6
      vertex 48.5 4.4 6
    endloop
  endfacet
  facet normal -1 0 0
    outer loop
      vertex 51.5 0 3
      vertex 51.5 4.4 6
      vertex 51.5 4.4 3
    endloop
  endfacet
  facet normal -1 -0 0
    outer loop
      vertex 51.5 4.4 6
      vertex 51.5 0 3
      vertex 51.5 0 6
    endloop
  endfacet
  facet normal 0 -1 0
    outer loop
      vertex 48.5 4.4 3
      vertex 51.5 4.4 6
      vertex 48.5 4.4 6
    endloop
  endfacet
  facet normal 0 -1 -0
    outer loop
      vertex 51.5 4.4 6
      vertex 48.5 4.4 3
      vertex 51.5 4.4 3
    endloop
  endfacet
  facet normal -0 0 1
    outer loop
      vertex 48.5 4.4 3
      vertex 51.5 0 3
      vertex 51.5 4.4 3
    endloop
  endfacet
  facet normal 0 0 1
    outer loop
      vertex 51.5 0 3
      vertex 48.5 4.4 3
      vertex 48.5 0 3
    endloop
  endfacet
  facet normal 1 -0 0
    outer loop
      vertex 54.5 0 6
      vertex 54.5 4.4 3
      vertex 54.5 4.4 6
    endloop
  endfacet
  facet normal 1 0 0
    outer loop
      vertex 54.5 4.4 3
      vertex 54.5 0 6
      vertex 54.5 0 3
    endloop
  endfacet
  facet normal 0 0 -1
    outer loop
      vertex 54.5 0 6
      vertex 57.5 4.4 6
      vertex 57.5 0 6
    endloop
  endfacet
  facet normal -0 0 -1
    outer loop
      vertex 57.5 4.4 6
      vertex 54.5 0 6
      vertex 54.5 4.4 6
    endloop
  endfacet
  facet normal -1 0 0
    outer loop
      vertex 57.5 0 3
      vertex 57.5 4.4 6
      vertex 57.5 4.4 3
    endloop
  endfacet
  facet normal -1 -0 0
    outer loop
      vertex 57.5 4.4 6
      vertex 57.5 0 3
      vertex 57.5 0 6
    endloop
  endfacet
  facet normal 0 -1 0
    outer loop
      vertex 54.5 4.4 3
      vertex 57.5 4.4 6
      vertex 54.5 4.4 6
    endloop
  endfacet
  facet normal 0 -1 -0
    outer loop
      vertex 57.5 4.4 6
      vertex 54.5 4.4 3
      vertex 57.5 4.4 3
    endloop
  endfacet
  facet normal -0 0 1
    outer loop
      vertex 54.5 4.4 3
      vertex 57.5 0 3
      vertex 57.5 4.4 3
    endloop
  endfacet
  facet normal 0 0 1
    outer loop
      vertex 57.5 0 3
      vertex 54.5 4.4 3
      vertex 54.5 0 3
    endloop
  endfacet
  facet normal 1 -0 0
    outer loop
      vertex 60.5 0 6
      vertex 60.5 4.4 3
      vertex 60.5 4.4 6
    endloop
  endfacet
  facet normal 1 0 0
    outer loop
      vertex 60.5 4.4 3
      vertex 60.5 0 6
      vertex 60.5 0 3
    endloop
  endfacet
  facet normal 0 0 -1
    outer loop
      vertex 60.5 0 6
      vertex 63.5 4.4 6
      vertex 63.5 0 6
    endloop
  endfacet
  facet normal -0 0 -1
    outer loop
      vertex 63.5 4.4 6
      vertex 60.5 0 6
      vertex 60.5 4.4 6
    endloop
  endfacet
  facet normal -1 0 0
    outer loop
      vertex 63.5 0 3
      vertex 63.5 4.4 6
      vertex 63.5 4.4 3
    endloop
  endfacet
  facet normal -1 -0 0
    outer loop
      vertex 63.5 4.4 6
      vertex 63.5 0 3
      vertex 63.5 0 6
    endloop
  endfacet
  facet normal 0 -1 0
    outer loop
      vertex 60.5 4.4 3
      vertex 63.5 4.4 6
      vertex 60.5 4.4 6
    endloop
  endfacet
  facet normal 0 -1 -0
    outer loop
      vertex 63.5 4.4 6
      vertex 60.5 4.4 3
      vertex 63.5 4.4 3
    endloop
  endfacet
  facet normal -0 0 1
    outer loop
      vertex 60.5 4.4 3
      vertex 63.5 0 3
      vertex 63.5 4.4 3
    endloop
  endfacet
  facet normal 0 0 1
    outer loop
      vertex 63.5 0 3
      vertex 60.5 4.4 3
      vertex 60.5 0 3
    endloop
  endfacet
  facet normal 1 -0 0
    outer loop
      vertex 66.5 0 6
      vertex 66.5 4.4 3
      vertex 66.5 4.4 6
    endloop
  endfacet
  facet normal 1 0 0
    outer loop
      vertex 66.5 4.4 3
      vertex 66.5 0 6
      vertex 66.5 0 3
    endloop
  endfacet
  facet normal 0 0 -1
    outer loop
      vertex 66.5 0 6
      vertex 69.5 4.4 6
      vertex 69.5 0 6
    endloop
  endfacet
  facet normal -0 0 -1
    outer loop
      vertex 69.5 4.4 6
      vertex 66.5 0 6
      vertex 66.5 4.4 6
    endloop
  endfacet
  facet normal -1 0 0
    outer loop
      vertex 69.5 0 3
      vertex 69.5 4.4 6
      vertex 69.5 4.4 3
    endloop
  endfacet
  facet normal -1 -0 0
    outer loop
      vertex 69.5 4.4 6
      vertex 69.5 0 3
      vertex 69.5 0 6
    endloop
  endfacet
  facet normal -0 0 1
    outer loop
      vertex 66.5 4.4 3
      vertex 69.5 0 3
      vertex 69.5 4.4 3
    endloop
  endfacet
  facet normal 0 0 1
    outer loop
      vertex 69.5 0 3
      vertex 66.5 4.4 3
      vertex 66.5 0 3
    endloop
  endfacet
  facet normal 0 -1 0
    outer loop
      vertex 66.5 4.4 3
      vertex 69.5 4.4 6
      vertex 66.5 4.4 6
    endloop
  endfacet
  facet normal 0 -1 -0
    outer loop
      vertex 69.5 4.4 6
      vertex 66.5 4.4 3
      vertex 69.5 4.4 3
    endloop
  endfacet
  facet normal 1 -0 0
    outer loop
      vertex 72.5 0 6
      vertex 72.5 4.4 3
      vertex 72.5 4.4 6
    endloop
  endfacet
  facet normal 1 0 0
    outer loop
      vertex 72.5 4.4 3
      vertex 72.5 0 6
      vertex 72.5 0 3
    endloop
  endfacet
  facet normal 0 0 -1
    outer loop
      vertex 72.5 0 6
      vertex 75.5 4.4 6
      vertex 75.5 0 6
    endloop
  endfacet
  facet normal -0 0 -1
    outer loop
      vertex 75.5 4.4 6
      vertex 72.5 0 6
      vertex 72.5 4.4 6
    endloop
  endfacet
  facet normal -1 0 0
    outer loop
      vertex 75.5 0 3
      vertex 75.5 4.4 6
      vertex 75.5 4.4 3
    endloop
  endfacet
  facet normal -1 -0 0
    outer loop
      vertex 75.5 4.4 6
      vertex 75.5 0 3
      vertex 75.5 0 6
    endloop
  endfacet
  facet normal 0 -1 0
    outer loop
      vertex 72.5 4.4 3
      vertex 75.5 4.4 6
      vertex 72.5 4.4 6
    endloop
  endfacet
  facet normal 0 -1 -0
    outer loop
      vertex 75.5 4.4 6
      vertex 72.5 4.4 3
      vertex 75.5 4.4 3
    endloop
  endfacet
  facet normal -0 0 1
    outer loop
      vertex 72.5 4.4 3
      vertex 75.5 0 3
      vertex 75.5 4.4 3
    endloop
  endfacet
  facet normal 0 0 1
    outer loop
      vertex 75.5 0 3
      vertex 72.5 4.4 3
      vertex 72.5 0 3
    endloop
  endfacet
  facet normal 1 -0 0
    outer loop
      vertex 78.5 0 6
      vertex 78.5 4.4 3
      vertex 78.5 4.4 6
    endloop
  endfacet
  facet normal 1 0 0
    outer loop
      vertex 78.5 4.4 3
      vertex 78.5 0 6
      vertex 78.5 0 3
    endloop
  endfacet
  facet normal 0 0 -1
    outer loop
      vertex 78.5 0 6
      vertex 81.5 4.4 6
      vertex 81.5 0 6
    endloop
  endfacet
  facet normal -0 0 -1
    outer loop
      vertex 81.5 4.4 6
      vertex 78.5 0 6
      vertex 78.5 4.4 6
    endloop
  endfacet
  facet normal -1 0 0
    outer loop
      vertex 81.5 0 3
      vertex 81.5 4.4 6
      vertex 81.5 4.4 3
    endloop
  endfacet
  facet normal -1 -0 0
    outer loop
      vertex 81.5 4.4 6
      vertex 81.5 0 3
      vertex 81.5 0 6
    endloop
  endfacet
  facet normal 0 -1 0
    outer loop
      vertex 78.5 4.4 3
      vertex 81.5 4.4 6
      vertex 78.5 4.4 6
    endloop
  endfacet
  facet normal 0 -1 -0
    outer loop
      vertex 81.5 4.4 6
      vertex 78.5 4.4 3
      vertex 81.5 4.4 3
    endloop
  endfacet
  facet normal -0 0 1
    outer loop
      vertex 78.5 4.4 3
      vertex 81.5 0 3
      vertex 81.5 4.4 3
    endloop
  endfacet
  facet normal 0 0 1
    outer loop
      vertex 81.5 0 3
      vertex 78.5 4.4 3
      vertex 78.5 0 3
    endloop
  endfacet
  facet normal 1 -0 0
    outer loop
      vertex 84.5 0 6
      vertex 84.5 4.4 3
      vertex 84.5 4.4 6
    endloop
  endfacet
  facet normal 1 0 0
    outer loop
      vertex 84.5 4.4 3
      vertex 84.5 0 6
      vertex 84.5 0 3
    endloop
  endfacet
  facet normal 0 0 -1
    outer loop
      vertex 84.5 0 6
      vertex 87.5 4.4 6
      vertex 87.5 0 6
    endloop
  endfacet
  facet normal -0 0 -1
    outer loop
      vertex 87.5 4.4 6
      vertex 84.5 0 6
      vertex 84.5 4.4 6
    endloop
  endfacet
  facet normal -1 0 0
    outer loop
      vertex 87.5 0 3
      vertex 87.5 4.4 6
      vertex 87.5 4.4 3
    endloop
  endfacet
  facet normal -1 -0 0
    outer loop
      vertex 87.5 4.4 6
      vertex 87.5 0 3
      vertex 87.5 0 6
    endloop
  endfacet
  facet normal -0 0 1
    outer loop
      vertex 84.5 4.4 3
      vertex 87.5 0 3
      vertex 87.5 4.4 3
    endloop
  endfacet
  facet normal 0 0 1
    outer loop
      vertex 87.5 0 3
      vertex 84.5 4.4 3
      vertex 84.5 0 3
    endloop
  endfacet
  facet normal 0 -1 0
    outer loop
      vertex 84.5 4.4 3
      vertex 87.5 4.4 6
      vertex 84.5 4.4 6
    endloop
  endfacet
  facet normal 0 -1 -0
    outer loop
      vertex 87.5 4.4 6
      vertex 84.5 4.4 3
      vertex 87.5 4.4 3
    endloop
  endfacet
  facet normal 1 -0 0
    outer loop
      vertex 90.5 0 6
      vertex 90.5 4.4 3
      vertex 90.5 4.4 6
    endloop
  endfacet
  facet normal 1 0 0
    outer loop
      vertex 90.5 4.4 3
      vertex 90.5 0 6
      vertex 90.5 0 3
    endloop
  endfacet
  facet normal 0 0 -1
    outer loop
      vertex 90.5 0 6
      vertex 93.5 4.4 6
      vertex 93.5 0 6
    endloop
  endfacet
  facet normal -0 0 -1
    outer loop
      vertex 93.5 4.4 6
      vertex 90.5 0 6
      vertex 90.5 4.4 6
    endloop
  endfacet
  facet normal -1 0 0
    outer loop
      vertex 93.5 0 3
      vertex 93.5 4.4 6
      vertex 93.5 4.4 3
    endloop
  endfacet
  facet normal -1 -0 0
    outer loop
      vertex 93.5 4.4 6
      vertex 93.5 0 3
      vertex 93.5 0 6
    endloop
  endfacet
  facet normal -0 0 1
    outer loop
      vertex 90.5 4.4 3
      vertex 93.5 0 3
      vertex 93.5 4.4 3
    endloop
  endfacet
  facet normal 0 0 1
    outer loop
      vertex 93.5 0 3
      vertex 90.5 4.4 3
      vertex 90.5 0 3
    endloop
  endfacet
  facet normal 0 -1 0
    outer loop
      vertex 90.5 4.4 3
      vertex 93.5 4.4 6
      vertex 90.5 4.4 6
    endloop
  endfacet
  facet normal 0 -1 -0
    outer loop
      vertex 93.5 4.4 6
      vertex 90.5 4.4 3
      vertex 93.5 4.4 3
    endloop
  endfacet
endsolid OpenSCAD_Model
