#VRML V2.0 utf8
# 3D model generated by easyeda2kicad.py (https://github.com/uPesy/easyeda2kicad.py)

Shape{
    appearance Appearance {
        material  Material 	{
            diffuseColor 0.9882352941176471 0.7372549019607844 0.5176470588235295
            specularColor 0.49411764705882355 0.3686274509803922 0.25882352941176473
            ambientIntensity 0.7873
            transparency 0.0
            shininess 0.5
        }
    }
    geometry IndexedFaceSet {
        ccw TRUE
        solid FALSE
        coord DEF co Coordinate {
            point [
                -1.1418 1.2796 0.0394, -1.1418 1.8701 0.0394, -1.1418 1.2796 0.0, -1.1418 1.8701 0.0, -0.8268 1.2796 0.0394, -0.8268 1.2796 0.0, -0.8268 1.8701 0.0394, -0.8268 1.8701 0.0, -0.8268 -1.87 0.0394, -1.1418 -1.87 0.0394, -0.8268 -1.87 0.0, -1.1418 -1.87 0.0, -0.8268 -1.2795 0.0394, -0.8268 -1.2795 0.0, -1.1418 -1.2795 0.0394, -1.1418 -1.2795 0.0, -0.6496 1.8701 0.0394, -0.3347 1.8701 0.0394, -0.6496 1.8701 0.0, -0.3347 1.8701 0.0, -0.6496 1.2796 0.0394, -0.6496 1.2796 0.0, -0.3347 1.2796 0.0394, -0.3347 1.2796 0.0, -1.8701 0.8268 0.0394, -1.8701 1.1418 0.0394, -1.8701 0.8268 0.0, -1.8701 1.1418 0.0, -1.2795 0.8268 0.0394, -1.2795 0.8268 0.0, -1.2795 1.0237 0.0394, -1.2795 1.0237 0.0, -1.3977 1.1418 0.0394, -1.3977 1.1418 0.0, -0.3347 -1.87 0.0394, -0.6496 -1.87 0.0394, -0.3347 -1.87 0.0, -0.6496 -1.87 0.0, -0.3347 -1.2795 0.0394, -0.3347 -1.2795 0.0, -0.6496 -1.2795 0.0394, -0.6496 -1.2795 0.0, -0.1575 1.8701 0.0394, 0.1575 1.8701 0.0394, -0.1575 1.8701 0.0, 0.1575 1.8701 0.0, -0.1575 1.2796 0.0394, -0.1575 1.2796 0.0, 0.1575 1.2796 0.0394, 0.1575 1.2796 0.0, 0.1575 -1.87 0.0394, -0.1575 -1.87 0.0394, 0.1575 -1.87 0.0, -0.1575 -1.87 0.0, 0.1575 -1.2795 0.0394, 0.1575 -1.2795 0.0, -0.1575 -1.2795 0.0394, -0.1575 -1.2795 0.0, 0.3346 1.8701 0.0394, 0.6496 1.8701 0.0394, 0.3346 1.8701 0.0, 0.6496 1.8701 0.0, 0.3346 1.2796 0.0394, 0.3346 1.2796 0.0, 0.6496 1.2796 0.0394, 0.6496 1.2796 0.0, 0.6496 -1.87 0.0394, 0.3346 -1.87 0.0394, 0.6496 -1.87 0.0, 0.3346 -1.87 0.0, 0.6496 -1.2795 0.0394, 0.6496 -1.2795 0.0, 0.3346 -1.2795 0.0394, 0.3346 -1.2795 0.0, 0.8268 1.8701 0.0394, 1.1417 1.8701 0.0394, 0.8268 1.8701 0.0, 1.1417 1.8701 0.0, 0.8268 1.2796 0.0394, 0.8268 1.2796 0.0, 1.1417 1.2796 0.0394, 1.1417 1.2796 0.0, 1.1417 -1.87 0.0394, 0.8268 -1.87 0.0394, 1.1417 -1.87 0.0, 0.8268 -1.87 0.0, 1.1417 -1.2795 0.0394, 1.1417 -1.2795 0.0, 0.8268 -1.2795 0.0394, 0.8268 -1.2795 0.0, 1.2795 1.1418 0.0394, 1.8701 1.1418 0.0394, 1.2795 1.1418 0.0, 1.8701 1.1418 0.0, 1.2795 0.8268 0.0394, 1.2795 0.8268 0.0, 1.8701 0.8268 0.0394, 1.8701 0.8268 0.0, -1.8701 0.6496 0.0394, -1.2795 0.6496 0.0394, -1.8701 0.6496 0.0, -1.2795 0.6496 0.0, -1.8701 0.3347 0.0394, -1.8701 0.3347 0.0, -1.2795 0.3347 0.0394, -1.2795 0.3347 0.0, 1.2795 0.6496 0.0394, 1.8701 0.6496 0.0394, 1.2795 0.6496 0.0, 1.8701 0.6496 0.0, 1.2795 0.3347 0.0394, 1.2795 0.3347 0.0, 1.8701 0.3347 0.0394, 1.8701 0.3347 0.0, -1.8701 0.1575 0.0394, -1.2795 0.1575 0.0394, -1.8701 0.1575 0.0, -1.2795 0.1575 0.0, -1.8701 -0.1574 0.0394, -1.8701 -0.1574 0.0, -1.2795 -0.1574 0.0394, -1.2795 -0.1574 0.0, 1.2795 0.1575 0.0394, 1.8701 0.1575 0.0394, 1.2795 0.1575 0.0, 1.8701 0.1575 0.0, 1.2795 -0.1574 0.0394, 1.2795 -0.1574 0.0, 1.8701 -0.1574 0.0394, 1.8701 -0.1574 0.0, -1.8701 -0.3346 0.0394, -1.2795 -0.3346 0.0394, -1.8701 -0.3346 0.0, -1.2795 -0.3346 0.0, -1.8701 -0.6496 0.0394, -1.8701 -0.6496 0.0, -1.2795 -0.6496 0.0394, -1.2795 -0.6496 0.0, 1.2795 -0.3346 0.0394, 1.8701 -0.3346 0.0394, 1.2795 -0.3346 0.0, 1.8701 -0.3346 0.0, 1.2795 -0.6496 0.0394, 1.2795 -0.6496 0.0, 1.8701 -0.6496 0.0394, 1.8701 -0.6496 0.0, -1.8701 -0.8267 0.0394, -1.2795 -0.8267 0.0394, -1.8701 -0.8267 0.0, -1.2795 -0.8267 0.0, -1.8701 -1.1417 0.0394, -1.8701 -1.1417 0.0, -1.2795 -1.1417 0.0394, -1.2795 -1.1417 0.0, 1.2795 -0.8267 0.0394, 1.8701 -0.8267 0.0394, 1.2795 -0.8267 0.0, 1.8701 -0.8267 0.0, 1.2795 -1.1417 0.0394, 1.2795 -1.1417 0.0, 1.8701 -1.1417 0.0394, 1.8701 -1.1417 0.0, 0.9449 0.9449 0.0394, 0.9449 -0.9448 0.0394, 0.9449 0.9449 0.0, 0.9449 -0.9448 0.0, -0.9449 0.9449 0.0394, -0.9449 0.9449 0.0, -0.9449 -0.9448 0.0394, -0.9449 -0.9448 0.0
            ]
        }
        coordIndex [
            0,1,2,-1,2,1,3,-1,4,0,5,-1,5,0,2,-1,6,4,7,-1,7,4,5,-1,1,6,3,-1,3,6,7,-1,4,6,0,-1,0,6,1,-1,7,5,3,-1,3,5,2,-1,8,9,10,-1,10,9,11,-1,12,8,13,-1,13,8,10,-1,14,12,15,-1,15,12,13,-1,9,14,11,-1,11,14,15,-1,12,14,8,-1,8,14,9,-1,15,13,11,-1,11,13,10,-1,16,17,18,-1,18,17,19,-1,20,16,21,-1,21,16,18,-1,22,20,23,-1,23,20,21,-1,17,22,19,-1,19,22,23,-1,20,22,16,-1,16,22,17,-1,23,21,19,-1,19,21,18,-1,24,25,26,-1,26,25,27,-1,28,24,29,-1,29,24,26,-1,30,28,31,-1,31,28,29,-1,32,30,33,-1,33,30,31,-1,25,32,27,-1,27,32,33,-1,28,30,24,-1,24,30,32,-1,24,32,25,-1,31,29,33,-1,33,29,26,-1,33,26,27,-1,34,35,36,-1,36,35,37,-1,38,34,39,-1,39,34,36,-1,40,38,41,-1,41,38,39,-1,35,40,37,-1,37,40,41,-1,38,40,34,-1,34,40,35,-1,41,39,37,-1,37,39,36,-1,42,43,44,-1,44,43,45,-1,46,42,47,-1,47,42,44,-1,48,46,49,-1,49,46,47,-1,43,48,45,-1,45,48,49,-1,46,48,42,-1,42,48,43,-1,49,47,45,-1,45,47,44,-1,50,51,52,-1,52,51,53,-1,54,50,55,-1,55,50,52,-1,56,54,57,-1,57,54,55,-1,51,56,53,-1,53,56,57,-1,54,56,50,-1,50,56,51,-1,57,55,53,-1,53,55,52,-1,58,59,60,-1,60,59,61,-1,62,58,63,-1,63,58,60,-1,64,62,65,-1,65,62,63,-1,59,64,61,-1,61,64,65,-1,62,64,58,-1,58,64,59,-1,65,63,61,-1,61,63,60,-1,66,67,68,-1,68,67,69,-1,70,66,71,-1,71,66,68,-1,72,70,73,-1,73,70,71,-1,67,72,69,-1,69,72,73,-1,70,72,66,-1,66,72,67,-1,73,71,69,-1,69,71,68,-1,74,75,76,-1,76,75,77,-1,78,74,79,-1,79,74,76,-1,80,78,81,-1,81,78,79,-1,75,80,77,-1,77,80,81,-1,78,80,74,-1,74,80,75,-1,81,79,77,-1,77,79,76,-1,82,83,84,-1,84,83,85,-1,86,82,87,-1,87,82,84,-1,88,86,89,-1,89,86,87,-1,83,88,85,-1,85,88,89,-1,86,88,82,-1,82,88,83,-1,89,87,85,-1,85,87,84,-1,90,91,92,-1,92,91,93,-1,94,90,95,-1,95,90,92,-1,96,94,97,-1,97,94,95,-1,91,96,93,-1,93,96,97,-1,94,96,90,-1,90,96,91,-1,97,95,93,-1,93,95,92,-1,98,99,100,-1,100,99,101,-1,102,98,103,-1,103,98,100,-1,104,102,105,-1,105,102,103,-1,99,104,101,-1,101,104,105,-1,102,104,98,-1,98,104,99,-1,105,103,101,-1,101,103,100,-1,106,107,108,-1,108,107,109,-1,110,106,111,-1,111,106,108,-1,112,110,113,-1,113,110,111,-1,107,112,109,-1,109,112,113,-1,110,112,106,-1,106,112,107,-1,113,111,109,-1,109,111,108,-1,114,115,116,-1,116,115,117,-1,118,114,119,-1,119,114,116,-1,120,118,121,-1,121,118,119,-1,115,120,117,-1,117,120,121,-1,118,120,114,-1,114,120,115,-1,121,119,117,-1,117,119,116,-1,122,123,124,-1,124,123,125,-1,126,122,127,-1,127,122,124,-1,128,126,129,-1,129,126,127,-1,123,128,125,-1,125,128,129,-1,126,128,122,-1,122,128,123,-1,129,127,125,-1,125,127,124,-1,130,131,132,-1,132,131,133,-1,134,130,135,-1,135,130,132,-1,136,134,137,-1,137,134,135,-1,131,136,133,-1,133,136,137,-1,134,136,130,-1,130,136,131,-1,137,135,133,-1,133,135,132,-1,138,139,140,-1,140,139,141,-1,142,138,143,-1,143,138,140,-1,144,142,145,-1,145,142,143,-1,139,144,141,-1,141,144,145,-1,142,144,138,-1,138,144,139,-1,145,143,141,-1,141,143,140,-1,146,147,148,-1,148,147,149,-1,150,146,151,-1,151,146,148,-1,152,150,153,-1,153,150,151,-1,147,152,149,-1,149,152,153,-1,150,152,146,-1,146,152,147,-1,153,151,149,-1,149,151,148,-1,154,155,156,-1,156,155,157,-1,158,154,159,-1,159,154,156,-1,160,158,161,-1,161,158,159,-1,155,160,157,-1,157,160,161,-1,158,160,154,-1,154,160,155,-1,161,159,157,-1,157,159,156,-1,162,163,164,-1,164,163,165,-1,166,162,167,-1,167,162,164,-1,168,166,169,-1,169,166,167,-1,163,168,165,-1,165,168,169,-1,166,168,162,-1,162,168,163,-1,169,167,165,-1,165,167,164,-1,
        ]
    }
}
Shape{
    appearance Appearance {
        material  Material 	{
            diffuseColor 0.7529411764705882 0.7529411764705882 0.7529411764705882
            specularColor 0.3764705882352941 0.3764705882352941 0.3764705882352941
            ambientIntensity 0.7529
            transparency 0.0
            shininess 0.5
        }
    }
    geometry IndexedFaceSet {
        ccw TRUE
        solid FALSE
        coord DEF co Coordinate {
            point [
                1.5025 0.3062 0.9423, 1.5024 0.3084 0.9448, 1.5016 0.3084 0.9602, 1.5016 0.2658 0.9603, 1.5016 0.2644 0.9602, 1.5016 0.2866 0.9602, 1.5295 -1.1364 0.4269, 1.5295 -0.7645 0.4269, 1.5035 -0.7645 0.9232, 1.4972 0.4144 1.0435, 1.501 0.4165 0.9716, 1.4953 0.4253 1.0808, 1.5016 0.4253 0.9602, 1.5016 0.4165 0.961, 1.5016 0.3958 0.9602, 1.4994 0.3783 1.003, 1.501 0.3783 0.9716, 1.4994 0.3958 1.003, 1.501 0.3958 0.9716, 1.4994 0.4117 1.003, 1.4988 0.4117 1.0137, 1.4988 0.3958 1.0137, 1.4972 0.3958 1.0435, 1.4988 0.3783 1.0137, 1.4972 0.3783 1.0435, 1.5016 0.3958 0.961, 1.5016 0.3663 0.961, 1.5016 0.36 0.9602, 1.4967 0.3663 1.0543, 1.4925 0.4596 1.1345, 1.4925 0.4253 1.1345, 1.4938 0.4691 1.109, 1.4938 0.4825 1.109, 1.4889 0.4469 1.2022, 1.4953 1.1022 1.0808, 1.4889 1.0958 1.203, 1.4889 0.4253 1.203, 1.4889 0.434 1.2022, 1.4901 0.4253 1.1795, 1.4994 0.5099 1.0028, 1.4999 0.5077 0.9919, 1.5016 0.5154 0.961, 1.5004 0.5031 0.9823, 1.5009 0.4961 0.974, 1.4967 0.551 1.0543, 1.4967 0.5639 1.0543, 1.4991 0.5102 1.0088, 1.4984 0.5087 1.0216, 1.4967 0.4608 1.0543, 1.4968 0.4751 1.0527, 1.5012 0.4863 0.967, 1.5015 0.4756 0.9629, 1.5016 0.4599 0.961, 1.4973 0.4961 1.0419, 1.4975 0.4995 1.0386, 1.4979 0.5052 1.0305, 1.5002 0.5766 0.9865, 1.5002 0.5377 0.9865, 1.5016 0.5861 0.961, 1.5016 0.5287 0.961, 1.5016 1.1085 0.9602, 1.497 0.4864 1.0486, 1.5016 0.5995 0.961, 1.5016 0.4342 0.961, 1.4967 0.4342 1.0543, 1.5035 -1.1104 0.9232, 1.5016 -0.7645 0.9602, 1.5016 -1.1084 0.9602, 1.4953 -0.7645 1.0808, 1.4953 -1.1021 1.0808, 1.4889 -0.7645 1.203, 1.4889 -1.0957 1.203, 1.4697 -0.7645 1.5688, 1.4697 -1.0765 1.5688, 1.4889 0.2439 1.203, 1.4889 0.2185 1.203, 1.4889 0.2207 1.2029, 1.489 0.2306 1.2, 1.4897 0.2306 1.1874, 1.4953 0.2439 1.0808, 1.4894 0.2086 1.1929, 1.4894 0.2045 1.1928, 1.4933 0.198 1.119, 1.4933 0.2065 1.1181, 1.4933 0.2125 1.1184, 1.4897 0.2296 1.188, 1.4932 0.2228 1.1207, 1.493 0.2306 1.1244, 1.4936 0.2306 1.1128, 1.4936 0.229 1.112, 1.4929 0.1849 1.1256, 1.4916 0.1734 1.1508, 1.4928 0.1825 1.1279, 1.4921 0.175 1.1415, 1.4925 0.178 1.134, 1.4895 0.2201 1.1916, 1.4895 0.1965 1.1911, 1.4897 0.1892 1.1876, 1.4899 0.1831 1.1826, 1.49 0.1825 1.1819, 1.4903 0.1779 1.1754, 1.4907 0.1748 1.1673, 1.4914 0.1733 1.1545, 1.4931 0.1912 1.1214, 1.4938 0.219 1.1087, 1.4939 0.2047 1.1074, 1.4953 0.1648 1.0808, 1.4939 0.1977 1.1078, 1.4937 0.1878 1.1101, 1.4935 0.1792 1.1145, 1.4932 0.1726 1.1201, 1.4932 0.1718 1.121, 1.4889 0.1648 1.203, 1.49 0.1674 1.1812, 1.4896 0.1741 1.1901, 1.4894 0.1762 1.1921, 1.4891 0.1852 1.1984, 1.4889 0.195 1.2022, 1.4928 0.1663 1.129, 1.4926 0.1648 1.1327, 1.4953 0.1592 1.0808, 1.4889 0.1592 1.203, 1.4906 0.1629 1.1709, 1.4903 0.1648 1.1753, 1.4922 0.1625 1.1387, 1.4914 0.1607 1.1538, 1.4912 0.1608 1.1587, 1.4889 0.2974 1.2022, 1.4889 0.3084 1.203, 1.4889 0.2866 1.203, 1.4916 0.2614 1.151, 1.4932 0.2614 1.1196, 1.4916 0.2866 1.151, 1.4932 0.2866 1.1196, 1.4916 0.2948 1.151, 1.4932 0.2995 1.1196, 1.491 0.2948 1.1617, 1.4895 0.2974 1.1915, 1.491 0.2866 1.1617, 1.4895 0.2866 1.1915, 1.491 0.2614 1.1617, 1.4895 0.2614 1.1915, 1.4953 0.3084 1.0808, 1.4938 0.2995 1.109, 1.4953 0.2866 1.0808, 1.4938 0.2866 1.109, 1.4938 0.2493 1.109, 1.4889 0.2493 1.2022, 1.4889 0.2866 1.2022, 1.4938 0.3429 1.109, 1.4938 0.3172 1.109, 1.4889 0.3438 1.2022, 1.4889 0.36 1.203, 1.4889 0.3172 1.2022, 1.4922 0.3907 1.1399, 1.4927 0.3861 1.1303, 1.4953 0.3958 1.0808, 1.4916 0.393 1.1508, 1.4889 0.3958 1.203, 1.4906 0.3917 1.1696, 1.4913 0.3932 1.1568, 1.4931 0.3791 1.122, 1.4935 0.3693 1.115, 1.4953 0.36 1.0808, 1.4937 0.36 1.1114, 1.4937 0.3587 1.1109, 1.4896 0.3791 1.1899, 1.4897 0.3825 1.1866, 1.4902 0.3882 1.1785, 1.489 0.3581 1.2007, 1.489 0.36 1.2, 1.4892 0.3694 1.1966, 1.4938 0.3984 1.109, 1.4938 0.4117 1.109, 1.4925 0.4207 1.1345, 1.5001 0.1714 0.9894, 1.4999 0.1738 0.9927, 1.4989 0.1755 1.0116, 1.5015 0.201 0.9618, 1.5016 0.1965 0.9602, 1.5016 0.2109 0.961, 1.5014 0.205 0.9645, 1.5015 0.1787 0.9619, 1.5016 0.1648 0.9602, 1.5016 0.1832 0.9602, 1.5016 0.1834 0.9602, 1.5011 0.171 0.9695, 1.5009 0.1696 0.9735, 1.5006 0.169 0.9788, 1.4981 0.2104 1.027, 1.4986 0.2404 1.0176, 1.4984 0.2426 1.0207, 1.4997 0.1773 0.9958, 1.4996 0.1824 0.9984, 1.4987 0.1827 1.0162, 1.4995 0.1911 1.0006, 1.4985 0.2014 1.0192, 1.4985 0.1974 1.0196, 1.4985 0.19 1.0188, 1.5014 0.1747 0.9646, 1.5013 0.1734 0.966, 1.501 0.2109 0.9713, 1.501 0.2106 0.9713, 1.5012 0.2087 0.9684, 1.5005 0.169 0.9803, 1.5003 0.1698 0.9853, 1.4981 0.1867 1.0277, 1.498 0.1985 1.0291, 1.498 0.2055 1.0285, 1.4983 0.1755 1.0229, 1.4982 0.178 1.0243, 1.4982 0.2143 1.0248, 1.4984 0.2175 1.0218, 1.4988 0.239 1.0138, 1.4986 0.2199 1.0181, 1.4988 0.2217 1.0128, 1.4993 0.2109 1.0033, 1.4991 0.2105 1.0085, 1.4988 0.2093 1.0126, 1.4987 0.2079 1.0151, 1.4997 0.2438 0.9971, 1.5008 0.2385 0.9754, 1.4997 0.2439 0.997, 1.5009 0.2429 0.9726, 1.501 0.2439 0.9723, 1.4996 0.2419 0.9991, 1.4994 0.2403 1.0015, 1.4993 0.2226 1.0038, 1.4992 0.239 1.0051, 1.499 0.2385 1.0096, 1.4986 0.2062 1.0169, 1.4986 0.2041 1.0183, 1.5016 0.1902 0.9594, 1.5035 0.1648 0.9232, 1.5016 0.1962 0.9601, 1.5035 0.2439 0.9232, 1.5014 0.2385 0.9633, 1.5016 0.2226 0.961, 1.5015 0.2439 0.9613, 1.5016 0.2439 0.9602, 1.5016 0.246 0.9606, 1.5016 0.2496 0.9602, 1.5016 0.2566 0.9594, 1.4981 0.2803 1.0262, 1.4987 0.2803 1.0148, 1.4983 0.246 1.0238, 1.4982 0.2496 1.0259, 1.5009 0.283 0.9744, 1.501 0.2815 0.9707, 1.5012 0.2794 0.9676, 1.4984 0.2439 1.0219, 1.498 0.256 1.0282, 1.498 0.2645 1.0291, 1.498 0.2724 1.0285, 1.5 0.2796 0.9901, 1.5002 0.2818 0.9869, 1.5004 0.2831 0.9834, 1.5006 0.2835 0.9791, 1.5014 0.276 0.9647, 1.5015 0.2723 0.9625, 1.4985 0.2634 1.0196, 1.4985 0.2599 1.0194, 1.499 0.2506 1.0107, 1.4985 0.2568 1.0185, 1.4986 0.2542 1.0171, 1.499 0.2507 1.0091, 1.4991 0.2512 1.0073, 1.4992 0.252 1.0057, 1.4993 0.2532 1.0045, 1.4994 0.2573 1.0019, 1.4985 0.2712 1.0187, 1.4996 0.2645 0.9987, 1.4987 0.2778 1.0163, 1.4997 0.2691 0.9969, 1.4999 0.2768 0.9926, 1.4987 0.2524 1.0156, 1.4988 0.2514 1.0141, 1.4989 0.2508 1.0125, 1.5011 0.2502 0.9698, 1.5 0.2563 0.9902, 1.4999 0.2493 0.9934, 1.5011 0.2577 0.9689, 1.5011 0.2582 0.9689, 1.5002 0.2639 0.987, 1.5011 0.2642 0.9696, 1.5007 0.2715 0.9779, 1.5006 0.2714 0.9794, 1.501 0.2673 0.9707, 1.501 0.2683 0.9714, 1.501 0.2697 0.9725, 1.5009 0.2707 0.9741, 1.5008 0.2713 0.9757, 1.5005 0.2709 0.9812, 1.5004 0.27 0.9828, 1.5003 0.2685 0.9843, 1.4981 0.3415 1.0276, 1.4981 0.3537 1.0276, 1.4967 0.3958 1.0543, 1.4967 0.4144 1.0543, 1.5007 0.3201 0.9775, 1.501 0.3216 0.972, 1.501 0.3219 0.972, 1.4989 0.3084 1.0114, 1.5007 0.3233 0.9774, 1.5009 0.3224 0.9743, 1.5006 0.3084 0.98, 1.4981 0.2896 1.0276, 1.4981 0.3027 1.0276, 1.5015 0.3158 0.9611, 1.5016 0.3154 0.9602, 1.5022 0.3107 0.949, 1.5035 0.2866 0.9232, 1.5032 0.292 0.9305, 1.5026 0.292 0.9409, 1.5026 0.2944 0.9402, 1.5027 0.2987 0.9396, 1.5031 0.3084 0.9317, 1.5032 0.3043 0.9301, 1.5035 0.3084 0.9232, 1.5032 0.2996 0.9296, 1.5032 0.297 0.9297, 1.5027 0.3015 0.9399, 1.5026 0.3041 0.9409, 1.5021 0.3234 0.9509, 1.5026 0.3181 0.9406, 1.5035 0.36 0.9232, 1.5016 0.3271 0.9602, 1.5029 0.3138 0.9355, 1.5029 0.313 0.9347, 1.5031 0.3089 0.9319, 1.4884 -0.0978 1.2115, 1.4889 -0.0855 1.203, 1.4889 0.0693 1.203, 1.4894 -0.0706 1.1928, 1.4908 -0.0483 1.167, 1.4953 0.0258 1.0808, 1.4953 0.0693 1.0808, 1.4945 0.0199 1.0954, 1.4935 0.0064 1.1143, 1.4927 -0.0117 1.1295, 1.4922 -0.0347 1.1404, 1.4922 -0.0314 1.1393, 1.4884 -0.223 1.2122, 1.4878 -0.1923 1.2236, 1.4697 0.0693 1.5688, 1.4876 -0.1609 1.2273, 1.4878 -0.1309 1.2238, 1.4889 -0.2379 1.203, 1.489 -0.2406 1.2014, 1.4932 -0.3774 1.1213, 1.4921 -0.3615 1.1417, 1.4906 -0.3112 1.1703, 1.4904 -0.2851 1.1735, 1.4897 -0.2562 1.1881, 1.4904 -0.2774 1.1731, 1.4905 -0.2698 1.1722, 1.4919 -0.357 1.146, 1.4911 -0.3358 1.1608, 1.5008 -0.344 0.9762, 1.4998 -0.3648 0.9938, 1.5014 -0.32 0.9645, 1.4987 -0.3799 1.0154, 1.4974 -0.3895 1.0401, 1.496 -0.3927 1.0661, 1.4957 -0.3925 1.0725, 1.4953 -0.391 1.0808, 1.4944 -0.388 1.0974, 1.5015 -0.3116 0.962, 1.5016 -0.3108 0.9602, 1.5023 -0.305 0.9477, 1.5029 -0.2951 0.9356, 1.5034 -0.2821 0.9258, 1.5295 0.0693 0.4269, 1.5035 0.0693 0.9232, 1.5035 -0.2211 0.9232, 1.5037 -0.2668 0.9194, 1.5035 -0.276 0.9232, 1.5038 -0.2325 0.9188, 1.5039 -0.2485 0.9169, 1.5039 -0.2511 0.9169, 1.5016 0.0693 0.9602, 1.5016 -0.1863 0.9602, 1.5016 -0.1864 0.9599, 1.5024 -0.1942 0.9451, 1.503 -0.2044 0.9337, 1.5035 -0.2177 0.9245, 1.4995 -0.1015 0.9993, 1.4995 -0.097 1.0011, 1.4975 -0.0891 1.0389, 1.5 0.0065 0.9905, 1.5008 -0.0116 0.9752, 1.4981 -0.1987 1.0276, 1.4956 -0.1097 1.0741, 1.4975 -0.2104 1.0382, 1.4971 -0.2244 1.0457, 1.4997 -0.1056 0.9964, 1.499 0.0197 1.0088, 1.4964 -0.0104 1.0587, 1.4958 -0.0136 1.0714, 1.4953 -0.0186 1.0808, 1.4953 -0.3492 1.0808, 1.4956 0.028 1.0752, 1.4967 0.0311 1.0535, 1.4979 0.028 1.0298, 1.4994 -0.0918 1.0018, 1.4994 -0.0912 1.0017, 1.4994 -0.0892 1.0013, 1.4974 -0.3453 1.0409, 1.4981 -0.3374 1.0275, 1.4984 -0.3036 1.0207, 1.4987 -0.3255 1.0153, 1.4992 -0.311 1.0064, 1.4973 -0.2791 1.0426, 1.4978 -0.2927 1.0332, 1.496 -0.3508 1.0674, 1.4965 -0.35 1.0572, 1.497 -0.2644 1.0482, 1.4969 -0.2485 1.0502, 1.4969 -0.2405 1.0497, 1.5005 -0.1124 0.9812, 1.5004 -0.1122 0.9838, 1.5 -0.1821 0.9898, 1.5001 -0.1109 0.9889, 1.4999 -0.1083 0.9934, 1.4986 -0.0236 1.0177, 1.498 -0.0163 1.0281, 1.4974 -0.0117 1.0399, 1.4967 -0.0101 1.0528, 1.5015 -0.0969 0.9612, 1.5015 -0.1013 0.963, 1.5013 -0.1056 0.966, 1.5012 -0.1071 0.9676, 1.501 -0.11 0.9718, 1.5008 -0.1118 0.9763, 1.5008 -0.1825 0.9763, 1.5004 -0.1821 0.9832, 1.5013 -0.0318 0.9653, 1.5016 -0.0539 0.9606, 1.5016 -0.0931 0.9606, 1.4995 -0.0878 1.0011, 1.4995 -0.0579 1.0011, 1.4993 -0.046 1.0034, 1.499 -0.0343 1.0088, 1.4986 -0.0245 1.0168, 1.4919 -0.0816 1.1444, 1.491 -0.0965 1.1623, 1.493 -0.2492 1.1238, 1.4909 -0.0982 1.1638, 1.4902 -0.1169 1.1767, 1.4919 -0.2391 1.1448, 1.4929 -0.2539 1.1264, 1.4926 -0.2688 1.1318, 1.4952 -0.0197 1.0829, 1.4947 -0.0274 1.0914, 1.494 -0.0619 1.1046, 1.4943 -0.0377 1.0985, 1.4941 -0.0493 1.103, 1.494 -0.0672 1.1046, 1.4931 -0.0713 1.1231, 1.4927 -0.3077 1.1295, 1.4931 -0.3225 1.1217, 1.4925 -0.2914 1.1334, 1.4937 -0.3339 1.1115, 1.4944 -0.3432 1.0983, 1.491 -0.2242 1.1626, 1.4898 -0.1377 1.1847, 1.4903 -0.2064 1.1755, 1.4897 -0.1602 1.1875, 1.4899 -0.1847 1.1843, 1.4925 -0.2844 1.1338, 1.4951 -0.3488 1.0835, 1.5035 1.1104 0.9232, 1.5035 0.4253 0.9232, 1.5035 0.3958 0.9232, 1.4697 1.0766 1.5688, 1.4697 0.4253 1.5688, 1.4697 0.3958 1.5688, 1.4697 0.36 1.5688, 1.4697 0.3084 1.5688, 1.4697 0.2866 1.5688, 1.4697 0.2439 1.5688, 1.4697 0.1648 1.5688, 1.4888 0.2085 1.2038, 1.4889 0.2019 1.203, 1.5295 1.1364 0.4269, 1.5295 0.4253 0.4269, 1.5295 0.3958 0.4269, 1.5295 0.36 0.4269, 1.5295 0.3084 0.4269, 1.5295 0.2866 0.4269, 1.5295 0.2439 0.4269, 1.5295 0.1648 0.4269, 1.5295 0.1592 0.4269, 1.5035 0.1592 0.9232, 1.5016 0.1592 0.9602, 1.501 0.1578 0.9716, 1.5016 0.1578 0.961, 1.5016 0.1076 0.961, 1.4972 0.1557 1.0435, 1.4967 0.1076 1.0543, 1.4967 0.1557 1.0543, 1.4994 0.1196 1.003, 1.501 0.1196 0.9716, 1.4994 0.153 1.003, 1.4988 0.153 1.0137, 1.4988 0.1196 1.0137, 1.4972 0.1196 1.0435, 1.4889 0.1196 1.2022, 1.4932 0.1196 1.1196, 1.4932 0.1568 1.1196, 1.4938 0.1076 1.109, 1.4889 0.1076 1.2022, 1.4938 0.1568 1.109, 1.4697 0.1592 1.5688, 1.4518 1.0587 1.9104, 1.4518 0.4253 1.9104, 1.4518 0.3958 1.9104, 1.4518 0.36 1.9104, 1.4518 0.3084 1.9104, 1.4518 0.2866 1.9104, 1.4518 0.2439 1.9104, 1.4518 0.1648 1.9104, 1.4518 0.1592 1.9104, 1.4518 0.0693 1.9104, 1.4518 -0.7645 1.9104, 1.4518 -1.0586 1.9104, 0.8858 -0.8858 2.2835, -0.8858 -0.8858 2.2835, -1.0587 -1.0586 2.2835, -0.8858 0.4922 2.2835, -1.0587 1.0587 2.2835, -0.4921 0.8859 2.2835, 1.0586 1.0587 2.2835, 0.8858 0.8859 2.2835, 1.0586 -1.0586 2.2835
            ]
        }
        coordIndex [
            0,1,2,-1,3,4,5,-1,6,7,8,-1,9,10,11,-1,11,10,12,-1,12,10,13,-1,12,13,14,-1,15,16,17,-1,17,16,18,-1,17,18,19,-1,19,18,10,-1,19,10,20,-1,20,10,9,-1,20,9,21,-1,21,9,22,-1,21,22,23,-1,23,22,24,-1,13,25,14,-1,14,25,26,-1,14,26,27,-1,27,26,28,-1,29,30,31,-1,31,30,11,-1,31,11,32,-1,33,32,34,-1,34,35,33,-1,33,35,36,-1,33,36,37,-1,37,36,38,-1,39,40,41,-1,41,40,42,-1,41,42,43,-1,11,44,45,-1,39,41,46,-1,46,41,44,-1,46,44,47,-1,48,49,11,-1,43,50,41,-1,41,50,51,-1,41,51,52,-1,53,54,44,-1,44,54,55,-1,44,55,47,-1,56,57,58,-1,58,57,59,-1,58,59,60,-1,11,49,44,-1,44,49,61,-1,44,61,53,-1,32,11,34,-1,34,11,45,-1,34,45,60,-1,60,45,62,-1,60,62,58,-1,59,41,60,-1,60,41,52,-1,60,52,12,-1,12,52,63,-1,12,63,11,-1,11,63,64,-1,11,64,48,-1,6,8,65,-1,65,8,66,-1,65,66,67,-1,67,66,68,-1,67,68,69,-1,69,68,70,-1,69,70,71,-1,71,70,72,-1,71,72,73,-1,74,75,76,-1,76,77,74,-1,74,77,78,-1,74,78,79,-1,80,81,82,-1,83,84,85,-1,85,84,86,-1,85,86,78,-1,78,86,87,-1,78,87,79,-1,79,87,88,-1,79,88,89,-1,90,91,92,-1,92,91,93,-1,92,93,94,-1,83,85,82,-1,82,85,95,-1,82,95,80,-1,81,96,82,-1,82,96,97,-1,82,97,98,-1,98,99,82,-1,82,99,100,-1,82,100,101,-1,101,102,82,-1,82,102,91,-1,82,91,103,-1,103,91,90,-1,89,104,79,-1,79,104,105,-1,79,105,106,-1,106,105,107,-1,106,107,108,-1,108,109,106,-1,106,109,110,-1,106,110,111,-1,112,113,114,-1,114,115,112,-1,112,115,116,-1,112,116,117,-1,111,118,106,-1,106,118,119,-1,106,119,120,-1,121,122,112,-1,112,122,123,-1,112,123,113,-1,119,124,120,-1,120,124,125,-1,120,125,121,-1,121,125,126,-1,121,126,122,-1,127,128,129,-1,130,131,132,-1,132,131,133,-1,132,133,134,-1,134,133,135,-1,134,135,136,-1,136,135,137,-1,136,137,138,-1,138,137,139,-1,138,139,140,-1,140,139,141,-1,127,137,128,-1,128,137,135,-1,128,135,142,-1,142,135,143,-1,142,143,144,-1,144,143,145,-1,144,145,79,-1,79,145,146,-1,79,146,74,-1,74,146,147,-1,74,147,129,-1,129,147,148,-1,129,148,127,-1,149,150,142,-1,151,152,128,-1,142,150,128,-1,128,150,153,-1,128,153,151,-1,154,155,156,-1,154,156,157,-1,158,159,160,-1,155,161,156,-1,156,161,162,-1,156,162,163,-1,163,162,164,-1,163,164,165,-1,166,167,158,-1,158,167,168,-1,158,168,159,-1,151,169,152,-1,152,169,170,-1,152,170,158,-1,158,170,171,-1,158,171,166,-1,172,156,173,-1,173,156,11,-1,173,11,174,-1,174,11,30,-1,38,36,172,-1,172,36,158,-1,172,158,156,-1,156,158,160,-1,156,160,157,-1,175,176,177,-1,178,179,180,-1,178,180,181,-1,182,183,184,-1,184,183,185,-1,186,187,183,-1,183,187,188,-1,189,190,191,-1,176,192,177,-1,177,192,193,-1,177,193,194,-1,194,193,195,-1,196,197,195,-1,195,197,198,-1,195,198,194,-1,182,199,183,-1,183,199,200,-1,183,200,186,-1,201,202,180,-1,180,202,203,-1,180,203,181,-1,106,204,205,-1,206,207,106,-1,106,207,208,-1,175,177,205,-1,205,177,209,-1,205,209,106,-1,106,209,210,-1,106,210,206,-1,189,211,190,-1,190,211,212,-1,190,212,213,-1,213,212,214,-1,213,214,215,-1,216,217,195,-1,195,217,218,-1,195,218,219,-1,220,221,222,-1,222,221,223,-1,222,223,224,-1,225,226,227,-1,227,226,228,-1,227,228,215,-1,215,228,229,-1,215,229,213,-1,219,230,195,-1,195,230,231,-1,195,231,196,-1,232,233,234,-1,234,233,235,-1,234,235,179,-1,220,225,221,-1,221,225,227,-1,221,227,236,-1,236,227,237,-1,236,237,238,-1,238,237,239,-1,238,239,240,-1,240,239,241,-1,242,241,235,-1,235,241,239,-1,235,239,179,-1,179,239,237,-1,179,237,180,-1,243,244,5,-1,245,246,79,-1,247,248,5,-1,5,248,249,-1,208,189,106,-1,106,189,191,-1,106,191,79,-1,79,191,250,-1,79,250,245,-1,246,251,79,-1,79,251,252,-1,79,252,144,-1,144,252,253,-1,144,253,243,-1,254,255,244,-1,244,255,256,-1,244,256,5,-1,5,256,257,-1,5,257,247,-1,249,258,5,-1,5,258,259,-1,5,259,3,-1,260,261,262,-1,262,261,263,-1,262,263,264,-1,262,265,260,-1,260,265,266,-1,260,266,267,-1,267,268,260,-1,260,268,269,-1,260,269,270,-1,270,269,271,-1,270,271,272,-1,272,271,273,-1,272,273,244,-1,244,273,274,-1,244,274,254,-1,275,276,264,-1,264,276,277,-1,264,277,262,-1,278,279,224,-1,224,279,280,-1,224,280,222,-1,278,281,279,-1,279,281,282,-1,279,282,283,-1,283,282,284,-1,283,285,286,-1,284,287,283,-1,283,287,288,-1,283,288,289,-1,289,290,283,-1,283,290,291,-1,283,291,285,-1,286,292,283,-1,283,292,293,-1,283,293,294,-1,295,296,163,-1,296,27,163,-1,163,27,28,-1,163,28,156,-1,156,28,297,-1,156,297,11,-1,11,297,298,-1,11,298,9,-1,299,300,301,-1,165,149,163,-1,163,149,142,-1,163,142,295,-1,295,142,302,-1,295,302,303,-1,303,302,299,-1,303,299,304,-1,304,299,301,-1,2,305,5,-1,5,305,306,-1,243,5,144,-1,144,5,306,-1,144,306,142,-1,142,306,307,-1,142,307,302,-1,308,305,309,-1,309,305,2,-1,309,2,310,-1,310,2,1,-1,311,312,313,-1,242,235,4,-1,4,235,311,-1,4,311,5,-1,5,311,313,-1,5,313,2,-1,2,313,314,-1,2,314,315,-1,316,317,318,-1,318,317,319,-1,318,319,311,-1,311,319,320,-1,311,320,312,-1,315,321,2,-1,2,321,322,-1,2,322,0,-1,323,324,325,-1,323,325,326,-1,324,327,325,-1,325,327,328,-1,325,328,318,-1,318,328,329,-1,318,329,316,-1,330,331,332,-1,332,331,333,-1,332,333,334,-1,335,336,337,-1,337,336,332,-1,337,332,338,-1,338,332,339,-1,334,340,332,-1,332,340,341,-1,332,341,339,-1,342,343,72,-1,72,343,344,-1,344,343,345,-1,344,345,346,-1,342,72,347,-1,347,72,70,-1,347,70,348,-1,70,349,350,-1,70,351,348,-1,348,351,352,-1,348,352,353,-1,353,352,354,-1,353,354,355,-1,350,356,70,-1,70,356,357,-1,70,357,351,-1,358,359,66,-1,358,66,360,-1,359,361,66,-1,66,361,362,-1,66,362,68,-1,68,362,363,-1,363,364,68,-1,68,364,365,-1,68,365,70,-1,70,365,366,-1,70,366,349,-1,367,360,368,-1,368,360,66,-1,368,66,369,-1,369,66,8,-1,369,8,370,-1,370,8,371,-1,372,373,374,-1,7,375,8,-1,8,375,376,-1,8,376,371,-1,374,377,372,-1,372,377,378,-1,372,378,7,-1,7,378,379,-1,7,379,375,-1,380,381,373,-1,373,381,382,-1,373,382,383,-1,383,384,373,-1,373,384,385,-1,373,385,374,-1,386,387,388,-1,389,390,380,-1,391,392,393,-1,393,392,394,-1,386,388,395,-1,389,380,396,-1,397,398,392,-1,392,398,399,-1,392,399,400,-1,335,401,336,-1,336,401,402,-1,336,402,380,-1,380,402,403,-1,380,403,396,-1,387,404,388,-1,388,404,405,-1,388,405,406,-1,407,408,409,-1,409,408,410,-1,409,410,411,-1,412,400,413,-1,413,400,414,-1,413,414,409,-1,409,414,415,-1,409,415,407,-1,412,416,400,-1,400,416,417,-1,400,417,392,-1,392,417,418,-1,392,418,394,-1,419,420,421,-1,421,420,422,-1,421,422,388,-1,388,422,423,-1,388,423,395,-1,424,425,388,-1,388,425,426,-1,388,426,392,-1,392,426,427,-1,392,427,397,-1,428,429,381,-1,381,429,430,-1,381,430,431,-1,431,432,381,-1,381,432,433,-1,381,433,434,-1,434,433,419,-1,434,419,435,-1,435,419,421,-1,390,436,380,-1,380,436,437,-1,380,437,381,-1,381,437,438,-1,381,438,428,-1,406,439,388,-1,388,439,440,-1,388,440,441,-1,441,442,388,-1,388,442,443,-1,388,443,424,-1,444,445,446,-1,445,447,446,-1,446,447,448,-1,446,448,449,-1,399,446,400,-1,400,446,450,-1,400,450,451,-1,452,453,454,-1,454,453,455,-1,454,455,456,-1,452,454,399,-1,399,454,457,-1,399,457,446,-1,446,457,458,-1,446,458,444,-1,459,460,461,-1,461,460,462,-1,461,462,463,-1,449,448,464,-1,464,448,465,-1,464,465,466,-1,466,465,467,-1,466,467,468,-1,451,469,400,-1,400,469,461,-1,400,461,470,-1,470,461,463,-1,471,60,472,-1,472,60,12,-1,472,12,473,-1,473,12,14,-1,473,14,325,-1,325,14,27,-1,325,27,326,-1,326,27,296,-1,35,474,36,-1,36,474,475,-1,36,475,158,-1,158,475,476,-1,158,476,152,-1,152,476,477,-1,152,477,128,-1,128,477,478,-1,128,478,129,-1,129,478,479,-1,129,479,74,-1,74,479,480,-1,74,480,75,-1,75,480,481,-1,75,481,482,-1,482,481,483,-1,484,471,485,-1,485,471,472,-1,485,472,486,-1,486,472,473,-1,486,473,487,-1,487,473,325,-1,487,325,488,-1,488,325,318,-1,488,318,489,-1,489,318,311,-1,489,311,490,-1,490,311,235,-1,490,235,491,-1,491,235,233,-1,491,233,492,-1,492,233,493,-1,492,493,372,-1,232,185,233,-1,233,185,183,-1,233,183,493,-1,493,183,494,-1,495,496,494,-1,494,496,497,-1,188,204,183,-1,183,204,106,-1,183,106,494,-1,494,106,120,-1,494,120,495,-1,495,120,498,-1,372,493,373,-1,373,493,494,-1,373,494,380,-1,380,494,497,-1,380,497,336,-1,336,497,499,-1,336,499,120,-1,120,499,500,-1,120,500,498,-1,501,502,503,-1,503,502,495,-1,503,495,504,-1,504,495,498,-1,504,498,505,-1,505,498,506,-1,507,508,509,-1,510,511,332,-1,332,511,507,-1,332,507,121,-1,121,507,509,-1,121,509,120,-1,120,509,512,-1,120,512,336,-1,336,512,510,-1,336,510,332,-1,117,483,112,-1,112,483,481,-1,112,481,121,-1,121,481,513,-1,121,513,332,-1,332,513,344,-1,332,344,330,-1,330,344,346,-1,474,514,475,-1,475,514,515,-1,475,515,476,-1,476,515,516,-1,476,516,477,-1,477,516,517,-1,477,517,478,-1,478,517,518,-1,478,518,479,-1,479,518,519,-1,479,519,480,-1,480,519,520,-1,480,520,481,-1,481,520,521,-1,481,521,513,-1,513,521,522,-1,513,522,344,-1,344,522,523,-1,344,523,72,-1,72,523,524,-1,72,524,73,-1,73,524,525,-1,526,527,528,-1,528,527,529,-1,528,529,530,-1,530,529,531,-1,530,531,532,-1,532,531,533,-1,532,533,534,-1,534,533,526,-1,534,526,528,-1,
        ]
    }
}
Shape{
    appearance Appearance {
        material  Material 	{
            diffuseColor 0.0 0.4980392156862745 0.12941176470588237
            specularColor 0.0 0.25098039215686274 0.06666666666666667
            ambientIntensity 0.3071
            transparency 0.0
            shininess 0.5
        }
    }
    geometry IndexedFaceSet {
        ccw TRUE
        solid FALSE
        coord DEF co Coordinate {
            point [
                -1.5984 1.3553 0.315, -1.5393 1.4512 0.315, -1.9882 1.9882 0.315, -1.3552 -1.5984 0.315, -1.4512 -1.5392 0.315, -1.9882 -1.9881 0.315, 1.3552 1.5984 0.315, 1.4512 1.5393 0.315, 1.9882 1.9882 0.315, 1.5984 -1.3552 0.315, 1.5392 -1.4511 0.315, 1.9882 -1.9881 0.315, 1.6351 -1.2485 0.315, -1.6351 1.2486 0.315, 1.2486 1.6351 0.315, -1.2486 -1.635 0.315, 1.5318 1.4605 0.315, 1.5931 1.366 0.315, 1.6323 1.2603 0.315, 1.6474 1.1485 0.315, 1.6475 1.1364 0.315, 1.6475 -1.1364 0.315, -1.5318 -1.4604 0.315, -1.5932 -1.3659 0.315, -1.6323 -1.2602 0.315, -1.4605 1.5318 0.315, -1.366 1.5932 0.315, -1.2602 1.6324 0.315, 1.4605 -1.5317 0.315, 1.3659 -1.5931 0.315, 1.2602 -1.6323 0.315, -1.6474 -1.1484 0.315, -1.6475 -1.1364 0.315, -1.6475 1.1364 0.315, -1.1484 1.6474 0.315, -1.1364 1.6476 0.315, 1.1364 1.6476 0.315, 1.1484 -1.6473 0.315, 1.1364 -1.6475 0.315, -1.1364 -1.6475 0.315, 1.9882 -1.9881 0.0, 1.9882 -1.9291 0.0, 1.9882 -1.2106 0.0, 1.9882 -1.0433 0.0, 1.9882 -0.7381 0.0, 1.9882 -0.246 0.0, 1.9882 0.2461 0.0, 1.9882 0.7382 0.0, 1.9882 1.0433 0.0, 1.9882 1.2107 0.0, 1.9882 1.9882 0.0, -1.9882 -1.9881 0.0, -1.2106 -1.9881 0.0, -1.0433 -1.9881 0.0, -0.7382 -1.9881 0.0, -0.2461 -1.9881 0.0, 0.246 -1.9881 0.0, 0.7382 -1.9881 0.0, 1.0433 -1.9881 0.0, 1.2106 -1.9881 0.0, 1.9291 -1.9881 0.0, -1.9882 1.9882 0.0, -1.9882 1.2107 0.0, -1.9882 1.0433 0.0, -1.9882 0.7382 0.0, -1.9882 0.2461 0.0, -1.9882 -0.246 0.0, -1.9882 -0.7381 0.0, -1.9882 -1.0433 0.0, -1.9882 -1.2106 0.0, -1.9882 -1.9291 0.0, 1.9291 1.9882 0.0, 1.2106 1.9882 0.0, 1.0433 1.9882 0.0, 0.7382 1.9882 0.0, 0.246 1.9882 0.0, -0.2461 1.9882 0.0, -0.7382 1.9882 0.0, -1.0433 1.9882 0.0, -1.2106 1.9882 0.0, -1.0433 1.0433 0.0, -1.0433 1.2107 0.0, -0.7382 1.2107 0.0, 1.1417 -1.2795 0.0, 1.0433 -1.2795 0.0, 1.0433 -1.2106 0.0, -1.2795 -1.1417 0.0, -1.2795 -1.0433 0.0, -1.2106 -1.0433 0.0, -1.0433 1.8701 0.0, -0.8268 1.8701 0.0, -0.8268 1.2796 0.0, -1.0433 1.2796 0.0, -1.1418 1.2796 0.0, -1.2106 -0.7381 0.0, -1.2795 -0.8267 0.0, -1.8701 -0.8267 0.0, -1.8701 -1.0433 0.0, -1.8701 -1.1417 0.0, -1.2106 -1.2106 0.0, 1.2106 -1.2106 0.0, 1.2106 -1.0433 0.0, 1.2795 -1.0433 0.0, 1.2795 -0.8267 0.0, 1.2106 -0.7381 0.0, 1.8701 -0.8267 0.0, 1.9291 -0.7381 0.0, 1.8701 -1.0433 0.0, 1.9291 -1.0433 0.0, 1.8701 -1.1417 0.0, 1.9291 -1.2106 0.0, 1.2795 -1.1417 0.0, 0.7382 -0.9448 0.0, 0.246 -1.0433 0.0, 0.246 -0.9448 0.0, -0.2461 -1.0433 0.0, -0.2461 -0.9448 0.0, -0.7382 -1.0433 0.0, -0.7382 -0.9448 0.0, -0.9449 -0.9448 0.0, -1.0433 -1.0433 0.0, -0.9449 -0.7381 0.0, -1.0433 -0.7381 0.0, -0.9449 -0.246 0.0, -1.0433 -0.246 0.0, -0.9449 0.2461 0.0, -1.0433 0.2461 0.0, -0.9449 0.7382 0.0, -1.0433 0.7382 0.0, -0.9449 0.9449 0.0, -0.7382 0.9449 0.0, -0.7382 1.0433 0.0, -0.2461 1.0433 0.0, -0.2461 0.9449 0.0, 0.246 1.0433 0.0, 0.246 0.9449 0.0, 0.7382 1.0433 0.0, 0.7382 0.9449 0.0, 0.9449 0.9449 0.0, 1.0433 1.0433 0.0, 0.9449 0.7382 0.0, 1.0433 0.7382 0.0, 0.9449 0.2461 0.0, 1.0433 0.2461 0.0, 0.9449 -0.246 0.0, 1.0433 -0.246 0.0, 0.9449 -0.7381 0.0, 1.0433 -0.7381 0.0, 0.9449 -0.9448 0.0, 1.0433 -1.0433 0.0, 0.7382 -1.0433 0.0, -1.2106 1.0433 0.0, -1.2992 1.0433 0.0, -1.2106 1.2107 0.0, -1.3977 1.1418 0.0, -1.8701 1.1418 0.0, -1.8701 1.0433 0.0, -1.8701 0.8268 0.0, -1.2106 0.7382 0.0, -1.2795 0.8268 0.0, -1.2795 1.0237 0.0, -0.8268 -1.2795 0.0, -0.7382 -1.2106 0.0, -0.8268 -1.87 0.0, -0.7382 -1.9291 0.0, -1.0433 -1.87 0.0, -1.0433 -1.9291 0.0, -1.1418 -1.87 0.0, -1.2106 -1.9291 0.0, -1.1418 -1.2795 0.0, -1.0433 -1.2795 0.0, -1.0433 -1.2106 0.0, 1.0433 1.2796 0.0, 1.1417 1.2796 0.0, 1.2106 1.2107 0.0, 1.1417 1.8701 0.0, 1.0433 1.8701 0.0, 0.8268 1.8701 0.0, 0.7382 1.2107 0.0, 0.8268 1.2796 0.0, 1.0433 1.2107 0.0, 0.7382 -1.2106 0.0, 0.8268 -1.2795 0.0, 0.7382 -1.9291 0.0, 0.8268 -1.87 0.0, 1.0433 -1.9291 0.0, 1.0433 -1.87 0.0, 1.2106 -1.9291 0.0, 1.1417 -1.87 0.0, 1.9291 1.2107 0.0, 1.9291 1.0433 0.0, 1.8701 1.0433 0.0, 1.8701 0.8268 0.0, 1.9291 0.7382 0.0, 1.2795 0.8268 0.0, 1.2106 0.7382 0.0, 1.2795 1.0433 0.0, 1.2106 1.0433 0.0, 1.2795 1.1418 0.0, 1.8701 1.1418 0.0, -1.1418 1.8701 0.0, -0.3347 1.2796 0.0, -0.2461 1.2107 0.0, -0.6496 1.2796 0.0, -0.6496 1.8701 0.0, -0.3347 1.8701 0.0, 0.1575 1.2796 0.0, 0.246 1.2107 0.0, -0.1575 1.2796 0.0, -0.1575 1.8701 0.0, 0.1575 1.8701 0.0, 0.6496 1.2796 0.0, 0.3346 1.2796 0.0, 0.3346 1.8701 0.0, 0.6496 1.8701 0.0, -1.2795 0.3347 0.0, -1.2106 0.2461 0.0, -1.8701 0.3347 0.0, -1.8701 0.6496 0.0, -1.2795 0.6496 0.0, 1.8701 0.3347 0.0, 1.9291 0.2461 0.0, 1.2795 0.3347 0.0, 1.2106 0.2461 0.0, 1.2795 0.6496 0.0, 1.8701 0.6496 0.0, -1.2795 -0.1574 0.0, -1.2106 -0.246 0.0, -1.8701 -0.1574 0.0, -1.8701 0.1575 0.0, -1.2795 0.1575 0.0, 1.8701 -0.1574 0.0, 1.9291 -0.246 0.0, 1.2795 -0.1574 0.0, 1.2106 -0.246 0.0, 1.2795 0.1575 0.0, 1.8701 0.1575 0.0, -1.2795 -0.6496 0.0, -1.8701 -0.6496 0.0, -1.8701 -0.3346 0.0, -1.2795 -0.3346 0.0, 1.8701 -0.6496 0.0, 1.2795 -0.6496 0.0, 1.2795 -0.3346 0.0, 1.8701 -0.3346 0.0, -0.2461 -1.2106 0.0, 0.246 -1.2106 0.0, -0.6496 -1.2795 0.0, -0.3347 -1.2795 0.0, -0.3347 -1.87 0.0, -0.2461 -1.9291 0.0, -0.6496 -1.87 0.0, -0.1575 -1.2795 0.0, 0.1575 -1.2795 0.0, 0.1575 -1.87 0.0, 0.246 -1.9291 0.0, -0.1575 -1.87 0.0, 0.3346 -1.2795 0.0, 0.6496 -1.2795 0.0, 0.6496 -1.87 0.0, 0.3346 -1.87 0.0, 1.9291 -1.9291 0.0
            ]
        }
        coordIndex [
            0,1,2,-1,3,4,5,-1,6,7,8,-1,9,10,11,-1,9,11,12,-1,0,2,13,-1,6,8,14,-1,3,5,15,-1,7,16,8,-1,8,16,17,-1,8,17,18,-1,18,19,8,-1,8,19,20,-1,8,20,11,-1,11,20,21,-1,11,21,12,-1,4,22,5,-1,5,22,23,-1,5,23,24,-1,1,25,2,-1,2,25,26,-1,2,26,27,-1,10,28,11,-1,11,28,29,-1,11,29,30,-1,24,31,5,-1,5,31,32,-1,5,32,2,-1,2,32,33,-1,2,33,13,-1,27,34,2,-1,2,34,35,-1,2,35,8,-1,8,35,36,-1,8,36,14,-1,30,37,11,-1,11,37,38,-1,11,38,5,-1,5,38,39,-1,5,39,15,-1,11,40,41,-1,41,42,11,-1,11,42,43,-1,11,43,44,-1,44,45,11,-1,11,45,46,-1,11,46,8,-1,8,46,47,-1,47,48,8,-1,8,48,49,-1,8,49,50,-1,51,52,5,-1,5,52,53,-1,53,54,5,-1,5,54,55,-1,5,55,11,-1,55,56,11,-1,11,56,57,-1,11,57,58,-1,58,59,11,-1,11,59,60,-1,11,60,40,-1,61,62,2,-1,2,62,63,-1,63,64,2,-1,2,64,65,-1,2,65,5,-1,65,66,5,-1,5,66,67,-1,5,67,68,-1,68,69,5,-1,5,69,70,-1,5,70,51,-1,50,71,8,-1,8,71,72,-1,8,72,73,-1,73,74,8,-1,8,74,75,-1,8,75,2,-1,2,75,76,-1,2,76,77,-1,77,78,2,-1,2,78,79,-1,2,79,61,-1,80,81,82,-1,62,61,79,-1,83,84,85,-1,86,87,88,-1,79,78,89,-1,89,78,90,-1,90,78,77,-1,90,77,91,-1,91,77,82,-1,91,82,92,-1,92,82,81,-1,92,81,93,-1,88,87,94,-1,94,87,95,-1,94,95,67,-1,67,95,96,-1,67,96,68,-1,68,96,97,-1,68,97,69,-1,98,86,99,-1,100,101,102,-1,102,101,103,-1,103,101,104,-1,103,104,105,-1,105,104,106,-1,105,106,107,-1,107,106,108,-1,107,108,109,-1,109,108,110,-1,109,110,111,-1,112,113,114,-1,114,113,115,-1,114,115,116,-1,116,115,117,-1,116,117,118,-1,118,117,119,-1,119,117,120,-1,119,120,121,-1,121,120,122,-1,121,122,123,-1,123,122,124,-1,123,124,125,-1,125,124,126,-1,125,126,127,-1,127,126,128,-1,127,128,129,-1,129,128,80,-1,129,80,130,-1,80,131,130,-1,130,131,132,-1,130,132,133,-1,133,132,134,-1,133,134,135,-1,135,134,136,-1,135,136,137,-1,137,136,138,-1,138,136,139,-1,138,139,140,-1,140,139,141,-1,140,141,142,-1,142,141,143,-1,142,143,144,-1,144,143,145,-1,144,145,146,-1,146,145,147,-1,146,147,148,-1,148,147,149,-1,148,149,112,-1,112,149,150,-1,112,150,113,-1,151,152,153,-1,153,152,154,-1,62,155,63,-1,63,155,156,-1,63,156,64,-1,64,156,157,-1,64,157,158,-1,158,157,159,-1,158,159,151,-1,151,159,160,-1,151,160,152,-1,161,162,163,-1,163,162,164,-1,163,164,165,-1,165,164,166,-1,165,166,167,-1,167,166,168,-1,167,168,169,-1,169,168,99,-1,169,99,170,-1,170,99,171,-1,170,171,161,-1,161,171,162,-1,172,173,174,-1,174,173,72,-1,72,173,175,-1,72,175,73,-1,73,175,176,-1,73,176,74,-1,74,176,177,-1,74,177,178,-1,178,177,179,-1,178,179,180,-1,85,84,181,-1,181,84,182,-1,181,182,183,-1,183,182,184,-1,183,184,185,-1,185,184,186,-1,185,186,187,-1,187,186,188,-1,187,188,100,-1,189,190,191,-1,191,190,192,-1,192,190,193,-1,192,193,194,-1,194,193,195,-1,194,195,196,-1,196,195,197,-1,196,197,198,-1,198,197,174,-1,198,174,199,-1,89,200,79,-1,79,200,153,-1,79,153,62,-1,62,153,154,-1,62,154,155,-1,201,202,203,-1,203,202,82,-1,203,82,204,-1,204,82,77,-1,204,77,205,-1,205,77,76,-1,205,76,201,-1,201,76,202,-1,206,207,208,-1,208,207,202,-1,208,202,209,-1,209,202,76,-1,209,76,210,-1,210,76,75,-1,210,75,206,-1,206,75,207,-1,211,178,212,-1,212,178,207,-1,212,207,213,-1,213,207,75,-1,213,75,214,-1,214,75,74,-1,214,74,211,-1,211,74,178,-1,72,71,174,-1,174,71,189,-1,174,189,199,-1,199,189,191,-1,80,82,131,-1,131,82,202,-1,131,202,132,-1,132,202,207,-1,132,207,134,-1,134,207,178,-1,134,178,136,-1,136,178,180,-1,136,180,139,-1,215,216,217,-1,217,216,65,-1,217,65,218,-1,218,65,64,-1,218,64,219,-1,219,64,158,-1,219,158,215,-1,215,158,216,-1,220,221,222,-1,222,221,223,-1,222,223,224,-1,224,223,195,-1,224,195,225,-1,225,195,193,-1,225,193,220,-1,220,193,221,-1,226,227,228,-1,228,227,66,-1,228,66,229,-1,229,66,65,-1,229,65,230,-1,230,65,216,-1,230,216,226,-1,226,216,227,-1,231,232,233,-1,233,232,234,-1,233,234,235,-1,235,234,223,-1,235,223,236,-1,236,223,221,-1,236,221,231,-1,231,221,232,-1,237,94,238,-1,238,94,67,-1,238,67,239,-1,239,67,66,-1,239,66,240,-1,240,66,227,-1,240,227,237,-1,237,227,94,-1,241,106,242,-1,242,106,104,-1,242,104,243,-1,243,104,234,-1,243,234,244,-1,244,234,232,-1,244,232,241,-1,241,232,106,-1,200,93,153,-1,153,93,81,-1,153,81,151,-1,151,81,80,-1,151,80,158,-1,158,80,128,-1,158,128,216,-1,216,128,126,-1,216,126,227,-1,227,126,124,-1,227,124,94,-1,94,124,122,-1,94,122,88,-1,88,122,120,-1,86,88,99,-1,99,88,120,-1,99,120,171,-1,171,120,117,-1,171,117,162,-1,162,117,115,-1,162,115,245,-1,245,115,113,-1,245,113,246,-1,246,113,150,-1,246,150,181,-1,181,150,149,-1,181,149,85,-1,179,172,180,-1,180,172,174,-1,180,174,139,-1,139,174,197,-1,139,197,141,-1,141,197,195,-1,141,195,143,-1,143,195,223,-1,143,223,145,-1,145,223,234,-1,145,234,147,-1,147,234,104,-1,147,104,149,-1,149,104,101,-1,149,101,85,-1,85,101,100,-1,85,100,83,-1,83,100,188,-1,97,98,69,-1,69,98,99,-1,69,99,70,-1,70,99,168,-1,70,168,51,-1,247,162,248,-1,248,162,245,-1,248,245,249,-1,249,245,250,-1,249,250,251,-1,251,250,164,-1,251,164,247,-1,247,164,162,-1,252,245,253,-1,253,245,246,-1,253,246,254,-1,254,246,255,-1,254,255,256,-1,256,255,250,-1,256,250,252,-1,252,250,245,-1,257,246,258,-1,258,246,181,-1,258,181,259,-1,259,181,183,-1,259,183,260,-1,260,183,255,-1,260,255,257,-1,257,255,246,-1,102,111,100,-1,100,111,110,-1,100,110,187,-1,187,110,261,-1,51,168,52,-1,52,168,166,-1,52,166,53,-1,53,166,164,-1,53,164,54,-1,54,164,250,-1,54,250,55,-1,55,250,255,-1,55,255,56,-1,56,255,183,-1,56,183,57,-1,57,183,185,-1,57,185,58,-1,58,185,187,-1,58,187,59,-1,59,187,261,-1,59,261,60,-1,71,50,189,-1,189,50,49,-1,189,49,190,-1,190,49,48,-1,190,48,193,-1,193,48,47,-1,193,47,221,-1,221,47,46,-1,221,46,232,-1,232,46,45,-1,232,45,106,-1,106,45,44,-1,106,44,108,-1,108,44,43,-1,108,43,110,-1,110,43,42,-1,110,42,261,-1,261,42,41,-1,261,41,60,-1,60,41,40,-1,
        ]
    }
}
Shape{
    appearance Appearance {
        material  Material 	{
            diffuseColor 0.7529411764705882 0.7529411764705882 0.7529411764705882
            specularColor 0.3764705882352941 0.3764705882352941 0.3764705882352941
            ambientIntensity 0.7529
            transparency 0.0
            shininess 0.5
        }
    }
    geometry IndexedFaceSet {
        ccw TRUE
        solid FALSE
        coord DEF co Coordinate {
            point [
                -1.1364 1.5296 0.4269, -1.0587 1.4519 1.9104, 1.1364 1.5296 0.4269, 1.0586 1.4519 1.9104, -1.5296 -1.1364 0.4269, -1.4518 -1.0586 1.9104, -1.5296 1.1364 0.4269, -1.4518 1.0587 1.9104, 1.1364 -1.5295 0.4269, 1.0586 -1.4518 1.9104, -1.1364 -1.5295 0.4269, -1.0587 -1.4518 1.9104, -1.5201 1.2228 0.4257, -1.4416 1.135 1.9138, -1.5149 1.2379 0.4255, -1.4382 1.1603 1.915, -1.4919 1.3049 0.4248, -1.4185 1.2077 1.9164, -1.4752 1.3321 0.4247, -1.3988 1.255 1.9179, -1.3832 1.2753 1.9181, -1.4464 1.3787 0.4244, -1.3363 1.3363 1.9189, -1.4129 1.413 0.4244, -1.3858 1.4407 0.4244, -1.2753 1.3832 1.9181, -1.3322 1.4755 0.4247, -1.255 1.3988 1.9179, -1.3131 1.4879 0.4248, -1.2077 1.4185 1.9164, -1.2381 1.5156 0.4255, -1.1603 1.4382 1.915, -1.2317 1.518 0.4256, -1.135 1.4416 1.9138, -1.1457 1.5295 0.4267, -1.0587 1.0587 2.2835, 1.0586 1.0587 2.2835, -1.0587 1.1334 2.2763, 1.0586 1.1334 2.2763, -1.0587 1.1568 2.2694, 1.0586 1.1568 2.2694, -1.0587 1.2054 2.2551, 1.0586 1.2054 2.2551, -1.0587 1.2488 2.2327, 1.0586 1.2488 2.2327, -1.0587 1.2721 2.2206, 1.0586 1.2721 2.2206, -1.0587 1.3296 2.1752, 1.0586 1.3296 2.1752, -1.0587 1.331 2.1741, 1.0586 1.331 2.1741, -1.0587 1.38 2.1173, 1.0586 1.38 2.1173, -1.0587 1.3913 2.0976, 1.0586 1.3913 2.0976, -1.0587 1.4174 2.0521, 1.0586 1.4174 2.0521, -1.0587 1.4326 2.0076, 1.0586 1.4326 2.0076, -1.0587 1.4417 1.9811, 1.0586 1.4417 1.9811, 1.2227 1.5201 0.4257, 1.135 1.4416 1.9138, 1.2378 1.5149 0.4255, 1.1602 1.4382 1.915, 1.3048 1.4919 0.4248, 1.2077 1.4185 1.9164, 1.332 1.4752 0.4247, 1.2549 1.3988 1.9179, 1.2753 1.3832 1.9181, 1.3786 1.4464 0.4244, 1.3363 1.3363 1.9189, 1.4129 1.413 0.4244, 1.4407 1.3859 0.4244, 1.3831 1.2753 1.9181, 1.4755 1.3322 0.4247, 1.3988 1.255 1.9179, 1.4878 1.3131 0.4248, 1.4184 1.2077 1.9164, 1.5156 1.2381 0.4255, 1.4382 1.1603 1.915, 1.5179 1.2318 0.4256, 1.4416 1.135 1.9138, 1.5294 1.1457 0.4267, 1.4518 1.0587 1.9104, 1.5295 1.1364 0.4269, -1.38 1.0587 2.1173, -1.331 1.0587 2.1741, -1.3258 1.1118 2.1741, -1.3296 1.0587 2.1752, -1.2721 1.0587 2.2206, -1.268 1.1003 2.2206, -1.2026 1.0873 2.2551, -1.132 1.0733 2.2763, -1.1277 1.0873 2.2763, -1.0873 1.1277 2.2763, -1.1002 1.1208 2.2763, -1.0733 1.132 2.2763, -1.4343 1.1334 1.9811, -1.4125 1.2053 1.9811, -1.3771 1.2715 1.9811, -1.3295 1.3295 1.9811, -1.2714 1.3771 1.9811, -1.2052 1.4125 1.9811, -1.1334 1.4343 1.9811, -1.2488 1.0587 2.2327, -1.2054 1.0587 2.2551, -1.1568 1.0587 2.2694, -1.1334 1.0587 2.2763, -1.1624 1.1624 2.2551, -1.1402 1.1807 2.2551, -1.1148 1.1943 2.2551, -1.0873 1.2026 2.2551, -1.1942 1.1148 2.2551, -1.1208 1.1002 2.2763, -1.2361 1.1773 2.2206, -1.2096 1.2096 2.2206, -1.1772 1.2361 2.2206, -1.1403 1.2558 2.2206, -1.1003 1.268 2.2206, -1.2558 1.1404 2.2206, -1.1807 1.1402 2.2551, -1.1115 1.1115 2.2763, -1.3103 1.1629 2.1741, -1.2851 1.21 2.1741, -1.2512 1.2512 2.1741, -1.21 1.2851 2.1741, -1.1629 1.3103 2.1741, -1.1118 1.3258 2.1741, -1.1214 1.3738 2.1173, -1.1816 1.3556 2.1173, -1.2372 1.3259 2.1173, -1.2859 1.2859 2.1173, -1.3258 1.2372 2.1173, -1.3555 1.1817 2.1173, -1.3738 1.1214 2.1173, -1.4326 1.0587 2.0076, -1.4173 1.0587 2.0521, -1.4104 1.1287 2.0521, -1.3912 1.0587 2.0976, -1.39 1.196 2.0521, -1.3569 1.258 2.0521, -1.3123 1.3123 2.0521, -1.2579 1.3569 2.0521, -1.1959 1.3901 2.0521, -1.1286 1.4105 2.0521, -1.4416 1.0587 1.9811, 1.1118 1.3258 2.1741, 1.1003 1.268 2.2206, 1.0873 1.2026 2.2551, 1.0732 1.132 2.2763, 1.0872 1.1277 2.2763, 1.1277 1.0873 2.2763, 1.1208 1.1002 2.2763, 1.1319 1.0733 2.2763, 1.1334 1.4343 1.9811, 1.2052 1.4125 1.9811, 1.2714 1.3771 1.9811, 1.3294 1.3295 1.9811, 1.3771 1.2715 1.9811, 1.4124 1.2053 1.9811, 1.4342 1.1334 1.9811, 1.4416 1.0587 1.9811, 1.1624 1.1624 2.2551, 1.1806 1.1402 2.2551, 1.1942 1.1148 2.2551, 1.2025 1.0873 2.2551, 1.1568 1.0587 2.2694, 1.1334 1.0587 2.2763, 1.1148 1.1943 2.2551, 1.1002 1.1208 2.2763, 1.1772 1.2361 2.2206, 1.2095 1.2096 2.2206, 1.2361 1.1773 2.2206, 1.2558 1.1404 2.2206, 1.2679 1.1003 2.2206, 1.1403 1.2558 2.2206, 1.1402 1.1807 2.2551, 1.1115 1.1115 2.2763, 1.2054 1.0587 2.2551, 1.2488 1.0587 2.2327, 1.272 1.0587 2.2206, 1.3295 1.0587 2.1752, 1.1628 1.3103 2.1741, 1.2099 1.2851 2.1741, 1.2512 1.2512 2.1741, 1.2851 1.21 2.1741, 1.3102 1.1629 2.1741, 1.3257 1.1118 2.1741, 1.3309 1.0587 2.1741, 1.3738 1.1214 2.1173, 1.3555 1.1817 2.1173, 1.3258 1.2372 2.1173, 1.2858 1.2859 2.1173, 1.2372 1.3259 2.1173, 1.1816 1.3556 2.1173, 1.1213 1.3738 2.1173, 1.1286 1.4105 2.0521, 1.1959 1.3901 2.0521, 1.2579 1.3569 2.0521, 1.3122 1.3123 2.0521, 1.3569 1.258 2.0521, 1.39 1.196 2.0521, 1.4104 1.1287 2.0521, 1.38 1.0587 2.1173, 1.3912 1.0587 2.0976, 1.4173 1.0587 2.0521, 1.4325 1.0587 2.0076, -1.2228 -1.52 0.4257, -1.135 -1.4415 1.9138, -1.2379 -1.5148 0.4255, -1.1603 -1.4382 1.915, -1.3049 -1.4918 0.4248, -1.2077 -1.4184 1.9164, -1.332 -1.4751 0.4247, -1.255 -1.3987 1.9179, -1.2753 -1.3831 1.9181, -1.3787 -1.4464 0.4244, -1.3363 -1.3362 1.9189, -1.413 -1.4129 0.4244, -1.4407 -1.3858 0.4244, -1.3832 -1.2752 1.9181, -1.4755 -1.3321 0.4247, -1.3988 -1.2549 1.9179, -1.4879 -1.3131 0.4248, -1.4185 -1.2076 1.9164, -1.5156 -1.238 0.4255, -1.4382 -1.1602 1.915, -1.518 -1.2317 0.4256, -1.4416 -1.1349 1.9138, -1.5295 -1.1456 0.4267, -1.0587 -1.0586 2.2835, -1.1334 -1.0586 2.2763, -1.1568 -1.0586 2.2694, -1.2054 -1.0586 2.2551, -1.2488 -1.0586 2.2327, -1.2721 -1.0586 2.2206, -1.3296 -1.0586 2.1752, -1.331 -1.0586 2.1741, -1.38 -1.0586 2.1173, -1.3912 -1.0586 2.0976, -1.4173 -1.0586 2.0521, -1.4326 -1.0586 2.0076, -1.4416 -1.0586 1.9811, 1.0586 -1.0586 2.2835, 1.1334 -1.0586 2.2763, 1.1568 -1.0586 2.2694, 1.2054 -1.0586 2.2551, 1.2488 -1.0586 2.2327, 1.272 -1.0586 2.2206, 1.3295 -1.0586 2.1752, 1.3309 -1.0586 2.1741, 1.38 -1.0586 2.1173, 1.3912 -1.0586 2.0976, 1.4173 -1.0586 2.0521, 1.4325 -1.0586 2.0076, 1.4416 -1.0586 1.9811, 1.4518 -1.0586 1.9104, 1.5295 -1.1364 0.4269, 1.52 -1.2227 0.4257, 1.4416 -1.1349 1.9138, 1.5149 -1.2378 0.4255, 1.4382 -1.1602 1.915, 1.4919 -1.3048 0.4248, 1.4184 -1.2076 1.9164, 1.4751 -1.332 0.4247, 1.3988 -1.2549 1.9179, 1.3831 -1.2752 1.9181, 1.4464 -1.3786 0.4244, 1.3363 -1.3362 1.9189, 1.4129 -1.4129 0.4244, 1.3858 -1.4406 0.4244, 1.2753 -1.3831 1.9181, 1.3322 -1.4754 0.4247, 1.2549 -1.3987 1.9179, 1.3131 -1.4878 0.4248, 1.2077 -1.4184 1.9164, 1.238 -1.5156 0.4255, 1.1602 -1.4382 1.915, 1.2317 -1.5179 0.4256, 1.135 -1.4415 1.9138, 1.1456 -1.5294 0.4267, -1.0587 -1.3799 2.1173, -1.0587 -1.3309 2.1741, -1.1118 -1.3257 2.1741, -1.0587 -1.3295 2.1752, -1.0587 -1.272 2.2206, -1.1003 -1.2679 2.2206, -1.0873 -1.2025 2.2551, -1.0733 -1.1319 2.2763, -1.0873 -1.1277 2.2763, -1.1277 -1.0872 2.2763, -1.1208 -1.1001 2.2763, -1.132 -1.0732 2.2763, -1.1334 -1.4342 1.9811, -1.2052 -1.4124 1.9811, -1.2714 -1.377 1.9811, -1.3295 -1.3294 1.9811, -1.3771 -1.2714 1.9811, -1.4125 -1.2052 1.9811, -1.4343 -1.1333 1.9811, -1.0587 -1.2487 2.2327, -1.0587 -1.2053 2.2551, -1.0587 -1.1568 2.2694, -1.0587 -1.1333 2.2763, -1.1624 -1.1624 2.2551, -1.1807 -1.1401 2.2551, -1.1942 -1.1148 2.2551, -1.2026 -1.0872 2.2551, -1.1148 -1.1942 2.2551, -1.1002 -1.1207 2.2763, -1.1772 -1.236 2.2206, -1.2096 -1.2095 2.2206, -1.2361 -1.1772 2.2206, -1.2558 -1.1403 2.2206, -1.268 -1.1003 2.2206, -1.1403 -1.2558 2.2206, -1.1402 -1.1806 2.2551, -1.1115 -1.1115 2.2763, -1.1629 -1.3102 2.1741, -1.21 -1.285 2.1741, -1.2512 -1.2512 2.1741, -1.2851 -1.2099 2.1741, -1.3103 -1.1628 2.1741, -1.3258 -1.1117 2.1741, -1.3738 -1.1213 2.1173, -1.3555 -1.1816 2.1173, -1.3258 -1.2371 2.1173, -1.2859 -1.2858 2.1173, -1.2372 -1.3258 2.1173, -1.1816 -1.3555 2.1173, -1.1214 -1.3738 2.1173, -1.0587 -1.4325 2.0076, -1.0587 -1.4173 2.0521, -1.1286 -1.4104 2.0521, -1.0587 -1.3912 2.0976, -1.1959 -1.39 2.0521, -1.2579 -1.3568 2.0521, -1.3123 -1.3122 2.0521, -1.3569 -1.2579 2.0521, -1.39 -1.1959 2.0521, -1.4104 -1.1286 2.0521, -1.0587 -1.4416 1.9811, 1.3257 -1.1117 2.1741, 1.2679 -1.1003 2.2206, 1.2025 -1.0872 2.2551, 1.1319 -1.0732 2.2763, 1.1277 -1.0872 2.2763, 1.0872 -1.1277 2.2763, 1.1002 -1.1207 2.2763, 1.0732 -1.1319 2.2763, 1.4342 -1.1333 1.9811, 1.4124 -1.2052 1.9811, 1.3771 -1.2714 1.9811, 1.3294 -1.3294 1.9811, 1.2714 -1.377 1.9811, 1.2052 -1.4124 1.9811, 1.1334 -1.4342 1.9811, 1.0586 -1.4416 1.9811, 1.1624 -1.1624 2.2551, 1.1402 -1.1806 2.2551, 1.1148 -1.1942 2.2551, 1.0873 -1.2025 2.2551, 1.0586 -1.1568 2.2694, 1.0586 -1.1333 2.2763, 1.1942 -1.1148 2.2551, 1.1208 -1.1001 2.2763, 1.2361 -1.1772 2.2206, 1.2095 -1.2095 2.2206, 1.1772 -1.236 2.2206, 1.1403 -1.2558 2.2206, 1.1003 -1.2679 2.2206, 1.2558 -1.1403 2.2206, 1.1806 -1.1401 2.2551, 1.1115 -1.1115 2.2763, 1.0586 -1.2053 2.2551, 1.0586 -1.2487 2.2327, 1.0586 -1.272 2.2206, 1.0586 -1.3295 2.1752, 1.3102 -1.1628 2.1741, 1.2851 -1.2099 2.1741, 1.2512 -1.2512 2.1741, 1.2099 -1.285 2.1741, 1.1628 -1.3102 2.1741, 1.1118 -1.3257 2.1741, 1.0586 -1.3309 2.1741, 1.1213 -1.3738 2.1173, 1.1816 -1.3555 2.1173, 1.2372 -1.3258 2.1173, 1.2858 -1.2858 2.1173, 1.3258 -1.2371 2.1173, 1.3555 -1.1816 2.1173, 1.3738 -1.1213 2.1173, 1.4104 -1.1286 2.0521, 1.39 -1.1959 2.0521, 1.3569 -1.2579 2.0521, 1.3122 -1.3122 2.0521, 1.2579 -1.3568 2.0521, 1.1959 -1.39 2.0521, 1.1286 -1.4104 2.0521, 1.0586 -1.3799 2.1173, 1.0586 -1.3912 2.0976, 1.0586 -1.4173 2.0521, 1.0586 -1.4325 2.0076
            ]
        }
        coordIndex [
            0,1,2,-1,2,1,3,-1,4,5,6,-1,6,5,7,-1,8,9,10,-1,10,9,11,-1,6,7,12,-1,12,7,13,-1,12,13,14,-1,14,13,15,-1,14,15,16,-1,16,15,17,-1,16,17,18,-1,17,19,18,-1,18,19,20,-1,18,20,21,-1,21,20,22,-1,21,22,23,-1,23,22,24,-1,24,22,25,-1,24,25,26,-1,26,25,27,-1,26,27,28,-1,28,27,29,-1,28,29,30,-1,30,29,31,-1,30,31,32,-1,32,31,33,-1,32,33,34,-1,34,33,1,-1,34,1,0,-1,35,36,37,-1,37,36,38,-1,37,38,39,-1,39,38,40,-1,39,40,41,-1,41,40,42,-1,41,42,43,-1,43,42,44,-1,43,44,45,-1,45,44,46,-1,45,46,47,-1,47,46,48,-1,47,48,49,-1,49,48,50,-1,49,50,51,-1,51,50,52,-1,51,52,53,-1,53,52,54,-1,53,54,55,-1,55,54,56,-1,55,56,57,-1,57,56,58,-1,57,58,59,-1,59,58,60,-1,59,60,1,-1,1,60,3,-1,2,3,61,-1,61,3,62,-1,61,62,63,-1,63,62,64,-1,63,64,65,-1,65,64,66,-1,65,66,67,-1,66,68,67,-1,67,68,69,-1,67,69,70,-1,70,69,71,-1,70,71,72,-1,72,71,73,-1,73,71,74,-1,73,74,75,-1,75,74,76,-1,75,76,77,-1,77,76,78,-1,77,78,79,-1,79,78,80,-1,79,80,81,-1,81,80,82,-1,81,82,83,-1,83,82,84,-1,83,84,85,-1,86,87,88,-1,89,90,91,-1,92,93,94,-1,35,95,96,-1,97,95,35,-1,94,93,35,-1,13,98,15,-1,15,98,99,-1,15,99,17,-1,17,99,19,-1,19,99,100,-1,19,100,20,-1,20,100,101,-1,20,101,22,-1,22,101,102,-1,22,102,25,-1,25,102,27,-1,27,102,103,-1,27,103,29,-1,29,103,31,-1,31,103,104,-1,31,104,33,-1,33,104,59,-1,33,59,1,-1,105,106,92,-1,92,106,107,-1,92,107,93,-1,93,107,108,-1,93,108,35,-1,109,96,110,-1,110,96,95,-1,110,95,111,-1,111,95,97,-1,111,97,112,-1,39,112,37,-1,37,112,97,-1,37,97,35,-1,90,105,91,-1,91,105,92,-1,91,92,113,-1,113,92,94,-1,113,94,114,-1,114,94,35,-1,115,109,116,-1,116,109,110,-1,116,110,117,-1,117,110,111,-1,117,111,118,-1,118,111,112,-1,118,112,119,-1,87,89,88,-1,88,89,91,-1,88,91,120,-1,120,91,113,-1,120,113,121,-1,121,113,114,-1,121,114,122,-1,122,114,35,-1,39,41,112,-1,112,41,43,-1,112,43,119,-1,119,43,45,-1,119,45,47,-1,123,115,124,-1,124,115,116,-1,124,116,125,-1,125,116,117,-1,125,117,126,-1,126,117,118,-1,126,118,127,-1,127,118,119,-1,127,119,128,-1,128,119,47,-1,128,47,49,-1,49,129,128,-1,128,129,130,-1,128,130,127,-1,127,130,131,-1,127,131,126,-1,126,131,132,-1,126,132,125,-1,125,132,133,-1,125,133,124,-1,124,133,134,-1,124,134,123,-1,123,134,135,-1,136,137,138,-1,138,137,139,-1,139,135,138,-1,138,135,134,-1,138,134,140,-1,140,134,133,-1,140,133,141,-1,141,133,132,-1,141,132,142,-1,142,132,131,-1,142,131,143,-1,143,131,130,-1,143,130,144,-1,144,130,129,-1,144,129,145,-1,139,86,135,-1,135,86,88,-1,135,88,123,-1,123,88,120,-1,123,120,115,-1,115,120,121,-1,115,121,109,-1,109,121,122,-1,109,122,96,-1,96,122,35,-1,13,7,98,-1,98,7,146,-1,98,146,136,-1,49,51,129,-1,129,51,53,-1,129,53,145,-1,145,53,55,-1,145,55,57,-1,136,138,98,-1,98,138,140,-1,98,140,99,-1,99,140,141,-1,99,141,100,-1,100,141,142,-1,100,142,101,-1,101,142,143,-1,101,143,102,-1,102,143,144,-1,102,144,103,-1,103,144,145,-1,103,145,104,-1,104,145,57,-1,104,57,59,-1,52,50,147,-1,48,46,148,-1,149,150,151,-1,36,152,153,-1,154,152,36,-1,151,150,36,-1,62,155,64,-1,64,155,156,-1,64,156,66,-1,66,156,68,-1,68,156,157,-1,68,157,69,-1,69,157,158,-1,69,158,71,-1,71,158,159,-1,71,159,74,-1,74,159,76,-1,76,159,160,-1,76,160,78,-1,78,160,80,-1,80,160,161,-1,80,161,82,-1,82,161,162,-1,82,162,84,-1,44,42,149,-1,149,42,40,-1,149,40,150,-1,150,40,38,-1,150,38,36,-1,163,153,164,-1,164,153,152,-1,164,152,165,-1,165,152,154,-1,165,154,166,-1,167,166,168,-1,168,166,154,-1,168,154,36,-1,46,44,148,-1,148,44,149,-1,148,149,169,-1,169,149,151,-1,169,151,170,-1,170,151,36,-1,171,163,172,-1,172,163,164,-1,172,164,173,-1,173,164,165,-1,173,165,174,-1,174,165,166,-1,174,166,175,-1,50,48,147,-1,147,48,148,-1,147,148,176,-1,176,148,169,-1,176,169,177,-1,177,169,170,-1,177,170,178,-1,178,170,36,-1,167,179,166,-1,166,179,180,-1,166,180,175,-1,175,180,181,-1,175,181,182,-1,183,171,184,-1,184,171,172,-1,184,172,185,-1,185,172,173,-1,185,173,186,-1,186,173,174,-1,186,174,187,-1,187,174,175,-1,187,175,188,-1,188,175,182,-1,188,182,189,-1,189,190,188,-1,188,190,191,-1,188,191,187,-1,187,191,192,-1,187,192,186,-1,186,192,193,-1,186,193,185,-1,185,193,194,-1,185,194,184,-1,184,194,195,-1,184,195,183,-1,183,195,196,-1,58,56,197,-1,197,56,54,-1,54,196,197,-1,197,196,195,-1,197,195,198,-1,198,195,194,-1,198,194,199,-1,199,194,193,-1,199,193,200,-1,200,193,192,-1,200,192,201,-1,201,192,191,-1,201,191,202,-1,202,191,190,-1,202,190,203,-1,54,52,196,-1,196,52,147,-1,196,147,183,-1,183,147,176,-1,183,176,171,-1,171,176,177,-1,171,177,163,-1,163,177,178,-1,163,178,153,-1,153,178,36,-1,62,3,155,-1,155,3,60,-1,155,60,58,-1,189,204,190,-1,190,204,205,-1,190,205,203,-1,203,205,206,-1,203,206,207,-1,58,197,155,-1,155,197,198,-1,155,198,156,-1,156,198,199,-1,156,199,157,-1,157,199,200,-1,157,200,158,-1,158,200,201,-1,158,201,159,-1,159,201,202,-1,159,202,160,-1,160,202,203,-1,160,203,161,-1,161,203,207,-1,161,207,162,-1,10,11,208,-1,208,11,209,-1,208,209,210,-1,210,209,211,-1,210,211,212,-1,212,211,213,-1,212,213,214,-1,213,215,214,-1,214,215,216,-1,214,216,217,-1,217,216,218,-1,217,218,219,-1,219,218,220,-1,220,218,221,-1,220,221,222,-1,222,221,223,-1,222,223,224,-1,224,223,225,-1,224,225,226,-1,226,225,227,-1,226,227,228,-1,228,227,229,-1,228,229,230,-1,230,229,5,-1,230,5,4,-1,231,35,232,-1,232,35,108,-1,232,108,233,-1,233,108,107,-1,233,107,234,-1,234,107,106,-1,234,106,235,-1,235,106,105,-1,235,105,236,-1,236,105,90,-1,236,90,237,-1,237,90,89,-1,237,89,238,-1,238,89,87,-1,238,87,239,-1,239,87,86,-1,239,86,240,-1,240,86,139,-1,240,139,241,-1,241,139,137,-1,241,137,242,-1,242,137,136,-1,242,136,243,-1,243,136,146,-1,243,146,5,-1,5,146,7,-1,36,244,168,-1,168,244,245,-1,168,245,167,-1,167,245,246,-1,167,246,179,-1,179,246,247,-1,179,247,180,-1,180,247,248,-1,180,248,181,-1,181,248,249,-1,181,249,182,-1,182,249,250,-1,182,250,189,-1,189,250,251,-1,189,251,204,-1,204,251,252,-1,204,252,205,-1,205,252,253,-1,205,253,206,-1,206,253,254,-1,206,254,207,-1,207,254,255,-1,207,255,162,-1,162,255,256,-1,162,256,84,-1,84,256,257,-1,258,257,259,-1,259,257,260,-1,259,260,261,-1,261,260,262,-1,261,262,263,-1,263,262,264,-1,263,264,265,-1,264,266,265,-1,265,266,267,-1,265,267,268,-1,268,267,269,-1,268,269,270,-1,270,269,271,-1,271,269,272,-1,271,272,273,-1,273,272,274,-1,273,274,275,-1,275,274,276,-1,275,276,277,-1,277,276,278,-1,277,278,279,-1,279,278,280,-1,279,280,281,-1,281,280,9,-1,281,9,8,-1,282,283,284,-1,285,286,287,-1,288,289,290,-1,231,291,292,-1,293,291,231,-1,290,289,231,-1,209,294,211,-1,211,294,295,-1,211,295,213,-1,213,295,215,-1,215,295,296,-1,215,296,216,-1,216,296,297,-1,216,297,218,-1,218,297,298,-1,218,298,221,-1,221,298,223,-1,223,298,299,-1,223,299,225,-1,225,299,227,-1,227,299,300,-1,227,300,229,-1,229,300,243,-1,229,243,5,-1,301,302,288,-1,288,302,303,-1,288,303,289,-1,289,303,304,-1,289,304,231,-1,305,292,306,-1,306,292,291,-1,306,291,307,-1,307,291,293,-1,307,293,308,-1,233,308,232,-1,232,308,293,-1,232,293,231,-1,286,301,287,-1,287,301,288,-1,287,288,309,-1,309,288,290,-1,309,290,310,-1,310,290,231,-1,311,305,312,-1,312,305,306,-1,312,306,313,-1,313,306,307,-1,313,307,314,-1,314,307,308,-1,314,308,315,-1,283,285,284,-1,284,285,287,-1,284,287,316,-1,316,287,309,-1,316,309,317,-1,317,309,310,-1,317,310,318,-1,318,310,231,-1,233,234,308,-1,308,234,235,-1,308,235,315,-1,315,235,236,-1,315,236,237,-1,319,311,320,-1,320,311,312,-1,320,312,321,-1,321,312,313,-1,321,313,322,-1,322,313,314,-1,322,314,323,-1,323,314,315,-1,323,315,324,-1,324,315,237,-1,324,237,238,-1,238,325,324,-1,324,325,326,-1,324,326,323,-1,323,326,327,-1,323,327,322,-1,322,327,328,-1,322,328,321,-1,321,328,329,-1,321,329,320,-1,320,329,330,-1,320,330,319,-1,319,330,331,-1,332,333,334,-1,334,333,335,-1,335,331,334,-1,334,331,330,-1,334,330,336,-1,336,330,329,-1,336,329,337,-1,337,329,328,-1,337,328,338,-1,338,328,327,-1,338,327,339,-1,339,327,326,-1,339,326,340,-1,340,326,325,-1,340,325,341,-1,335,282,331,-1,331,282,284,-1,331,284,319,-1,319,284,316,-1,319,316,311,-1,311,316,317,-1,311,317,305,-1,305,317,318,-1,305,318,292,-1,292,318,231,-1,209,11,294,-1,294,11,342,-1,294,342,332,-1,238,239,325,-1,325,239,240,-1,325,240,341,-1,341,240,241,-1,341,241,242,-1,332,334,294,-1,294,334,336,-1,294,336,295,-1,295,336,337,-1,295,337,296,-1,296,337,338,-1,296,338,297,-1,297,338,339,-1,297,339,298,-1,298,339,340,-1,298,340,299,-1,299,340,341,-1,299,341,300,-1,300,341,242,-1,300,242,243,-1,252,251,343,-1,250,249,344,-1,345,346,347,-1,244,348,349,-1,350,348,244,-1,347,346,244,-1,260,351,262,-1,262,351,352,-1,262,352,264,-1,264,352,266,-1,266,352,353,-1,266,353,267,-1,267,353,354,-1,267,354,269,-1,269,354,355,-1,269,355,272,-1,272,355,274,-1,274,355,356,-1,274,356,276,-1,276,356,278,-1,278,356,357,-1,278,357,280,-1,280,357,358,-1,280,358,9,-1,248,247,345,-1,345,247,246,-1,345,246,346,-1,346,246,245,-1,346,245,244,-1,359,349,360,-1,360,349,348,-1,360,348,361,-1,361,348,350,-1,361,350,362,-1,363,362,364,-1,364,362,350,-1,364,350,244,-1,249,248,344,-1,344,248,345,-1,344,345,365,-1,365,345,347,-1,365,347,366,-1,366,347,244,-1,367,359,368,-1,368,359,360,-1,368,360,369,-1,369,360,361,-1,369,361,370,-1,370,361,362,-1,370,362,371,-1,251,250,343,-1,343,250,344,-1,343,344,372,-1,372,344,365,-1,372,365,373,-1,373,365,366,-1,373,366,374,-1,374,366,244,-1,363,375,362,-1,362,375,376,-1,362,376,371,-1,371,376,377,-1,371,377,378,-1,379,367,380,-1,380,367,368,-1,380,368,381,-1,381,368,369,-1,381,369,382,-1,382,369,370,-1,382,370,383,-1,383,370,371,-1,383,371,384,-1,384,371,378,-1,384,378,385,-1,385,386,384,-1,384,386,387,-1,384,387,383,-1,383,387,388,-1,383,388,382,-1,382,388,389,-1,382,389,381,-1,381,389,390,-1,381,390,380,-1,380,390,391,-1,380,391,379,-1,379,391,392,-1,255,254,393,-1,393,254,253,-1,253,392,393,-1,393,392,391,-1,393,391,394,-1,394,391,390,-1,394,390,395,-1,395,390,389,-1,395,389,396,-1,396,389,388,-1,396,388,397,-1,397,388,387,-1,397,387,398,-1,398,387,386,-1,398,386,399,-1,253,252,392,-1,392,252,343,-1,392,343,379,-1,379,343,372,-1,379,372,367,-1,367,372,373,-1,367,373,359,-1,359,373,374,-1,359,374,349,-1,349,374,244,-1,260,257,351,-1,351,257,256,-1,351,256,255,-1,385,400,386,-1,386,400,401,-1,386,401,399,-1,399,401,402,-1,399,402,403,-1,255,393,351,-1,351,393,394,-1,351,394,352,-1,352,394,395,-1,352,395,353,-1,353,395,396,-1,353,396,354,-1,354,396,397,-1,354,397,355,-1,355,397,398,-1,355,398,356,-1,356,398,399,-1,356,399,357,-1,357,399,403,-1,357,403,358,-1,244,231,364,-1,364,231,304,-1,364,304,363,-1,363,304,303,-1,363,303,375,-1,375,303,302,-1,375,302,376,-1,376,302,301,-1,376,301,377,-1,377,301,286,-1,377,286,378,-1,378,286,285,-1,378,285,385,-1,385,285,283,-1,385,283,400,-1,400,283,282,-1,400,282,401,-1,401,282,335,-1,401,335,402,-1,402,335,333,-1,402,333,403,-1,403,333,332,-1,403,332,358,-1,358,332,342,-1,358,342,9,-1,9,342,11,-1,
        ]
    }
}
Shape{
    appearance Appearance {
        material  Material 	{
            diffuseColor 1.0 1.0 1.0
            specularColor 0.5019607843137255 0.5019607843137255 0.5019607843137255
            ambientIntensity 1.0
            transparency 0.0
            shininess 0.5
        }
    }
    geometry IndexedFaceSet {
        ccw TRUE
        solid FALSE
        coord DEF co Coordinate {
            point [
                0.8858 0.8859 2.4803, 0.8858 -0.8858 2.4803, 0.8858 0.8859 2.2835, 0.8858 -0.8858 2.2835, -0.4921 0.8859 2.4803, -0.4921 0.8859 2.2835, -0.8858 0.4922 2.4803, -0.8858 0.4922 2.2835, -0.8858 -0.8858 2.4803, -0.8858 -0.8858 2.2835
            ]
        }
        coordIndex [
            0,1,2,-1,2,1,3,-1,4,0,5,-1,5,0,2,-1,6,4,7,-1,7,4,5,-1,8,6,9,-1,9,6,7,-1,1,8,3,-1,3,8,9,-1,0,4,1,-1,1,4,6,-1,1,6,8,-1,
        ]
    }
}
Shape{
    appearance Appearance {
        material  Material 	{
            diffuseColor 0.7529411764705882 0.7529411764705882 0.7529411764705882
            specularColor 0.3764705882352941 0.3764705882352941 0.3764705882352941
            ambientIntensity 0.7529
            transparency 0.0
            shininess 0.5
        }
    }
    geometry IndexedFaceSet {
        ccw TRUE
        solid FALSE
        coord DEF co Coordinate {
            point [
                1.5149 -1.2378 0.4255, 1.4919 -1.3048 0.4248, 1.497 -1.3072 0.3959, 1.1477 -1.6178 0.3187, 1.1364 -1.6179 0.3187, 1.1484 -1.6473 0.315, 1.1364 -1.6475 0.315, 1.1364 -1.5662 0.3474, 1.1364 -1.5902 0.3298, 1.1471 -1.5901 0.3297, 1.1364 -1.5473 0.3705, 1.1465 -1.5661 0.3473, 1.2407 -1.5539 0.3469, 1.1364 -1.5295 0.4269, 1.1458 -1.5348 0.3974, 1.1456 -1.5294 0.4267, 1.233 -1.5233 0.3965, 1.2317 -1.5179 0.4256, 1.1364 -1.5348 0.3976, 1.1461 -1.5472 0.3704, 1.2361 -1.5355 0.3697, 1.3213 -1.5043 0.3693, 1.238 -1.5156 0.4255, 1.3156 -1.4929 0.3959, 1.3131 -1.4878 0.4248, 1.3895 -1.4451 0.3956, 1.4751 -1.332 0.4247, 1.4464 -1.3786 0.4244, 1.4509 -1.3822 0.3956, 1.3975 -1.455 0.3691, 1.3298 -1.5211 0.3467, 1.2465 -1.5771 0.3296, 1.4129 -1.4129 0.4244, 1.3858 -1.4406 0.4244, 1.3322 -1.4754 0.4247, 1.461 -1.39 0.3691, 1.4095 -1.4696 0.3465, 1.3405 -1.5425 0.3294, 1.2531 -1.6038 0.3187, 1.2602 -1.6323 0.315, 1.5984 -1.3552 0.315, 1.6351 -1.2485 0.315, 1.5719 -1.3427 0.3186, 1.6064 -1.2421 0.3187, 1.5795 -1.2361 0.3296, 1.5392 -1.4511 0.315, 1.5162 -1.4332 0.3186, 1.5472 -1.3309 0.3294, 1.5562 -1.2308 0.347, 1.4605 -1.5317 0.315, 1.442 -1.5092 0.3186, 1.4947 -1.4163 0.3294, 1.5256 -1.3207 0.3467, 1.5377 -1.2267 0.3698, 1.3659 -1.5931 0.315, 1.3528 -1.567 0.3186, 1.4246 -1.488 0.3294, 1.4759 -1.4016 0.3465, 1.5085 -1.3127 0.3693, 1.5255 -1.2239 0.3966, 1.52 -1.2227 0.4257, 1.5295 -1.1364 0.4269, 1.5349 -1.1364 0.3976, 1.5473 -1.1364 0.3705, 1.5662 -1.1364 0.3474, 1.5902 -1.1364 0.3298, 1.6179 -1.1364 0.3187, 1.6475 -1.1364 0.315, -1.1364 -1.6475 0.315, -1.1364 -1.6179 0.3187, -1.1364 -1.5902 0.3298, -1.1364 -1.5662 0.3474, -1.1364 -1.5473 0.3705, -1.1364 -1.5348 0.3976, -1.1364 -1.5295 0.4269, 1.6475 1.1364 0.315, 1.6179 1.1364 0.3187, 1.5902 1.1364 0.3298, 1.5662 1.1364 0.3474, 1.5473 1.1364 0.3705, 1.5349 1.1364 0.3976, 1.5295 1.1364 0.4269, -1.2379 -1.5148 0.4255, -1.3049 -1.4918 0.4248, -1.3073 -1.497 0.3959, -1.6179 -1.1477 0.3187, -1.618 -1.1364 0.3187, -1.6474 -1.1484 0.315, -1.6475 -1.1364 0.315, -1.5662 -1.1364 0.3474, -1.5903 -1.1364 0.3298, -1.5902 -1.147 0.3297, -1.5474 -1.1364 0.3705, -1.5662 -1.1465 0.3473, -1.5539 -1.2406 0.3469, -1.5296 -1.1364 0.4269, -1.5348 -1.1457 0.3974, -1.5295 -1.1456 0.4267, -1.5234 -1.233 0.3965, -1.518 -1.2317 0.4256, -1.5349 -1.1364 0.3976, -1.5473 -1.146 0.3704, -1.5356 -1.2361 0.3697, -1.5043 -1.3213 0.3693, -1.5156 -1.238 0.4255, -1.493 -1.3156 0.3959, -1.4879 -1.3131 0.4248, -1.4452 -1.3895 0.3956, -1.332 -1.4751 0.4247, -1.3787 -1.4464 0.4244, -1.3822 -1.4509 0.3956, -1.455 -1.3975 0.3691, -1.5212 -1.3298 0.3467, -1.5772 -1.2464 0.3296, -1.413 -1.4129 0.4244, -1.4407 -1.3858 0.4244, -1.4755 -1.3321 0.4247, -1.3901 -1.461 0.3691, -1.4696 -1.4095 0.3465, -1.5426 -1.3405 0.3294, -1.6039 -1.2531 0.3187, -1.6323 -1.2602 0.315, -1.3552 -1.5984 0.315, -1.2486 -1.635 0.315, -1.3427 -1.5719 0.3186, -1.2422 -1.6064 0.3187, -1.2361 -1.5795 0.3296, -1.4512 -1.5392 0.315, -1.4332 -1.5162 0.3186, -1.331 -1.5471 0.3294, -1.2309 -1.5561 0.347, -1.5318 -1.4604 0.315, -1.5092 -1.442 0.3186, -1.4164 -1.4946 0.3294, -1.3208 -1.5255 0.3467, -1.2267 -1.5377 0.3698, -1.5932 -1.3659 0.315, -1.5671 -1.3528 0.3186, -1.4881 -1.4246 0.3294, -1.4017 -1.4758 0.3465, -1.3127 -1.5085 0.3693, -1.224 -1.5254 0.3966, -1.2228 -1.52 0.4257, 1.2378 1.5149 0.4255, 1.3048 1.4919 0.4248, 1.3073 1.4971 0.3959, 1.6178 1.1478 0.3187, 1.6474 1.1485 0.315, 1.5902 1.1471 0.3297, 1.5661 1.1466 0.3473, 1.5539 1.2407 0.3469, 1.5348 1.1458 0.3974, 1.5294 1.1457 0.4267, 1.5233 1.2331 0.3965, 1.5179 1.2318 0.4256, 1.5473 1.1461 0.3704, 1.5356 1.2362 0.3697, 1.5043 1.3214 0.3693, 1.5156 1.2381 0.4255, 1.493 1.3157 0.3959, 1.4878 1.3131 0.4248, 1.4451 1.3895 0.3956, 1.332 1.4752 0.4247, 1.3786 1.4464 0.4244, 1.3822 1.451 0.3956, 1.455 1.3976 0.3691, 1.5212 1.3299 0.3467, 1.5771 1.2465 0.3296, 1.4129 1.413 0.4244, 1.4407 1.3859 0.4244, 1.4755 1.3322 0.4247, 1.39 1.461 0.3691, 1.4696 1.4096 0.3465, 1.5425 1.3406 0.3294, 1.6038 1.2532 0.3187, 1.6323 1.2603 0.315, 1.3552 1.5984 0.315, 1.2486 1.6351 0.315, 1.3427 1.572 0.3186, 1.2421 1.6065 0.3187, 1.2361 1.5796 0.3296, 1.4512 1.5393 0.315, 1.4332 1.5163 0.3186, 1.331 1.5472 0.3294, 1.2308 1.5562 0.347, 1.5318 1.4605 0.315, 1.5092 1.442 0.3186, 1.4164 1.4947 0.3294, 1.3207 1.5256 0.3467, 1.2267 1.5378 0.3698, 1.5931 1.366 0.315, 1.567 1.3529 0.3186, 1.488 1.4247 0.3294, 1.4017 1.4759 0.3465, 1.3127 1.5086 0.3693, 1.2239 1.5255 0.3966, 1.2227 1.5201 0.4257, 1.1364 1.5296 0.4269, 1.1364 1.5349 0.3976, 1.1364 1.5474 0.3705, 1.1364 1.5663 0.3474, 1.1364 1.5903 0.3298, 1.1364 1.618 0.3187, 1.1364 1.6476 0.315, -1.6475 1.1364 0.315, -1.618 1.1364 0.3187, -1.5903 1.1364 0.3298, -1.5662 1.1364 0.3474, -1.5474 1.1364 0.3705, -1.5349 1.1364 0.3976, -1.5296 1.1364 0.4269, -1.1364 1.6476 0.315, -1.1364 1.618 0.3187, -1.1364 1.5903 0.3298, -1.1364 1.5663 0.3474, -1.1364 1.5474 0.3705, -1.1364 1.5349 0.3976, -1.1364 1.5296 0.4269, -1.5149 1.2379 0.4255, -1.4919 1.3049 0.4248, -1.4971 1.3073 0.3959, -1.1477 1.6179 0.3187, -1.1484 1.6474 0.315, -1.1471 1.5902 0.3297, -1.1465 1.5662 0.3473, -1.2407 1.5539 0.3469, -1.1458 1.5348 0.3974, -1.1457 1.5295 0.4267, -1.2331 1.5234 0.3965, -1.2317 1.518 0.4256, -1.1461 1.5473 0.3704, -1.2361 1.5356 0.3697, -1.3214 1.5044 0.3693, -1.2381 1.5156 0.4255, -1.3157 1.493 0.3959, -1.3131 1.4879 0.4248, -1.3895 1.4452 0.3956, -1.4752 1.3321 0.4247, -1.4464 1.3787 0.4244, -1.451 1.3823 0.3956, -1.3976 1.455 0.3691, -1.3298 1.5212 0.3467, -1.2465 1.5772 0.3296, -1.4129 1.413 0.4244, -1.3858 1.4407 0.4244, -1.3322 1.4755 0.4247, -1.461 1.3901 0.3691, -1.4096 1.4696 0.3465, -1.3406 1.5426 0.3294, -1.2531 1.6039 0.3187, -1.2602 1.6324 0.315, -1.5984 1.3553 0.315, -1.6351 1.2486 0.315, -1.572 1.3428 0.3186, -1.6064 1.2422 0.3187, -1.5796 1.2361 0.3296, -1.5393 1.4512 0.315, -1.5163 1.4333 0.3186, -1.5472 1.331 0.3294, -1.5562 1.2309 0.347, -1.4605 1.5318 0.315, -1.442 1.5093 0.3186, -1.4947 1.4164 0.3294, -1.5256 1.3208 0.3467, -1.5378 1.2268 0.3698, -1.366 1.5932 0.315, -1.3529 1.5671 0.3186, -1.4247 1.4881 0.3294, -1.4759 1.4017 0.3465, -1.5085 1.3127 0.3693, -1.5255 1.224 0.3966, -1.5201 1.2228 0.4257
            ]
        }
        coordIndex [
            0,1,2,-1,3,4,5,-1,5,4,6,-1,7,8,9,-1,10,7,11,-1,11,7,9,-1,11,9,12,-1,13,14,15,-1,15,14,16,-1,15,16,17,-1,18,10,19,-1,19,10,11,-1,19,11,20,-1,20,11,12,-1,20,12,21,-1,17,16,22,-1,22,16,23,-1,22,23,24,-1,13,18,14,-1,14,18,19,-1,14,19,16,-1,16,19,20,-1,16,20,23,-1,23,20,21,-1,23,21,25,-1,26,27,28,-1,28,27,25,-1,28,25,29,-1,29,25,21,-1,29,21,30,-1,30,21,12,-1,30,12,31,-1,31,12,9,-1,31,9,3,-1,3,9,8,-1,3,8,4,-1,27,32,25,-1,25,32,33,-1,25,33,23,-1,23,33,34,-1,23,34,24,-1,1,26,2,-1,2,26,28,-1,2,28,35,-1,35,28,29,-1,35,29,36,-1,36,29,30,-1,36,30,37,-1,37,30,31,-1,37,31,38,-1,38,31,3,-1,38,3,39,-1,39,3,5,-1,40,41,42,-1,42,41,43,-1,42,43,44,-1,45,40,46,-1,46,40,42,-1,46,42,47,-1,47,42,44,-1,47,44,48,-1,49,45,50,-1,50,45,46,-1,50,46,51,-1,51,46,47,-1,51,47,52,-1,52,47,48,-1,52,48,53,-1,54,49,55,-1,55,49,50,-1,55,50,56,-1,56,50,51,-1,56,51,57,-1,57,51,52,-1,57,52,58,-1,58,52,53,-1,58,53,59,-1,60,0,59,-1,59,0,2,-1,59,2,58,-1,58,2,35,-1,58,35,57,-1,57,35,36,-1,57,36,56,-1,56,36,37,-1,56,37,55,-1,55,37,38,-1,55,38,54,-1,54,38,39,-1,61,60,62,-1,62,60,59,-1,62,59,63,-1,63,59,53,-1,63,53,64,-1,64,53,48,-1,64,48,65,-1,65,48,44,-1,65,44,66,-1,66,44,43,-1,66,43,67,-1,67,43,41,-1,68,6,69,-1,69,6,4,-1,69,4,70,-1,70,4,8,-1,70,8,71,-1,71,8,7,-1,71,7,72,-1,72,7,10,-1,72,10,73,-1,73,10,18,-1,73,18,74,-1,74,18,13,-1,67,75,66,-1,66,75,76,-1,66,76,65,-1,65,76,77,-1,65,77,64,-1,64,77,78,-1,64,78,63,-1,63,78,79,-1,63,79,62,-1,62,79,80,-1,62,80,61,-1,61,80,81,-1,82,83,84,-1,85,86,87,-1,87,86,88,-1,89,90,91,-1,92,89,93,-1,93,89,91,-1,93,91,94,-1,95,96,97,-1,97,96,98,-1,97,98,99,-1,100,92,101,-1,101,92,93,-1,101,93,102,-1,102,93,94,-1,102,94,103,-1,99,98,104,-1,104,98,105,-1,104,105,106,-1,95,100,96,-1,96,100,101,-1,96,101,98,-1,98,101,102,-1,98,102,105,-1,105,102,103,-1,105,103,107,-1,108,109,110,-1,110,109,107,-1,110,107,111,-1,111,107,103,-1,111,103,112,-1,112,103,94,-1,112,94,113,-1,113,94,91,-1,113,91,85,-1,85,91,90,-1,85,90,86,-1,109,114,107,-1,107,114,115,-1,107,115,105,-1,105,115,116,-1,105,116,106,-1,83,108,84,-1,84,108,110,-1,84,110,117,-1,117,110,111,-1,117,111,118,-1,118,111,112,-1,118,112,119,-1,119,112,113,-1,119,113,120,-1,120,113,85,-1,120,85,121,-1,121,85,87,-1,122,123,124,-1,124,123,125,-1,124,125,126,-1,127,122,128,-1,128,122,124,-1,128,124,129,-1,129,124,126,-1,129,126,130,-1,131,127,132,-1,132,127,128,-1,132,128,133,-1,133,128,129,-1,133,129,134,-1,134,129,130,-1,134,130,135,-1,136,131,137,-1,137,131,132,-1,137,132,138,-1,138,132,133,-1,138,133,139,-1,139,133,134,-1,139,134,140,-1,140,134,135,-1,140,135,141,-1,142,82,141,-1,141,82,84,-1,141,84,140,-1,140,84,117,-1,140,117,139,-1,139,117,118,-1,139,118,138,-1,138,118,119,-1,138,119,137,-1,137,119,120,-1,137,120,136,-1,136,120,121,-1,74,142,73,-1,73,142,141,-1,73,141,72,-1,72,141,135,-1,72,135,71,-1,71,135,130,-1,71,130,70,-1,70,130,126,-1,70,126,69,-1,69,126,125,-1,69,125,68,-1,68,125,123,-1,143,144,145,-1,146,76,147,-1,147,76,75,-1,78,77,148,-1,79,78,149,-1,149,78,148,-1,149,148,150,-1,81,151,152,-1,152,151,153,-1,152,153,154,-1,80,79,155,-1,155,79,149,-1,155,149,156,-1,156,149,150,-1,156,150,157,-1,154,153,158,-1,158,153,159,-1,158,159,160,-1,81,80,151,-1,151,80,155,-1,151,155,153,-1,153,155,156,-1,153,156,159,-1,159,156,157,-1,159,157,161,-1,162,163,164,-1,164,163,161,-1,164,161,165,-1,165,161,157,-1,165,157,166,-1,166,157,150,-1,166,150,167,-1,167,150,148,-1,167,148,146,-1,146,148,77,-1,146,77,76,-1,163,168,161,-1,161,168,169,-1,161,169,159,-1,159,169,170,-1,159,170,160,-1,144,162,145,-1,145,162,164,-1,145,164,171,-1,171,164,165,-1,171,165,172,-1,172,165,166,-1,172,166,173,-1,173,166,167,-1,173,167,174,-1,174,167,146,-1,174,146,175,-1,175,146,147,-1,176,177,178,-1,178,177,179,-1,178,179,180,-1,181,176,182,-1,182,176,178,-1,182,178,183,-1,183,178,180,-1,183,180,184,-1,185,181,186,-1,186,181,182,-1,186,182,187,-1,187,182,183,-1,187,183,188,-1,188,183,184,-1,188,184,189,-1,190,185,191,-1,191,185,186,-1,191,186,192,-1,192,186,187,-1,192,187,193,-1,193,187,188,-1,193,188,194,-1,194,188,189,-1,194,189,195,-1,196,143,195,-1,195,143,145,-1,195,145,194,-1,194,145,171,-1,194,171,193,-1,193,171,172,-1,193,172,192,-1,192,172,173,-1,192,173,191,-1,191,173,174,-1,191,174,190,-1,190,174,175,-1,197,196,198,-1,198,196,195,-1,198,195,199,-1,199,195,189,-1,199,189,200,-1,200,189,184,-1,200,184,201,-1,201,184,180,-1,201,180,202,-1,202,180,179,-1,202,179,203,-1,203,179,177,-1,204,88,205,-1,205,88,86,-1,205,86,206,-1,206,86,90,-1,206,90,207,-1,207,90,89,-1,207,89,208,-1,208,89,92,-1,208,92,209,-1,209,92,100,-1,209,100,210,-1,210,100,95,-1,203,211,202,-1,202,211,212,-1,202,212,201,-1,201,212,213,-1,201,213,200,-1,200,213,214,-1,200,214,199,-1,199,214,215,-1,199,215,198,-1,198,215,216,-1,198,216,197,-1,197,216,217,-1,218,219,220,-1,221,212,222,-1,222,212,211,-1,214,213,223,-1,215,214,224,-1,224,214,223,-1,224,223,225,-1,217,226,227,-1,227,226,228,-1,227,228,229,-1,216,215,230,-1,230,215,224,-1,230,224,231,-1,231,224,225,-1,231,225,232,-1,229,228,233,-1,233,228,234,-1,233,234,235,-1,217,216,226,-1,226,216,230,-1,226,230,228,-1,228,230,231,-1,228,231,234,-1,234,231,232,-1,234,232,236,-1,237,238,239,-1,239,238,236,-1,239,236,240,-1,240,236,232,-1,240,232,241,-1,241,232,225,-1,241,225,242,-1,242,225,223,-1,242,223,221,-1,221,223,213,-1,221,213,212,-1,238,243,236,-1,236,243,244,-1,236,244,234,-1,234,244,245,-1,234,245,235,-1,219,237,220,-1,220,237,239,-1,220,239,246,-1,246,239,240,-1,246,240,247,-1,247,240,241,-1,247,241,248,-1,248,241,242,-1,248,242,249,-1,249,242,221,-1,249,221,250,-1,250,221,222,-1,251,252,253,-1,253,252,254,-1,253,254,255,-1,256,251,257,-1,257,251,253,-1,257,253,258,-1,258,253,255,-1,258,255,259,-1,260,256,261,-1,261,256,257,-1,261,257,262,-1,262,257,258,-1,262,258,263,-1,263,258,259,-1,263,259,264,-1,265,260,266,-1,266,260,261,-1,266,261,267,-1,267,261,262,-1,267,262,268,-1,268,262,263,-1,268,263,269,-1,269,263,264,-1,269,264,270,-1,271,218,270,-1,270,218,220,-1,270,220,269,-1,269,220,246,-1,269,246,268,-1,268,246,247,-1,268,247,267,-1,267,247,248,-1,267,248,266,-1,266,248,249,-1,266,249,265,-1,265,249,250,-1,210,271,209,-1,209,271,270,-1,209,270,208,-1,208,270,264,-1,208,264,207,-1,207,264,259,-1,207,259,206,-1,206,259,255,-1,206,255,205,-1,205,255,254,-1,205,254,204,-1,204,254,252,-1,
        ]
    }
}
Shape{
    appearance Appearance {
        material  Material 	{
            diffuseColor 0.792156862745098 0.8196078431372549 0.9333333333333333
            specularColor 0.396078431372549 0.4117647058823529 0.4666666666666667
            ambientIntensity 0.8244
            transparency 0.0
            shininess 0.5
        }
    }
    geometry IndexedFaceSet {
        ccw TRUE
        solid FALSE
        coord DEF co Coordinate {
            point [
                -1.1418 1.8701 0.0394, -1.1418 1.2796 0.0394, -1.1418 1.8701 0.0, -1.1418 1.2796 0.0, -0.8268 1.2796 0.0394, -0.8268 1.2796 0.0, -1.0433 1.2796 0.0, -0.8268 1.8701 0.0394, -0.8268 1.8701 0.0, -1.0433 1.8701 0.0, 1.8701 -0.3346 0.0394, 1.2795 -0.3346 0.0394, 1.8701 -0.3346 0.0, 1.2795 -0.3346 0.0, 1.2795 -0.6496 0.0394, 1.2795 -0.6496 0.0, 1.8701 -0.6496 0.0394, 1.8701 -0.6496 0.0, -1.2795 -0.8267 0.0394, -1.8701 -0.8267 0.0394, -1.2795 -0.8267 0.0, -1.8701 -0.8267 0.0, -1.8701 -1.0433 0.0, -1.8701 -1.1417 0.0394, -1.8701 -1.1417 0.0, -1.2795 -1.1417 0.0394, -1.2795 -1.1417 0.0, -1.2795 -1.0433 0.0, 1.8701 -0.8267 0.0394, 1.2795 -0.8267 0.0394, 1.8701 -0.8267 0.0, 1.2795 -0.8267 0.0, 1.2795 -1.0433 0.0, 1.2795 -1.1417 0.0394, 1.2795 -1.1417 0.0, 1.8701 -1.1417 0.0394, 1.8701 -1.1417 0.0, 1.8701 -1.0433 0.0, 0.9449 -0.7381 0.0, 0.9449 -0.9448 0.0, 0.9449 -0.9448 0.0394, 0.9449 0.9449 0.0, 0.9449 0.7382 0.0, 0.9449 0.9449 0.0394, 0.9449 0.2461 0.0, 0.9449 -0.246 0.0, 0.7382 0.9449 0.0, -0.9449 0.9449 0.0, -0.7382 0.9449 0.0, -0.9449 0.9449 0.0394, -0.2461 0.9449 0.0, 0.246 0.9449 0.0, -0.9449 -0.9448 0.0394, -0.9449 -0.9448 0.0, -0.9449 -0.7381 0.0, -0.9449 -0.246 0.0, -0.9449 0.2461 0.0, -0.9449 0.7382 0.0, 0.7382 -0.9448 0.0, 0.246 -0.9448 0.0, -0.2461 -0.9448 0.0, -0.7382 -0.9448 0.0, -0.6496 -1.87 0.0394, -0.3347 -1.87 0.0394, -0.6496 -1.87 0.0, -0.3347 -1.87 0.0, -0.3347 -1.2795 0.0394, -0.3347 -1.2795 0.0, -0.6496 -1.2795 0.0394, -0.6496 -1.2795 0.0, -1.8701 0.8268 0.0394, -1.8701 0.8268 0.0, -1.8701 1.1418 0.0394, -1.8701 1.0433 0.0, -1.8701 1.1418 0.0, -1.2795 0.8268 0.0394, -1.2795 0.8268 0.0, -1.2795 1.0237 0.0394, -1.2795 1.0237 0.0, -1.3977 1.1418 0.0394, -1.3977 1.1418 0.0, -1.2992 1.0433 0.0, -0.3347 1.8701 0.0394, -0.6496 1.8701 0.0394, -0.3347 1.8701 0.0, -0.6496 1.8701 0.0, -0.6496 1.2796 0.0394, -0.6496 1.2796 0.0, -0.3347 1.2796 0.0394, -0.3347 1.2796 0.0, -0.8268 -1.87 0.0394, -0.8268 -1.87 0.0, -1.1418 -1.87 0.0394, -1.0433 -1.87 0.0, -1.1418 -1.87 0.0, -0.8268 -1.2795 0.0394, -0.8268 -1.2795 0.0, -1.0433 -1.2795 0.0, -1.1418 -1.2795 0.0394, -1.1418 -1.2795 0.0, 0.1575 1.8701 0.0394, -0.1575 1.8701 0.0394, 0.1575 1.8701 0.0, -0.1575 1.8701 0.0, -0.1575 1.2796 0.0394, -0.1575 1.2796 0.0, 0.1575 1.2796 0.0394, 0.1575 1.2796 0.0, -0.1575 -1.87 0.0394, 0.1575 -1.87 0.0394, -0.1575 -1.87 0.0, 0.1575 -1.87 0.0, 0.1575 -1.2795 0.0394, 0.1575 -1.2795 0.0, -0.1575 -1.2795 0.0394, -0.1575 -1.2795 0.0, 0.6496 1.8701 0.0394, 0.3346 1.8701 0.0394, 0.6496 1.8701 0.0, 0.3346 1.8701 0.0, 0.3346 1.2796 0.0394, 0.3346 1.2796 0.0, 0.6496 1.2796 0.0394, 0.6496 1.2796 0.0, 0.3346 -1.87 0.0394, 0.6496 -1.87 0.0394, 0.3346 -1.87 0.0, 0.6496 -1.87 0.0, 0.6496 -1.2795 0.0394, 0.6496 -1.2795 0.0, 0.3346 -1.2795 0.0394, 0.3346 -1.2795 0.0, 1.8701 0.6496 0.0394, 1.2795 0.6496 0.0394, 1.8701 0.6496 0.0, 1.2795 0.6496 0.0, 1.2795 0.3347 0.0394, 1.2795 0.3347 0.0, 1.8701 0.3347 0.0394, 1.8701 0.3347 0.0, -1.2795 0.1575 0.0394, -1.8701 0.1575 0.0394, -1.2795 0.1575 0.0, -1.8701 0.1575 0.0, -1.8701 -0.1574 0.0394, -1.8701 -0.1574 0.0, -1.2795 -0.1574 0.0394, -1.2795 -0.1574 0.0, 1.8701 0.1575 0.0394, 1.2795 0.1575 0.0394, 1.8701 0.1575 0.0, 1.2795 0.1575 0.0, 1.2795 -0.1574 0.0394, 1.2795 -0.1574 0.0, 1.8701 -0.1574 0.0394, 1.8701 -0.1574 0.0, -1.2795 -0.3346 0.0394, -1.8701 -0.3346 0.0394, -1.2795 -0.3346 0.0, -1.8701 -0.3346 0.0, -1.8701 -0.6496 0.0394, -1.8701 -0.6496 0.0, -1.2795 -0.6496 0.0394, -1.2795 -0.6496 0.0, 0.8268 1.8701 0.0394, 0.8268 1.8701 0.0, 1.1417 1.8701 0.0394, 1.0433 1.8701 0.0, 1.1417 1.8701 0.0, 0.8268 1.2796 0.0394, 0.8268 1.2796 0.0, 1.0433 1.2796 0.0, 1.1417 1.2796 0.0394, 1.1417 1.2796 0.0, 0.8268 -1.87 0.0, 0.8268 -1.87 0.0394, 1.0433 -1.87 0.0, 1.1417 -1.87 0.0394, 1.1417 -1.87 0.0, 1.1417 -1.2795 0.0394, 1.1417 -1.2795 0.0, 0.8268 -1.2795 0.0394, 0.8268 -1.2795 0.0, 1.0433 -1.2795 0.0, 1.8701 1.1418 0.0394, 1.2795 1.1418 0.0394, 1.8701 1.1418 0.0, 1.2795 1.1418 0.0, 1.2795 0.8268 0.0394, 1.2795 0.8268 0.0, 1.2795 1.0433 0.0, 1.8701 0.8268 0.0394, 1.8701 0.8268 0.0, 1.8701 1.0433 0.0, -1.2795 0.6496 0.0394, -1.8701 0.6496 0.0394, -1.2795 0.6496 0.0, -1.8701 0.6496 0.0, -1.8701 0.3347 0.0394, -1.8701 0.3347 0.0, -1.2795 0.3347 0.0394, -1.2795 0.3347 0.0
            ]
        }
        coordIndex [
            0,1,2,-1,2,1,3,-1,4,5,1,-1,1,5,6,-1,1,6,3,-1,4,7,5,-1,5,7,8,-1,8,7,9,-1,9,7,0,-1,9,0,2,-1,7,4,0,-1,0,4,1,-1,10,11,12,-1,12,11,13,-1,11,14,13,-1,13,14,15,-1,14,16,15,-1,15,16,17,-1,16,10,17,-1,17,10,12,-1,16,14,10,-1,10,14,11,-1,18,19,20,-1,20,19,21,-1,21,19,22,-1,22,19,23,-1,22,23,24,-1,23,25,24,-1,24,25,26,-1,18,20,25,-1,25,20,27,-1,25,27,26,-1,25,23,18,-1,18,23,19,-1,28,29,30,-1,30,29,31,-1,31,29,32,-1,32,29,33,-1,32,33,34,-1,33,35,34,-1,34,35,36,-1,28,30,35,-1,35,30,37,-1,35,37,36,-1,35,33,28,-1,28,33,29,-1,38,39,40,-1,41,42,43,-1,43,42,44,-1,43,44,40,-1,40,44,45,-1,40,45,38,-1,46,41,43,-1,47,48,49,-1,49,48,50,-1,49,50,43,-1,43,50,51,-1,43,51,46,-1,52,53,54,-1,54,55,52,-1,52,55,56,-1,52,56,49,-1,49,56,57,-1,49,57,47,-1,40,39,58,-1,58,59,40,-1,40,59,60,-1,40,60,52,-1,52,60,61,-1,52,61,53,-1,52,49,40,-1,40,49,43,-1,62,63,64,-1,64,63,65,-1,63,66,65,-1,65,66,67,-1,66,68,67,-1,67,68,69,-1,68,62,69,-1,69,62,64,-1,68,66,62,-1,62,66,63,-1,70,71,72,-1,72,71,73,-1,72,73,74,-1,70,75,71,-1,71,75,76,-1,75,77,76,-1,76,77,78,-1,79,80,77,-1,77,80,81,-1,77,81,78,-1,79,72,80,-1,80,72,74,-1,77,75,79,-1,79,75,70,-1,79,70,72,-1,82,83,84,-1,84,83,85,-1,83,86,85,-1,85,86,87,-1,86,88,87,-1,87,88,89,-1,88,82,89,-1,89,82,84,-1,88,86,82,-1,82,86,83,-1,90,91,92,-1,92,91,93,-1,92,93,94,-1,90,95,91,-1,91,95,96,-1,96,95,97,-1,97,95,98,-1,97,98,99,-1,98,92,99,-1,99,92,94,-1,98,95,92,-1,92,95,90,-1,100,101,102,-1,102,101,103,-1,101,104,103,-1,103,104,105,-1,104,106,105,-1,105,106,107,-1,106,100,107,-1,107,100,102,-1,106,104,100,-1,100,104,101,-1,108,109,110,-1,110,109,111,-1,109,112,111,-1,111,112,113,-1,112,114,113,-1,113,114,115,-1,114,108,115,-1,115,108,110,-1,114,112,108,-1,108,112,109,-1,116,117,118,-1,118,117,119,-1,117,120,119,-1,119,120,121,-1,120,122,121,-1,121,122,123,-1,122,116,123,-1,123,116,118,-1,122,120,116,-1,116,120,117,-1,124,125,126,-1,126,125,127,-1,125,128,127,-1,127,128,129,-1,128,130,129,-1,129,130,131,-1,130,124,131,-1,131,124,126,-1,130,128,124,-1,124,128,125,-1,132,133,134,-1,134,133,135,-1,133,136,135,-1,135,136,137,-1,136,138,137,-1,137,138,139,-1,138,132,139,-1,139,132,134,-1,138,136,132,-1,132,136,133,-1,140,141,142,-1,142,141,143,-1,141,144,143,-1,143,144,145,-1,144,146,145,-1,145,146,147,-1,146,140,147,-1,147,140,142,-1,146,144,140,-1,140,144,141,-1,148,149,150,-1,150,149,151,-1,149,152,151,-1,151,152,153,-1,152,154,153,-1,153,154,155,-1,154,148,155,-1,155,148,150,-1,154,152,148,-1,148,152,149,-1,156,157,158,-1,158,157,159,-1,157,160,159,-1,159,160,161,-1,160,162,161,-1,161,162,163,-1,162,156,163,-1,163,156,158,-1,162,160,156,-1,156,160,157,-1,164,165,166,-1,166,165,167,-1,166,167,168,-1,164,169,165,-1,165,169,170,-1,170,169,171,-1,171,169,172,-1,171,172,173,-1,172,166,173,-1,173,166,168,-1,172,169,166,-1,166,169,164,-1,174,175,176,-1,176,175,177,-1,176,177,178,-1,177,179,178,-1,178,179,180,-1,181,182,179,-1,179,182,183,-1,179,183,180,-1,181,175,182,-1,182,175,174,-1,181,179,175,-1,175,179,177,-1,184,185,186,-1,186,185,187,-1,188,189,185,-1,185,189,190,-1,185,190,187,-1,188,191,189,-1,189,191,192,-1,192,191,193,-1,193,191,184,-1,193,184,186,-1,191,188,184,-1,184,188,185,-1,194,195,196,-1,196,195,197,-1,195,198,197,-1,197,198,199,-1,198,200,199,-1,199,200,201,-1,200,194,201,-1,201,194,196,-1,200,198,194,-1,194,198,195,-1,
        ]
    }
}
Shape{
    appearance Appearance {
        material  Material 	{
            diffuseColor 0.25098039215686274 0.25098039215686274 0.25098039215686274
            specularColor 0.12549019607843137 0.12549019607843137 0.12549019607843137
            ambientIntensity 0.251
            transparency 0.0
            shininess 0.5
        }
    }
    geometry IndexedFaceSet {
        ccw TRUE
        solid FALSE
        coord DEF co Coordinate {
            point [
                1.4972 0.1568 1.1198, 1.4977 0.1568 1.1092, 1.4932 0.1568 1.1196, 1.4938 0.1568 1.109, 1.4972 0.1196 1.1198, 1.4932 0.1196 1.1196, 1.4928 0.1196 1.2024, 1.4889 0.1196 1.2022, 1.4928 0.1076 1.2024, 1.4889 0.1076 1.2022, 1.4977 0.1076 1.1092, 1.4938 0.1076 1.109, 1.4978 0.2047 1.1076, 1.4939 0.2047 1.1074, 1.4938 0.219 1.1087, 1.4977 0.219 1.1089, 1.4936 0.229 1.112, 1.4976 0.229 1.1122, 1.4936 0.2306 1.1128, 1.4975 0.2306 1.113, 1.4969 0.2306 1.1246, 1.493 0.2306 1.1244, 1.4932 0.2228 1.1207, 1.4971 0.2228 1.1209, 1.4933 0.2125 1.1184, 1.4972 0.2125 1.1186, 1.4933 0.2065 1.1181, 1.4973 0.2065 1.1183, 1.4933 0.198 1.119, 1.4972 0.198 1.1192, 1.4931 0.1912 1.1214, 1.4971 0.1912 1.1216, 1.4929 0.1849 1.1256, 1.4969 0.1849 1.1258, 1.4928 0.1825 1.1279, 1.4967 0.1825 1.1281, 1.4925 0.178 1.134, 1.4964 0.178 1.1342, 1.4921 0.175 1.1415, 1.496 0.175 1.1417, 1.4916 0.1734 1.1508, 1.4955 0.1734 1.151, 1.4914 0.1733 1.1545, 1.4953 0.1733 1.1548, 1.4907 0.1748 1.1673, 1.4947 0.1748 1.1675, 1.4903 0.1779 1.1754, 1.4943 0.1779 1.1756, 1.49 0.1825 1.1819, 1.4939 0.1825 1.1821, 1.4899 0.1831 1.1826, 1.4939 0.1831 1.1828, 1.4897 0.1892 1.1876, 1.4936 0.1892 1.1878, 1.4895 0.1965 1.1911, 1.4934 0.1965 1.1913, 1.4894 0.2045 1.1928, 1.4933 0.2045 1.193, 1.4894 0.2086 1.1929, 1.4933 0.2086 1.1931, 1.4895 0.2201 1.1916, 1.4934 0.2201 1.1918, 1.4897 0.2296 1.188, 1.4936 0.2296 1.1882, 1.4897 0.2306 1.1874, 1.4936 0.2306 1.1876, 1.493 0.2306 1.2002, 1.489 0.2306 1.2, 1.4888 0.2085 1.2038, 1.4928 0.2085 1.204, 1.4889 0.2185 1.203, 1.4928 0.2207 1.2031, 1.4889 0.2207 1.2029, 1.4889 0.2019 1.203, 1.4928 0.195 1.2024, 1.4889 0.195 1.2022, 1.4891 0.1852 1.1984, 1.493 0.1852 1.1986, 1.4894 0.1762 1.1921, 1.4934 0.1762 1.1923, 1.4896 0.1741 1.1901, 1.4935 0.1741 1.1903, 1.49 0.1674 1.1812, 1.4903 0.1648 1.1753, 1.4945 0.1629 1.1711, 1.4939 0.1674 1.1815, 1.4906 0.1629 1.1709, 1.4912 0.1608 1.1587, 1.4951 0.1608 1.1589, 1.4914 0.1607 1.1538, 1.4954 0.1607 1.154, 1.4922 0.1625 1.1387, 1.4926 0.1648 1.1327, 1.4967 0.1663 1.1292, 1.4962 0.1625 1.1389, 1.4928 0.1663 1.129, 1.4932 0.1718 1.121, 1.4971 0.1718 1.1212, 1.4932 0.1726 1.1201, 1.4971 0.1726 1.1203, 1.4935 0.1792 1.1145, 1.4974 0.1792 1.1147, 1.4937 0.1878 1.1101, 1.4977 0.1878 1.1103, 1.4939 0.1977 1.1078, 1.4978 0.1977 1.108, 1.4972 0.2995 1.1198, 1.4977 0.2995 1.1092, 1.4932 0.2995 1.1196, 1.4938 0.2995 1.109, 1.4932 0.2614 1.1196, 1.4972 0.2614 1.1198, 1.4932 0.2866 1.1196, 1.4955 0.2614 1.1512, 1.4916 0.2614 1.151, 1.4955 0.2948 1.1512, 1.4916 0.2866 1.151, 1.4916 0.2948 1.151, 1.495 0.2948 1.1619, 1.491 0.2948 1.1617, 1.491 0.2614 1.1617, 1.495 0.2614 1.1619, 1.491 0.2866 1.1617, 1.4934 0.2614 1.1917, 1.4895 0.2614 1.1915, 1.4934 0.2974 1.1917, 1.4895 0.2866 1.1915, 1.4895 0.2974 1.1915, 1.4928 0.2974 1.2024, 1.4889 0.2974 1.2022, 1.4889 0.2493 1.2022, 1.4928 0.2493 1.2024, 1.4889 0.2866 1.2022, 1.4977 0.2493 1.1092, 1.4938 0.2493 1.109, 1.4938 0.2866 1.109, 1.4964 0.3752 1.1352, 1.4967 0.3706 1.1295, 1.497 0.3791 1.1222, 1.4967 0.3694 1.1285, 1.4974 0.3693 1.1152, 1.4969 0.3634 1.1243, 1.4976 0.3587 1.1111, 1.4971 0.3557 1.1213, 1.4977 0.3429 1.1092, 1.4972 0.3428 1.1198, 1.4977 0.3172 1.1092, 1.4972 0.3292 1.1198, 1.4928 0.3172 1.2024, 1.4934 0.3292 1.1917, 1.4928 0.3438 1.2024, 1.4934 0.3434 1.1917, 1.4929 0.3581 1.2009, 1.4935 0.3559 1.1903, 1.4931 0.3694 1.1968, 1.4936 0.3639 1.1873, 1.4935 0.3791 1.1901, 1.4939 0.3703 1.1829, 1.4937 0.3825 1.1868, 1.494 0.373 1.1803, 1.4941 0.3882 1.1787, 1.4943 0.3766 1.1751, 1.4946 0.3917 1.1698, 1.4946 0.3792 1.1683, 1.4952 0.3932 1.157, 1.4952 0.3806 1.1567, 1.4955 0.393 1.151, 1.4956 0.3802 1.1507, 1.4961 0.3907 1.1401, 1.496 0.3784 1.1422, 1.4966 0.3861 1.1305, 1.4938 0.3429 1.109, 1.4938 0.3172 1.109, 1.4931 0.3791 1.122, 1.4937 0.3587 1.1109, 1.4937 0.36 1.1114, 1.4935 0.3693 1.115, 1.4927 0.3861 1.1303, 1.4922 0.3907 1.1399, 1.4916 0.393 1.1508, 1.4913 0.3932 1.1568, 1.4906 0.3917 1.1696, 1.4902 0.3882 1.1785, 1.4897 0.3825 1.1866, 1.4896 0.3791 1.1899, 1.4889 0.3438 1.2022, 1.4892 0.3694 1.1966, 1.489 0.36 1.2, 1.489 0.3581 1.2007, 1.4889 0.3172 1.2022, 1.4895 0.3434 1.1915, 1.4895 0.3292 1.1915, 1.4932 0.3292 1.1196, 1.4932 0.3428 1.1196, 1.4927 0.3706 1.1293, 1.4928 0.3694 1.1283, 1.493 0.3634 1.1241, 1.4932 0.3557 1.1211, 1.4913 0.3806 1.1565, 1.4916 0.3802 1.1505, 1.4921 0.3784 1.142, 1.4924 0.3752 1.135, 1.4899 0.3703 1.1827, 1.4901 0.373 1.1801, 1.4903 0.3766 1.1749, 1.4907 0.3792 1.168, 1.4896 0.3559 1.1901, 1.4897 0.3639 1.1871
            ]
        }
        coordIndex [
            0,1,2,-1,2,1,3,-1,4,0,5,-1,5,0,2,-1,6,4,7,-1,7,4,5,-1,8,6,9,-1,9,6,7,-1,10,8,11,-1,11,8,9,-1,1,10,3,-1,3,10,11,-1,6,8,4,-1,4,8,10,-1,4,10,0,-1,0,10,1,-1,12,13,14,-1,12,14,15,-1,15,14,16,-1,15,16,17,-1,17,16,18,-1,17,18,19,-1,20,19,21,-1,21,19,18,-1,20,21,22,-1,20,22,23,-1,23,22,24,-1,23,24,25,-1,25,24,26,-1,25,26,27,-1,27,26,28,-1,27,28,29,-1,29,28,30,-1,29,30,31,-1,31,30,32,-1,31,32,33,-1,33,32,34,-1,33,34,35,-1,35,34,36,-1,35,36,37,-1,37,36,38,-1,37,38,39,-1,39,38,40,-1,39,40,41,-1,41,40,42,-1,41,42,43,-1,43,42,44,-1,43,44,45,-1,45,44,46,-1,45,46,47,-1,47,46,48,-1,47,48,49,-1,49,48,50,-1,49,50,51,-1,51,50,52,-1,51,52,53,-1,53,52,54,-1,53,54,55,-1,55,54,56,-1,55,56,57,-1,57,56,58,-1,57,58,59,-1,59,58,60,-1,59,60,61,-1,61,60,62,-1,61,62,63,-1,63,62,64,-1,63,64,65,-1,66,65,67,-1,67,65,64,-1,68,69,70,-1,70,69,71,-1,70,71,72,-1,72,71,66,-1,72,66,67,-1,69,68,73,-1,69,73,74,-1,73,75,74,-1,74,75,76,-1,74,76,77,-1,77,76,78,-1,77,78,79,-1,79,78,80,-1,79,80,81,-1,81,80,82,-1,83,84,82,-1,82,84,85,-1,82,85,81,-1,83,86,84,-1,84,86,87,-1,84,87,88,-1,88,87,89,-1,88,89,90,-1,90,89,91,-1,92,93,91,-1,91,93,94,-1,91,94,90,-1,92,95,93,-1,93,95,96,-1,93,96,97,-1,97,96,98,-1,97,98,99,-1,99,98,100,-1,99,100,101,-1,101,100,102,-1,101,102,103,-1,103,102,104,-1,103,104,105,-1,105,104,13,-1,105,13,12,-1,45,47,85,-1,53,55,74,-1,85,47,81,-1,74,55,69,-1,74,77,53,-1,53,77,79,-1,53,79,51,-1,51,79,81,-1,51,81,49,-1,49,81,47,-1,55,57,69,-1,69,57,59,-1,69,59,71,-1,71,59,61,-1,71,61,66,-1,66,61,63,-1,66,63,65,-1,90,43,88,-1,88,43,45,-1,88,45,84,-1,84,45,85,-1,19,20,17,-1,17,20,23,-1,17,23,15,-1,15,23,25,-1,15,25,12,-1,12,25,27,-1,12,27,105,-1,105,27,29,-1,105,29,103,-1,103,29,31,-1,103,31,101,-1,101,31,33,-1,101,33,99,-1,99,33,35,-1,99,35,97,-1,97,35,37,-1,97,37,93,-1,93,37,94,-1,94,37,39,-1,94,39,90,-1,90,39,41,-1,90,41,43,-1,106,107,108,-1,108,107,109,-1,110,111,112,-1,112,111,106,-1,112,106,108,-1,113,111,114,-1,114,111,110,-1,113,114,115,-1,115,114,116,-1,115,116,117,-1,118,115,119,-1,119,115,117,-1,120,121,122,-1,122,121,118,-1,122,118,119,-1,123,121,124,-1,124,121,120,-1,123,124,125,-1,125,124,126,-1,125,126,127,-1,128,125,129,-1,129,125,127,-1,130,131,132,-1,132,131,128,-1,132,128,129,-1,133,131,134,-1,134,131,130,-1,109,107,135,-1,135,107,133,-1,135,133,134,-1,133,107,106,-1,106,111,133,-1,133,111,113,-1,133,113,131,-1,125,128,123,-1,123,128,131,-1,123,131,121,-1,121,131,113,-1,121,113,118,-1,118,113,115,-1,136,137,138,-1,138,137,139,-1,138,139,140,-1,140,139,141,-1,140,141,142,-1,142,141,143,-1,142,143,144,-1,144,143,145,-1,144,145,146,-1,146,145,147,-1,146,147,148,-1,148,147,149,-1,148,149,150,-1,150,149,151,-1,150,151,152,-1,152,151,153,-1,152,153,154,-1,154,153,155,-1,154,155,156,-1,156,155,157,-1,156,157,158,-1,158,157,159,-1,158,159,160,-1,160,159,161,-1,160,161,162,-1,162,161,163,-1,162,163,164,-1,164,163,165,-1,164,165,166,-1,166,165,167,-1,166,167,168,-1,168,167,169,-1,168,169,170,-1,170,169,136,-1,170,136,138,-1,144,146,171,-1,171,146,172,-1,173,138,140,-1,144,171,174,-1,144,174,142,-1,142,174,175,-1,142,175,140,-1,140,175,176,-1,140,176,173,-1,138,173,177,-1,138,177,170,-1,170,177,178,-1,170,178,168,-1,168,178,179,-1,168,179,166,-1,166,179,180,-1,166,180,164,-1,164,180,181,-1,164,181,162,-1,162,181,182,-1,162,182,160,-1,160,182,183,-1,160,183,158,-1,158,183,184,-1,158,184,156,-1,185,150,152,-1,156,184,186,-1,156,186,154,-1,154,186,187,-1,154,187,152,-1,152,187,188,-1,152,188,185,-1,148,150,189,-1,189,150,185,-1,146,148,172,-1,172,148,189,-1,151,149,190,-1,190,149,191,-1,149,147,191,-1,191,147,192,-1,147,145,192,-1,192,145,193,-1,137,194,195,-1,137,195,139,-1,139,195,196,-1,139,196,141,-1,141,196,197,-1,141,197,143,-1,143,197,193,-1,143,193,145,-1,165,198,199,-1,165,199,167,-1,167,199,200,-1,167,200,169,-1,169,200,201,-1,169,201,136,-1,136,201,194,-1,136,194,137,-1,157,202,203,-1,157,203,159,-1,159,203,204,-1,159,204,161,-1,161,204,205,-1,161,205,163,-1,163,205,198,-1,163,198,165,-1,151,190,206,-1,151,206,153,-1,153,206,207,-1,153,207,155,-1,155,207,202,-1,155,202,157,-1,
        ]
    }
}
Shape{
    appearance Appearance {
        material  Material 	{
            diffuseColor 0.7529411764705882 0.7529411764705882 0.7529411764705882
            specularColor 0.3764705882352941 0.3764705882352941 0.3764705882352941
            ambientIntensity 0.7529
            transparency 0.0
            shininess 0.5
        }
    }
    geometry IndexedFaceSet {
        ccw TRUE
        solid FALSE
        coord DEF co Coordinate {
            point [
                1.4895 0.3292 1.1915, 1.4932 0.3292 1.1196, 1.4895 0.3434 1.1915, 1.4932 0.3428 1.1196, 1.4932 0.3557 1.1211, 1.493 0.3634 1.1241, 1.4928 0.3694 1.1283, 1.4927 0.3706 1.1293, 1.4924 0.3752 1.135, 1.4921 0.3784 1.142, 1.4913 0.3806 1.1565, 1.4899 0.3703 1.1827, 1.4897 0.3639 1.1871, 1.4907 0.3792 1.168, 1.4903 0.3766 1.1749, 1.4901 0.373 1.1801, 1.4916 0.3802 1.1505, 1.4896 0.3559 1.1901
            ]
        }
        coordIndex [
            0,1,2,-1,2,1,3,-1,3,4,2,-1,2,4,5,-1,2,5,6,-1,6,7,2,-1,2,7,8,-1,2,8,9,-1,10,11,12,-1,13,14,10,-1,10,14,15,-1,10,15,11,-1,9,16,2,-1,2,16,10,-1,2,10,17,-1,17,10,12,-1,
        ]
    }
}
Shape{
    appearance Appearance {
        material  Material 	{
            diffuseColor 0.25098039215686274 0.25098039215686274 0.25098039215686274
            specularColor 0.12549019607843137 0.12549019607843137 0.12549019607843137
            ambientIntensity 0.251
            transparency 0.0
            shininess 0.5
        }
    }
    geometry IndexedFaceSet {
        ccw TRUE
        solid FALSE
        coord DEF co Coordinate {
            point [
                1.4958 0.4245 1.1452, 1.4964 0.4207 1.1347, 1.4958 0.4559 1.1452, 1.4964 0.4596 1.1347, 1.4938 0.4385 1.184, 1.4928 0.434 1.2024, 1.4977 0.3984 1.1092, 1.4977 0.4117 1.1092, 1.4937 0.4393 1.1868, 1.4935 0.44 1.1905, 1.4928 0.4469 1.2024, 1.4935 0.4403 1.1905, 1.4937 0.4411 1.1866, 1.4938 0.4418 1.184, 1.4977 0.4825 1.1092, 1.4977 0.4691 1.1092, 1.4889 0.4469 1.2022, 1.4938 0.4825 1.109, 1.4889 0.434 1.2022, 1.4938 0.3984 1.109, 1.4901 0.4253 1.1795, 1.4938 0.4117 1.109, 1.4925 0.4207 1.1345, 1.4925 0.4596 1.1345, 1.4925 0.4253 1.1345, 1.4938 0.4691 1.109, 1.4919 0.4245 1.145, 1.4919 0.4559 1.145, 1.4899 0.4418 1.1838, 1.4895 0.4403 1.1903, 1.4897 0.4411 1.1864, 1.4895 0.44 1.1903, 1.4899 0.4385 1.1838, 1.4897 0.4393 1.1866
            ]
        }
        coordIndex [
            0,1,2,-1,2,1,3,-1,4,5,0,-1,0,5,6,-1,0,6,1,-1,1,6,7,-1,4,8,5,-1,5,8,9,-1,5,9,10,-1,10,9,11,-1,10,11,12,-1,12,13,10,-1,10,13,2,-1,10,2,14,-1,14,2,3,-1,14,3,15,-1,10,14,16,-1,16,14,17,-1,5,10,18,-1,18,10,16,-1,19,6,20,-1,20,6,5,-1,20,5,18,-1,7,6,21,-1,21,6,19,-1,1,7,22,-1,22,7,21,-1,23,3,24,-1,24,3,1,-1,24,1,22,-1,15,3,25,-1,25,3,23,-1,14,15,17,-1,17,15,25,-1,0,2,26,-1,26,2,27,-1,2,13,27,-1,27,13,28,-1,11,29,30,-1,11,30,12,-1,12,30,28,-1,12,28,13,-1,11,9,29,-1,29,9,31,-1,4,32,33,-1,4,33,8,-1,8,33,31,-1,8,31,9,-1,4,0,32,-1,32,0,26,-1,
        ]
    }
}
Shape{
    appearance Appearance {
        material  Material 	{
            diffuseColor 0.7529411764705882 0.7529411764705882 0.7529411764705882
            specularColor 0.3764705882352941 0.3764705882352941 0.3764705882352941
            ambientIntensity 0.7529
            transparency 0.0
            shininess 0.5
        }
    }
    geometry IndexedFaceSet {
        ccw TRUE
        solid FALSE
        coord DEF co Coordinate {
            point [
                1.4895 0.4403 1.1903, 1.4895 0.44 1.1903, 1.4897 0.4411 1.1864, 1.4897 0.4393 1.1866, 1.4899 0.4418 1.1838, 1.4899 0.4385 1.1838, 1.4919 0.4559 1.145, 1.4919 0.4245 1.145
            ]
        }
        coordIndex [
            0,1,2,-1,2,1,3,-1,2,3,4,-1,4,3,5,-1,4,5,6,-1,6,5,7,-1,
        ]
    }
}
Shape{
    appearance Appearance {
        material  Material 	{
            diffuseColor 0.25098039215686274 0.25098039215686274 0.25098039215686274
            specularColor 0.12549019607843137 0.12549019607843137 0.12549019607843137
            ambientIntensity 0.251
            transparency 0.0
            shininess 0.5
        }
    }
    geometry IndexedFaceSet {
        ccw TRUE
        solid FALSE
        coord DEF co Coordinate {
            point [
                1.5049 0.1578 0.9718, 1.5055 0.1578 0.9612, 1.501 0.1578 0.9716, 1.5016 0.1578 0.961, 1.5049 0.1196 0.9718, 1.501 0.1196 0.9716, 1.5033 0.1196 1.0032, 1.4994 0.1196 1.003, 1.5033 0.153 1.0032, 1.4994 0.153 1.003, 1.5027 0.153 1.0139, 1.4988 0.153 1.0137, 1.5027 0.1196 1.0139, 1.4988 0.1196 1.0137, 1.5012 0.1196 1.0437, 1.4972 0.1196 1.0435, 1.5012 0.1557 1.0437, 1.4972 0.1557 1.0435, 1.5006 0.1557 1.0545, 1.4967 0.1557 1.0543, 1.5006 0.1076 1.0545, 1.4967 0.1076 1.0543, 1.5055 0.1076 0.9612, 1.5016 0.1076 0.961, 1.5049 0.2106 0.9715, 1.5049 0.2109 0.9715, 1.5044 0.2102 0.9822, 1.5041 0.2109 0.9874, 1.5032 0.2226 1.004, 1.5041 0.2109 0.9882, 1.5037 0.2109 0.9946, 1.5055 0.2109 0.9612, 1.5055 0.2226 0.9612, 1.5044 0.181 0.9818, 1.5043 0.1816 0.9845, 1.504 0.1714 0.9896, 1.5046 0.2084 0.9781, 1.5048 0.2059 0.9746, 1.5051 0.2087 0.9686, 1.5049 0.2044 0.9732, 1.5053 0.205 0.9647, 1.505 0.2011 0.971, 1.5054 0.201 0.962, 1.505 0.1976 0.9697, 1.5055 0.1962 0.9603, 1.5051 0.1932 0.9692, 1.5056 0.1902 0.9596, 1.505 0.1892 0.9696, 1.5055 0.1832 0.9604, 1.505 0.1866 0.9706, 1.5054 0.1787 0.9621, 1.5049 0.1843 0.9722, 1.5053 0.1747 0.9648, 1.5049 0.1833 0.9732, 1.5038 0.1738 0.993, 1.5042 0.1826 0.9867, 1.5037 0.1773 0.9961, 1.5041 0.184 0.9884, 1.5035 0.1824 0.9986, 1.504 0.1855 0.9895, 1.5039 0.1882 0.9909, 1.5034 0.1911 1.0008, 1.5038 0.1953 0.9925, 1.5033 0.2109 1.0035, 1.5042 0.1698 0.9855, 1.5045 0.169 0.9805, 1.5045 0.1809 0.98, 1.5046 0.169 0.979, 1.5046 0.1812 0.9773, 1.5048 0.1696 0.9737, 1.5048 0.1819 0.9752, 1.505 0.171 0.9698, 1.5052 0.1734 0.9662, 1.5022 0.1755 1.0231, 1.5028 0.1755 1.0118, 1.5022 0.178 1.0245, 1.5026 0.1827 1.0164, 1.502 0.1867 1.0279, 1.5025 0.19 1.019, 1.5019 0.1985 1.0293, 1.5024 0.1974 1.0198, 1.5019 0.2055 1.0287, 1.5024 0.2014 1.0194, 1.502 0.2104 1.0272, 1.5025 0.2041 1.0185, 1.5021 0.2143 1.025, 1.5026 0.2062 1.0171, 1.5023 0.2175 1.022, 1.5027 0.2079 1.0153, 1.5025 0.2199 1.0183, 1.5028 0.2093 1.0129, 1.5028 0.2217 1.013, 1.503 0.2105 1.0087, 1.498 0.1985 1.0291, 1.4981 0.1867 1.0277, 1.4982 0.178 1.0243, 1.4983 0.1755 1.0229, 1.4989 0.1755 1.0116, 1.4987 0.1827 1.0162, 1.4985 0.19 1.0188, 1.4985 0.1974 1.0196, 1.4985 0.2014 1.0192, 1.4986 0.2041 1.0183, 1.4986 0.2062 1.0169, 1.4987 0.2079 1.0151, 1.4988 0.2093 1.0126, 1.4991 0.2105 1.0085, 1.4993 0.2109 1.0033, 1.4995 0.1911 1.0006, 1.4996 0.1824 0.9984, 1.4997 0.1773 0.9958, 1.4999 0.1738 0.9927, 1.5001 0.1714 0.9894, 1.5003 0.1698 0.9853, 1.5005 0.169 0.9803, 1.5006 0.169 0.9788, 1.5009 0.1696 0.9735, 1.5011 0.171 0.9695, 1.5013 0.1734 0.966, 1.5014 0.1747 0.9646, 1.5016 0.1902 0.9594, 1.5016 0.1834 0.9602, 1.5016 0.1832 0.9602, 1.5015 0.1787 0.9619, 1.5016 0.1962 0.9601, 1.5016 0.1965 0.9602, 1.5015 0.201 0.9618, 1.5014 0.205 0.9645, 1.5012 0.2087 0.9684, 1.501 0.2106 0.9713, 1.501 0.2109 0.9713, 1.5016 0.2109 0.961, 1.5016 0.2226 0.961, 1.4993 0.2226 1.0038, 1.4988 0.2217 1.0128, 1.4986 0.2199 1.0181, 1.4984 0.2175 1.0218, 1.4982 0.2143 1.0248, 1.4981 0.2104 1.027, 1.498 0.2055 1.0285, 1.5001 0.184 0.9882, 1.5001 0.1855 0.9893, 1.5 0.1882 0.9906, 1.4999 0.1953 0.9923, 1.5006 0.1809 0.9798, 1.5005 0.181 0.9816, 1.5003 0.1816 0.9843, 1.5002 0.1826 0.9865, 1.501 0.1843 0.972, 1.5009 0.1833 0.973, 1.5008 0.1819 0.975, 1.5007 0.1812 0.9771, 1.5011 0.1932 0.969, 1.5011 0.1892 0.9694, 1.5011 0.1866 0.9704, 1.5009 0.2059 0.9744, 1.5009 0.2044 0.973, 1.501 0.2011 0.9708, 1.5011 0.1976 0.9695, 1.5001 0.2109 0.988, 1.5002 0.2109 0.9872, 1.5005 0.2102 0.982, 1.5007 0.2084 0.9778, 1.4998 0.2109 0.9944
            ]
        }
        coordIndex [
            0,1,2,-1,2,1,3,-1,4,0,5,-1,5,0,2,-1,6,4,7,-1,7,4,5,-1,8,6,9,-1,9,6,7,-1,10,8,11,-1,11,8,9,-1,12,10,13,-1,13,10,11,-1,14,12,15,-1,15,12,13,-1,16,14,17,-1,17,14,15,-1,18,16,19,-1,19,16,17,-1,20,18,21,-1,21,18,19,-1,22,20,23,-1,23,20,21,-1,1,22,3,-1,3,22,23,-1,1,0,22,-1,22,0,4,-1,8,10,6,-1,6,10,12,-1,16,18,14,-1,14,18,20,-1,14,20,12,-1,12,20,22,-1,12,22,6,-1,6,22,4,-1,24,25,26,-1,27,28,29,-1,29,28,30,-1,31,32,25,-1,25,32,28,-1,25,28,26,-1,26,28,27,-1,33,34,35,-1,26,36,24,-1,24,36,37,-1,24,37,38,-1,38,37,39,-1,38,39,40,-1,40,39,41,-1,40,41,42,-1,42,41,43,-1,42,43,44,-1,44,43,45,-1,44,45,46,-1,46,45,47,-1,46,47,48,-1,48,47,49,-1,48,49,50,-1,50,49,51,-1,50,51,52,-1,52,51,53,-1,35,34,54,-1,54,34,55,-1,54,55,56,-1,56,55,57,-1,56,57,58,-1,57,59,58,-1,58,59,60,-1,58,60,61,-1,61,60,62,-1,61,62,63,-1,35,64,33,-1,33,64,65,-1,33,65,66,-1,66,65,67,-1,66,67,68,-1,68,67,69,-1,68,69,70,-1,70,69,71,-1,70,71,53,-1,53,71,72,-1,53,72,52,-1,73,74,75,-1,75,74,76,-1,75,76,77,-1,77,76,78,-1,77,78,79,-1,79,78,80,-1,79,80,81,-1,81,80,82,-1,81,82,83,-1,83,82,84,-1,83,84,85,-1,85,84,86,-1,85,86,87,-1,87,86,88,-1,87,88,89,-1,89,88,90,-1,89,90,91,-1,91,90,92,-1,91,92,28,-1,28,92,63,-1,28,63,30,-1,30,63,62,-1,79,93,94,-1,79,94,77,-1,77,94,95,-1,77,95,75,-1,75,95,96,-1,75,96,73,-1,74,73,97,-1,97,73,96,-1,74,97,98,-1,74,98,76,-1,76,98,99,-1,76,99,78,-1,78,99,100,-1,78,100,80,-1,80,100,101,-1,80,101,82,-1,82,101,102,-1,82,102,84,-1,84,102,103,-1,84,103,86,-1,86,103,104,-1,86,104,88,-1,88,104,105,-1,88,105,90,-1,90,105,106,-1,90,106,92,-1,92,106,107,-1,92,107,63,-1,61,63,108,-1,108,63,107,-1,61,108,109,-1,61,109,58,-1,58,109,110,-1,58,110,56,-1,56,110,111,-1,56,111,54,-1,54,111,112,-1,54,112,35,-1,35,112,113,-1,35,113,64,-1,64,113,114,-1,64,114,65,-1,65,114,115,-1,65,115,67,-1,67,115,116,-1,67,116,69,-1,69,116,117,-1,69,117,71,-1,71,117,118,-1,71,118,72,-1,72,118,119,-1,72,119,52,-1,120,46,121,-1,121,46,48,-1,121,48,122,-1,122,48,50,-1,122,50,123,-1,123,50,52,-1,123,52,119,-1,46,120,124,-1,46,124,44,-1,44,124,125,-1,44,125,42,-1,125,126,42,-1,42,126,127,-1,42,127,40,-1,40,127,128,-1,40,128,38,-1,38,128,129,-1,38,129,24,-1,25,24,130,-1,130,24,129,-1,31,25,131,-1,131,25,130,-1,32,31,132,-1,132,31,131,-1,28,32,133,-1,133,32,132,-1,28,133,134,-1,28,134,91,-1,91,134,135,-1,91,135,89,-1,89,135,136,-1,89,136,87,-1,87,136,137,-1,87,137,85,-1,85,137,138,-1,85,138,83,-1,83,138,139,-1,83,139,81,-1,81,139,93,-1,81,93,79,-1,57,140,141,-1,57,141,59,-1,59,141,142,-1,59,142,60,-1,60,142,143,-1,60,143,62,-1,66,144,145,-1,66,145,33,-1,33,145,146,-1,33,146,34,-1,34,146,147,-1,34,147,55,-1,55,147,140,-1,55,140,57,-1,51,148,149,-1,51,149,53,-1,53,149,150,-1,53,150,70,-1,70,150,151,-1,70,151,68,-1,68,151,144,-1,68,144,66,-1,45,152,153,-1,45,153,47,-1,47,153,154,-1,47,154,49,-1,49,154,148,-1,49,148,51,-1,37,155,156,-1,37,156,39,-1,39,156,157,-1,39,157,41,-1,41,157,158,-1,41,158,43,-1,43,158,152,-1,43,152,45,-1,29,159,160,-1,29,160,27,-1,27,160,161,-1,27,161,26,-1,26,161,162,-1,26,162,36,-1,36,162,155,-1,36,155,37,-1,29,30,159,-1,159,30,163,-1,30,62,163,-1,163,62,143,-1,
        ]
    }
}
Shape{
    appearance Appearance {
        material  Material 	{
            diffuseColor 0.7529411764705882 0.7529411764705882 0.7529411764705882
            specularColor 0.3764705882352941 0.3764705882352941 0.3764705882352941
            ambientIntensity 0.7529
            transparency 0.0
            shininess 0.5
        }
    }
    geometry IndexedFaceSet {
        ccw TRUE
        solid FALSE
        coord DEF co Coordinate {
            point [
                1.5002 0.2109 0.9872, 1.5001 0.2109 0.988, 1.5001 0.184 0.9882, 1.4998 0.2109 0.9944, 1.4999 0.1953 0.9923, 1.5 0.1882 0.9906, 1.5001 0.1855 0.9893, 1.5005 0.2102 0.982, 1.5002 0.1826 0.9865, 1.5007 0.2084 0.9778, 1.5009 0.1833 0.973, 1.501 0.1843 0.972, 1.5009 0.2044 0.973, 1.5008 0.1819 0.975, 1.501 0.2011 0.9708, 1.5011 0.1976 0.9695, 1.5011 0.1932 0.969, 1.5003 0.1816 0.9843, 1.5005 0.181 0.9816, 1.5009 0.2059 0.9744, 1.5006 0.1809 0.9798, 1.5007 0.1812 0.9771, 1.5011 0.1866 0.9704, 1.5011 0.1892 0.9694
            ]
        }
        coordIndex [
            0,1,2,-1,1,3,4,-1,4,5,1,-1,1,5,6,-1,1,6,2,-1,0,2,7,-1,7,2,8,-1,7,8,9,-1,10,11,12,-1,10,12,13,-1,14,12,15,-1,15,12,16,-1,8,17,9,-1,9,17,18,-1,9,18,19,-1,19,18,20,-1,19,20,12,-1,12,20,21,-1,12,21,13,-1,11,22,12,-1,12,22,23,-1,12,23,16,-1,
        ]
    }
}
Shape{
    appearance Appearance {
        material  Material 	{
            diffuseColor 0.25098039215686274 0.25098039215686274 0.25098039215686274
            specularColor 0.12549019607843137 0.12549019607843137 0.12549019607843137
            ambientIntensity 0.251
            transparency 0.0
            shininess 0.5
        }
    }
    geometry IndexedFaceSet {
        ccw TRUE
        solid FALSE
        coord DEF co Coordinate {
            point [
                1.5008 0.2385 0.9754, 1.5047 0.2385 0.9756, 1.5049 0.2429 0.9728, 1.5051 0.2577 0.9691, 1.5011 0.2577 0.9689, 1.5011 0.2502 0.9698, 1.505 0.2502 0.97, 1.501 0.2439 0.9723, 1.5009 0.2429 0.9726, 1.5054 0.2385 0.9635, 1.5014 0.2385 0.9633, 1.5015 0.2439 0.9613, 1.5055 0.246 0.9608, 1.5016 0.2566 0.9594, 1.5056 0.2566 0.9596, 1.5016 0.2496 0.9602, 1.5016 0.246 0.9606, 1.5016 0.2644 0.9602, 1.5055 0.2658 0.9605, 1.5016 0.2658 0.9603, 1.5015 0.2723 0.9625, 1.5054 0.2723 0.9627, 1.5014 0.276 0.9647, 1.5053 0.276 0.9649, 1.5012 0.2794 0.9676, 1.5051 0.2794 0.9678, 1.501 0.2815 0.9707, 1.505 0.2815 0.9709, 1.5009 0.283 0.9744, 1.5048 0.283 0.9746, 1.5006 0.2835 0.9791, 1.5045 0.2835 0.9793, 1.5004 0.2831 0.9834, 1.5043 0.2831 0.9836, 1.5002 0.2818 0.9869, 1.5041 0.2818 0.9871, 1.5 0.2796 0.9901, 1.504 0.2796 0.9903, 1.4999 0.2768 0.9926, 1.5038 0.2768 0.9928, 1.4997 0.2691 0.9969, 1.5036 0.2691 0.9971, 1.4996 0.2645 0.9987, 1.5035 0.2645 0.9989, 1.4994 0.2573 1.0019, 1.5033 0.2573 1.0021, 1.4993 0.2532 1.0045, 1.5032 0.2532 1.0047, 1.4992 0.252 1.0057, 1.5031 0.252 1.0059, 1.4991 0.2512 1.0073, 1.5031 0.2512 1.0075, 1.499 0.2507 1.0091, 1.503 0.2507 1.0093, 1.499 0.2506 1.0107, 1.5029 0.2506 1.0109, 1.4989 0.2508 1.0125, 1.5028 0.2508 1.0127, 1.4988 0.2514 1.0141, 1.5027 0.2514 1.0143, 1.4987 0.2524 1.0156, 1.5026 0.2524 1.0158, 1.4986 0.2542 1.0171, 1.5025 0.2542 1.0174, 1.4985 0.2568 1.0185, 1.5025 0.2568 1.0187, 1.4985 0.2599 1.0194, 1.5024 0.2599 1.0196, 1.4985 0.2634 1.0196, 1.5024 0.2634 1.0198, 1.4985 0.2712 1.0187, 1.5025 0.2712 1.0189, 1.4987 0.2778 1.0163, 1.5026 0.2778 1.0165, 1.4987 0.2803 1.0148, 1.5027 0.2803 1.015, 1.5021 0.2803 1.0264, 1.4981 0.2803 1.0262, 1.498 0.2724 1.0285, 1.502 0.2724 1.0287, 1.498 0.2645 1.0291, 1.5019 0.2645 1.0293, 1.498 0.256 1.0282, 1.502 0.256 1.0284, 1.4982 0.2496 1.0259, 1.5021 0.2496 1.0261, 1.4983 0.246 1.0238, 1.5022 0.246 1.024, 1.4984 0.2439 1.0219, 1.5024 0.2426 1.0209, 1.4984 0.2426 1.0207, 1.4986 0.2404 1.0176, 1.5025 0.2404 1.0178, 1.4988 0.239 1.0138, 1.5027 0.239 1.014, 1.499 0.2385 1.0096, 1.5029 0.2385 1.0098, 1.4992 0.239 1.0051, 1.5032 0.239 1.0053, 1.4994 0.2403 1.0015, 1.5034 0.2403 1.0017, 1.4996 0.2419 0.9991, 1.5035 0.2419 0.9993, 1.5 0.2563 0.9902, 1.504 0.2563 0.9905, 1.5038 0.2493 0.9936, 1.4997 0.2438 0.9971, 1.5036 0.2438 0.9973, 1.4997 0.2439 0.997, 1.4999 0.2493 0.9934, 1.5002 0.2639 0.987, 1.5041 0.2639 0.9872, 1.5003 0.2685 0.9843, 1.5043 0.2685 0.9845, 1.5004 0.27 0.9828, 1.5043 0.27 0.983, 1.5005 0.2709 0.9812, 1.5044 0.2709 0.9814, 1.5006 0.2714 0.9794, 1.5045 0.2714 0.9796, 1.5007 0.2715 0.9779, 1.5046 0.2715 0.9782, 1.5008 0.2713 0.9757, 1.5047 0.2713 0.9759, 1.5009 0.2707 0.9741, 1.5048 0.2707 0.9743, 1.501 0.2697 0.9725, 1.5049 0.2697 0.9728, 1.501 0.2683 0.9714, 1.5049 0.2683 0.9716, 1.501 0.2673 0.9707, 1.505 0.2673 0.9709, 1.5011 0.2642 0.9696, 1.505 0.2642 0.9698, 1.5011 0.2582 0.9689, 1.5051 0.2582 0.9691, 1.502 0.3415 1.0278, 1.502 0.3537 1.0278, 1.4981 0.3415 1.0276, 1.4981 0.3537 1.0276, 1.5046 0.3233 0.9776, 1.5007 0.3233 0.9774, 1.5009 0.3224 0.9743, 1.5048 0.3224 0.9745, 1.501 0.3219 0.972, 1.5049 0.3219 0.9722, 1.5049 0.3216 0.9722, 1.501 0.3216 0.972, 1.5046 0.3201 0.9777, 1.5007 0.3201 0.9775, 1.4981 0.3027 1.0276, 1.502 0.3027 1.0278, 1.4989 0.3084 1.0114, 1.502 0.2896 1.0278, 1.4981 0.2896 1.0276, 1.5015 0.3158 0.9611, 1.5055 0.3158 0.9613, 1.5006 0.3084 0.98, 1.5022 0.3107 0.949, 1.5061 0.3107 0.9492, 1.5016 0.3154 0.9602, 1.5024 0.3084 0.9448, 1.5063 0.3084 0.945, 1.5025 0.3062 0.9423, 1.5065 0.3062 0.9426, 1.5026 0.3041 0.9409, 1.5065 0.3041 0.9411, 1.5027 0.3015 0.9399, 1.5066 0.3015 0.9401, 1.5027 0.2987 0.9396, 1.5066 0.2987 0.9398, 1.5026 0.2944 0.9402, 1.5066 0.2944 0.9404, 1.5026 0.292 0.9409, 1.5065 0.292 0.9411, 1.5071 0.292 0.9307, 1.5032 0.292 0.9305, 1.5032 0.297 0.9297, 1.5071 0.297 0.9299, 1.5032 0.2996 0.9296, 1.5071 0.2996 0.9298, 1.5032 0.3043 0.9301, 1.5071 0.3043 0.9303, 1.5031 0.3084 0.9317, 1.507 0.3089 0.9321, 1.5031 0.3089 0.9319, 1.5029 0.313 0.9347, 1.5069 0.313 0.9349, 1.5029 0.3138 0.9355, 1.5068 0.3138 0.9357, 1.5026 0.3181 0.9406, 1.5066 0.3181 0.9408, 1.5021 0.3234 0.9509, 1.506 0.3234 0.9511, 1.5016 0.3271 0.9602, 1.5049 0.4165 0.9718, 1.5055 0.4165 0.9612, 1.501 0.4165 0.9716, 1.5016 0.4165 0.961, 1.501 0.3783 0.9716, 1.5049 0.3783 0.9718, 1.501 0.3958 0.9716, 1.5033 0.3783 1.0032, 1.4994 0.3783 1.003, 1.4994 0.4117 1.003, 1.5033 0.4117 1.0032, 1.4994 0.3958 1.003, 1.5027 0.4117 1.0139, 1.4988 0.4117 1.0137, 1.4988 0.3783 1.0137, 1.5027 0.3783 1.0139, 1.4988 0.3958 1.0137, 1.5012 0.3783 1.0437, 1.4972 0.3783 1.0435, 1.4972 0.4144 1.0435, 1.5012 0.4144 1.0437, 1.4972 0.3958 1.0435, 1.5006 0.4144 1.0545, 1.4967 0.4144 1.0543, 1.4967 0.3663 1.0543, 1.5006 0.3663 1.0545, 1.4967 0.3958 1.0543, 1.5055 0.3663 0.9612, 1.5016 0.3663 0.961, 1.5016 0.3958 0.961, 1.5041 0.4922 0.9873, 1.5044 0.4876 0.9815, 1.5048 0.4961 0.9742, 1.5045 0.4864 0.9805, 1.5052 0.4863 0.9672, 1.5047 0.4804 0.9763, 1.5054 0.4756 0.9631, 1.5049 0.4726 0.9733, 1.5055 0.4599 0.9612, 1.5049 0.4598 0.9718, 1.5055 0.4342 0.9612, 1.5049 0.4462 0.9718, 1.5006 0.4342 1.0545, 1.5012 0.4462 1.0437, 1.5006 0.4608 1.0545, 1.5012 0.4603 1.0437, 1.5007 0.4751 1.0529, 1.5012 0.4729 1.0423, 1.5009 0.4864 1.0488, 1.5014 0.4809 1.0393, 1.5012 0.4961 1.0421, 1.5016 0.4873 1.035, 1.5014 0.4995 1.0389, 1.5018 0.4899 1.0323, 1.5018 0.5052 1.0307, 1.502 0.4936 1.0271, 1.5023 0.5087 1.0218, 1.5024 0.4962 1.0203, 1.503 0.5102 1.009, 1.503 0.4975 1.0087, 1.5033 0.5099 1.0031, 1.5033 0.4972 1.0027, 1.5039 0.5077 0.9921, 1.5038 0.4954 0.9942, 1.5044 0.5031 0.9825, 1.5016 0.4599 0.961, 1.5016 0.4342 0.961, 1.5015 0.4756 0.9629, 1.5012 0.4863 0.967, 1.5009 0.4961 0.974, 1.5004 0.5031 0.9823, 1.4999 0.5077 0.9919, 1.4994 0.5099 1.0028, 1.4991 0.5102 1.0088, 1.4984 0.5087 1.0216, 1.4979 0.5052 1.0305, 1.4975 0.4995 1.0386, 1.4973 0.4961 1.0419, 1.497 0.4864 1.0486, 1.4968 0.4751 1.0527, 1.4967 0.4608 1.0543, 1.4967 0.4342 1.0543, 1.4972 0.4603 1.0435, 1.4972 0.4462 1.0435, 1.501 0.4462 0.9716, 1.501 0.4598 0.9716, 1.5005 0.4876 0.9813, 1.5005 0.4864 0.9803, 1.5008 0.4804 0.9761, 1.5009 0.4726 0.9731, 1.4991 0.4975 1.0085, 1.4994 0.4972 1.0025, 1.4998 0.4954 0.994, 1.5002 0.4922 0.987, 1.4977 0.4873 1.0347, 1.4978 0.4899 1.0321, 1.4981 0.4936 1.0269, 1.4985 0.4962 1.0201, 1.4973 0.4729 1.0421, 1.4975 0.4809 1.0391
            ]
        }
        coordIndex [
            0,1,2,-1,3,4,5,-1,3,5,6,-1,6,5,7,-1,6,7,2,-1,2,7,8,-1,2,8,0,-1,9,1,10,-1,10,1,0,-1,10,11,9,-1,9,11,12,-1,13,14,15,-1,15,14,12,-1,15,12,16,-1,16,12,11,-1,13,17,14,-1,14,17,18,-1,17,19,18,-1,18,19,20,-1,18,20,21,-1,21,20,22,-1,21,22,23,-1,23,22,24,-1,23,24,25,-1,25,24,26,-1,25,26,27,-1,27,26,28,-1,27,28,29,-1,29,28,30,-1,29,30,31,-1,31,30,32,-1,31,32,33,-1,33,32,34,-1,33,34,35,-1,35,34,36,-1,35,36,37,-1,37,36,38,-1,37,38,39,-1,39,38,40,-1,39,40,41,-1,41,40,42,-1,41,42,43,-1,43,42,44,-1,43,44,45,-1,45,44,46,-1,45,46,47,-1,47,46,48,-1,47,48,49,-1,49,48,50,-1,49,50,51,-1,51,50,52,-1,51,52,53,-1,53,52,54,-1,53,54,55,-1,55,54,56,-1,55,56,57,-1,57,56,58,-1,57,58,59,-1,59,58,60,-1,59,60,61,-1,61,60,62,-1,61,62,63,-1,63,62,64,-1,63,64,65,-1,65,64,66,-1,65,66,67,-1,67,66,68,-1,67,68,69,-1,69,68,70,-1,69,70,71,-1,71,70,72,-1,71,72,73,-1,73,72,74,-1,73,74,75,-1,76,75,77,-1,77,75,74,-1,76,77,78,-1,76,78,79,-1,79,78,80,-1,79,80,81,-1,81,80,82,-1,81,82,83,-1,83,82,84,-1,83,84,85,-1,85,84,86,-1,85,86,87,-1,86,88,87,-1,87,88,89,-1,88,90,89,-1,89,90,91,-1,89,91,92,-1,92,91,93,-1,92,93,94,-1,94,93,95,-1,94,95,96,-1,96,95,97,-1,96,97,98,-1,98,97,99,-1,98,99,100,-1,100,99,101,-1,100,101,102,-1,103,104,105,-1,102,101,106,-1,102,106,107,-1,107,106,108,-1,107,108,105,-1,105,108,109,-1,105,109,103,-1,104,103,110,-1,104,110,111,-1,111,110,112,-1,111,112,113,-1,113,112,114,-1,113,114,115,-1,115,114,116,-1,115,116,117,-1,117,116,118,-1,117,118,119,-1,119,118,120,-1,119,120,121,-1,121,120,122,-1,121,122,123,-1,123,122,124,-1,123,124,125,-1,125,124,126,-1,125,126,127,-1,127,126,128,-1,127,128,129,-1,129,128,130,-1,129,130,131,-1,131,130,132,-1,131,132,133,-1,133,132,134,-1,133,134,135,-1,135,134,4,-1,135,4,3,-1,61,63,85,-1,85,63,83,-1,111,43,104,-1,104,43,45,-1,21,23,127,-1,127,23,25,-1,127,25,125,-1,125,25,27,-1,125,27,123,-1,123,27,29,-1,123,29,121,-1,121,29,31,-1,121,31,119,-1,119,31,33,-1,119,33,117,-1,117,33,35,-1,117,35,115,-1,115,35,37,-1,115,37,113,-1,113,37,39,-1,113,39,111,-1,111,39,41,-1,111,41,43,-1,14,3,12,-1,12,3,6,-1,12,6,9,-1,9,6,2,-1,9,2,1,-1,63,65,83,-1,83,65,67,-1,83,67,81,-1,81,67,69,-1,81,69,79,-1,79,69,71,-1,79,71,76,-1,76,71,73,-1,76,73,75,-1,127,129,21,-1,21,129,131,-1,21,131,18,-1,18,131,133,-1,18,133,14,-1,14,133,135,-1,14,135,3,-1,85,87,61,-1,61,87,89,-1,61,89,59,-1,59,89,92,-1,59,92,57,-1,57,92,94,-1,57,94,55,-1,55,94,96,-1,55,96,53,-1,53,96,98,-1,53,98,51,-1,51,98,100,-1,51,100,49,-1,49,100,102,-1,49,102,47,-1,47,102,107,-1,47,107,45,-1,45,107,105,-1,45,105,104,-1,136,137,138,-1,138,137,139,-1,140,136,141,-1,141,136,138,-1,140,141,142,-1,140,142,143,-1,143,142,144,-1,143,144,145,-1,146,145,147,-1,147,145,144,-1,148,146,149,-1,149,146,147,-1,150,151,152,-1,152,151,148,-1,152,148,149,-1,153,151,154,-1,154,151,150,-1,155,156,157,-1,157,156,153,-1,157,153,154,-1,158,159,160,-1,160,159,156,-1,160,156,155,-1,159,158,161,-1,159,161,162,-1,162,161,163,-1,162,163,164,-1,164,163,165,-1,164,165,166,-1,166,165,167,-1,166,167,168,-1,168,167,169,-1,168,169,170,-1,170,169,171,-1,170,171,172,-1,172,171,173,-1,172,173,174,-1,175,174,176,-1,176,174,173,-1,175,176,177,-1,175,177,178,-1,178,177,179,-1,178,179,180,-1,180,179,181,-1,180,181,182,-1,182,181,183,-1,182,183,184,-1,183,185,184,-1,184,185,186,-1,184,186,187,-1,187,186,188,-1,187,188,189,-1,189,188,190,-1,189,190,191,-1,191,190,192,-1,191,192,193,-1,139,137,194,-1,194,137,193,-1,194,193,192,-1,143,145,193,-1,137,136,193,-1,193,136,140,-1,193,140,143,-1,151,153,148,-1,148,153,156,-1,148,156,146,-1,174,175,172,-1,172,175,178,-1,172,178,170,-1,170,178,180,-1,170,180,168,-1,168,180,182,-1,168,182,166,-1,166,182,184,-1,166,184,164,-1,191,162,189,-1,189,162,164,-1,189,164,187,-1,187,164,184,-1,145,146,193,-1,193,146,156,-1,193,156,191,-1,191,156,159,-1,191,159,162,-1,195,196,197,-1,197,196,198,-1,199,200,201,-1,201,200,195,-1,201,195,197,-1,202,200,203,-1,203,200,199,-1,204,205,206,-1,206,205,202,-1,206,202,203,-1,207,205,208,-1,208,205,204,-1,209,210,211,-1,211,210,207,-1,211,207,208,-1,212,210,213,-1,213,210,209,-1,214,215,216,-1,216,215,212,-1,216,212,213,-1,217,215,218,-1,218,215,214,-1,219,220,221,-1,221,220,217,-1,221,217,218,-1,222,220,223,-1,223,220,219,-1,198,196,224,-1,224,196,222,-1,224,222,223,-1,222,196,195,-1,195,200,222,-1,222,200,202,-1,222,202,220,-1,215,217,212,-1,212,217,220,-1,212,220,210,-1,210,220,202,-1,210,202,207,-1,207,202,205,-1,225,226,227,-1,227,226,228,-1,227,228,229,-1,229,228,230,-1,229,230,231,-1,231,230,232,-1,231,232,233,-1,233,232,234,-1,233,234,235,-1,235,234,236,-1,235,236,237,-1,237,236,238,-1,237,238,239,-1,239,238,240,-1,239,240,241,-1,241,240,242,-1,241,242,243,-1,243,242,244,-1,243,244,245,-1,245,244,246,-1,245,246,247,-1,247,246,248,-1,247,248,249,-1,249,248,250,-1,249,250,251,-1,251,250,252,-1,251,252,253,-1,253,252,254,-1,253,254,255,-1,255,254,256,-1,255,256,257,-1,257,256,258,-1,257,258,259,-1,259,258,225,-1,259,225,227,-1,233,235,260,-1,260,235,261,-1,233,260,262,-1,233,262,231,-1,231,262,263,-1,231,263,229,-1,229,263,264,-1,229,264,227,-1,227,264,265,-1,227,265,259,-1,259,265,266,-1,259,266,257,-1,257,266,267,-1,257,267,255,-1,255,267,268,-1,255,268,253,-1,253,268,269,-1,253,269,251,-1,251,269,270,-1,251,270,249,-1,249,270,271,-1,249,271,247,-1,247,271,272,-1,247,272,245,-1,245,272,273,-1,245,273,243,-1,243,273,274,-1,243,274,241,-1,241,274,275,-1,241,275,239,-1,237,239,276,-1,276,239,275,-1,235,237,261,-1,261,237,276,-1,240,238,277,-1,277,238,278,-1,238,236,278,-1,278,236,279,-1,236,234,279,-1,279,234,280,-1,226,281,282,-1,226,282,228,-1,228,282,283,-1,228,283,230,-1,230,283,284,-1,230,284,232,-1,232,284,280,-1,232,280,234,-1,254,285,286,-1,254,286,256,-1,256,286,287,-1,256,287,258,-1,258,287,288,-1,258,288,225,-1,225,288,281,-1,225,281,226,-1,246,289,290,-1,246,290,248,-1,248,290,291,-1,248,291,250,-1,250,291,292,-1,250,292,252,-1,252,292,285,-1,252,285,254,-1,240,277,293,-1,240,293,242,-1,242,293,294,-1,242,294,244,-1,244,294,289,-1,244,289,246,-1,
        ]
    }
}
Shape{
    appearance Appearance {
        material  Material 	{
            diffuseColor 0.7529411764705882 0.7529411764705882 0.7529411764705882
            specularColor 0.3764705882352941 0.3764705882352941 0.3764705882352941
            ambientIntensity 0.7529
            transparency 0.0
            shininess 0.5
        }
    }
    geometry IndexedFaceSet {
        ccw TRUE
        solid FALSE
        coord DEF co Coordinate {
            point [
                1.4972 0.4462 1.0435, 1.501 0.4462 0.9716, 1.4972 0.4603 1.0435, 1.501 0.4598 0.9716, 1.5009 0.4726 0.9731, 1.5008 0.4804 0.9761, 1.5005 0.4864 0.9803, 1.5005 0.4876 0.9813, 1.5002 0.4922 0.987, 1.4998 0.4954 0.994, 1.4991 0.4975 1.0085, 1.4977 0.4873 1.0347, 1.4975 0.4809 1.0391, 1.4985 0.4962 1.0201, 1.4981 0.4936 1.0269, 1.4978 0.4899 1.0321, 1.4994 0.4972 1.0025, 1.4973 0.4729 1.0421
            ]
        }
        coordIndex [
            0,1,2,-1,2,1,3,-1,3,4,2,-1,2,4,5,-1,2,5,6,-1,6,7,2,-1,2,7,8,-1,2,8,9,-1,10,11,12,-1,13,14,10,-1,10,14,15,-1,10,15,11,-1,9,16,2,-1,2,16,10,-1,2,10,17,-1,17,10,12,-1,
        ]
    }
}
Shape{
    appearance Appearance {
        material  Material 	{
            diffuseColor 0.25098039215686274 0.25098039215686274 0.25098039215686274
            specularColor 0.12549019607843137 0.12549019607843137 0.12549019607843137
            ambientIntensity 0.251
            transparency 0.0
            shininess 0.5
        }
    }
    geometry IndexedFaceSet {
        ccw TRUE
        solid FALSE
        coord DEF co Coordinate {
            point [
                1.5036 0.5415 0.9972, 1.5042 0.5377 0.9867, 1.5036 0.5729 0.9972, 1.5042 0.5766 0.9867, 1.5016 0.5555 1.036, 1.5006 0.551 1.0545, 1.5055 0.5154 0.9612, 1.5055 0.5287 0.9612, 1.5014 0.5563 1.0388, 1.5012 0.557 1.0425, 1.5006 0.5639 1.0545, 1.5012 0.5573 1.0425, 1.5014 0.5581 1.0386, 1.5016 0.5588 1.036, 1.5055 0.5995 0.9612, 1.5055 0.5861 0.9612, 1.4967 0.5639 1.0543, 1.5016 0.5995 0.961, 1.4967 0.551 1.0543, 1.5016 0.5154 0.961, 1.5016 0.5287 0.961, 1.5002 0.5377 0.9865, 1.5002 0.5766 0.9865, 1.5016 0.5861 0.961, 1.4997 0.5415 0.997, 1.4997 0.5729 0.997, 1.4976 0.5588 1.0358, 1.4973 0.5573 1.0423, 1.4975 0.5581 1.0384, 1.4973 0.557 1.0423, 1.4976 0.5555 1.0358, 1.4975 0.5563 1.0386
            ]
        }
        coordIndex [
            0,1,2,-1,2,1,3,-1,4,5,0,-1,0,5,6,-1,0,6,1,-1,1,6,7,-1,4,8,5,-1,5,8,9,-1,5,9,10,-1,10,9,11,-1,10,11,12,-1,12,13,10,-1,10,13,2,-1,10,2,14,-1,14,2,3,-1,14,3,15,-1,10,14,16,-1,16,14,17,-1,5,10,18,-1,18,10,16,-1,6,5,19,-1,19,5,18,-1,7,6,20,-1,20,6,19,-1,1,7,21,-1,21,7,20,-1,3,1,22,-1,22,1,21,-1,15,3,23,-1,23,3,22,-1,14,15,17,-1,17,15,23,-1,0,2,24,-1,24,2,25,-1,2,13,25,-1,25,13,26,-1,11,27,28,-1,11,28,12,-1,12,28,26,-1,12,26,13,-1,11,9,27,-1,27,9,29,-1,4,30,31,-1,4,31,8,-1,8,31,29,-1,8,29,9,-1,4,0,30,-1,30,0,24,-1,
        ]
    }
}
Shape{
    appearance Appearance {
        material  Material 	{
            diffuseColor 0.7529411764705882 0.7529411764705882 0.7529411764705882
            specularColor 0.3764705882352941 0.3764705882352941 0.3764705882352941
            ambientIntensity 0.7529
            transparency 0.0
            shininess 0.5
        }
    }
    geometry IndexedFaceSet {
        ccw TRUE
        solid FALSE
        coord DEF co Coordinate {
            point [
                1.4973 0.5573 1.0423, 1.4973 0.557 1.0423, 1.4975 0.5581 1.0384, 1.4975 0.5563 1.0386, 1.4976 0.5588 1.0358, 1.4976 0.5555 1.0358, 1.4997 0.5729 0.997, 1.4997 0.5415 0.997
            ]
        }
        coordIndex [
            0,1,2,-1,2,1,3,-1,2,3,4,-1,4,3,5,-1,4,5,6,-1,6,5,7,-1,
        ]
    }
}
Shape{
    appearance Appearance {
        material  Material 	{
            diffuseColor 0.25098039215686274 0.25098039215686274 0.25098039215686274
            specularColor 0.12549019607843137 0.12549019607843137 0.12549019607843137
            ambientIntensity 0.251
            transparency 0.0
            shininess 0.5
        }
    }
    geometry IndexedFaceSet {
        ccw TRUE
        solid FALSE
        coord DEF co Coordinate {
            point [
                1.4971 -0.3225 1.1219, 1.4967 -0.3077 1.1297, 1.4945 -0.3112 1.1705, 1.5063 -0.1942 0.9453, 1.5055 -0.1864 0.9601, 1.5047 -0.1825 0.9765, 1.4944 -0.2698 1.1724, 1.497 -0.2492 1.124, 1.4959 -0.2391 1.145, 1.5048 -0.2738 0.9746, 1.5045 -0.275 0.9808, 1.5031 -0.311 1.0066, 1.5054 -0.3116 0.9622, 1.5053 -0.32 0.9647, 1.5026 -0.3255 1.0155, 1.4943 -0.2851 1.1738, 1.5014 -0.0891 1.0391, 1.4996 -0.1097 1.0743, 1.504 -0.1821 0.99, 1.502 -0.1987 1.0278, 1.5043 -0.1821 0.9834, 1.5074 -0.2177 0.9247, 1.5069 -0.2044 0.9339, 1.5051 -0.2712 0.969, 1.5068 -0.2951 0.9358, 1.5062 -0.305 0.9479, 1.498 -0.0672 1.1048, 1.498 -0.0619 1.1048, 1.4961 -0.0347 1.1406, 1.498 -0.0493 1.1032, 1.4961 -0.0314 1.1395, 1.4983 -0.0377 1.0988, 1.4967 -0.0117 1.1297, 1.4975 0.0064 1.1145, 1.4936 -0.2562 1.1883, 1.4949 -0.2242 1.1628, 1.4929 -0.2406 1.2016, 1.4942 -0.2064 1.1758, 1.4923 -0.223 1.2124, 1.4965 -0.2914 1.1336, 1.4964 -0.2844 1.134, 1.4944 -0.2774 1.1733, 1.4965 -0.2688 1.132, 1.4968 -0.2539 1.1266, 1.5051 -0.2281 0.9678, 1.5054 -0.2318 0.9636, 1.5055 -0.2368 0.96, 1.5077 -0.2325 0.9191, 1.5057 -0.2426 0.9577, 1.5078 -0.2485 0.9171, 1.5057 -0.2492 0.9569, 1.5078 -0.2511 0.9171, 1.5057 -0.2503 0.9569, 1.5077 -0.2668 0.9196, 1.5057 -0.2563 0.9579, 1.5073 -0.2821 0.926, 1.5055 -0.2623 0.9604, 1.5053 -0.2674 0.9643, 1.5039 -0.225 0.9919, 1.5042 -0.2235 0.9858, 1.5045 -0.2235 0.9798, 1.5048 -0.225 0.9735, 1.5039 0.0065 0.9907, 1.5026 -0.0245 1.017, 1.5047 -0.0116 0.9754, 1.503 -0.0343 1.009, 1.5053 -0.0318 0.9655, 1.5033 -0.046 1.0036, 1.5055 -0.0539 0.9608, 1.5034 -0.0579 1.0013, 1.5055 -0.0931 0.9608, 1.5034 -0.0878 1.0013, 1.5055 -0.0969 0.9615, 1.5041 -0.2747 0.9873, 1.5038 -0.2728 0.9935, 1.5024 -0.3036 1.0209, 1.5035 -0.2693 0.999, 1.5017 -0.2927 1.0334, 1.5034 -0.2667 1.0018, 1.5012 -0.2791 1.0428, 1.5032 -0.2615 1.0055, 1.5009 -0.2644 1.0484, 1.503 -0.2557 1.0078, 1.5008 -0.2485 1.0504, 1.503 -0.2492 1.0086, 1.5008 -0.2405 1.0499, 1.503 -0.2436 1.008, 1.501 -0.2244 1.0459, 1.5032 -0.2375 1.0058, 1.5014 -0.2104 1.0384, 1.5033 -0.2321 1.0022, 1.5036 -0.2279 0.9974, 1.4987 -0.0274 1.0916, 1.4991 -0.0197 1.0831, 1.4984 0.0199 1.0956, 1.4997 -0.0136 1.0716, 1.4995 0.028 1.0754, 1.5004 -0.0104 1.0589, 1.5006 0.0311 1.0537, 1.5007 -0.0101 1.053, 1.5019 0.028 1.03, 1.5014 -0.0117 1.0401, 1.503 0.0197 1.009, 1.502 -0.0163 1.0283, 1.5025 -0.0236 1.018, 1.4933 -0.0706 1.193, 1.4949 -0.0965 1.1625, 1.4947 -0.0483 1.1673, 1.4959 -0.0816 1.1446, 1.497 -0.0713 1.1233, 1.4991 -0.3488 1.0837, 1.4996 -0.3925 1.0727, 1.4999 -0.3508 1.0676, 1.5 -0.3927 1.0663, 1.5004 -0.35 1.0574, 1.5013 -0.3895 1.0403, 1.5013 -0.3453 1.0412, 1.5026 -0.3799 1.0156, 1.502 -0.3374 1.0277, 1.5038 -0.3648 0.994, 1.5047 -0.344 0.9764, 1.4917 -0.1923 1.2238, 1.4938 -0.1847 1.1845, 1.4915 -0.1609 1.2275, 1.4936 -0.1602 1.1877, 1.4917 -0.1309 1.224, 1.4938 -0.1377 1.1849, 1.4924 -0.0978 1.2117, 1.4942 -0.1169 1.1769, 1.4949 -0.0982 1.164, 1.495 -0.3358 1.161, 1.4958 -0.357 1.1462, 1.4976 -0.3339 1.1117, 1.496 -0.3615 1.1419, 1.4983 -0.3432 1.0985, 1.4971 -0.3774 1.1215, 1.4983 -0.388 1.0976, 1.5034 -0.0912 1.0019, 1.5051 -0.1071 0.9678, 1.5052 -0.1056 0.9662, 1.5034 -0.0892 1.0015, 1.5054 -0.1013 0.9632, 1.5044 -0.1124 0.9814, 1.5047 -0.1118 0.9765, 1.5049 -0.11 0.972, 1.5034 -0.097 1.0013, 1.5035 -0.1015 0.9995, 1.5043 -0.1122 0.984, 1.5036 -0.1056 0.9966, 1.5038 -0.1083 0.9936, 1.504 -0.1109 0.9891, 1.5034 -0.0918 1.002, 1.4967 0.0311 1.0535, 1.4956 0.028 1.0752, 1.4953 0.0258 1.0808, 1.4945 0.0199 1.0954, 1.4935 0.0064 1.1143, 1.4927 -0.0117 1.1295, 1.4922 -0.0314 1.1393, 1.4922 -0.0347 1.1404, 1.4908 -0.0483 1.167, 1.4894 -0.0706 1.1928, 1.4889 -0.0855 1.203, 1.4884 -0.0978 1.2115, 1.4878 -0.1309 1.2238, 1.4876 -0.1609 1.2273, 1.4878 -0.1923 1.2236, 1.4884 -0.223 1.2122, 1.4889 -0.2379 1.203, 1.489 -0.2406 1.2014, 1.4897 -0.2562 1.1881, 1.4905 -0.2698 1.1722, 1.4904 -0.2774 1.1731, 1.4904 -0.2851 1.1735, 1.4906 -0.3112 1.1703, 1.4911 -0.3358 1.1608, 1.4919 -0.357 1.146, 1.4921 -0.3615 1.1417, 1.4944 -0.388 1.0974, 1.4932 -0.3774 1.1213, 1.4953 -0.391 1.0808, 1.4957 -0.3925 1.0725, 1.496 -0.3927 1.0661, 1.4974 -0.3895 1.0401, 1.4987 -0.3799 1.0154, 1.4998 -0.3648 0.9938, 1.5008 -0.344 0.9762, 1.5014 -0.32 0.9645, 1.5015 -0.3116 0.962, 1.5016 -0.3108 0.9602, 1.5023 -0.305 0.9477, 1.5029 -0.2951 0.9356, 1.5034 -0.2821 0.9258, 1.5035 -0.276 0.9232, 1.5037 -0.2668 0.9194, 1.5039 -0.2511 0.9169, 1.5039 -0.2485 0.9169, 1.5004 -0.1821 0.9832, 1.5038 -0.2325 0.9188, 1.5035 -0.2211 0.9232, 1.5035 -0.2177 0.9245, 1.503 -0.2044 0.9337, 1.5024 -0.1942 0.9451, 1.5016 -0.1864 0.9599, 1.5016 -0.1863 0.9602, 1.5008 -0.1825 0.9763, 1.5 -0.1821 0.9898, 1.4975 -0.0891 1.0389, 1.4956 -0.1097 1.0741, 1.4981 -0.1987 1.0276, 1.4975 -0.2104 1.0382, 1.4971 -0.2244 1.0457, 1.4969 -0.2405 1.0497, 1.4969 -0.2485 1.0502, 1.497 -0.2644 1.0482, 1.4973 -0.2791 1.0426, 1.4978 -0.2927 1.0332, 1.4984 -0.3036 1.0207, 1.4992 -0.311 1.0064, 1.4987 -0.3255 1.0153, 1.4981 -0.3374 1.0275, 1.4974 -0.3453 1.0409, 1.4965 -0.35 1.0572, 1.496 -0.3508 1.0674, 1.4953 -0.3492 1.0808, 1.4951 -0.3488 1.0835, 1.4944 -0.3432 1.0983, 1.4937 -0.3339 1.1115, 1.4931 -0.3225 1.1217, 1.4927 -0.3077 1.1295, 1.4925 -0.2914 1.1334, 1.4925 -0.2844 1.1338, 1.4926 -0.2688 1.1318, 1.4929 -0.2539 1.1264, 1.493 -0.2492 1.1238, 1.4919 -0.2391 1.1448, 1.491 -0.2242 1.1626, 1.4903 -0.2064 1.1755, 1.4899 -0.1847 1.1843, 1.4897 -0.1602 1.1875, 1.4898 -0.1377 1.1847, 1.4902 -0.1169 1.1767, 1.4909 -0.0982 1.1638, 1.491 -0.0965 1.1623, 1.4919 -0.0816 1.1444, 1.4931 -0.0713 1.1231, 1.494 -0.0672 1.1046, 1.494 -0.0619 1.1046, 1.4941 -0.0493 1.103, 1.4943 -0.0377 1.0985, 1.4947 -0.0274 1.0914, 1.4952 -0.0197 1.0829, 1.4953 -0.0186 1.0808, 1.4958 -0.0136 1.0714, 1.4964 -0.0104 1.0587, 1.4967 -0.0101 1.0528, 1.4974 -0.0117 1.0399, 1.498 -0.0163 1.0281, 1.4986 -0.0236 1.0177, 1.4986 -0.0245 1.0168, 1.499 -0.0343 1.0088, 1.4993 -0.046 1.0034, 1.4995 -0.0579 1.0011, 1.4995 -0.0878 1.0011, 1.4994 -0.0892 1.0013, 1.4994 -0.0912 1.0017, 1.4994 -0.0918 1.0018, 1.4995 -0.097 1.0011, 1.4995 -0.1015 0.9993, 1.4997 -0.1056 0.9964, 1.4999 -0.1083 0.9934, 1.5001 -0.1109 0.9889, 1.5004 -0.1122 0.9838, 1.5005 -0.1124 0.9812, 1.5008 -0.1118 0.9763, 1.501 -0.11 0.9718, 1.5012 -0.1071 0.9676, 1.5013 -0.1056 0.966, 1.5015 -0.1013 0.963, 1.5015 -0.0969 0.9612, 1.5016 -0.0931 0.9606, 1.5016 -0.0539 0.9606, 1.5013 -0.0318 0.9653, 1.5008 -0.0116 0.9752, 1.5 0.0065 0.9905, 1.499 0.0197 1.0088, 1.4979 0.028 1.0298, 1.4991 -0.2492 1.0084, 1.4991 -0.2436 1.0078, 1.4992 -0.2375 1.0056, 1.4994 -0.2321 1.0019, 1.4997 -0.2279 0.9972, 1.4999 -0.225 0.9917, 1.5003 -0.2235 0.9856, 1.5006 -0.2235 0.9796, 1.5009 -0.225 0.9733, 1.5012 -0.2281 0.9675, 1.5014 -0.2318 0.9634, 1.5016 -0.2368 0.9598, 1.5017 -0.2426 0.9575, 1.5018 -0.2492 0.9567, 1.5018 -0.2503 0.9567, 1.5017 -0.2563 0.9577, 1.5016 -0.2623 0.9602, 1.5014 -0.2674 0.9641, 1.5011 -0.2712 0.9688, 1.5009 -0.2738 0.9744, 1.5005 -0.275 0.9806, 1.5002 -0.2747 0.9871, 1.4999 -0.2728 0.9933, 1.4996 -0.2693 0.9988, 1.4994 -0.2667 1.0016, 1.4992 -0.2615 1.0053, 1.4991 -0.2557 1.0076
            ]
        }
        coordIndex [
            0,1,2,-1,3,4,5,-1,6,7,8,-1,9,10,11,-1,12,11,13,-1,13,11,14,-1,2,1,15,-1,16,17,18,-1,18,17,19,-1,18,19,20,-1,20,19,21,-1,20,21,5,-1,5,21,22,-1,5,22,3,-1,23,9,24,-1,24,9,11,-1,24,11,25,-1,25,11,12,-1,26,27,28,-1,28,27,29,-1,28,29,30,-1,30,29,31,-1,30,31,32,-1,32,31,33,-1,6,8,34,-1,34,8,35,-1,34,35,36,-1,36,35,37,-1,36,37,38,-1,1,39,15,-1,15,39,40,-1,15,40,41,-1,41,40,42,-1,41,42,6,-1,6,42,43,-1,6,43,7,-1,44,45,21,-1,21,45,46,-1,21,46,47,-1,47,46,48,-1,47,48,49,-1,49,48,50,-1,49,50,51,-1,51,50,52,-1,51,52,53,-1,53,52,54,-1,53,54,55,-1,55,54,56,-1,55,56,24,-1,24,56,57,-1,24,57,23,-1,58,59,19,-1,19,59,60,-1,19,60,21,-1,21,60,61,-1,21,61,44,-1,62,63,64,-1,64,63,65,-1,64,65,66,-1,66,65,67,-1,66,67,68,-1,68,67,69,-1,68,69,70,-1,70,69,71,-1,70,71,72,-1,10,73,11,-1,11,73,74,-1,11,74,75,-1,75,74,76,-1,75,76,77,-1,77,76,78,-1,77,78,79,-1,79,78,80,-1,79,80,81,-1,81,80,82,-1,81,82,83,-1,83,82,84,-1,83,84,85,-1,85,84,86,-1,85,86,87,-1,87,86,88,-1,87,88,89,-1,89,88,90,-1,89,90,19,-1,19,90,91,-1,19,91,58,-1,31,92,33,-1,33,92,93,-1,33,93,94,-1,94,93,95,-1,94,95,96,-1,96,95,97,-1,96,97,98,-1,98,97,99,-1,98,99,100,-1,100,99,101,-1,100,101,102,-1,102,101,103,-1,102,103,62,-1,62,103,104,-1,62,104,63,-1,105,106,107,-1,107,106,108,-1,107,108,28,-1,28,108,109,-1,28,109,26,-1,110,111,112,-1,112,111,113,-1,112,113,114,-1,114,113,115,-1,114,115,116,-1,116,115,117,-1,116,117,118,-1,118,117,119,-1,118,119,14,-1,14,119,120,-1,14,120,13,-1,38,37,121,-1,121,37,122,-1,121,122,123,-1,123,122,124,-1,123,124,125,-1,125,124,126,-1,125,126,127,-1,127,126,128,-1,127,128,105,-1,105,128,129,-1,105,129,106,-1,2,130,0,-1,0,130,131,-1,0,131,132,-1,132,131,133,-1,132,133,134,-1,134,133,135,-1,134,135,110,-1,110,135,136,-1,110,136,111,-1,137,138,139,-1,71,140,72,-1,72,140,137,-1,72,137,141,-1,141,137,139,-1,142,143,137,-1,137,143,144,-1,137,144,138,-1,145,146,147,-1,146,148,147,-1,147,148,149,-1,147,149,150,-1,142,137,147,-1,147,137,151,-1,147,151,145,-1,98,152,153,-1,98,153,96,-1,96,153,154,-1,96,154,94,-1,154,155,94,-1,94,155,156,-1,94,156,33,-1,33,156,157,-1,33,157,32,-1,32,157,158,-1,32,158,30,-1,30,158,159,-1,30,159,28,-1,28,159,160,-1,28,160,107,-1,107,160,161,-1,107,161,105,-1,127,105,162,-1,162,105,161,-1,162,163,127,-1,127,163,164,-1,127,164,125,-1,125,164,165,-1,125,165,123,-1,123,165,166,-1,123,166,121,-1,121,166,167,-1,121,167,38,-1,38,167,36,-1,36,167,168,-1,36,168,169,-1,36,169,170,-1,36,170,34,-1,34,170,171,-1,34,171,6,-1,6,171,172,-1,6,172,41,-1,41,172,173,-1,41,173,15,-1,15,173,174,-1,15,174,2,-1,2,174,175,-1,2,175,130,-1,130,175,176,-1,130,176,131,-1,131,176,177,-1,131,177,133,-1,178,135,179,-1,179,135,133,-1,179,133,177,-1,180,111,178,-1,178,111,136,-1,178,136,135,-1,180,181,111,-1,111,181,182,-1,111,182,113,-1,113,182,183,-1,113,183,115,-1,115,183,184,-1,115,184,117,-1,117,184,185,-1,117,185,119,-1,119,185,186,-1,119,186,120,-1,120,186,187,-1,120,187,13,-1,13,187,188,-1,13,188,12,-1,12,188,189,-1,12,189,25,-1,189,190,25,-1,25,190,191,-1,25,191,24,-1,24,191,192,-1,24,192,55,-1,55,192,193,-1,55,193,53,-1,193,194,53,-1,53,194,195,-1,53,195,51,-1,51,195,196,-1,51,196,49,-1,197,20,5,-1,49,196,198,-1,199,21,198,-1,198,21,47,-1,198,47,49,-1,199,200,21,-1,21,200,201,-1,21,201,22,-1,22,201,202,-1,22,202,3,-1,3,202,203,-1,3,203,4,-1,4,203,204,-1,4,204,5,-1,5,204,205,-1,5,205,197,-1,18,20,206,-1,206,20,197,-1,16,18,207,-1,207,18,206,-1,17,16,208,-1,208,16,207,-1,19,17,209,-1,209,17,208,-1,19,209,210,-1,19,210,89,-1,89,210,211,-1,89,211,87,-1,87,211,212,-1,87,212,85,-1,85,212,213,-1,85,213,83,-1,83,213,214,-1,83,214,81,-1,81,214,215,-1,81,215,79,-1,79,215,216,-1,79,216,77,-1,77,216,217,-1,77,217,75,-1,75,217,218,-1,75,218,11,-1,11,218,219,-1,11,219,14,-1,14,219,220,-1,14,220,118,-1,118,220,221,-1,118,221,116,-1,116,221,222,-1,116,222,114,-1,114,222,223,-1,114,223,112,-1,112,223,110,-1,110,223,224,-1,224,225,110,-1,110,225,226,-1,110,226,134,-1,134,226,227,-1,134,227,132,-1,132,227,228,-1,132,228,0,-1,0,228,229,-1,0,229,1,-1,1,229,230,-1,1,230,39,-1,39,230,231,-1,39,231,40,-1,40,231,232,-1,40,232,42,-1,42,232,233,-1,42,233,43,-1,43,233,234,-1,43,234,7,-1,7,234,235,-1,7,235,8,-1,8,235,236,-1,8,236,35,-1,35,236,237,-1,35,237,37,-1,37,237,238,-1,37,238,122,-1,122,238,239,-1,122,239,124,-1,124,239,240,-1,124,240,126,-1,126,240,241,-1,126,241,128,-1,128,241,242,-1,128,242,129,-1,129,242,243,-1,129,243,106,-1,106,243,244,-1,106,244,108,-1,108,244,245,-1,108,245,109,-1,109,245,246,-1,109,246,26,-1,27,26,247,-1,247,26,246,-1,27,247,248,-1,27,248,29,-1,29,248,249,-1,29,249,31,-1,31,249,250,-1,31,250,92,-1,92,250,251,-1,92,251,93,-1,93,251,252,-1,93,252,95,-1,252,253,95,-1,95,253,254,-1,95,254,97,-1,97,254,255,-1,97,255,99,-1,99,255,256,-1,99,256,101,-1,101,256,257,-1,101,257,103,-1,103,257,258,-1,103,258,104,-1,104,258,259,-1,104,259,63,-1,63,259,260,-1,63,260,65,-1,65,260,261,-1,65,261,67,-1,67,261,262,-1,67,262,69,-1,71,69,263,-1,263,69,262,-1,71,263,264,-1,71,264,140,-1,140,264,265,-1,140,265,137,-1,137,265,266,-1,137,266,151,-1,151,266,267,-1,151,267,145,-1,145,267,268,-1,145,268,146,-1,146,268,269,-1,146,269,148,-1,148,269,270,-1,148,270,149,-1,149,270,271,-1,149,271,150,-1,150,271,272,-1,150,272,147,-1,147,272,273,-1,147,273,142,-1,142,273,274,-1,142,274,143,-1,143,274,275,-1,143,275,144,-1,144,275,276,-1,144,276,138,-1,138,276,277,-1,138,277,139,-1,139,277,278,-1,139,278,141,-1,141,278,279,-1,141,279,72,-1,72,279,280,-1,72,280,70,-1,68,70,281,-1,281,70,280,-1,68,281,282,-1,68,282,66,-1,66,282,283,-1,66,283,64,-1,64,283,284,-1,64,284,62,-1,62,284,285,-1,62,285,102,-1,102,285,286,-1,102,286,100,-1,100,286,152,-1,100,152,98,-1,84,287,288,-1,84,288,86,-1,86,288,289,-1,86,289,88,-1,88,289,290,-1,88,290,90,-1,90,290,291,-1,90,291,91,-1,91,291,292,-1,91,292,58,-1,58,292,293,-1,58,293,59,-1,59,293,294,-1,59,294,60,-1,60,294,295,-1,60,295,61,-1,61,295,296,-1,61,296,44,-1,44,296,297,-1,44,297,45,-1,45,297,298,-1,45,298,46,-1,46,298,299,-1,46,299,48,-1,48,299,300,-1,48,300,50,-1,50,300,301,-1,50,301,52,-1,52,301,302,-1,52,302,54,-1,54,302,303,-1,54,303,56,-1,56,303,304,-1,56,304,57,-1,57,304,305,-1,57,305,23,-1,23,305,306,-1,23,306,9,-1,9,306,307,-1,9,307,10,-1,10,307,308,-1,10,308,73,-1,73,308,309,-1,73,309,74,-1,74,309,310,-1,74,310,76,-1,76,310,311,-1,76,311,78,-1,78,311,312,-1,78,312,80,-1,80,312,313,-1,80,313,82,-1,82,313,287,-1,82,287,84,-1,
        ]
    }
}
Shape{
    appearance Appearance {
        material  Material 	{
            diffuseColor 0.7529411764705882 0.7529411764705882 0.7529411764705882
            specularColor 0.3764705882352941 0.3764705882352941 0.3764705882352941
            ambientIntensity 0.7529
            transparency 0.0
            shininess 0.5
        }
    }
    geometry IndexedFaceSet {
        ccw TRUE
        solid FALSE
        coord DEF co Coordinate {
            point [
                1.5018 -0.2503 0.9567, 1.4994 -0.2667 1.0016, 1.4996 -0.2693 0.9988, 1.5017 -0.2426 0.9575, 1.5016 -0.2368 0.9598, 1.4991 -0.2436 1.0078, 1.4991 -0.2492 1.0084, 1.4991 -0.2557 1.0076, 1.4992 -0.2615 1.0053, 1.5009 -0.2738 0.9744, 1.5011 -0.2712 0.9688, 1.5014 -0.2674 0.9641, 1.5018 -0.2492 0.9567, 1.4999 -0.2728 0.9933, 1.5002 -0.2747 0.9871, 1.5005 -0.275 0.9806, 1.5016 -0.2623 0.9602, 1.5017 -0.2563 0.9577, 1.5014 -0.2318 0.9634, 1.5012 -0.2281 0.9675, 1.5009 -0.225 0.9733, 1.5006 -0.2235 0.9796, 1.5003 -0.2235 0.9856, 1.4999 -0.225 0.9917, 1.4997 -0.2279 0.9972, 1.4994 -0.2321 1.0019, 1.4992 -0.2375 1.0056
            ]
        }
        coordIndex [
            0,1,2,-1,3,4,5,-1,6,7,0,-1,0,7,8,-1,0,8,1,-1,9,10,2,-1,2,10,11,-1,6,0,5,-1,5,0,12,-1,5,12,3,-1,13,14,2,-1,2,14,15,-1,2,15,9,-1,11,16,2,-1,2,16,17,-1,2,17,0,-1,4,18,5,-1,5,18,19,-1,5,19,20,-1,20,21,5,-1,5,21,22,-1,5,22,23,-1,23,24,5,-1,5,24,25,-1,5,25,26,-1,
        ]
    }
}